symbol,cross_t,trade_day,cross_when,scenario,macd_bear,s50_below_200,daily_20_below_50,tagged,flush_ret_36h,hours_to_tag,hourly_1010_bear_at_tag,entry,entry_t,mae,mfe,above200_at_entry,reached_200,ret_36h,pnl_A,out_A,adj_A,pnl_A5,out_A5,adj_A5,pnl_B,out_B,adj_B,adj_36h
AAPL,2024-10-01 18:00:00-04:00,2024-10-02,after hours,open at the 200,True,False,False,False,-0.0005758582502768395,,,,,,,,,,,,,,,,,,,
AAPL,2024-10-07 07:00:00-04:00,2024-10-07,pre-market,below the 200,True,True,False,True,,2.0,True,225.67465200000004,2024-10-07 09:00:00-04:00,0.001353045179393707,0.02011148332246034,False,False,0.0020133628628211664,0.0020133628628211664,time exit (36h),0.005156653506236286,0.0020133628628211664,time exit (36h),0.005156653506236286,0.002236192658447302,stopped,0.003862607026856348,0.005156653506236286
AAPL,2024-10-14 07:00:00-04:00,2024-10-14,pre-market,open at/above the 50,False,False,False,False,-0.022639897479709403,,,,,,,,,,,,,,,,,,,
AAPL,2024-10-17 07:00:00-04:00,2024-10-17,pre-market,open at/above the 50,False,False,False,True,,3.0,True,232.38855800000002,2024-10-17 10:00:00-04:00,0.02083339232218125,0.004985434782034439,True,False,-0.010649418876920946,,skipped (already above yesterday's high),,,skipped (already above yesterday's high),,-0.0007377385594000922,stopped,-0.00020673963628561366,-0.009520673494515575
AAPL,2024-10-23 05:00:00-04:00,2024-10-23,pre-market,between 200 and 50,True,False,False,False,0.01901124180737024,,,,,,,,,,,,,,,,,,,
AAPL,2024-10-30 14:00:00-04:00,2024-10-30,regular hours,open at/above the 50,True,True,False,False,0.03966893689955331,,,,,,,,,,,,,,,,,,,
AAPL,2024-11-11 14:00:00-05:00,2024-11-11,regular hours,open at/above the 50,True,True,False,False,-0.004663304922129519,,,,,,,,,,,,,,,,,,,
AAPL,2024-11-18 06:00:00-05:00,2024-11-18,pre-market,open at/above the 50,False,False,False,True,,3.0,False,225.664898,2024-11-18 09:00:00-05:00,0.019919367344406406,0.0012624825682902546,True,False,-0.012407448577680502,-0.0055617954370554955,stopped,-0.006295934616185285,-0.0055617954370554955,stopped,-0.006295934616185285,-0.00680257325620928,stopped,-0.003300422663733674,-0.003546967338565854
AAPL,2024-11-21 11:00:00-05:00,2024-11-21,regular hours,open at/above the 50,True,False,True,False,-0.004734942378777918,,,,,,,,,,,,,,,,,,,
AAPL,2024-12-06 18:00:00-05:00,2024-12-09,after hours,between 200 and 50,True,False,False,False,0.0004436603006572337,,,,,,,,,,,,,,,,,,,
AAPL,2024-12-12 15:00:00-05:00,2024-12-12,regular hours,open at/above the 50,False,False,False,True,,22.0,True,247.69104800000002,2024-12-13 13:00:00-05:00,0.0024532658927583573,0.0007713157239337265,True,False,-0.0012457741935483213,-0.0012457741935483213,time exit (36h),0.00031090378939457874,-0.001688573616540956,flat at the close (red),0.0005455640063366518,-0.0007628535690961751,stopped,0.001537493559756012,0.00031090378939457874
AAPL,2024-12-19 06:00:00-05:00,2024-12-19,pre-market,open at the 200,True,False,False,True,,4.0,False,250.96211599999998,2024-12-19 10:00:00-05:00,0.01836087483419216,0.021007616942471042,True,True,-0.017183802623849664,0.015017483754400518,hit the 200,-0.0038579281747216036,0.015017483754400518,hit the 200,-0.0038579281747216036,-0.0015455878607590872,stopped,-0.005745839535758354,-0.014498536123815797
AAPL,2024-12-27 19:00:00-05:00,2024-12-30,after hours,open at the 200,True,False,False,False,0.0,,,,,,,,,,,,,,,,,,,
AAPL,2025-01-07 16:00:00-05:00,2025-01-08,after hours,below the 200,True,True,False,True,,18.0,False,243.528606,2025-01-08 10:00:00-05:00,0.0007543015295706274,0.010218947337956693,False,False,0.004655965346534563,0.004655965346534563,time exit (36h),0.005999114436083475,0.004655965346534563,time exit (36h),0.005999114436083475,0.004655965346534563,time exit (36h),0.005999114436083475,0.005999114436083475
AAPL,2025-01-16 17:00:00-05:00,2025-01-17,after hours,below the 200,True,True,False,False,-0.005485862683497489,,,,,,,,,,,,,,,,,,,
AAPL,2025-01-27 05:00:00-05:00,2025-01-27,pre-market,open at/above the 50,True,True,False,True,,4.0,False,223.23442199999997,2025-01-27 09:00:00-05:00,0.07595413757471522,-0.0071027486970626184,False,False,-0.06341757079924493,-0.010731221370510814,stopped,-0.0058032203013850935,-0.010731221370510814,stopped,-0.0058032203013850935,-0.020003984869322807,stopped,-0.015974423606615325,-0.0494629275282632
AAPL,2025-02-03 07:00:00-05:00,2025-02-03,pre-market,below the 200,True,False,True,False,-0.008292158968850716,,,,,,,,,,,,,,,,,,,
AAPL,2025-02-07 18:00:00-05:00,2025-02-10,after hours,below the 200,True,True,True,False,8.800880088011276e-05,,,,,,,,,,,,,,,,,,,
AAPL,2025-02-26 11:00:00-05:00,2025-02-26,regular hours,between 200 and 50,True,False,True,False,0.02482090181205221,,,,,,,,,,,,,,,,,,,
AAPL,2025-03-04 12:00:00-05:00,2025-03-04,regular hours,below the 200,True,True,True,False,0.0033832056095814966,,,,,,,,,,,,,,,,,,,
AAPL,2025-03-10 14:00:00-04:00,2025-03-10,regular hours,open at/above the 50,True,True,False,False,0.019079236939089084,,,,,,,,,,,,,,,,,,,
AAPL,2025-03-21 08:00:00-04:00,2025-03-21,pre-market,below the 200,True,True,True,True,,1.0,True,214.014386,2025-03-21 09:00:00-04:00,0.02254808235180976,0.006421932776051865,False,False,-0.017741489692256973,-0.016239627928563663,stopped,-0.007891376452996826,-0.016239627928563663,stopped,-0.007891376452996826,-0.0018952651154954868,stopped,0.001649002610295708,-0.007971578187832229
AAPL,2025-03-27 12:00:00-04:00,2025-03-27,regular hours,open at/above the 50,False,False,True,True,,21.0,True,222.770838,2025-03-28 09:00:00-04:00,0.004844269607676372,0.024917256000985186,True,False,0.025553991345180105,0.025553991345180105,time exit (36h),0.00694892051598206,0.025553991345180105,time exit (36h),0.00694892051598206,0.025553991345180105,time exit (36h),0.00694892051598206,0.00694892051598206
AAPL,2025-04-03 04:00:00-04:00,2025-04-03,pre-market,below the 200,True,False,True,False,0.11149547631719003,,,,,,,,,,,,,,,,,,,
AAPL,2025-04-16 09:00:00-04:00,2025-04-16,regular hours,below the 200,True,False,True,False,-0.0034980988593156237,,,,,,,,,,,,,,,,,,,
AAPL,2025-05-01 08:00:00-04:00,2025-05-01,pre-market,between 200 and 50,True,False,True,True,,1.0,True,210.23291799999998,2025-05-01 09:00:00-04:00,0.020582323839504615,0.03839987608410586,True,True,0.02532636558720247,-0.015920827393929,stopped,-0.014975040606392015,-0.015920827393929,stopped,-0.014975040606392015,-0.010783668045743515,stopped,-0.004570834105919212,0.037640463288453274
AAPL,2025-05-01 18:00:00-04:00,2025-05-02,after hours,between 200 and 50,True,False,True,False,-0.0023897776043697583,,,,,,,,,,,,,,,,,,,
AAPL,2025-05-15 14:00:00-04:00,2025-05-15,regular hours,open at/above the 50,True,False,True,True,,24.0,True,211.56078399999998,2025-05-16 14:00:00-04:00,0.0017452005660936805,0.017776375795619914,True,False,0.017461568797191296,0.017461568797191296,time exit (36h),0.009692763017335793,0.017461568797191296,time exit (36h),0.009692763017335793,0.017461568797191296,time exit (36h),0.009692763017335793,0.009692763017335793
AAPL,2025-05-30 09:00:00-04:00,2025-05-30,regular hours,below the 200,True,True,True,False,-0.01019671476359274,,,,,,,,,,,,,,,,,,,
AAPL,2025-06-05 15:00:00-04:00,2025-06-05,regular hours,open at/above the 50,True,False,True,True,,18.0,False,202.530228,2025-06-06 09:00:00-04:00,0.01565085879427339,0.0023711423462179806,True,False,-0.009486829363720917,-0.009486829363720917,time exit (36h),-0.006168669525126846,-0.006863982739175323,flat at the close (red),-0.004710501277478962,-0.00321222173314302,stopped,-0.001192019712940987,-0.006168669525126846
AAPL,2025-06-10 09:00:00-04:00,2025-06-10,regular hours,open at the 200,True,False,False,True,,1.0,False,202.78838199999998,2025-06-10 10:00:00-04:00,0.008440414500669055,0.021590891730671177,True,True,0.02026756892734949,0.007043221539190365,hit the 200,0.012030132967667102,0.007043221539190365,hit the 200,0.012030132967667102,-0.0005011036579008851,stopped,0.003032992907554562,0.02013351162909527
AAPL,2025-06-25 13:00:00-04:00,2025-06-25,regular hours,open at/above the 50,True,False,True,True,,1.0,True,201.449028,2025-06-25 14:00:00-04:00,0.0063091493298245175,0.00987360435414953,True,True,0.0008397655007950089,0.007897717431528053,hit the 200,0.012625849819234916,-0.0007488690476190607,flat at the close (red),0.0006348036149624869,-0.0008487109702013857,stopped,0.00030461555301348467,0.010410452034426365
AAPL,2025-06-30 13:00:00-04:00,2025-06-30,regular hours,open at/above the 50,True,False,True,True,,1.0,True,201.351458,2025-06-30 14:00:00-04:00,0.04387870883954556,-0.002649804502532993,True,False,-0.03622698640627986,-0.00928000233303496,stopped,-0.005978390369546966,-0.00928000233303496,stopped,-0.005978390369546966,-0.006598124558899388,stopped,-0.0032965125954113944,-0.032846339115086276
AAPL,2025-07-08 04:00:00-04:00,2025-07-08,pre-market,between 200 and 50,True,False,True,False,-0.001495574011934231,,,,,,,,,,,,,,,,,,,
AAPL,2025-07-14 07:00:00-04:00,2025-07-14,pre-market,open at/above the 50,True,False,False,True,,2.0,True,210.57210000000003,2025-07-14 09:00:00-04:00,0.0062586638970687555,0.014399343502771934,True,False,0.007907811602527515,0.007907811602527515,time exit (36h),0.006362017450781909,0.007907811602527515,time exit (36h),0.006362017450781909,-0.0019608485644583454,stopped,0.002175507903491841,0.006362017450781909
AAPL,2025-07-25 16:00:00-04:00,2025-07-28,after hours,open at/above the 50,True,False,False,False,0.0,,,,,,,,,,,,,,,,,,,
AAPL,2025-07-28 14:00:00-04:00,2025-07-28,regular hours,open at/above the 50,True,False,False,True,,19.0,True,214.11908,2025-07-29 09:00:00-04:00,0.0032268025810684667,0.03142681166012861,True,True,0.026175839522508904,0.009747421855165818,hit the 200,0.0062326353764785136,0.009747421855165818,hit the 200,0.0062326353764785136,0.009747421855165818,hit the 200,0.0062326353764785136,0.027474845704526296
AAPL,2025-08-15 18:00:00-04:00,2025-08-18,after hours,open at/above the 50,True,False,False,False,0.00021627233011822788,,,,,,,,,,,,,,,,,,,
AAPL,2025-09-02 11:00:00-04:00,2025-09-02,regular hours,open at the 200,True,False,False,False,-0.045031645357001215,,,,,,,,,,,,,,,,,,,
AAPL,2025-09-08 19:00:00-04:00,2025-09-09,after hours,between 200 and 50,True,False,False,True,,18.0,False,238.55225000000002,2025-09-09 13:00:00-04:00,0.0009568134444339733,0.05282804920096132,True,True,0.050792833444629926,0.02332271231983777,hit the 200,0.030618409846642138,0.02332271231983777,hit the 200,0.030618409846642138,0.02332271231983777,hit the 200,0.030618409846642138,0.056674465597552404
AAPL,2025-09-19 09:00:00-04:00,2025-09-19,regular hours,open at/above the 50,False,False,False,False,-0.019557165533802823,,,,,,,,,,,,,,,,,,,
AAPL,2025-09-25 04:00:00-04:00,2025-09-25,pre-market,open at/above the 50,True,False,False,True,,5.0,False,253.856918,2025-09-25 09:00:00-04:00,0.014744849301290325,0.0068421141077589336,True,False,-0.00639196054640101,-0.007417887268291824,stopped,-0.007250686064443103,-0.007417887268291824,stopped,-0.007250686064443103,-0.008836008952098028,stopped,-0.008577630655874812,0.00014773829518122117
AAPL,2025-09-29 19:00:00-04:00,2025-09-30,after hours,open at/above the 50,True,False,False,True,,14.0,False,254.69926999999998,2025-09-30 09:00:00-04:00,0.016061019727304428,0.014092188014515986,True,False,-0.0022748746474460235,-0.0011807258026299632,stopped,-0.0011505635296009747,-0.0011807258026299632,stopped,-0.0011505635296009747,-0.003693493114448275,stopped,-0.0034522458661745956,0.005553296143294362
AAPL,2025-10-07 05:00:00-04:00,2025-10-07,pre-market,open at/above the 50,True,False,False,True,,4.0,False,257.078702,2025-10-07 09:00:00-04:00,0.005606446542584304,0.006413218937133167,True,False,-0.00434274980635152,-0.00434274980635152,time exit (36h),-0.002739852718281366,-0.00434274980635152,time exit (36h),-0.002739852718281366,-0.0031558351340982152,stopped,-0.004555144411221166,-0.002739852718281366
AAPL,2025-10-09 17:00:00-04:00,2025-10-10,after hours,open at/above the 50,True,False,False,True,,16.0,False,255.949636,2025-10-10 09:00:00-04:00,0.0016814401720813437,0.06430810473979337,True,True,0.04298955175224117,0.0020142888579845544,hit the 200,-0.0017366825091025759,0.0020142888579845544,hit the 200,-0.0017366825091025759,0.0020142888579845544,hit the 200,-0.0017366825091025759,0.01305778758755527
AAPL,2025-10-17 05:00:00-04:00,2025-10-17,pre-market,open at/above the 50,True,True,False,True,,4.0,False,248.12093200000004,2025-10-17 09:00:00-04:00,0.021316492556137732,9.564690817803419e-05,False,False,-0.016953907704473803,-0.003704113121741591,stopped,-0.002538647238106616,-0.003704113121741591,stopped,-0.002538647238106616,-0.004308657038254067,stopped,-0.004808975422680391,-0.00888211838268449
AAPL,2025-10-22 19:00:00-04:00,2025-10-23,after hours,open at/above the 50,True,False,False,False,-0.006180422264875252,,,,,,,,,,,,,,,,,,,
AAPL,2025-11-03 09:00:00-05:00,2025-11-03,regular hours,between 200 and 50,True,False,False,True,,26.0,False,270.935064,2025-11-04 11:00:00-05:00,0.002823318579392062,0.014782376045649094,True,False,0.004020989438576983,0.004020989438576983,time exit (36h),0.0026919968020024942,0.004020989438576983,time exit (36h),0.0026919968020024942,0.0017165146258071044,stopped,0.0047155443514842205,0.0026919968020024942
AAPL,2025-11-07 14:00:00-05:00,2025-11-07,regular hours,open at/above the 50,True,False,False,False,-0.003966667783199207,,,,,,,,,,,,,,,,,,,
AAPL,2025-11-13 19:00:00-05:00,2025-11-14,after hours,open at the 200,True,False,False,True,,15.0,False,273.793396,2025-11-14 10:00:00-05:00,0.007913280713315696,0.006550179902805154,True,False,0.0035403175999486614,0.0035403175999486614,time exit (36h),0.010446189819035556,0.0035403175999486614,time exit (36h),0.010446189819035556,-0.002690364379716448,stopped,0.006276052314121127,0.010446189819035556
AAPL,2025-11-21 07:00:00-05:00,2025-11-21,pre-market,below the 200,True,True,False,True,,2.0,False,268.239784,2025-11-21 09:00:00-05:00,0.01897636481842678,0.0016014924915089296,False,False,-0.011462008476137986,-0.011462008476137986,time exit (36h),-0.005148929761476295,-0.012008162062615124,flat at the close (red),-0.007319666326263463,-0.005130916747234002,stopped,-0.010033102815834048,-0.005148929761476295
AAPL,2025-12-01 13:00:00-05:00,2025-12-01,regular hours,open at/above the 50,False,False,False,False,-0.018896378304753214,,,,,,,,,,,,,,,,,,,
AAPL,2025-12-04 12:00:00-05:00,2025-12-04,regular hours,open at/above the 50,True,False,False,False,0.004729749103942638,,,,,,,,,,,,,,,,,,,
AAPL,2025-12-12 10:00:00-05:00,2025-12-12,regular hours,open at/above the 50,True,True,False,True,,1.0,True,277.93096599999996,2025-12-12 11:00:00-05:00,0.004566004350879108,0.0035475212215106766,False,False,0.00032704422435769764,0.00032704422435769764,time exit (36h),0.0005725393016973168,-0.0015771598951037635,flat at the close (red),-0.0015771598951037635,-0.004530024193130184,stopped,-0.003313996063322928,0.0005725393016973168
AAPL,2025-12-15 09:00:00-05:00,2025-12-15,regular hours,open at/above the 50,True,True,False,False,0.0060395314787702326,,,,,,,,,,,,,,,,,,,
AAPL,2025-12-23 07:00:00-05:00,2025-12-23,pre-market,open at/above the 50,True,True,False,True,,2.0,False,271.75263,2025-12-23 09:00:00-05:00,0.013532049349439584,0.004388660378374289,False,False,-0.006606850416727594,-0.007828332700956692,stopped,-0.0005236565464403382,-0.0020834679788483967,flat at the close (red),0.004225496856667732,-0.002529395943656505,stopped,0.0037795688918596236,0.002079848347701696
AAPL,2025-12-29 17:00:00-05:00,2025-12-30,after hours,open at/above the 50,False,True,False,True,,16.0,True,273.45995600000003,2025-12-30 09:00:00-05:00,0.0022674032756735698,0.006253039841782296,False,False,0.005034936969385395,0.005034936969385395,time exit (36h),-0.00265737072292227,0.005034936969385395,time exit (36h),-0.00265737072292227,0.0004752286290869208,stopped,-0.004801469122835156,-0.00265737072292227
AAPL,2026-01-14 17:00:00-05:00,2026-01-15,after hours,open at/above the 50,False,True,True,False,0.008056137898905247,,,,,,,,,,,,,,,,,,,
AAPL,2026-01-23 19:00:00-05:00,2026-01-26,after hours,open at/above the 50,False,True,True,False,0.0,,,,,,,,,,,,,,,,,,,
AAPL,2026-01-29 08:00:00-05:00,2026-01-29,pre-market,open at/above the 50,False,False,True,True,,2.0,True,257.200214,2026-01-29 10:00:00-05:00,0.043311729126321634,0.019518700711501,True,True,-0.007200438807776877,0.008904794301609798,hit the 200,0.004759332892153091,0.008904794301609798,hit the 200,0.004759332892153091,0.008904794301609798,hit the 200,0.004759332892153091,-0.008750062987707086
AAPL,2026-01-30 05:00:00-05:00,2026-01-30,pre-market,open at the 200,True,False,True,True,,5.0,True,257.760858,2026-01-30 10:00:00-05:00,0.01605768242748485,0.013490636347897248,True,True,-0.00503633828651906,0.011597746155857338,hit the 200,0.010120919306565826,0.011597746155857338,hit the 200,0.010120919306565826,0.011597746155857338,hit the 200,0.010120919306565826,-0.006774234563076353
AAPL,2026-01-30 09:00:00-05:00,2026-01-30,regular hours,open at the 200,True,False,True,True,,1.0,True,257.760858,2026-01-30 10:00:00-05:00,0.01605768242748485,0.013490636347897248,True,True,-0.00503633828651906,0.011597746155857338,hit the 200,0.010120919306565826,0.011597746155857338,hit the 200,0.010120919306565826,0.011597746155857338,hit the 200,0.010120919306565826,-0.006774234563076353
AAPL,2026-02-09 17:00:00-05:00,2026-02-10,after hours,open at/above the 50,True,False,True,False,0.003442214735608573,,,,,,,,,,,,,,,,,,,
AAPL,2026-02-12 13:00:00-05:00,2026-02-12,regular hours,open at/above the 50,True,False,True,False,0.02520363258199665,,,,,,,,,,,,,,,,,,,
AAPL,2026-02-20 05:00:00-05:00,2026-02-20,pre-market,below the 200,True,True,True,True,,5.0,False,262.825324,2026-02-20 10:00:00-05:00,0.007665456164338074,0.006069902152959983,False,False,-0.005955658093797056,-0.00629572514100656,stopped,-0.0008932243059425653,-0.00629572514100656,stopped,-0.0008932243059425653,-0.006543037686885882,stopped,-8.721293713984026e-05,0.0009179914660863986
AAPL,2026-02-27 09:00:00-05:00,2026-02-27,regular hours,open at/above the 50,True,False,False,False,0.02690191614494397,,,,,,,,,,,,,,,,,,,
AAPL,2026-03-05 05:00:00-05:00,2026-03-05,pre-market,below the 200,True,True,False,False,0.018058690744920947,,,,,,,,,,,,,,,,,,,
AAPL,2026-03-12 11:00:00-04:00,2026-03-12,regular hours,below the 200,True,True,False,False,0.02134048686739276,,,,,,,,,,,,,,,,,,,
AAPL,2026-03-18 19:00:00-04:00,2026-03-19,after hours,below the 200,True,True,True,False,0.009204311493278494,,,,,,,,,,,,,,,,,,,
AAPL,2026-03-27 15:00:00-04:00,2026-03-27,regular hours,open at/above the 50,True,False,True,False,0.005500505561172986,,,,,,,,,,,,,,,,,,,
AAPL,2026-04-07 15:00:00-04:00,2026-04-07,regular hours,open at/above the 50,True,False,True,False,-0.019987628547127545,,,,,,,,,,,,,,,,,,,
AAPL,2026-04-13 16:00:00-04:00,2026-04-14,after hours,open at/above the 50,True,False,True,True,,20.0,True,259.422282,2026-04-14 12:00:00-04:00,0.02917142637732257,0.006446177202311386,True,False,-0.028016927688272686,-0.0029207899728521053,stopped,0.00113279788363358,-0.0029207899728521053,stopped,0.00113279788363358,-0.015024607639524186,stopped,-0.009070604110163145,-0.016898680346518646
AAPL,2026-04-21 19:00:00-04:00,2026-04-22,after hours,between 200 and 50,True,False,True,True,,15.0,False,270.03574199999997,2026-04-22 10:00:00-04:00,0.021235181526451458,-0.004348528055223183,True,False,-0.00940666911225263,-0.010236637489269998,stopped,-0.00988434618663763,-0.010236637489269998,stopped,-0.00988434618663763,-0.00934786625394216,stopped,-0.008995574951309792,-0.009195264540276415
AAPL,2026-04-24 19:00:00-04:00,2026-04-27,after hours,open at the 200,True,False,False,False,0.0,,,,,,,,,,,,,,,,,,,
AAPL,2026-05-05 07:00:00-04:00,2026-05-05,pre-market,open at/above the 50,True,False,False,True,,2.0,False,277.516862,2026-05-05 09:00:00-04:00,0.03788288006802257,-0.004623639770040381,True,False,-0.0346903822741661,-0.011217833675274088,stopped,-0.00867337478764509,-0.011217833675274088,stopped,-0.00867337478764509,-0.0088756336542895,stopped,-0.006331174766660503,-0.01872858145561218
AAPL,2026-05-18 17:00:00-04:00,2026-05-19,after hours,open at/above the 50,True,False,False,True,,16.0,False,298.09394199999997,2026-05-19 09:00:00-04:00,0.015787164168535976,0.005799990393632223,True,False,-0.01031227755644093,-0.008608219217014665,stopped,-0.008657802850340299,-0.0029636029165832634,flat at the close (red),-0.006243285646631347,-0.0021002037002149387,stopped,-0.0012810878295904959,-0.0074157781422423685
AAPL,2026-06-01 08:00:00-04:00,2026-06-01,pre-market,between 200 and 50,True,False,False,True,,25.0,False,309.643504,2026-06-02 09:00:00-04:00,0.02356418237664689,0.0035799362353165403,True,False,-0.01371713967192223,-0.017298912881440563,stopped,-0.014630489228006225,-0.017298912881440563,stopped,-0.014630489228006225,-0.0036380417656040175,stopped,0.00010032519986878825,-0.02211098418594548
AAPL,2026-06-05 06:00:00-04:00,2026-06-05,pre-market,open at/above the 50,True,False,False,True,,7.0,False,312.530178,2026-06-05 13:00:00-04:00,0.0008953439369942196,0.01769486081436903,True,True,0.015433679901228237,0.013313600710904675,hit the 200,0.0036583160698588617,0.013313600710904675,hit the 200,0.0036583160698588617,0.013313600710904675,hit the 200,0.0036583160698588617,0.002955368142927295
AAPL,2026-06-15 08:00:00-04:00,2026-06-15,pre-market,open at/above the 50,False,True,False,False,-0.019739043158246816,,,,,,,,,,,,,,,,,,,
AAPL,2026-06-18 12:00:00-04:00,2026-06-18,regular hours,open at/above the 50,False,True,False,True,,1.0,True,297.531838,2026-06-18 13:00:00-04:00,0.005741106603858696,0.0017874994608139832,False,False,0.0010155031457119712,0.0010155031457119712,time exit (36h),0.0014171418315502837,-0.001202329719023787,flat at the close (red),-0.001309487884476157,-0.0018373227002349449,stopped,-0.001944480865687315,0.0014171418315502837
AAPL,2026-06-23 15:00:00-04:00,2026-06-23,regular hours,open at/above the 50,True,True,False,True,,19.0,False,296.915634,2026-06-24 10:00:00-04:00,0.009377633513228801,0.0781219691516816,False,False,0.07480772488687792,0.07480772488687792,time exit (36h),0.07039254814332674,0.07480772488687792,time exit (36h),0.07039254814332674,-0.001159810938079399,stopped,0.002097495993686559,0.07039254814332674
AAPL,2026-07-08 16:00:00-04:00,2026-07-09,after hours,between 200 and 50,False,False,True,True,,17.0,True,312.120008,2026-07-09 09:00:00-04:00,0.015346635515913613,0.006279661507633818,True,False,-0.009016992633985255,-0.008650493178252158,stopped,-0.005049869070073307,-0.008650493178252158,stopped,-0.005049869070073307,-0.009291272349320194,stopped,-0.0049338287162514136,0.0011047598600197883
AAPL,2026-07-14 15:00:00-04:00,2026-07-14,regular hours,between 200 and 50,True,False,False,False,-0.039292251372788245,,,,,,,,,,,,,,,,,,,
AAPL,2026-07-20 15:00:00-04:00,2026-07-20,regular hours,open at/above the 50,True,False,False,False,0.006779661016949046,,,,,,,,,,,,,,,,,,,
AAPL,2026-07-30 11:00:00-04:00,2026-07-30,regular hours,between 200 and 50,True,False,False,False,0.07940189110066065,,,,,,,,,,,,,,,,,,,
AAPL,2026-08-10 11:00:00-04:00,2026-08-10,regular hours,below the 200,True,True,False,False,0.006867276362802155,,,,,,,,,,,,,,,,,,,
AAPL,2026-08-21 12:00:00-04:00,2026-08-21,regular hours,open at/above the 50,True,False,False,False,0.004246181665536586,,,,,,,,,,,,,,,,,,,
AAPL,2026-09-04 15:00:00-04:00,2026-09-04,regular hours,open at/above the 50,True,False,True,False,-6.249804693592154e-05,,,,,,,,,,,,,,,,,,,
AAPL,2026-09-15 18:00:00-04:00,2026-09-16,after hours,open at/above the 50,False,False,False,True,,15.0,False,332.12821599999995,2026-09-16 09:00:00-04:00,0.01870296981934237,0.005855919209224844,True,False,-0.01181726867003885,,skipped (already above yesterday's high),,,skipped (already above yesterday's high),,-0.00397974016155266,stopped,-0.011911931860606895,-0.008919273253556237
AAPL,2026-09-24 04:00:00-04:00,2026-09-24,pre-market,between 200 and 50,True,False,False,True,,8.0,False,338.77995799999997,2026-09-24 12:00:00-04:00,0.00853073486714362,0.012544892044646847,True,False,-0.007849644599972727,-0.007849644599972727,time exit (36h),0.0021951717307873153,-0.007849644599972727,time exit (36h),0.0021951717307873153,-0.002172625571906041,stopped,0.005816315812238147,0.0021951717307873153
AAPL,2026-09-29 11:00:00-04:00,2026-09-29,regular hours,open at the 200,True,False,False,True,,23.0,False,336.46060600000004,2026-09-30 10:00:00-04:00,0.009033431985199356,0.03165483807040411,True,True,0.01717336598343322,0.0018359638215715887,hit the 200,0.001484263938804968,0.0018359638215715887,hit the 200,0.001484263938804968,0.0018359638215715887,hit the 200,0.001484263938804968,0.012936576528331356
AMD,2024-10-10 08:00:00-04:00,2024-10-10,pre-market,between 200 and 50,False,False,False,True,,4.0,True,171.541444,2024-10-10 12:00:00-04:00,0.002731444886286361,0.05562180064194873,True,True,0.026211079205551657,0.03603112085263788,hit the 200,0.03474688913558538,0.03603112085263788,hit the 200,0.03474688913558538,0.03603112085263788,hit the 200,0.03474688913558538,0.029062740946620758
AMD,2024-10-18 12:00:00-04:00,2024-10-18,regular hours,open at/above the 50,True,True,False,False,0.00417843388960204,,,,,,,,,,,,,,,,,,,
AMD,2024-10-30 09:00:00-04:00,2024-10-30,regular hours,below the 200,True,False,False,False,0.04493994201297791,,,,,,,,,,,,,,,,,,,
AMD,2024-11-11 13:00:00-05:00,2024-11-11,regular hours,open at/above the 50,True,True,True,False,0.0164048865619546,,,,,,,,,,,,,,,,,,,
AMD,2024-11-21 04:00:00-05:00,2024-11-21,pre-market,open at/above the 50,True,True,True,True,,29.0,False,137.947416,2024-11-22 09:00:00-05:00,0.00857271585282896,0.006577984759062192,False,False,-0.0041328646642107,-0.0041328646642107,time exit (36h),0.0010142557985272083,-0.002909895193350165,flat at the close (red),0.0006166716099010872,-0.0022659648804149173,stopped,0.0011769251318450298,0.0010142557985272083
AMD,2024-11-27 05:00:00-05:00,2024-11-27,pre-market,below the 200,True,True,True,False,0.005641438933255083,,,,,,,,,,,,,,,,,,,
AMD,2024-12-05 18:00:00-05:00,2024-12-06,after hours,between 200 and 50,True,False,True,True,,16.0,False,142.42824000000002,2024-12-06 10:00:00-05:00,0.002506244548131653,0.035303672923291125,True,True,0.02955137375207917,0.019853611896067883,hit the 200,0.018044044218236747,0.019853611896067883,hit the 200,0.018044044218236747,0.019853611896067883,hit the 200,0.018044044218236747,0.02690060074715639
AMD,2024-12-13 18:00:00-05:00,2024-12-16,after hours,below the 200,True,True,True,False,0.0035015822784809636,,,,,,,,,,,,,,,,,,,
AMD,2024-12-27 10:00:00-05:00,2024-12-27,regular hours,below the 200,True,True,True,True,,4.0,False,125.440006,2024-12-27 14:00:00-05:00,0.0058991865800772526,0.005420965939685874,False,False,0.004646055298778817,0.004646055298778817,time exit (36h),0.006360254582848501,0.004646055298778817,time exit (36h),0.006360254582848501,0.004646055298778817,time exit (36h),0.006360254582848501,0.006360254582848501
AMD,2025-01-08 10:00:00-05:00,2025-01-08,regular hours,between 200 and 50,True,False,True,False,0.008184523809523947,,,,,,,,,,,,,,,,,,,
AMD,2025-01-23 19:00:00-05:00,2025-01-24,after hours,open at/above the 50,True,False,True,True,,18.0,True,123.273714,2025-01-24 13:00:00-05:00,0.006135014314568334,0.008466638719102713,True,False,0.003449035409035517,-0.0035391648863600843,stopped,-0.005644788498319513,-0.0035391648863600843,stopped,-0.005644788498319513,0.003449035409035517,time exit (36h),0.0014572330748405804,0.0014572330748405804
AMD,2025-01-24 19:00:00-05:00,2025-01-27,after hours,below the 200,True,False,True,False,0.0,,,,,,,,,,,,,,,,,,,
AMD,2025-02-03 05:00:00-05:00,2025-02-03,pre-market,below the 200,True,True,True,True,,29.0,True,116.638352,2025-02-04 10:00:00-05:00,0.08069085201066627,0.08717846082050267,False,False,0.051743480613164916,-0.025091643956012,stopped,-0.020496788864281145,-0.025091643956012,stopped,-0.020496788864281145,-0.009872807530751166,stopped,-0.005923491801665865,0.061243431005068905
AMD,2025-02-20 18:00:00-05:00,2025-02-21,after hours,open at/above the 50,True,False,True,False,0.02813852813852824,,,,,,,,,,,,,,,,,,,
AMD,2025-03-06 19:00:00-05:00,2025-03-07,after hours,below the 200,True,True,True,True,,19.0,False,100.08350200000001,2025-03-07 14:00:00-05:00,0.00566025357505971,0.007428816789404576,False,False,-0.00036454254894124904,-0.00036454254894124904,time exit (36h),-0.0012867467910807617,-0.001959493418428271,flat at the close (red),-0.0009001897803280201,-0.0013638411653499984,stopped,-0.0022860454074895113,-0.0012867467910807617
AMD,2025-03-26 19:00:00-04:00,2025-03-27,after hours,between 200 and 50,True,False,True,False,0.027319830428638614,,,,,,,,,,,,,,,,,,,
AMD,2025-04-02 19:00:00-04:00,2025-04-03,after hours,below the 200,True,True,True,False,0.08610457955436113,,,,,,,,,,,,,,,,,,,
AMD,2025-04-16 05:00:00-04:00,2025-04-16,pre-market,below the 200,True,False,True,False,0.017160143798298,,,,,,,,,,,,,,,,,,,
AMD,2025-04-30 09:00:00-04:00,2025-04-30,regular hours,between 200 and 50,True,False,True,True,,2.0,False,95.70085399999999,2025-04-30 11:00:00-04:00,0.04878896900961837,0.009099751607232202,True,False,-0.0031763289301272035,-0.015421450680053538,stopped,-0.0021085617109906293,-0.015421450680053538,stopped,-0.0021085617109906293,-0.004431998067645326,stopped,0.0003533003311901317,0.015148090467553832
AMD,2025-05-07 11:00:00-04:00,2025-05-07,regular hours,open at/above the 50,True,False,True,True,,2.0,True,99.6868,2025-05-07 13:00:00-04:00,0.057712756352897195,0.02815618517195867,True,False,-0.021623319265874907,-0.0038440395318135195,stopped,-0.003888584549007939,-0.0038440395318135195,stopped,-0.003888584549007939,-0.004646553004008559,stopped,0.005555549140460923,-0.016192003700238322
AMD,2025-05-08 04:00:00-04:00,2025-05-08,pre-market,open at/above the 50,False,False,True,False,-0.007293591364387786,,,,,,,,,,,,,,,,,,,
AMD,2025-05-19 04:00:00-04:00,2025-05-19,pre-market,between 200 and 50,True,False,False,False,-0.007697017405755235,,,,,,,,,,,,,,,,,,,
AMD,2025-05-30 04:00:00-04:00,2025-05-30,pre-market,below the 200,True,False,False,False,0.02057091073855921,,,,,,,,,,,,,,,,,,,
AMD,2025-06-06 05:00:00-04:00,2025-06-06,pre-market,open at/above the 50,True,False,False,True,,4.0,False,117.183424,2025-06-06 09:00:00-04:00,0.010211137029073268,0.01112293834322512,True,False,0.0042285028708544115,0.0042285028708544115,time exit (36h),0.007546662709448482,0.0042285028708544115,time exit (36h),0.007546662709448482,0.0042285028708544115,time exit (36h),0.007546662709448482,0.007546662709448482
AMD,2025-06-12 08:00:00-04:00,2025-06-12,pre-market,between 200 and 50,True,False,False,True,,4.0,False,121.93046,2025-06-12 12:00:00-04:00,0.0026206741121127856,0.05634736389906177,True,True,0.048052776345195,0.04055649835160124,hit the 200,0.030361827079447117,0.04055649835160124,hit the 200,0.030361827079447117,0.04055649835160124,hit the 200,0.030361827079447117,0.03971790881603132
AMD,2025-06-30 10:00:00-04:00,2025-06-30,regular hours,open at/above the 50,True,False,False,False,0.04849153789551153,,,,,,,,,,,,,,,,,,,
AMD,2025-07-07 13:00:00-04:00,2025-07-07,regular hours,open at the 200,True,False,False,True,,21.0,False,137.112694,2025-07-08 10:00:00-04:00,0.02579853036801976,-0.0011698843872179677,True,True,-0.009302059752847036,-0.01741126901058479,stopped,-0.011668331542122795,-0.005204280635565661,flat at the close (red),-0.005768514647591871,-0.012233046781211863,stopped,-0.011580941123993903,-0.004461747720435394
AMD,2025-07-21 06:00:00-04:00,2025-07-21,pre-market,between 200 and 50,True,False,False,True,,3.0,False,158.668366,2025-07-21 09:00:00-04:00,0.010535395568389554,0.05879159302617378,True,False,0.02360083865557061,0.02360083865557061,time exit (36h),0.026868035052138417,0.02360083865557061,time exit (36h),0.026868035052138417,0.02360083865557061,time exit (36h),0.026868035052138417,0.026868035052138417
AMD,2025-08-01 06:00:00-04:00,2025-08-01,pre-market,between 200 and 50,True,False,False,False,-0.00790768509840667,,,,,,,,,,,,,,,,,,,
AMD,2025-08-06 06:00:00-04:00,2025-08-06,pre-market,below the 200,True,False,False,True,,27.0,False,170.837814,2025-08-07 09:00:00-04:00,0.03478261551625796,0.004201727844632829,True,True,-0.009693269955364792,-0.001912009363453859,hit the 200,-0.0005937212547263866,-0.009061403712296912,flat at the close (red),-0.015466591123336038,-0.0067443265224641676,stopped,-0.012481461432060876,-0.0061699376659817284
AMD,2025-08-12 17:00:00-04:00,2025-08-13,after hours,open at/above the 50,False,True,False,False,-0.04882301656495214,,,,,,,,,,,,,,,,,,,
AMD,2025-08-15 14:00:00-04:00,2025-08-15,regular hours,open at/above the 50,True,False,False,False,-0.0018024653401287338,,,,,,,,,,,,,,,,,,,
AMD,2025-08-26 05:00:00-04:00,2025-08-26,pre-market,open at/above the 50,True,True,False,True,,29.0,True,165.95720400000002,2025-08-27 10:00:00-04:00,0.030325866420357322,0.020831900735083595,False,False,-0.012570928779675028,,skipped (already above yesterday's high),,,skipped (already above yesterday's high),,-0.0025476206504417656,stopped,-0.000704275022982074,-0.007483439378611401
AMD,2025-08-29 13:00:00-04:00,2025-08-29,regular hours,open at/above the 50,True,True,False,False,0.0040657919053779246,,,,,,,,,,,,,,,,,,,
AMD,2025-09-04 09:00:00-04:00,2025-09-04,regular hours,below the 200,True,True,False,False,0.061992327203762354,,,,,,,,,,,,,,,,,,,
AMD,2025-09-12 04:00:00-04:00,2025-09-12,pre-market,open at/above the 50,True,True,False,True,,5.0,False,157.493456,2025-09-12 09:00:00-04:00,0.018518509111895974,0.015197177462408435,False,False,-0.0031946186728708525,-0.017248615078965558,stopped,-0.016610385103430915,-0.017248615078965558,stopped,-0.016610385103430915,-0.002073381385446162,stopped,-0.0021190004359615284,-0.0038032150973668077
AMD,2025-09-17 11:00:00-04:00,2025-09-17,regular hours,open at/above the 50,True,False,True,True,,3.0,False,159.822802,2025-09-17 14:00:00-04:00,0.01549965317214258,0.06415105899594979,True,True,0.014104073604060963,0.008346969164012013,hit the 200,0.007618791731444202,0.008346969164012013,hit the 200,0.007618791731444202,0.008346969164012013,hit the 200,0.007618791731444202,0.019756686618637165
AMD,2025-09-25 08:00:00-04:00,2025-09-25,pre-market,below the 200,True,False,True,True,,4.0,False,160.654586,2025-09-25 12:00:00-04:00,0.009059274535742285,0.022436869620391563,True,True,0.010406201257861625,0.01135100183196759,hit the 200,0.009747390285964398,0.01135100183196759,hit the 200,0.009747390285964398,-0.0033327028709905795,stopped,-0.008450230594110266,0.015186373736754799
AMD,2025-10-10 17:00:00-04:00,2025-10-13,after hours,between 200 and 50,True,False,False,False,-0.026533457249070524,,,,,,,,,,,,,,,,,,,
AMD,2025-10-17 17:00:00-04:00,2025-10-20,after hours,open at/above the 50,False,False,False,False,-0.0010689525806467648,,,,,,,,,,,,,,,,,,,
AMD,2025-10-22 11:00:00-04:00,2025-10-22,regular hours,open at/above the 50,True,False,False,True,,26.0,False,235.73622600000002,2025-10-23 13:00:00-04:00,0.07887533585949576,0.011691991709411799,True,False,-0.0728172035398229,-0.02767404106995407,stopped,-0.021362068300973636,-0.02767404106995407,stopped,-0.021362068300973636,-0.00031295147653711067,stopped,-2.2613046151271493e-05,-0.06415782069617904
AMD,2025-10-30 19:00:00-04:00,2025-10-31,after hours,open at/above the 50,True,False,False,True,,14.0,False,260.650164,2025-10-31 09:00:00-04:00,0.005677479642790393,0.027791135400935436,True,False,0.01479526571929135,0.01479526571929135,time exit (36h),0.009456212597040325,0.01479526571929135,time exit (36h),0.009456212597040325,0.01479526571929135,time exit (36h),0.009456212597040325,0.009456212597040325
AMD,2025-11-06 15:00:00-05:00,2025-11-06,regular hours,open at/above the 50,True,True,False,False,0.007184486595316342,,,,,,,,,,,,,,,,,,,
AMD,2025-11-14 08:00:00-05:00,2025-11-14,pre-market,below the 200,True,True,False,True,,3.0,False,250.048942,2025-11-14 11:00:00-05:00,0.013561577077178701,0.018792089110299122,False,False,0.006354658510081768,0.006354658510081768,time exit (36h),0.007988305701693732,0.006354658510081768,time exit (36h),0.007988305701693732,-0.00912244611696858,stopped,-0.006444583362998274,0.007988305701693732
AMD,2025-11-25 18:00:00-05:00,2025-11-26,after hours,open at/above the 50,False,True,False,False,-0.045237872698382975,,,,,,,,,,,,,,,,,,,
AMD,2025-12-03 10:00:00-05:00,2025-12-03,regular hours,below the 200,True,True,False,True,,23.0,True,217.828312,2025-12-04 09:00:00-05:00,0.026689313003536403,0.016932197500571112,False,False,-0.00031890179708093935,-0.00031890179708093935,time exit (36h),0.0023196975585760837,-0.00031890179708093935,time exit (36h),0.0023196975585760837,0.0004054202100230292,stopped,0.0006830559227432437,0.0023196975585760837
AMD,2025-12-10 18:00:00-05:00,2025-12-11,after hours,between 200 and 50,True,False,True,True,,20.0,False,220.5407,2025-12-11 14:00:00-05:00,0.011151229682321736,0.052057057948940874,True,True,0.050751208021779126,-0.009360177055754348,stopped,-0.005148096635414856,-0.004061145231213925,flat at the close (red),-0.0023416232148023575,-0.004344776270321102,stopped,-0.00013269584998160978,0.04184563211584491
AMD,2025-12-29 07:00:00-05:00,2025-12-29,pre-market,below the 200,True,False,True,True,,2.0,True,214.657748,2025-12-29 09:00:00-05:00,0.010073020984082975,0.016061605193025644,True,True,-0.0003364783681832906,0.01068607362823924,hit the 200,0.010251360599942121,0.01068607362823924,hit the 200,0.010251360599942121,0.01068607362823924,hit the 200,0.010251360599942121,-0.002959209286022557
AMD,2026-01-06 12:00:00-05:00,2026-01-06,regular hours,open at/above the 50,True,False,True,False,0.01260236708981588,,,,,,,,,,,,,,,,,,,
AMD,2026-01-20 19:00:00-05:00,2026-01-21,after hours,open at/above the 50,True,False,True,False,-0.08180385978731786,,,,,,,,,,,,,,,,,,,
AMD,2026-01-26 19:00:00-05:00,2026-01-27,after hours,between 200 and 50,True,False,False,True,,15.0,False,255.109454,2026-01-27 10:00:00-05:00,0.014074531318623688,0.020577261711359335,True,False,0.007262818336162935,-0.012466986033375264,stopped,-0.008041700323181303,-0.012466986033375264,stopped,-0.008041700323181303,-0.008037906741002337,stopped,-0.0036126210308083766,0.006485570128807794
AMD,2026-01-29 11:00:00-05:00,2026-01-29,regular hours,open at/above the 50,True,False,False,False,0.03429633384017583,,,,,,,,,,,,,,,,,,,
AMD,2026-02-04 04:00:00-05:00,2026-02-04,pre-market,below the 200,True,True,False,False,0.1937500000000001,,,,,,,,,,,,,,,,,,,
AMD,2026-02-11 18:00:00-05:00,2026-02-12,after hours,open at/above the 50,True,True,False,False,0.025661800251377542,,,,,,,,,,,,,,,,,,,
AMD,2026-02-23 07:00:00-05:00,2026-02-23,pre-market,below the 200,True,True,False,False,-0.07859141791044777,,,,,,,,,,,,,,,,,,,
AMD,2026-02-26 14:00:00-05:00,2026-02-26,regular hours,open at/above the 50,True,False,True,False,0.020297612718259028,,,,,,,,,,,,,,,,,,,
AMD,2026-03-06 16:00:00-05:00,2026-03-09,after hours,below the 200,True,True,True,False,0.002916362878866874,,,,,,,,,,,,,,,,,,,
AMD,2026-03-12 13:00:00-04:00,2026-03-12,regular hours,open at/above the 50,True,False,True,False,0.027708333549356423,,,,,,,,,,,,,,,,,,,
AMD,2026-03-27 06:00:00-04:00,2026-03-27,pre-market,open at the 200,True,False,True,False,0.009309309309309288,,,,,,,,,,,,,,,,,,,
AMD,2026-04-21 10:00:00-04:00,2026-04-21,regular hours,open at/above the 50,False,False,False,False,-0.08201189296333,,,,,,,,,,,,,,,,,,,
AMD,2026-04-28 10:00:00-04:00,2026-04-28,regular hours,between 200 and 50,True,False,False,True,,27.0,False,333.46309,2026-04-29 13:00:00-04:00,0.06446563546208355,0.009935402445890024,True,False,-0.05050373006833708,-0.04722234775668862,stopped,-0.042461244358705096,-0.010671423485432818,flat at the close (red),-0.007980267061087232,-0.005778480610852505,stopped,-0.004518928420357388,-0.036341450767907735
AMD,2026-05-05 04:00:00-04:00,2026-05-05,pre-market,open at/above the 50,True,False,False,True,,5.0,False,351.254538,2026-05-05 09:00:00-04:00,0.2312723487148228,0.04183444314675309,True,False,-0.15378703895540713,-0.030164626656012047,stopped,-0.025624127891193168,-0.011441691995947245,flat at the close (red),-0.008070315534787098,-0.012342792849554444,stopped,-0.008599750626380657,-0.1378252381368532
AMD,2026-05-13 04:00:00-04:00,2026-05-13,pre-market,open at/above the 50,False,False,False,True,,29.0,True,449.124496,2026-05-14 09:00:00-04:00,0.009319251203790898,0.06642812018875051,True,False,0.06893682406702206,0.06893682406702206,time exit (36h),0.05919911825966051,-0.0012575418621716405,flat at the close (red),0.0035944263260259124,-0.008629019424493777,stopped,-0.0022961465424026096,0.05919911825966051
AMD,2026-06-01 13:00:00-04:00,2026-06-01,regular hours,between 200 and 50,False,False,False,True,,20.0,False,510.76675800000004,2026-06-02 09:00:00-04:00,0.07015578331744131,0.01411457947699884,True,False,-0.02711093714285706,-0.021992899545745223,stopped,-0.0185693693594262,-0.021992899545745223,stopped,-0.0185693693594262,-0.013750389762052456,stopped,-0.009782579690526655,-0.03550478165688031
AMD,2026-06-05 04:00:00-04:00,2026-06-05,pre-market,between 200 and 50,True,False,False,False,0.10878378378378373,,,,,,,,,,,,,,,,,,,
AMD,2026-06-17 07:00:00-04:00,2026-06-17,pre-market,open at/above the 50,True,False,False,True,,2.0,False,527.455264,2026-06-17 09:00:00-04:00,0.023195779500268666,0.03716952950914152,True,False,-0.01775589117115761,-0.01775589117115761,time exit (36h),-0.0235796521158117,-0.01775589117115761,time exit (36h),-0.0235796521158117,-0.007668396309719914,stopped,-0.014570586247265125,-0.0235796521158117
AMD,2026-06-23 14:00:00-04:00,2026-06-23,regular hours,between 200 and 50,True,False,False,False,-0.04254548830300797,,,,,,,,,,,,,,,,,,,
AMD,2026-06-26 10:00:00-04:00,2026-06-26,regular hours,between 200 and 50,True,False,False,True,,3.0,False,523.6654219999999,2026-06-26 13:00:00-04:00,0.0020520316118945274,0.01964120900081107,True,True,0.009572820512820268,0.019243026323017273,hit the 200,0.011863964753115182,0.019243026323017273,hit the 200,0.011863964753115182,0.019243026323017273,hit the 200,0.011863964753115182,0.005101544094283428
AMD,2026-07-02 08:00:00-04:00,2026-07-02,pre-market,between 200 and 50,True,False,False,False,0.05226179018286814,,,,,,,,,,,,,,,,,,,
AMD,2026-07-07 16:00:00-04:00,2026-07-08,after hours,below the 200,True,True,False,False,-0.017876772041543476,,,,,,,,,,,,,,,,,,,
AMD,2026-07-13 19:00:00-04:00,2026-07-14,after hours,open at/above the 50,True,False,False,False,-0.04224896131225386,,,,,,,,,,,,,,,,,,,
AMD,2026-07-15 14:00:00-04:00,2026-07-15,regular hours,open at/above the 50,True,False,False,False,0.06384141244093744,,,,,,,,,,,,,,,,,,,
AMD,2026-07-24 09:00:00-04:00,2026-07-24,regular hours,open at/above the 50,True,False,False,False,-0.00032693493227831105,,,,,,,,,,,,,,,,,,,
AMD,2026-08-04 05:00:00-04:00,2026-08-04,pre-market,open at/above the 50,False,True,True,True,,28.0,False,489.13033800000005,2026-08-05 09:00:00-04:00,0.026311314183909702,0.040133143407678075,False,False,-0.005226076876143848,-0.0037128386013135237,stopped,-0.001274842948917749,-0.0037128386013135237,stopped,-0.001274842948917749,-0.0072366437430016126,stopped,-0.015939654320706896,-0.01279955577257641
AMD,2026-08-04 08:00:00-04:00,2026-08-04,pre-market,open at/above the 50,False,True,True,True,,25.0,False,489.13033800000005,2026-08-05 09:00:00-04:00,0.026311314183909702,0.040133143407678075,False,False,-0.005226076876143848,-0.0037128386013135237,stopped,-0.001274842948917749,-0.0037128386013135237,stopped,-0.001274842948917749,-0.0072366437430016126,stopped,-0.015939654320706896,-0.01279955577257641
AMD,2026-08-05 16:00:00-04:00,2026-08-06,after hours,below the 200,False,True,True,True,,18.0,False,489.476116,2026-08-06 10:00:00-04:00,0.030693804067040545,0.027409133074023144,False,False,0.013093482355376107,-0.02558630256026631,stopped,-0.023321428810800154,-0.02558630256026631,stopped,-0.023321428810800154,-0.0065251069369848995,stopped,-0.010163837612330712,0.01626788028652215
AMD,2026-08-10 08:00:00-04:00,2026-08-10,pre-market,below the 200,True,True,True,False,0.006736842105263152,,,,,,,,,,,,,,,,,,,
AMD,2026-08-18 12:00:00-04:00,2026-08-18,regular hours,open at the 200,True,False,True,False,0.021451547621583522,,,,,,,,,,,,,,,,,,,
AMD,2026-08-24 12:00:00-04:00,2026-08-24,regular hours,open at/above the 50,True,True,True,False,-0.042976108316079786,,,,,,,,,,,,,,,,,,,
AMD,2026-08-28 05:00:00-04:00,2026-08-28,pre-market,below the 200,True,True,True,False,0.013877924814979181,,,,,,,,,,,,,,,,,,,
AMD,2026-09-11 07:00:00-04:00,2026-09-11,pre-market,open at/above the 50,True,False,True,False,-0.013627929791635518,,,,,,,,,,,,,,,,,,,
AMD,2026-09-24 08:00:00-04:00,2026-09-24,pre-market,between 200 and 50,True,False,False,True,,1.0,True,613.308786,2026-09-24 09:00:00-04:00,0.05224320070314461,0.0070254757446113845,True,False,-0.02791354529892842,-0.01855690683028942,stopped,-0.016910665747428597,-0.01855690683028942,stopped,-0.016910665747428597,-0.023442047999618874,stopped,-0.018467701045429684,-0.017655009471769234
AMD,2026-09-28 14:00:00-04:00,2026-09-28,regular hours,open at/above the 50,True,False,False,True,,19.0,False,621.266924,2026-09-29 09:00:00-04:00,0.004608447495588834,0.03407057929901962,True,False,0.012082632564958784,0.012082632564958784,time exit (36h),0.010998430563756934,0.012082632564958784,time exit (36h),0.010998430563756934,0.013306557424261036,stopped,0.012222355423059186,0.010998430563756934
AMD,2026-10-08 09:00:00-04:00,2026-10-08,regular hours,open at/above the 50,True,False,False,True,,1.0,True,641.192442,2026-10-08 10:00:00-04:00,0.00414471198648345,0.04344037792011284,True,True,0.032516009661835765,0.026608439810648907,hit the 200,0.02385344071604771,0.026608439810648907,hit the 200,0.02385344071604771,0.026608439810648907,hit the 200,0.02385344071604771,0.03085822966581775
AMZN,2024-10-07 15:00:00-04:00,2024-10-07,regular hours,below the 200,True,True,False,False,-0.007794256638338104,,,,,,,,,,,,,,,,,,,
AMZN,2024-10-15 11:00:00-04:00,2024-10-15,regular hours,open at/above the 50,True,False,False,False,-0.007084821624844473,,,,,,,,,,,,,,,,,,,
AMZN,2024-10-23 14:00:00-04:00,2024-10-23,regular hours,open at/above the 50,True,False,False,False,-0.007089375872811332,,,,,,,,,,,,,,,,,,,
AMZN,2024-10-31 14:00:00-04:00,2024-10-31,regular hours,open at/above the 50,True,False,False,False,-0.05738287396578845,,,,,,,,,,,,,,,,,,,
AMZN,2024-11-05 17:00:00-05:00,2024-11-06,after hours,open at/above the 50,False,False,False,False,-0.03435725724268446,,,,,,,,,,,,,,,,,,,
AMZN,2024-11-11 13:00:00-05:00,2024-11-11,regular hours,open at/above the 50,True,False,False,True,,20.0,False,208.48062400000003,2024-11-12 09:00:00-05:00,0.03170259122017962,0.011850616870755544,True,False,-0.027155277648156728,-0.007111816779673344,stopped,-0.010026877928944546,-0.002150844780548389,flat at the close (red),-0.005116314648358711,-0.002539209591007155,stopped,-0.003592703679734835,-0.029197392073519124
AMZN,2024-11-15 10:00:00-05:00,2024-11-15,regular hours,between 200 and 50,True,False,False,False,0.010159293781131451,,,,,,,,,,,,,,,,,,,
AMZN,2024-11-21 09:00:00-05:00,2024-11-21,regular hours,open at/above the 50,True,True,False,False,0.01618878457244355,,,,,,,,,,,,,,,,,,,
AMZN,2024-12-11 07:00:00-05:00,2024-12-11,pre-market,open at/above the 50,True,False,False,False,-0.01183431952662728,,,,,,,,,,,,,,,,,,,
AMZN,2024-12-13 16:00:00-05:00,2024-12-16,after hours,open at/above the 50,True,False,False,False,0.0006159260888691787,,,,,,,,,,,,,,,,,,,
AMZN,2024-12-18 16:00:00-05:00,2024-12-19,after hours,open at the 200,True,False,False,False,0.0021925817650283452,,,,,,,,,,,,,,,,,,,
AMZN,2024-12-27 11:00:00-05:00,2024-12-27,regular hours,below the 200,True,True,False,False,-0.009552276382589264,,,,,,,,,,,,,,,,,,,
AMZN,2025-01-08 05:00:00-05:00,2025-01-08,pre-market,open at the 200,True,False,False,False,0.008084914182475034,,,,,,,,,,,,,,,,,,,
AMZN,2025-01-27 05:00:00-05:00,2025-01-27,pre-market,open at the 200,True,False,False,True,,5.0,False,233.2804,2025-01-27 10:00:00-05:00,0.036392255843182814,0.00973249359997666,True,False,-0.021680016775005306,-0.01337274798911533,stopped,-0.012846647581909199,-0.009172612979952532,flat at the close (red),-0.007854650316666989,-0.0099862654556492,stopped,-0.008085505151527526,-0.012608670971330338
AMZN,2025-01-30 11:00:00-05:00,2025-01-30,regular hours,open at/above the 50,True,False,False,True,,22.0,False,237.12283000000002,2025-01-31 09:00:00-05:00,0.013356664139003275,0.004735225199530647,True,False,0.0036945185185186524,0.0036945185185186524,time exit (36h),-0.01119746451931225,-0.0019662864598677388,flat at the close (red),-0.012102544352855515,-0.010615468784679925,stopped,-0.008989559342908824,-0.01119746451931225
AMZN,2025-02-04 04:00:00-05:00,2025-02-04,pre-market,open at/above the 50,False,False,False,True,,33.0,True,237.973298,2025-02-05 13:00:00-05:00,0.007087358179151652,0.06808872313060935,True,True,0.03845914644789672,-0.0053648960229143025,stopped,-0.0010694569138490337,-0.0053648960229143025,stopped,-0.0010694569138490337,-0.002927647790131428,stopped,-0.0011718960468023354,0.043937784709254246
AMZN,2025-02-05 19:00:00-05:00,2025-02-06,after hours,open at/above the 50,True,False,False,True,,14.0,False,238.185504,2025-02-06 09:00:00-05:00,0.006190116422870069,0.06891898845363821,True,True,0.04202250415609421,-0.0005646691244484147,stopped,-0.0012422180988810327,-0.0005646691244484147,stopped,-0.0012422180988810327,-0.002034112033954756,stopped,-0.005264032693852334,0.03294248331741234
AMZN,2025-02-12 16:00:00-05:00,2025-02-13,after hours,below the 200,True,True,False,False,-0.006767895878524999,,,,,,,,,,,,,,,,,,,
AMZN,2025-02-28 05:00:00-05:00,2025-02-28,pre-market,below the 200,True,True,False,False,-0.015712471185962307,,,,,,,,,,,,,,,,,,,
AMZN,2025-03-06 17:00:00-05:00,2025-03-07,after hours,below the 200,True,True,True,False,0.010953672997688457,,,,,,,,,,,,,,,,,,,
AMZN,2025-03-13 17:00:00-04:00,2025-03-14,after hours,open at/above the 50,True,True,True,True,,17.0,False,196.964846,2025-03-14 10:00:00-04:00,0.008555607938281593,0.001040012998055518,False,False,-0.005278288975304246,-0.005278288975304246,time exit (36h),0.001197657509181882,-0.004876239074420363,flat at the close (red),0.002853109350391625,-0.003224707418094293,stopped,0.0033572828334443123,0.001197657509181882
AMZN,2025-03-18 09:00:00-04:00,2025-03-18,regular hours,below the 200,True,True,True,False,-0.028411210191082836,,,,,,,,,,,,,,,,,,,
AMZN,2025-03-27 05:00:00-04:00,2025-03-27,pre-market,between 200 and 50,True,False,True,True,,5.0,False,203.15863399999998,2025-03-27 10:00:00-04:00,0.0031077487949639107,0.05551146794972041,True,True,0.054493065503996574,0.02490762957187413,hit the 200,0.017122934784362148,0.02490762957187413,hit the 200,0.017122934784362148,-0.002172519037512412,stopped,-0.0028592112937367202,0.02890432599303372
AMZN,2025-04-03 07:00:00-04:00,2025-04-03,pre-market,below the 200,True,True,True,False,0.07949471210340775,,,,,,,,,,,,,,,,,,,
AMZN,2025-04-09 11:00:00-04:00,2025-04-09,regular hours,below the 200,True,True,True,True,,2.0,False,173.687348,2025-04-09 13:00:00-04:00,0.11902220995394569,-0.012461771251179513,False,False,-0.031519192595070966,-0.07031399892178687,stopped,-0.007364123251063129,-0.07031399892178687,stopped,-0.007364123251063129,-0.07302001064579569,stopped,-0.017023928299723795,0.008514578603145861
AMZN,2025-04-15 10:00:00-04:00,2025-04-15,regular hours,below the 200,True,True,True,False,0.03463037494605925,,,,,,,,,,,,,,,,,,,
AMZN,2025-04-29 09:00:00-04:00,2025-04-29,regular hours,between 200 and 50,True,False,True,True,,5.0,False,187.79667799999999,2025-04-29 14:00:00-04:00,0.018601617649487957,0.047640235680846243,True,True,-0.015740681341719243,0.037768828370861665,hit the 200,0.014163816745958749,0.037768828370861665,hit the 200,0.014163816745958749,0.037768828370861665,hit the 200,0.014163816745958749,-0.007612351717033117
AMZN,2025-05-05 15:00:00-04:00,2025-05-05,regular hours,between 200 and 50,True,False,True,True,,21.0,False,187.45419600000002,2025-05-06 12:00:00-04:00,0.018862229149567738,0.01778672374983817,True,False,-0.010221257722160426,-0.010221257722160426,time exit (36h),-0.009080458092920352,-0.010221257722160426,time exit (36h),-0.009080458092920352,0.0006091941521544871,stopped,0.003952902466961058,-0.009080458092920352
AMZN,2025-05-15 08:00:00-04:00,2025-05-15,pre-market,between 200 and 50,True,False,True,False,0.02855728780004929,,,,,,,,,,,,,,,,,,,
AMZN,2025-05-21 04:00:00-04:00,2025-05-21,pre-market,between 200 and 50,True,False,False,True,,30.0,False,203.50265,2025-05-22 10:00:00-04:00,0.011092484545041564,0.03686757887427996,True,True,0.0156850169694549,-0.010256623193850359,stopped,-0.00818962512418732,-0.010256623193850359,stopped,-0.00818962512418732,-0.00018353569351555642,stopped,-0.003102090837039572,0.006738557556674296
AMZN,2025-05-30 09:00:00-04:00,2025-05-30,regular hours,open at the 200,True,False,False,False,-0.003641607195229324,,,,,,,,,,,,,,,,,,,
AMZN,2025-06-11 19:00:00-04:00,2025-06-12,after hours,between 200 and 50,True,False,False,False,0.015509424958243923,,,,,,,,,,,,,,,,,,,
AMZN,2025-06-18 19:00:00-04:00,2025-06-20,after hours,open at/above the 50,True,False,False,False,-0.004123518110678903,,,,,,,,,,,,,,,,,,,
AMZN,2025-07-01 12:00:00-04:00,2025-07-01,regular hours,open at/above the 50,True,False,False,True,,1.0,False,220.038518,2025-07-01 13:00:00-04:00,0.008346184189442638,0.005674088388470324,True,False,0.00017508181818182145,0.00017508181818182145,time exit (36h),0.005909722255968419,-0.0018665547743251798,flat at the close (red),-0.0011054951202026375,-0.004596840631329833,stopped,-0.0031889825175360964,0.005909722255968419
AMZN,2025-07-08 18:00:00-04:00,2025-07-09,after hours,between 200 and 50,True,False,False,True,,15.0,False,222.114212,2025-07-09 09:00:00-04:00,0.00979580721291253,0.010869236949142274,True,False,-0.007222044428552232,-0.008490172614438516,stopped,-0.009230388886323103,-0.008490172614438516,stopped,-0.009230388886323103,-0.007094494250552453,stopped,-0.00783471052243704,-0.0001808028708571996
AMZN,2025-07-16 13:00:00-04:00,2025-07-16,regular hours,open at/above the 50,True,False,False,False,-0.006086474743247083,,,,,,,,,,,,,,,,,,,
AMZN,2025-07-29 16:00:00-04:00,2025-07-30,after hours,open at/above the 50,True,False,False,False,-0.028309426660497183,,,,,,,,,,,,,,,,,,,
AMZN,2025-08-01 05:00:00-04:00,2025-08-01,pre-market,below the 200,True,False,False,False,0.006650544135429204,,,,,,,,,,,,,,,,,,,
AMZN,2025-08-11 13:00:00-04:00,2025-08-11,regular hours,open at/above the 50,True,True,False,True,,24.0,False,222.318856,2025-08-12 13:00:00-04:00,0.011693313139394633,0.005617409258349268,False,False,-0.009712475718187119,-0.0066622509068686485,stopped,-0.0005905678735053975,-0.0066622509068686485,stopped,-0.0005905678735053975,-0.009091194675812798,stopped,-0.0064024795086619415,-0.005028271722654187
AMZN,2025-08-19 08:00:00-04:00,2025-08-19,pre-market,open at/above the 50,True,False,False,False,0.032768809755211015,,,,,,,,,,,,,,,,,,,
AMZN,2025-09-02 05:00:00-04:00,2025-09-02,pre-market,below the 200,True,False,False,False,-0.0008803979398687156,,,,,,,,,,,,,,,,,,,
AMZN,2025-09-10 17:00:00-04:00,2025-09-11,after hours,open at the 200,True,False,False,False,0.002582450963374505,,,,,,,,,,,,,,,,,,,
AMZN,2025-09-18 04:00:00-04:00,2025-09-18,pre-market,open at/above the 50,False,False,False,True,,5.0,True,232.58740600000002,2025-09-18 09:00:00-04:00,0.006761303318374774,0.0124142835145598,True,True,0.003613402373247032,0.0037280264435298515,hit the 200,0.004180672157729303,0.0037280264435298515,hit the 200,0.004180672157729303,0.0037280264435298515,hit the 200,0.004180672157729303,0.0051206295274514035
AMZN,2025-09-22 10:00:00-04:00,2025-09-22,regular hours,below the 200,True,True,False,False,0.038374717832957206,,,,,,,,,,,,,,,,,,,
AMZN,2025-09-30 19:00:00-04:00,2025-10-01,after hours,below the 200,True,True,False,True,,16.0,False,220.38642199999998,2025-10-01 11:00:00-04:00,0.010996947897271188,0.006540430154086302,False,False,-0.008607196227796932,-0.008410581664600134,stopped,-0.0044983707792286085,-0.0009681686310063498,flat at the close (red),0.003078143316458948,-0.003056349814509083,stopped,-0.0013994545812692195,-0.003162428134585893
AMZN,2025-10-06 09:00:00-04:00,2025-10-06,regular hours,open at/above the 50,True,True,False,True,,5.0,False,221.32753,2025-10-06 14:00:00-04:00,0.007059537509861474,0.005229941345299468,False,False,-0.0012746265962728653,-0.0012746265962728653,time exit (36h),-0.006357826620193796,-0.0012746265962728653,time exit (36h),-0.006357826620193796,-0.0017280724182843954,stopped,-0.0027405949394653985,-0.006357826620193796
AMZN,2025-10-10 17:00:00-04:00,2025-10-13,after hours,below the 200,True,False,True,False,-0.009814915026043591,,,,,,,,,,,,,,,,,,,
AMZN,2025-10-23 14:00:00-04:00,2025-10-23,regular hours,open at/above the 50,False,False,True,False,-0.016889363214034336,,,,,,,,,,,,,,,,,,,
AMZN,2025-10-30 13:00:00-04:00,2025-10-30,regular hours,between 200 and 50,True,False,True,False,-0.07765943512075324,,,,,,,,,,,,,,,,,,,
AMZN,2025-11-05 13:00:00-05:00,2025-11-05,regular hours,open at/above the 50,False,False,True,False,0.02578690207349621,,,,,,,,,,,,,,,,,,,
AMZN,2025-11-12 17:00:00-05:00,2025-11-13,after hours,open at the 200,True,False,False,False,0.03384810662153592,,,,,,,,,,,,,,,,,,,
AMZN,2025-12-03 15:00:00-05:00,2025-12-03,regular hours,open at/above the 50,True,False,False,False,0.014051931049530841,,,,,,,,,,,,,,,,,,,
AMZN,2025-12-12 12:00:00-05:00,2025-12-12,regular hours,open at/above the 50,True,True,False,False,0.001747014595311791,,,,,,,,,,,,,,,,,,,
AMZN,2025-12-29 16:00:00-05:00,2025-12-30,after hours,between 200 and 50,True,False,True,True,,17.0,True,232.19770800000003,2025-12-30 09:00:00-05:00,0.005220947314432416,0.00894801252732447,True,False,0.0057073284823285775,-0.0017325407880424042,stopped,-0.002911683071211248,-0.0017325407880424042,stopped,-0.002911683071211248,-0.002464675491111979,stopped,-0.003600096251843899,-0.0019849792099790875
AMZN,2026-01-13 13:00:00-05:00,2026-01-13,regular hours,open at/above the 50,True,False,True,False,0.021349454637693555,,,,,,,,,,,,,,,,,,,
AMZN,2026-01-29 12:00:00-05:00,2026-01-29,regular hours,open at/above the 50,True,False,False,True,,21.0,True,242.092232,2026-01-30 09:00:00-05:00,0.005050835336178825,0.01839064377745094,True,True,0.011710610556228795,0.01571860843515209,hit the 200,0.016470738264331805,0.01571860843515209,hit the 200,0.016470738264331805,0.01571860843515209,hit the 200,0.016470738264331805,0.011189241673261519
AMZN,2026-02-04 05:00:00-05:00,2026-02-04,pre-market,open at the 200,True,False,False,False,0.19829999999999992,,,,,,,,,,,,,,,,,,,
AMZN,2026-02-11 09:00:00-05:00,2026-02-11,regular hours,open at/above the 50,True,True,False,False,0.036448628286103846,,,,,,,,,,,,,,,,,,,
AMZN,2026-02-24 06:00:00-05:00,2026-02-24,pre-market,open at/above the 50,True,True,True,True,,3.0,False,206.319908,2026-02-24 09:00:00-05:00,0.0255433033636289,0.007657564484761155,False,False,-0.013059516861994802,-0.010227282575174513,stopped,-0.005784262486896719,-0.010227282575174513,stopped,-0.005784262486896719,-0.007900798404776288,stopped,-0.003457778316498494,-0.00044906907212083347
AMZN,2026-02-27 04:00:00-05:00,2026-02-27,pre-market,between 200 and 50,True,False,True,True,,6.0,False,208.67495799999998,2026-02-27 10:00:00-05:00,0.007931196037427918,0.006205622430267747,True,False,-0.0026527840175883943,-0.0026527840175883943,time exit (36h),-0.0014481444879769212,-0.006309723809523882,flat at the close (red),-0.001422661351419996,-0.0024921150337551185,stopped,-0.0017844249774150362,-0.0014481444879769212
AMZN,2026-03-09 05:00:00-04:00,2026-03-09,pre-market,between 200 and 50,True,False,True,True,,28.0,True,214.180414,2026-03-10 09:00:00-04:00,0.013164537071069377,0.018444328901147906,True,True,0.016421858390281097,0.016091935932106366,hit the 200,0.007838677086668772,-0.0007445460483344046,flat at the close (red),-0.0003309994431087704,-0.006021026740568283,stopped,0.0007007250242585276,0.008168599544843502
AMZN,2026-03-12 08:00:00-04:00,2026-03-12,pre-market,open at the 200,True,False,True,False,0.019729860106126207,,,,,,,,,,,,,,,,,,,
AMZN,2026-03-19 07:00:00-04:00,2026-03-19,pre-market,below the 200,True,True,True,False,0.008450511081849799,,,,,,,,,,,,,,,,,,,
AMZN,2026-03-26 19:00:00-04:00,2026-03-27,after hours,below the 200,True,True,True,False,0.04848301582501757,,,,,,,,,,,,,,,,,,,
AMZN,2026-04-06 07:00:00-04:00,2026-04-06,pre-market,open at/above the 50,False,False,True,True,,28.0,True,210.59429400000002,2026-04-07 11:00:00-04:00,0.07362832917020996,-0.0012616961027443337,True,False,-0.04414354575163382,-0.007683997364145044,stopped,-0.0024404146557737132,-0.007683997364145044,stopped,-0.0024404146557737132,-0.002496297454288981,stopped,0.0027472852540823493,-0.011388247100381332
AMZN,2026-04-20 16:00:00-04:00,2026-04-21,after hours,open at/above the 50,False,False,False,False,0.009148877183254855,,,,,,,,,,,,,,,,,,,
AMZN,2026-04-28 15:00:00-04:00,2026-04-28,regular hours,between 200 and 50,True,False,False,True,,18.0,False,261.20331,2026-04-29 09:00:00-04:00,0.060936785219146056,0.06195675697984064,True,True,-0.01081833674164967,-0.011281212324606413,stopped,-0.011435828314710881,-0.011281212324606413,stopped,-0.011435828314710881,-0.005959687111162578,stopped,-0.006114303101267046,0.0007393056104417761
AMZN,2026-05-07 17:00:00-04:00,2026-05-08,after hours,between 200 and 50,True,False,False,False,-0.01019993007565112,,,,,,,,,,,,,,,,,,,
AMZN,2026-05-15 08:00:00-04:00,2026-05-15,pre-market,below the 200,True,True,False,False,-0.0014030692377546838,,,,,,,,,,,,,,,,,,,
AMZN,2026-05-26 14:00:00-04:00,2026-05-26,regular hours,open at/above the 50,True,True,False,True,,19.0,False,266.501058,2026-05-27 09:00:00-04:00,0.03001467258715348,-0.0035232205344565546,True,False,-0.02348371990766196,-0.012322435132696638,stopped,-0.015350393728364262,-0.012322435132696638,stopped,-0.015350393728364262,-0.008738959677976152,stopped,-0.011766918273643776,-0.019312087011356893
AMZN,2026-06-01 07:00:00-04:00,2026-06-01,pre-market,open at the 200,True,False,False,False,0.04766457252116929,,,,,,,,,,,,,,,,,,,
AMZN,2026-06-17 15:00:00-04:00,2026-06-17,regular hours,open at/above the 50,True,True,True,True,,20.0,False,244.074456,2026-06-18 11:00:00-04:00,0.0067829465939688175,0.007352084398377177,False,False,0.0038019987661936927,0.0038019987661936927,time exit (36h),0.003935878328139797,-0.0012094119572779727,flat at the close (red),-0.001584465536360713,-0.0026038939527535405,stopped,-0.00145370002470749,0.003935878328139797
AMZN,2026-06-25 14:00:00-04:00,2026-06-25,regular hours,below the 200,True,True,True,True,,21.0,False,232.34599400000002,2026-06-26 11:00:00-04:00,0.006688327064507025,0.01935042615798241,False,False,0.0019232169038378988,0.0019232169038378988,time exit (36h),0.00021452027530655116,0.0019232169038378988,time exit (36h),0.00021452027530655116,0.0019232169038378988,time exit (36h),0.00021452027530655116,0.00021452027530655116
AMZN,2026-07-08 11:00:00-04:00,2026-07-08,regular hours,open at/above the 50,True,False,True,True,,26.0,False,243.825286,2026-07-09 13:00:00-04:00,0.029548674455363893,0.00043180919307937016,True,False,-0.007630093610093591,-0.020935950014634663,stopped,-0.01764872635724979,-0.01266761853238818,flat at the close (red),-0.011071109565329529,-0.005494565481612873,stopped,-0.003898056514554221,-0.0018405571704599444
AMZN,2026-07-17 10:00:00-04:00,2026-07-17,regular hours,below the 200,True,False,True,False,0.008161344723091046,,,,,,,,,,,,,,,,,,,
AMZN,2026-07-22 07:00:00-04:00,2026-07-22,pre-market,open at/above the 50,False,False,True,True,,2.0,False,248.33479,2026-07-22 09:00:00-04:00,0.000665271265455806,0.06556950800167786,True,True,0.05976524559382068,0.0043401450114982825,hit the 200,0.007836438138574726,0.0043401450114982825,hit the 200,0.007836438138574726,0.0043401450114982825,hit the 200,0.007836438138574726,0.050926468674804326
AMZN,2026-08-05 13:00:00-04:00,2026-08-05,regular hours,open at/above the 50,True,False,False,False,-0.003088911677246564,,,,,,,,,,,,,,,,,,,
AMZN,2026-08-11 19:00:00-04:00,2026-08-12,after hours,between 200 and 50,True,False,False,False,0.01703399327605526,,,,,,,,,,,,,,,,,,,
AMZN,2026-08-21 08:00:00-04:00,2026-08-21,pre-market,below the 200,False,True,False,False,0.007511845602681255,,,,,,,,,,,,,,,,,,,
AMZN,2026-08-26 12:00:00-04:00,2026-08-26,regular hours,open at/above the 50,True,True,False,False,0.009846727638397335,,,,,,,,,,,,,,,,,,,
AMZN,2026-09-01 09:00:00-04:00,2026-09-01,regular hours,below the 200,True,True,False,False,-0.009618683718028764,,,,,,,,,,,,,,,,,,,
AMZN,2026-09-08 11:00:00-04:00,2026-09-08,regular hours,open at/above the 50,True,True,False,True,,1.0,False,257.351678,2026-09-08 12:00:00-04:00,0.0025192064222717345,0.02639064976292865,False,False,0.019032149492447248,0.019032149492447248,time exit (36h),0.013463053389504154,0.019032149492447248,time exit (36h),0.013463053389504154,0.019032149492447248,time exit (36h),0.013463053389504154,0.013463053389504154
AMZN,2026-09-15 06:00:00-04:00,2026-09-15,pre-market,below the 200,True,True,False,False,0.023415977961432466,,,,,,,,,,,,,,,,,,,
AMZN,2026-09-23 09:00:00-04:00,2026-09-23,regular hours,open at the 200,True,False,True,False,0.005258932155760787,,,,,,,,,,,,,,,,,,,
AMZN,2026-09-28 11:00:00-04:00,2026-09-28,regular hours,below the 200,True,True,True,True,,27.0,False,248.176998,2026-09-29 14:00:00-04:00,0.017177264751989628,0.009618127462400868,False,False,-0.007925745034072174,-0.010881354927179836,stopped,-0.003193673460188777,-0.010881354927179836,stopped,-0.003193673460188777,-0.0020670811724461274,stopped,3.961445583334838e-05,-0.004111444017796173
ARM,2024-10-16 06:00:00-04:00,2024-10-16,pre-market,open at/above the 50,True,False,False,True,,3.0,False,154.434506,2024-10-16 09:00:00-04:00,0.03226477119044893,0.020231916305025747,True,False,-0.010415827245931042,-0.010415827245931042,time exit (36h),-0.0052519912534795266,-0.010415827245931042,time exit (36h),-0.0052519912534795266,-0.025807017506825763,stopped,-0.017156705514347642,-0.0052519912534795266
ARM,2024-10-21 04:00:00-04:00,2024-10-21,pre-market,between 200 and 50,True,False,False,False,0.0022977941176469674,,,,,,,,,,,,,,,,,,,
ARM,2024-10-31 09:00:00-04:00,2024-10-31,regular hours,below the 200,True,False,False,False,0.007519325368938734,,,,,,,,,,,,,,,,,,,
ARM,2024-11-11 13:00:00-05:00,2024-11-11,regular hours,open at/above the 50,True,False,False,False,0.007585515958208111,,,,,,,,,,,,,,,,,,,
ARM,2024-11-27 08:00:00-05:00,2024-11-27,pre-market,below the 200,True,False,True,False,0.013870043720789926,,,,,,,,,,,,,,,,,,,
ARM,2024-12-05 12:00:00-05:00,2024-12-05,regular hours,open at/above the 50,True,False,True,True,,22.0,False,140.29546,2024-12-06 10:00:00-05:00,0.015143326804730505,0.003459555997036439,True,False,-0.004219887855773985,-0.004219887855773985,time exit (36h),-0.0068706608606967645,-0.004855582352106702,flat at the close (red),-0.0066651500299378386,-0.005449499221143799,stopped,-0.00811678056993204,-0.0068706608606967645
ARM,2024-12-10 11:00:00-05:00,2024-12-10,regular hours,between 200 and 50,True,False,True,True,,22.0,False,139.09304400000002,2024-12-11 09:00:00-05:00,0.09279368420465353,-0.0035009371137207416,True,False,-0.08461307008884478,-0.029526681434910343,stopped,-0.02524994359893963,-0.029526681434910343,stopped,-0.02524994359893963,-0.012919093207852764,stopped,-0.010548705209468693,-0.0845469958875168
ARM,2024-12-16 19:00:00-05:00,2024-12-17,after hours,between 200 and 50,True,False,True,False,0.007932642126504685,,,,,,,,,,,,,,,,,,,
ARM,2024-12-27 16:00:00-05:00,2024-12-30,after hours,below the 200,False,True,True,False,0.0038073038073038745,,,,,,,,,,,,,,,,,,,
ARM,2025-01-08 12:00:00-05:00,2025-01-08,regular hours,between 200 and 50,True,False,True,True,,1.0,False,144.348928,2025-01-08 13:00:00-05:00,0.016425975813273777,0.005881082816216001,True,False,-0.001045480968858148,-0.001045480968858148,time exit (36h),0.0010403105540007784,-0.005929839542731297,flat at the close (red),-0.0017277425660424672,-0.008597722319073978,stopped,-0.005901513119882865,0.0010403105540007784
ARM,2025-01-24 10:00:00-05:00,2025-01-24,regular hours,open at/above the 50,True,False,False,False,0.02064078866296981,,,,,,,,,,,,,,,,,,,
ARM,2025-02-07 15:00:00-05:00,2025-02-07,regular hours,open at/above the 50,True,False,False,False,0.007190944084969786,,,,,,,,,,,,,,,,,,,
ARM,2025-02-18 11:00:00-05:00,2025-02-18,regular hours,open at/above the 50,True,True,False,True,,2.0,True,159.024312,2025-02-18 13:00:00-05:00,0.012019470331052197,0.04234768832076454,False,False,0.03464093689004577,0.03464093689004577,time exit (36h),0.03782565026584184,-0.008576608478802927,flat at the close (red),-0.006940884261905866,-0.0055066297032619555,stopped,-0.003626008280531023,0.03782565026584184
ARM,2025-02-27 14:00:00-05:00,2025-02-27,regular hours,open at/above the 50,True,True,False,False,0.010113299368869288,,,,,,,,,,,,,,,,,,,
ARM,2025-03-10 18:00:00-04:00,2025-03-11,after hours,below the 200,True,True,True,False,0.01881153305203931,,,,,,,,,,,,,,,,,,,
ARM,2025-03-19 10:00:00-04:00,2025-03-19,regular hours,open at/above the 50,True,False,True,True,,24.0,False,119.51530000000001,2025-03-20 10:00:00-04:00,0.007737084707982887,0.03359653533899016,True,True,0.004267801834171747,0.007874874597645814,hit the 200,0.006567153743032532,0.007874874597645814,hit the 200,0.006567153743032532,-0.0072350569341329924,stopped,-0.004489750865419066,0.001418244312047845
ARM,2025-03-26 13:00:00-04:00,2025-03-26,regular hours,open at/above the 50,True,False,True,False,0.02571428571428558,,,,,,,,,,,,,,,,,,,
ARM,2025-04-03 06:00:00-04:00,2025-04-03,pre-market,below the 200,True,True,True,False,0.1839080459770115,,,,,,,,,,,,,,,,,,,
ARM,2025-04-15 19:00:00-04:00,2025-04-16,after hours,below the 200,True,False,True,False,-0.023005384238864446,,,,,,,,,,,,,,,,,,,
ARM,2025-04-29 11:00:00-04:00,2025-04-29,regular hours,open at/above the 50,False,False,True,True,,27.0,False,111.797226,2025-04-30 14:00:00-04:00,0.06953369308107878,-0.001992661249036726,True,False,-0.025448575010068364,-0.021313355306329444,stopped,-0.014314167067851994,-0.021313355306329444,stopped,-0.014314167067851994,-0.006601004572331771,stopped,0.0003981836661456784,-0.013405788118938111
ARM,2025-05-07 18:00:00-04:00,2025-05-08,after hours,between 200 and 50,True,False,True,False,-0.0623034424139397,,,,,,,,,,,,,,,,,,,
ARM,2025-05-19 11:00:00-04:00,2025-05-19,regular hours,between 200 and 50,True,False,False,False,0.007761125554365922,,,,,,,,,,,,,,,,,,,
ARM,2025-05-30 04:00:00-04:00,2025-05-30,pre-market,below the 200,True,False,False,False,0.03245240581572828,,,,,,,,,,,,,,,,,,,
ARM,2025-06-12 13:00:00-04:00,2025-06-12,regular hours,between 200 and 50,True,False,False,False,0.0254400236651382,,,,,,,,,,,,,,,,,,,
ARM,2025-06-23 07:00:00-04:00,2025-06-23,pre-market,between 200 and 50,True,False,False,True,,2.0,False,145.47486800000001,2025-06-23 09:00:00-04:00,0.08080524259351776,0.012887916832480098,True,False,-0.07157528878677633,-0.020657396300232247,stopped,-0.012475669007812409,-0.020657396300232247,stopped,-0.012475669007812409,-0.004090960921167347,stopped,-0.002003495604677724,-0.0521358963450117
ARM,2025-07-01 12:00:00-04:00,2025-07-01,regular hours,between 200 and 50,True,False,False,False,0.00856496444731758,,,,,,,,,,,,,,,,,,,
ARM,2025-07-10 13:00:00-04:00,2025-07-10,regular hours,open at/above the 50,True,True,False,True,,20.0,True,148.43444599999998,2025-07-11 09:00:00-04:00,0.017957785890210517,0.017748211894158105,False,False,0.01702955141864604,0.01702955141864604,time exit (36h),0.01770366544021762,0.01702955141864604,time exit (36h),0.01770366544021762,-0.0049554131121290245,stopped,-0.002967787683346966,0.01770366544021762
ARM,2025-07-22 17:00:00-04:00,2025-07-23,after hours,between 200 and 50,True,False,False,True,,21.0,False,158.36194,2025-07-23 14:00:00-04:00,0.021394408277645473,0.0029169887663664544,True,False,-0.013935616438356058,-0.013935616438356058,time exit (36h),-0.009327470901405177,-0.005763812154696124,flat at the close (red),-0.003164783518389891,-0.004597443047237229,stopped,-0.0019984144109309963,-0.009327470901405177
ARM,2025-07-30 11:00:00-04:00,2025-07-30,regular hours,between 200 and 50,True,False,False,True,,2.0,False,164.24372,2025-07-30 13:00:00-04:00,0.003082492286463092,0.1530269772262829,True,True,0.161882569326542,0.0401248400852099,hit the 200,0.04141155863906366,0.0401248400852099,hit the 200,0.04141155863906366,0.0401248400852099,hit the 200,0.04141155863906366,0.1533575011893804
ARM,2025-08-05 18:00:00-04:00,2025-08-06,after hours,below the 200,True,True,False,False,0.0007299270072991249,,,,,,,,,,,,,,,,,,,
ARM,2025-08-14 10:00:00-04:00,2025-08-14,regular hours,below the 200,True,True,False,True,,23.0,False,141.54992000000001,2025-08-15 09:00:00-04:00,0.0016254336279383748,0.026703794675405,False,False,0.018565315222936807,0.018565315222936807,time exit (36h),0.014055882040933776,0.018565315222936807,time exit (36h),0.014055882040933776,0.018565315222936807,time exit (36h),0.014055882040933776,0.014055882040933776
ARM,2025-08-19 14:00:00-04:00,2025-08-19,regular hours,open at/above the 50,True,False,True,False,0.023558021126225404,,,,,,,,,,,,,,,,,,,
ARM,2025-08-29 17:00:00-04:00,2025-09-02,after hours,below the 200,True,False,True,False,0.0,,,,,,,,,,,,,,,,,,,
ARM,2025-09-15 06:00:00-04:00,2025-09-15,pre-market,between 200 and 50,True,False,True,True,,3.0,False,152.667896,2025-09-15 09:00:00-04:00,0.020515799864039508,0.004826790827064267,True,False,-0.007683483912902078,-0.018878258465027893,stopped,-0.017893676166609092,-0.007747978681918677,flat at the close (red),-0.005901720075578321,-0.006694950456381376,stopped,-0.005937372403573637,-0.0066686421742985225
ARM,2025-09-18 07:00:00-04:00,2025-09-18,pre-market,between 200 and 50,True,False,True,False,0.025312915180756734,,,,,,,,,,,,,,,,,,,
ARM,2025-09-25 10:00:00-04:00,2025-09-25,regular hours,below the 200,True,True,True,False,-0.0007162297665090911,,,,,,,,,,,,,,,,,,,
ARM,2025-09-30 14:00:00-04:00,2025-09-30,regular hours,open at/above the 50,True,True,True,True,,19.0,False,140.112978,2025-10-01 09:00:00-04:00,0.08897835288319983,-0.029955269382683503,False,False,-0.07741503917824455,-0.015608989482758786,stopped,-0.015329359811278467,-0.015608989482758786,stopped,-0.015329359811278467,-0.045299315528073425,stopped,-0.04191153682409865,-0.06860093805045298
ARM,2025-10-01 06:00:00-04:00,2025-10-01,pre-market,open at/above the 50,True,True,False,True,,3.0,False,140.112978,2025-10-01 09:00:00-04:00,0.08897835288319983,-0.029955269382683503,False,False,-0.07741503917824455,-0.011183988966389741,stopped,-0.010904359294909422,-0.011183988966389741,stopped,-0.010904359294909422,-0.045299315528073425,stopped,-0.04191153682409865,-0.06860093805045298
ARM,2025-10-10 19:00:00-04:00,2025-10-13,after hours,between 200 and 50,True,False,False,False,0.0,,,,,,,,,,,,,,,,,,,
ARM,2025-10-16 09:00:00-04:00,2025-10-16,regular hours,open at/above the 50,False,False,False,True,,1.0,True,172.57264799999996,2025-10-16 10:00:00-04:00,0.019686503274841338,0.05726659534134264,True,False,0.039594265060240774,-0.008271021025302005,stopped,-0.007588954137775527,-0.008271021025302005,stopped,-0.007588954137775527,-0.01789015835232498,stopped,-0.02107290680233408,0.03755752864850437
ARM,2025-10-22 13:00:00-04:00,2025-10-22,regular hours,between 200 and 50,True,False,False,True,,20.0,False,168.748686,2025-10-23 09:00:00-04:00,0.03378523492621461,0.020304075138102142,True,True,-0.013857608695652224,0.00888152989825344,hit the 200,0.012521962572628744,0.00888152989825344,hit the 200,0.012521962572628744,-0.0026152144378771966,stopped,0.0009583190332250338,0.0001539076191270361
ARM,2025-10-29 10:00:00-04:00,2025-10-29,regular hours,open at/above the 50,True,False,False,False,0.036206896551724155,,,,,,,,,,,,,,,,,,,
ARM,2025-11-04 09:00:00-05:00,2025-11-04,regular hours,below the 200,True,True,False,False,0.0014019748247531272,,,,,,,,,,,,,,,,,,,
ARM,2025-11-07 04:00:00-05:00,2025-11-07,pre-market,below the 200,True,True,False,False,0.03058562671188203,,,,,,,,,,,,,,,,,,,
ARM,2025-11-21 05:00:00-05:00,2025-11-21,pre-market,below the 200,True,True,True,False,-0.0065294966213652605,,,,,,,,,,,,,,,,,,,
ARM,2025-11-25 16:00:00-05:00,2025-11-26,after hours,open at/above the 50,True,True,True,False,-0.013533834586466287,,,,,,,,,,,,,,,,,,,
ARM,2025-12-08 19:00:00-05:00,2025-12-09,after hours,between 200 and 50,True,False,True,True,,15.0,False,140.715384,2025-12-09 10:00:00-05:00,0.014814414321606876,0.0050839075278364745,True,False,0.0015329822064056309,0.0015329822064056309,time exit (36h),0.0034005066762843317,-0.00855785246248153,flat at the close (red),-0.010592842580335327,-0.0023779631657048325,stopped,-0.0016042066508209604,0.0034005066762843317
ARM,2025-12-11 09:00:00-05:00,2025-12-11,regular hours,between 200 and 50,True,False,True,False,0.035264165390505475,,,,,,,,,,,,,,,,,,,
ARM,2025-12-22 16:00:00-05:00,2025-12-23,after hours,below the 200,True,True,True,False,0.011245983577293783,,,,,,,,,,,,,,,,,,,
ARM,2026-01-07 06:00:00-05:00,2026-01-07,pre-market,between 200 and 50,True,False,True,True,,3.0,False,116.19423,2026-01-07 09:00:00-05:00,0.008655937562476193,0.04855000114893835,True,True,0.02754006013441823,0.023700991865086687,hit the 200,0.017976577382608508,0.023700991865086687,hit the 200,0.017976577382608508,0.023700991865086687,hit the 200,0.017976577382608508,0.023553527843158673
ARM,2026-01-20 08:00:00-05:00,2026-01-20,pre-market,below the 200,True,True,True,True,,1.0,False,105.76434799999998,2026-01-20 09:00:00-05:00,0.1088802816616429,-0.009130222218171478,False,False,-0.08508349480968869,-0.020759850001628243,stopped,-0.019015442367279665,-0.020759850001628243,stopped,-0.019015442367279665,-0.03182217886881893,stopped,-0.027712790158669835,-0.07647962233916905
ARM,2026-01-20 12:00:00-05:00,2026-01-20,regular hours,below the 200,False,True,True,False,-0.06275951557093418,,,,,,,,,,,,,,,,,,,
ARM,2026-01-26 07:00:00-05:00,2026-01-26,pre-market,between 200 and 50,True,False,True,True,,27.0,False,117.13395999999999,2026-01-27 10:00:00-05:00,0.002185873336818912,0.06892928404367091,True,True,0.06904288621781696,0.047045485357107314,hit the 200,0.04984270821687323,0.047045485357107314,hit the 200,0.04984270821687323,0.0032779562818501798,stopped,0.00770324199204414,0.06826563801046182
ARM,2026-01-28 09:00:00-05:00,2026-01-28,regular hours,between 200 and 50,True,False,True,False,0.02793914246196394,,,,,,,,,,,,,,,,,,,
ARM,2026-02-03 17:00:00-05:00,2026-02-04,after hours,below the 200,True,True,True,True,,16.0,False,105.785228,2026-02-04 09:00:00-05:00,0.08805361746727049,0.14449302883763698,False,False,-0.01777875580315691,-0.03379273332945878,stopped,-0.05263140871664087,-0.03379273332945878,stopped,-0.05263140871664087,-0.0028507950089212176,stopped,-0.005495106107763329,-0.04178789648959891
ARM,2026-02-12 14:00:00-05:00,2026-02-12,regular hours,open at/above the 50,True,False,True,True,,19.0,False,124.809146,2026-02-13 09:00:00-05:00,0.02091877144965004,0.012972975554211393,True,False,-0.0015268320000000335,-0.0015268320000000335,time exit (36h),-0.0030983132499421417,-0.00423531195149196,flat at the close (red),-0.004807469867076586,-0.007538341781458882,stopped,-0.003042647722197347,-0.0030983132499421417
ARM,2026-02-19 18:00:00-05:00,2026-02-20,after hours,between 200 and 50,False,False,False,True,,15.0,True,126.54790999999999,2026-02-20 09:00:00-05:00,0.02727891752617655,0.01254789589176142,True,False,0.006825602673243614,-0.003493459512685808,stopped,-0.0009819606443204829,-0.003493459512685808,stopped,-0.0009819606443204829,-0.02332784476646049,stopped,-0.01542741343776471,0.016193487938401252
ARM,2026-02-27 09:00:00-05:00,2026-02-27,regular hours,open at the 200,True,False,False,False,-0.002827965435977964,,,,,,,,,,,,,,,,,,,
ARM,2026-03-06 07:00:00-05:00,2026-03-06,pre-market,below the 200,True,True,False,False,0.04009332917994057,,,,,,,,,,,,,,,,,,,
ARM,2026-03-12 14:00:00-04:00,2026-03-12,regular hours,open at/above the 50,True,True,False,False,-0.005723297614932621,,,,,,,,,,,,,,,,,,,
ARM,2026-03-27 14:00:00-04:00,2026-03-27,regular hours,open at/above the 50,True,False,False,False,0.015727300001962874,,,,,,,,,,,,,,,,,,,
ARM,2026-04-06 05:00:00-04:00,2026-04-06,pre-market,open at/above the 50,False,False,False,False,0.04686633388796446,,,,,,,,,,,,,,,,,,,
ARM,2026-04-16 12:00:00-04:00,2026-04-16,regular hours,open at/above the 50,False,False,False,False,-0.017986143776067776,,,,,,,,,,,,,,,,,,,
ARM,2026-04-28 07:00:00-04:00,2026-04-28,pre-market,between 200 and 50,True,False,False,False,-0.05272569108834335,,,,,,,,,,,,,,,,,,,
ARM,2026-05-04 17:00:00-04:00,2026-05-05,after hours,open at/above the 50,True,False,False,True,,18.0,False,208.2117,2026-05-05 11:00:00-04:00,0.29070556553738336,0.011054614125911324,True,False,-0.06261615343057803,-0.03476413669356708,stopped,-0.03276300501910283,-0.0030085232714038845,flat at the close (red),-0.0021794962727579303,-0.003593938284928274,stopped,-0.0023922974236142503,-0.04916458453562578
ARM,2026-05-07 19:00:00-04:00,2026-05-08,after hours,between 200 and 50,True,False,False,True,,14.0,False,220.07838200000003,2026-05-08 09:00:00-04:00,0.008731516392191425,0.04170505942741812,True,True,0.04302550710900488,0.0364681252518479,hit the 200,0.04008811386695738,0.0364681252518479,hit the 200,0.04008811386695738,0.0364681252518479,hit the 200,0.04008811386695738,0.04664549572411436
ARM,2026-05-15 19:00:00-04:00,2026-05-18,after hours,below the 200,True,False,False,False,0.0,,,,,,,,,,,,,,,,,,,
ARM,2026-05-28 06:00:00-04:00,2026-05-28,pre-market,open at/above the 50,True,False,False,True,,3.0,False,310.02796,2026-05-28 09:00:00-04:00,0.15473456007000141,-0.031616632254716566,True,False,-0.12581993514732825,-0.04432516344654842,stopped,-0.041190666164843855,-0.04432516344654842,stopped,-0.041190666164843855,-0.040357456791961545,stopped,-0.03722295951025698,-0.11904422184469732
ARM,2026-06-03 19:00:00-04:00,2026-06-04,after hours,between 200 and 50,True,False,False,False,0.06080645161290321,,,,,,,,,,,,,,,,,,,
ARM,2026-06-22 18:00:00-04:00,2026-06-23,after hours,below the 200,True,False,False,False,0.06334699023006629,,,,,,,,,,,,,,,,,,,
ARM,2026-07-01 19:00:00-04:00,2026-07-02,after hours,below the 200,True,True,False,True,,14.0,False,343.47458,2026-07-02 09:00:00-04:00,0.04371624823007282,0.09821565252368893,False,False,0.08624225342847858,-0.009303221216545378,stopped,-0.005702203581082655,-0.009303221216545378,stopped,-0.005702203581082655,-0.038912108139123415,stopped,-0.039442429408149605,0.0830957223569535
ARM,2026-07-13 12:00:00-04:00,2026-07-13,regular hours,below the 200,True,True,False,False,0.06142871483201562,,,,,,,,,,,,,,,,,,,
ARM,2026-07-23 14:00:00-04:00,2026-07-23,regular hours,below the 200,True,True,True,True,,19.0,True,285.36,2026-07-24 09:00:00-04:00,0.012720423324922776,0.10285253714606118,False,False,0.097580676179853,-0.010793383795906868,stopped,-0.012989904615398933,-0.010793383795906868,stopped,-0.012989904615398933,0.097580676179853,time exit (36h),0.09691731279209681,0.09691731279209681
ARM,2026-08-03 17:00:00-04:00,2026-08-04,after hours,open at/above the 50,False,True,True,False,-0.1262681159420289,,,,,,,,,,,,,,,,,,,
ARM,2026-08-10 12:00:00-04:00,2026-08-10,regular hours,open at/above the 50,True,False,True,False,0.009340229970602465,,,,,,,,,,,,,,,,,,,
ARM,2026-08-18 04:00:00-04:00,2026-08-18,pre-market,below the 200,True,False,True,True,,29.0,False,267.58871,2026-08-19 09:00:00-04:00,0.0015370229932346853,0.0974955557728874,False,False,0.07015579102286962,0.07015579102286962,time exit (36h),0.05969543028461466,0.07015579102286962,time exit (36h),0.05969543028461466,0.07015579102286962,time exit (36h),0.05969543028461466,0.05969543028461466
ARM,2026-08-28 15:00:00-04:00,2026-08-28,regular hours,open at/above the 50,True,True,True,False,0.0010467696688021277,,,,,,,,,,,,,,,,,,,
ARM,2026-09-10 16:00:00-04:00,2026-09-11,after hours,between 200 and 50,True,False,True,True,,17.0,False,260.023756,2026-09-11 09:00:00-04:00,0.029790524216564238,0.022397015140416643,True,False,-0.018185485576196925,,skipped (already above yesterday's high),,,skipped (already above yesterday's high),,-0.007600244033087532,stopped,-0.007835347609274033,-0.01991214945229558
ARM,2026-09-24 12:00:00-04:00,2026-09-24,regular hours,between 200 and 50,True,False,True,True,,21.0,False,323.661356,2026-09-25 09:00:00-04:00,0.005618971700779768,0.041961623617494906,True,False,0.04094605216608249,0.04094605216608249,time exit (36h),0.044326706018214534,0.04094605216608249,time exit (36h),0.044326706018214534,0.04094605216608249,time exit (36h),0.044326706018214534,0.044326706018214534
ARM,2026-10-01 12:00:00-04:00,2026-10-01,regular hours,open at/above the 50,False,True,False,False,-0.05323329760628792,,,,,,,,,,,,,,,,,,,
ARM,2026-10-06 15:00:00-04:00,2026-10-06,regular hours,open at/above the 50,True,True,False,False,0.025928687635574654,,,,,,,,,,,,,,,,,,,
AVGO,2024-10-11 18:00:00-04:00,2024-10-14,after hours,open at/above the 50,True,False,False,False,0.0012708586584153636,,,,,,,,,,,,,,,,,,,
AVGO,2024-10-21 09:00:00-04:00,2024-10-21,regular hours,open at/above the 50,True,False,False,True,,28.0,False,180.214222,2024-10-22 13:00:00-04:00,0.0026400691061995714,0.042417418088124104,True,True,0.03661529824496812,0.0018898258762284396,hit the 200,0.0026788209726237347,0.0018898258762284396,hit the 200,0.0026788209726237347,-0.0020296844274588157,stopped,-0.0012406893310635205,0.02970140858788839
AVGO,2024-10-28 16:00:00-04:00,2024-10-29,after hours,open at/above the 50,True,True,False,True,,17.0,False,172.876314,2024-10-29 09:00:00-04:00,0.04253726742461655,0.0004992818160156733,False,False,-0.017189801023308693,-0.006342603996056966,stopped,-0.0033155323438949823,-0.006342603996056966,stopped,-0.0033155323438949823,-0.0015409051352169789,stopped,0.0014861665169450045,-0.02023531062704631
AVGO,2024-10-31 12:00:00-04:00,2024-10-31,regular hours,below the 200,True,True,False,False,-0.0018343195266272705,,,,,,,,,,,,,,,,,,,
AVGO,2024-11-11 14:00:00-05:00,2024-11-11,regular hours,open at/above the 50,True,False,False,False,0.013515048268029517,,,,,,,,,,,,,,,,,,,
AVGO,2024-11-22 12:00:00-05:00,2024-11-22,regular hours,open at/above the 50,True,True,True,True,,1.0,False,163.974814,2024-11-22 13:00:00-05:00,0.003202845529679886,0.00399338156895251,False,False,-0.0019792209373098446,-0.0019792209373098446,time exit (36h),-0.0007719110203008306,-0.0010063726087484737,flat at the close (red),-0.0014260340583353015,-0.002013638509143225,stopped,-0.0024332999587300527,-0.0007719110203008306
AVGO,2024-11-27 08:00:00-05:00,2024-11-27,pre-market,below the 200,True,True,True,False,0.02092155726898648,,,,,,,,,,,,,,,,,,,
AVGO,2024-12-10 17:00:00-05:00,2024-12-11,after hours,open at/above the 50,True,False,True,True,,16.0,False,176.180468,2024-12-11 09:00:00-05:00,0.19136191646397493,0.001081096004353794,True,False,-0.14516997573993207,-0.0131656592034936,stopped,-0.011072057053842337,-0.0131656592034936,stopped,-0.011072057053842337,-0.027241566868808614,stopped,-0.023292509706206204,-0.14510390153860409
AVGO,2024-12-18 12:00:00-05:00,2024-12-18,regular hours,open at/above the 50,True,False,False,False,0.06812948977712296,,,,,,,,,,,,,,,,,,,
AVGO,2024-12-30 08:00:00-05:00,2024-12-30,pre-market,between 200 and 50,True,False,False,False,0.010304520358868308,,,,,,,,,,,,,,,,,,,
AVGO,2025-01-07 18:00:00-05:00,2025-01-08,after hours,below the 200,True,False,False,False,0.0045592038928585765,,,,,,,,,,,,,,,,,,,
AVGO,2025-01-23 12:00:00-05:00,2025-01-23,regular hours,between 200 and 50,True,False,False,True,,21.0,False,241.22961600000002,2025-01-24 09:00:00-05:00,0.03465736976507885,-0.0028204828713899507,True,False,-0.012204184922812278,-0.02387925701461129,stopped,-0.02170010802963589,-0.02387925701461129,stopped,-0.02170010802963589,-0.02143345450585132,stopped,-0.021926308128325297,-0.014689822546476883
AVGO,2025-01-27 05:00:00-05:00,2025-01-27,pre-market,below the 200,True,False,False,False,0.029997345367666517,,,,,,,,,,,,,,,,,,,
AVGO,2025-02-03 19:00:00-05:00,2025-02-04,after hours,open at/above the 50,False,True,False,True,,14.0,True,218.79121800000001,2025-02-04 09:00:00-05:00,0.08747463529363407,0.00018838964551134247,False,False,-0.06499479487179483,-0.009810640571505899,stopped,-0.005079909140459601,-0.009810640571505899,stopped,-0.005079909140459601,-0.004519294736957798,stopped,0.00021143669408849996,-0.05300617166182031
AVGO,2025-02-07 12:00:00-05:00,2025-02-07,regular hours,open at/above the 50,True,False,False,False,0.006838277938880033,,,,,,,,,,,,,,,,,,,
AVGO,2025-02-14 05:00:00-05:00,2025-02-14,pre-market,open at/above the 50,False,False,False,True,,5.0,True,234.837978,2025-02-14 10:00:00-05:00,0.0038410397146240827,0.010211201869571517,True,False,0.009578169468208442,0.009578169468208442,time exit (36h),0.008454813503762093,0.009578169468208442,time exit (36h),0.008454813503762093,0.009578169468208442,time exit (36h),0.008454813503762093,0.008454813503762093
AVGO,2025-02-28 06:00:00-05:00,2025-02-28,pre-market,below the 200,True,True,True,False,-0.0073181659779957275,,,,,,,,,,,,,,,,,,,
AVGO,2025-03-10 13:00:00-04:00,2025-03-10,regular hours,open at/above the 50,True,True,True,True,,20.0,False,188.976384,2025-03-11 09:00:00-04:00,0.05822746613672105,0.013897948221932332,False,False,-0.033912458463268846,-0.034414966898721026,stopped,-0.0325522521790007,-0.034414966898721026,stopped,-0.0325522521790007,-0.01589413415805434,stopped,-0.02622273880502517,-0.033537933307662526
AVGO,2025-03-18 06:00:00-04:00,2025-03-18,pre-market,below the 200,True,False,True,True,,29.0,False,192.184372,2025-03-19 11:00:00-04:00,0.03166557164179829,0.016881559963679037,True,True,0.01144186394106006,-0.02360039972448958,stopped,-0.017445305458074552,-0.02360039972448958,stopped,-0.017445305458074552,-0.020842631262442096,stopped,-0.014687536996027067,0.015260277178225867
AVGO,2025-03-21 08:00:00-04:00,2025-03-21,pre-market,below the 200,True,True,True,True,,2.0,False,190.924396,2025-03-21 10:00:00-04:00,0.006000301815803527,0.011703040820409372,False,False,-0.001545884321723645,-0.001545884321723645,time exit (36h),0.0075850891296037615,-0.0031619276353573866,flat at the close (red),0.004546468472336862,-0.001545884321723645,time exit (36h),0.0075850891296037615,0.0075850891296037615
AVGO,2025-03-25 14:00:00-04:00,2025-03-25,regular hours,open at/above the 50,True,True,True,False,0.0646760563380282,,,,,,,,,,,,,,,,,,,
AVGO,2025-04-03 08:00:00-04:00,2025-04-03,pre-market,below the 200,True,True,True,False,0.10141457202967552,,,,,,,,,,,,,,,,,,,
AVGO,2025-04-15 18:00:00-04:00,2025-04-16,after hours,between 200 and 50,True,False,True,False,-0.027068264014466714,,,,,,,,,,,,,,,,,,,
AVGO,2025-04-30 09:00:00-04:00,2025-04-30,regular hours,between 200 and 50,True,False,True,True,,5.0,False,190.71331600000002,2025-04-30 14:00:00-04:00,0.056035332110737274,0.0022778482861680574,True,False,-0.03201037458126077,-0.013301032425024686,stopped,-0.00016012170433644946,-0.00861196652284657,flat at the close (red),-0.0016127782843691207,-0.005068780829126721,stopped,0.001930407409350728,-0.019967587690130517
AVGO,2025-05-06 07:00:00-04:00,2025-05-06,pre-market,between 200 and 50,True,False,True,True,,4.0,False,200.59407599999997,2025-05-06 11:00:00-04:00,0.02934246173850128,0.014676285854024742,True,False,-0.021492312195122043,-0.013164017864615461,stopped,-0.008405671234770705,-0.013164017864615461,stopped,-0.008405671234770705,-0.00551324357155999,stopped,-0.0028453911927249446,-0.021028862345743304
AVGO,2025-05-16 10:00:00-04:00,2025-05-16,regular hours,open at/above the 50,True,False,False,False,0.018185880250223274,,,,,,,,,,,,,,,,,,,
AVGO,2025-05-22 16:00:00-04:00,2025-05-23,after hours,between 200 and 50,False,False,False,True,,18.0,True,230.107118,2025-05-23 10:00:00-04:00,0.0023592577436044007,0.012198744760255646,True,False,0.00939315458722323,0.00939315458722323,time exit (36h),0.01324462263558246,0.00939315458722323,time exit (36h),0.01324462263558246,0.00939315458722323,time exit (36h),0.01324462263558246,0.01324462263558246
AVGO,2025-05-30 17:00:00-04:00,2025-06-02,after hours,open at/above the 50,False,False,False,False,0.002274192607860881,,,,,,,,,,,,,,,,,,,
AVGO,2025-06-06 08:00:00-04:00,2025-06-06,pre-market,between 200 and 50,True,False,False,False,0.02042219235291931,,,,,,,,,,,,,,,,,,,
AVGO,2025-06-16 05:00:00-04:00,2025-06-16,pre-market,open at the 200,True,False,False,True,,4.0,False,251.86801599999998,2025-06-16 09:00:00-04:00,0.013189384078048302,0.015913159851149855,True,True,0.012534737688442155,0.008634843893795497,hit the 200,0.013898465427021512,0.008634843893795497,hit the 200,0.013898465427021512,0.008634843893795497,hit the 200,0.013898465427021512,0.004768560108949771
AVGO,2025-06-20 14:00:00-04:00,2025-06-20,regular hours,open at/above the 50,True,True,False,False,-0.005828859866997882,,,,,,,,,,,,,,,,,,,
AVGO,2025-07-01 16:00:00-04:00,2025-07-02,after hours,between 200 and 50,True,False,False,True,,19.0,False,270.421622,2025-07-02 11:00:00-04:00,0.019888860810101928,0.005257057440473504,True,False,-0.018860670488353493,-0.015081552909256592,stopped,-0.0045905885721385445,-0.015081552909256592,stopped,-0.0045905885721385445,-0.004579434110486962,stopped,-0.00348179420579549,-0.00882883099778542
AVGO,2025-07-09 07:00:00-04:00,2025-07-09,pre-market,open at/above the 50,True,False,False,True,,2.0,False,273.743362,2025-07-09 09:00:00-04:00,0.028700743435744143,0.0038114604583544274,True,False,-0.00724029683056282,-0.009503930911756818,stopped,-0.0057473930139762975,-0.009503930911756818,stopped,-0.0057473930139762975,-0.009522196194843374,stopped,-0.00932927635303768,-0.00019905527286778746
AVGO,2025-07-11 11:00:00-04:00,2025-07-11,regular hours,open at/above the 50,True,False,False,True,,3.0,False,274.96265,2025-07-11 14:00:00-04:00,0.001008682451962158,0.004955763991945719,True,False,0.0031106125278173025,0.0031106125278173025,time exit (36h),0.0007672637861633191,0.0031106125278173025,time exit (36h),0.0007672637861633191,0.0031106125278173025,time exit (36h),0.0007672637861633191,0.0007672637861633191
AVGO,2025-07-22 15:00:00-04:00,2025-07-22,regular hours,open at/above the 50,True,False,False,False,-0.045269182001987485,,,,,,,,,,,,,,,,,,,
AVGO,2025-08-01 05:00:00-04:00,2025-08-01,pre-market,below the 200,True,False,False,False,-0.007420051557165741,,,,,,,,,,,,,,,,,,,
AVGO,2025-08-14 13:00:00-04:00,2025-08-14,regular hours,between 200 and 50,False,False,False,False,0.015500327011118475,,,,,,,,,,,,,,,,,,,
AVGO,2025-08-15 09:00:00-04:00,2025-08-15,regular hours,open at/above the 50,True,False,False,False,-0.002370830608240726,,,,,,,,,,,,,,,,,,,
AVGO,2025-09-02 04:00:00-04:00,2025-09-02,pre-market,below the 200,True,False,False,True,,30.0,False,299.865214,2025-09-03 10:00:00-04:00,0.06848005384179039,0.006220174641530713,True,False,-0.06324321639436459,-0.023826658333233715,stopped,-0.01931398096640424,-0.008349436158603174,flat at the close (red),-0.0057082081429423726,-0.014689219670541718,stopped,-0.014012045122964398,-0.05166436627272508
AVGO,2025-09-12 18:00:00-04:00,2025-09-15,after hours,between 200 and 50,True,False,False,False,-0.00035835423733043825,,,,,,,,,,,,,,,,,,,
AVGO,2025-09-17 08:00:00-04:00,2025-09-17,pre-market,between 200 and 50,True,False,False,False,0.03549514590005387,,,,,,,,,,,,,,,,,,,
AVGO,2025-10-06 11:00:00-04:00,2025-10-06,regular hours,below the 200,True,False,False,True,,1.0,False,338.386224,2025-10-06 12:00:00-04:00,0.002523081436081104,0.03488978913042288,True,True,0.0026258488888890597,0.0016532839114633414,hit the 200,0.002337532799558937,0.0016532839114633414,hit the 200,0.002337532799558937,-0.002198009100985058,stopped,-0.0015137602128894624,-0.001769624072971876
AVGO,2025-10-10 16:00:00-04:00,2025-10-13,after hours,open at/above the 50,True,False,False,False,-0.019428186191891572,,,,,,,,,,,,,,,,,,,
AVGO,2025-10-17 12:00:00-04:00,2025-10-17,regular hours,between 200 and 50,True,False,False,False,-0.006743049801422929,,,,,,,,,,,,,,,,,,,
AVGO,2025-10-31 11:00:00-04:00,2025-10-31,regular hours,open at/above the 50,True,False,False,False,0.00493882387241551,,,,,,,,,,,,,,,,,,,
AVGO,2025-11-07 07:00:00-05:00,2025-11-07,pre-market,below the 200,True,True,False,False,0.0007969488245005429,,,,,,,,,,,,,,,,,,,
AVGO,2025-11-12 12:00:00-05:00,2025-11-12,regular hours,open at/above the 50,True,True,False,True,,1.0,True,354.70413400000007,2025-11-12 13:00:00-05:00,0.011547274495537578,0.05791907122232762,False,False,0.0432474529411766,0.0432474529411766,time exit (36h),0.026848404472547438,-0.0018737259757434233,flat at the close (red),-0.002312752507580007,-0.0031459063851788254,stopped,-0.0040683075564819805,0.026848404472547438
AVGO,2025-11-19 06:00:00-05:00,2025-11-19,pre-market,below the 200,False,True,False,True,,3.0,False,342.79161999999997,2025-11-19 09:00:00-05:00,0.09710966679990608,-0.003525115345585268,False,False,-0.017197683419822973,-0.015106495310474805,stopped,-0.00928153699779743,-0.015106495310474805,stopped,-0.00928153699779743,-0.04063220681999187,stopped,-0.038856108353997956,-0.02849660907445084
AVGO,2025-11-21 12:00:00-05:00,2025-11-21,regular hours,below the 200,True,False,False,False,0.001932933079513921,,,,,,,,,,,,,,,,,,,
AVGO,2025-12-02 04:00:00-05:00,2025-12-02,pre-market,between 200 and 50,True,False,False,False,0.025415238597416234,,,,,,,,,,,,,,,,,,,
AVGO,2025-12-11 19:00:00-05:00,2025-12-12,after hours,below the 200,True,False,False,False,0.08693826123477533,,,,,,,,,,,,,,,,,,,
AVGO,2025-12-29 15:00:00-05:00,2025-12-29,regular hours,open at/above the 50,True,True,False,True,,18.0,False,350.15206,2025-12-30 09:00:00-05:00,0.007219549129598155,0.013828449274295298,False,False,0.012731916124367304,0.012731916124367304,time exit (36h),0.005039608432059639,0.012731916124367304,time exit (36h),0.005039608432059639,-0.0035354354333942246,stopped,-0.004292096231089211,0.005039608432059639
AVGO,2026-01-05 11:00:00-05:00,2026-01-05,regular hours,open at/above the 50,True,False,True,True,,24.0,False,346.73644,2026-01-06 11:00:00-05:00,0.008547010518998154,0.031310352035684566,True,True,0.01059818676876323,0.007849838338306825,hit the 200,0.011745472914773958,0.007849838338306825,hit the 200,0.011745472914773958,-0.002923142430602287,stopped,0.000857288957820813,0.012054476345787157
AVGO,2026-01-14 15:00:00-05:00,2026-01-14,regular hours,open at/above the 50,True,False,True,True,,19.0,False,348.815552,2026-01-15 10:00:00-05:00,0.01632509779839164,0.02211928899316967,True,True,-0.00904672727272715,0.008360634963890723,hit the 200,0.009952364992198648,0.008360634963890723,hit the 200,0.009952364992198648,0.008360634963890723,hit the 200,0.009952364992198648,-0.012214121909850939
AVGO,2026-01-20 14:00:00-05:00,2026-01-20,regular hours,open at/above the 50,True,True,True,False,0.011205073995771642,,,,,,,,,,,,,,,,,,,
AVGO,2026-01-29 12:00:00-05:00,2026-01-29,regular hours,open at/above the 50,True,True,True,True,,1.0,True,330.838764,2026-01-29 13:00:00-05:00,0.022250222165622533,0.02429813212577476,False,False,-0.0007733011814138324,-0.0007733011814138324,time exit (36h),0.0015438938539958924,-0.0007733011814138324,time exit (36h),0.0015438938539958924,-0.015086611797400977,stopped,-0.012509404158441787,0.0015438938539958924
AVGO,2026-02-02 15:00:00-05:00,2026-02-02,regular hours,below the 200,False,True,True,False,0.044181646168401034,,,,,,,,,,,,,,,,,,,
AVGO,2026-02-03 13:00:00-05:00,2026-02-03,regular hours,open at/above the 50,True,True,True,False,-0.05492053789731044,,,,,,,,,,,,,,,,,,,
AVGO,2026-02-12 04:00:00-05:00,2026-02-12,pre-market,open at/above the 50,False,False,True,False,0.05847053392829671,,,,,,,,,,,,,,,,,,,
AVGO,2026-02-23 07:00:00-05:00,2026-02-23,pre-market,open at/above the 50,True,False,True,True,,2.0,False,333.31991999999997,2026-02-23 09:00:00-05:00,0.015540865364422363,0.056612038068411814,True,True,0.023709828009827794,0.006567208764480717,hit the 200,-0.00029908854153179714,0.006567208764480717,hit the 200,-0.00029908854153179714,0.006567208764480717,hit the 200,-0.00029908854153179714,0.025156756521035217
AVGO,2026-02-26 13:00:00-05:00,2026-02-26,regular hours,below the 200,True,True,True,False,-0.015270104672505447,,,,,,,,,,,,,,,,,,,
AVGO,2026-03-12 06:00:00-04:00,2026-03-12,pre-market,between 200 and 50,True,False,True,False,0.05532463203560112,,,,,,,,,,,,,,,,,,,
AVGO,2026-03-20 15:00:00-04:00,2026-03-20,regular hours,open at/above the 50,True,True,True,False,-0.007377834557649288,,,,,,,,,,,,,,,,,,,
AVGO,2026-03-26 06:00:00-04:00,2026-03-26,pre-market,below the 200,True,True,True,False,0.05404659080499896,,,,,,,,,,,,,,,,,,,
AVGO,2026-04-21 06:00:00-04:00,2026-04-21,pre-market,open at/above the 50,True,False,False,True,,4.0,True,400.170444,2026-04-21 10:00:00-04:00,0.059548515781940224,0.005648703031151271,True,False,-0.05037863312766966,-0.01561723533984944,stopped,-0.019487237175981616,-0.005169809819763893,flat at the close (red),-0.014542812731075383,-0.008145419155443754,stopped,-0.015472724351169196,-0.050829064556522585
AVGO,2026-04-27 11:00:00-04:00,2026-04-27,regular hours,open at/above the 50,True,False,False,False,0.040317539692461546,,,,,,,,,,,,,,,,,,,
AVGO,2026-05-07 12:00:00-04:00,2026-05-07,regular hours,between 200 and 50,True,False,False,True,,21.0,False,423.666098,2026-05-08 09:00:00-04:00,0.02675196824457742,0.007189855441300787,True,False,-0.012778520330886667,-0.012778520330886667,time exit (36h),-0.009158531715777185,-0.014500818795068593,flat at the close (red),-0.011272611128939736,-0.0012601952398844335,stopped,0.0011023011978471314,-0.009158531715777185
AVGO,2026-05-12 15:00:00-04:00,2026-05-12,regular hours,open at/above the 50,True,False,False,False,0.004261227616585206,,,,,,,,,,,,,,,,,,,
AVGO,2026-05-18 11:00:00-04:00,2026-05-18,regular hours,open at the 200,True,False,False,False,0.014320735940192675,,,,,,,,,,,,,,,,,,,
AVGO,2026-05-22 11:00:00-04:00,2026-05-22,regular hours,open at/above the 50,True,True,False,False,-0.0009200188845982504,,,,,,,,,,,,,,,,,,,
AVGO,2026-06-04 05:00:00-04:00,2026-06-04,pre-market,below the 200,True,False,False,False,0.07916988914668743,,,,,,,,,,,,,,,,,,,
AVGO,2026-06-16 18:00:00-04:00,2026-06-17,after hours,open at/above the 50,True,True,False,True,,15.0,False,386.53009599999996,2026-06-17 09:00:00-04:00,0.06770469950676243,-0.00721781829894052,False,False,-0.06058888834880671,-0.013608006347842221,stopped,-0.015489108829121039,-0.013608006347842221,stopped,-0.015489108829121039,-0.01803198268938945,stopped,-0.021009047277006046,-0.0664126492934608
AVGO,2026-06-23 05:00:00-04:00,2026-06-23,pre-market,below the 200,True,False,False,True,,28.0,False,393.425236,2026-06-24 09:00:00-04:00,0.01363604443513643,0.05267896948023943,True,True,0.037924379369476346,0.00888900782155217,hit the 200,0.01447265436185447,0.00888900782155217,hit the 200,0.01447265436185447,0.00888900782155217,hit the 200,0.01447265436185447,0.03406195272828638
AVGO,2026-06-26 06:00:00-04:00,2026-06-26,pre-market,below the 200,True,True,True,False,0.014160982264665778,,,,,,,,,,,,,,,,,,,
AVGO,2026-07-01 19:00:00-04:00,2026-07-02,after hours,below the 200,True,True,True,True,,15.0,False,372.65373199999993,2026-07-02 10:00:00-04:00,0.0036126513285530877,0.04353567563359309,False,False,0.029430198895027404,-0.0029417872568094023,stopped,-0.0070880569515905595,-0.0029417872568094023,stopped,-0.0070880569515905595,0.029430198895027404,time exit (36h),0.022658264332253042,0.022658264332253042
AVGO,2026-07-08 05:00:00-04:00,2026-07-08,pre-market,open at/above the 50,True,True,True,False,-0.09945067236708005,,,,,,,,,,,,,,,,,,,
AVGO,2026-07-13 13:00:00-04:00,2026-07-13,regular hours,between 200 and 50,True,False,True,True,,20.0,False,395.32768200000004,2026-07-14 09:00:00-04:00,0.009289301425646082,0.021722946282319862,True,False,0.005863475743925761,0.005863475743925761,time exit (36h),0.01087222117245168,0.005863475743925761,time exit (36h),0.01087222117245168,-0.0026871834388767844,stopped,-0.0025806559681052286,0.01087222117245168
AVGO,2026-07-16 11:00:00-04:00,2026-07-16,regular hours,between 200 and 50,True,False,True,False,0.032460336765858466,,,,,,,,,,,,,,,,,,,
AVGO,2026-07-24 13:00:00-04:00,2026-07-24,regular hours,open at the 200,True,False,True,False,0.006319647536438433,,,,,,,,,,,,,,,,,,,
AVGO,2026-08-11 10:00:00-04:00,2026-08-11,regular hours,open at/above the 50,True,False,True,True,,24.0,False,423.103122,2026-08-12 10:00:00-04:00,0.004294172993599492,0.02763657697614427,True,False,0.010974939666913652,0.010974939666913652,time exit (36h),0.018081812642804174,0.010974939666913652,time exit (36h),0.018081812642804174,0.008515942834380657,stopped,0.015393079888652277,0.018081812642804174
AVGO,2026-08-14 09:00:00-04:00,2026-08-14,regular hours,between 200 and 50,True,False,False,False,0.01616446257576909,,,,,,,,,,,,,,,,,,,
AVGO,2026-08-24 14:00:00-04:00,2026-08-24,regular hours,open at/above the 50,True,True,False,False,0.009313122273184815,,,,,,,,,,,,,,,,,,,
AVGO,2026-09-01 08:00:00-04:00,2026-09-01,pre-market,below the 200,True,True,False,True,,3.0,False,369.328318,2026-09-01 11:00:00-04:00,0.02805547664503747,0.07345312199970551,False,False,0.01400643225594611,-0.009264607757480366,stopped,-0.008283304848898583,-0.001059401709401664,flat at the close (red),-0.0035276946485083283,-0.0027121722087932606,stopped,-0.004864685662002254,0.016397432687110136
AVGO,2026-09-02 16:00:00-04:00,2026-09-03,after hours,below the 200,True,False,False,False,-0.02036857419980609,,,,,,,,,,,,,,,,,,,
AVGO,2026-09-10 11:00:00-04:00,2026-09-10,regular hours,below the 200,True,True,True,True,,24.0,False,364.142118,2026-09-11 11:00:00-04:00,0.005651315511928798,0.007794259053548932,True,True,0.006677188419547342,0.001658682064347182,hit the 200,0.0019531095337758306,0.001658682064347182,hit the 200,0.0019531095337758306,0.001658682064347182,hit the 200,0.0019531095337758306,0.00734430855349455
AVGO,2026-09-23 15:00:00-04:00,2026-09-23,regular hours,open at/above the 50,True,False,True,False,0.014298774390766766,,,,,,,,,,,,,,,,,,,
AVGO,2026-10-01 10:00:00-04:00,2026-10-01,regular hours,open at/above the 50,True,False,True,True,,23.0,False,352.43076399999995,2026-10-02 09:00:00-04:00,0.013968803245564638,0.002583951496356715,False,False,-0.007516857223317519,-0.007516857223317519,time exit (36h),-0.00940252474728287,-0.007600698335820777,flat at the close (red),-0.009759731662657645,-0.005701080056677584,stopped,-0.0061442879635999,-0.00940252474728287
AVGO,2026-10-08 15:00:00-04:00,2026-10-08,regular hours,open at/above the 50,True,False,True,False,-0.005028040997872907,,,,,,,,,,,,,,,,,,,
BA,2024-10-03 12:00:00-04:00,2024-10-03,regular hours,below the 200,True,True,True,True,,21.0,False,152.680144,2024-10-04 09:00:00-04:00,0.015194221980822778,0.011986784607696062,False,False,-0.014331533678803243,-0.014211120995536775,stopped,-0.014211120995536775,-0.014211120995536775,stopped,-0.014211120995536775,-0.008087862426956968,stopped,-0.008087862426956968,-0.015379916548227124
BA,2024-10-09 09:00:00-04:00,2024-10-09,regular hours,below the 200,True,False,True,False,0.028289025221540642,,,,,,,,,,,,,,,,,,,
BA,2024-10-23 15:00:00-04:00,2024-10-23,regular hours,open at/above the 50,True,False,True,False,0.012181759587495788,,,,,,,,,,,,,,,,,,,
BA,2024-10-31 17:00:00-04:00,2024-11-01,after hours,open at/above the 50,True,True,True,True,,16.0,False,152.955998,2024-11-01 09:00:00-04:00,0.019901161378450855,0.0035696409891686452,False,False,-0.012422533574380168,-0.009963662882968446,stopped,-0.005376546847211547,-0.009963662882968446,stopped,-0.005376546847211547,-0.0130364420230189,stopped,-0.00981147906651225,-0.013297730493686988
BA,2024-11-05 19:00:00-05:00,2024-11-06,after hours,below the 200,True,True,True,False,0.020758913526993217,,,,,,,,,,,,,,,,,,,
BA,2024-11-11 19:00:00-05:00,2024-11-12,after hours,below the 200,True,True,True,False,0.026152787336545025,,,,,,,,,,,,,,,,,,,
BA,2024-11-21 19:00:00-05:00,2024-11-22,after hours,below the 200,True,True,True,True,,14.0,False,144.79944799999998,2024-11-22 09:00:00-05:00,0.0382567204261719,-0.0041474743743499754,False,False,-0.027538965748824862,-0.011191700123055743,stopped,-0.007196802848985646,-0.011191700123055743,stopped,-0.007196802848985646,-0.01057015079228775,stopped,-0.0065752535182176525,-0.022391845286086953
BA,2024-12-04 09:00:00-05:00,2024-12-04,regular hours,open at/above the 50,True,False,True,True,,1.0,False,155.91108599999998,2024-12-04 10:00:00-05:00,0.027508717372413182,0.001289747927225491,True,False,-0.004335615301104934,-0.004730349963696645,stopped,-0.0039717122132224,-0.004730349963696645,stopped,-0.0039717122132224,-0.01564297999951082,stopped,-0.0148019509757641,-0.003791258466952274
BA,2024-12-06 14:00:00-05:00,2024-12-06,regular hours,open at/above the 50,True,False,True,False,0.004452967561593857,,,,,,,,,,,,,,,,,,,
BA,2024-12-24 09:00:00-05:00,2024-12-24,regular hours,open at/above the 50,False,False,False,False,-0.003295721148475095,,,,,,,,,,,,,,,,,,,
BA,2024-12-30 07:00:00-05:00,2024-12-30,pre-market,open at the 200,True,False,False,True,,26.0,False,178.56942800000002,2024-12-31 09:00:00-05:00,0.004370692165738329,0.015396969295326537,True,False,0.007841900891748521,0.007841900891748521,time exit (36h),0.0018916197286449332,0.007841900891748521,time exit (36h),0.0018916197286449332,0.007841900891748521,time exit (36h),0.0018916197286449332,0.0018916197286449332
BA,2025-01-10 08:00:00-05:00,2025-01-10,pre-market,open at/above the 50,True,True,False,True,,4.0,True,171.93899399999998,2025-01-10 12:00:00-05:00,0.009282396987852663,0.002553196280769095,False,False,-0.00035468604651178737,-0.00035468604651178737,time exit (36h),0.0008297252586397796,-0.00047091035926072333,flat at the close (red),0.001966601483773811,-0.0022735156866163213,stopped,0.0068380821368667095,0.0008297252586397796
BA,2025-01-27 13:00:00-05:00,2025-01-27,regular hours,open at/above the 50,True,False,False,True,,1.0,False,175.84348599999998,2025-01-27 14:00:00-05:00,0.07186228098321484,0.02185742609766042,True,True,-0.011559943788645444,0.02029320835916539,hit the 200,0.027019591097002933,0.02029320835916539,hit the 200,0.027019591097002933,0.02029320835916539,hit the 200,0.027019591097002933,0.0008883263653025608
BA,2025-01-29 16:00:00-05:00,2025-01-30,after hours,between 200 and 50,True,False,False,True,,18.0,False,176.46795600000002,2025-01-30 10:00:00-05:00,0.030102031668570953,0.00412514553067077,True,False,0.002658840909091076,0.002658840909091076,time exit (36h),-0.007291407847127784,-0.016288778638719914,flat at the close (red),-0.016222660750525364,-0.00832754021358974,stopped,-0.008311009921830108,-0.007291407847127784
BA,2025-02-03 11:00:00-05:00,2025-02-03,regular hours,open at the 200,False,False,False,True,,22.0,True,177.02873200000002,2025-02-04 09:00:00-05:00,0.02729086937141929,0.015696502870505898,True,True,-0.025172717415904433,0.01147121982436173,hit the 200,0.016201951255408027,0.01147121982436173,hit the 200,0.016201951255408027,0.01147121982436173,hit the 200,0.016201951255408027,-0.01318409420592992
BA,2025-02-10 11:00:00-05:00,2025-02-10,regular hours,open at/above the 50,True,False,False,False,0.0026881720430107503,,,,,,,,,,,,,,,,,,,
BA,2025-02-18 11:00:00-05:00,2025-02-18,regular hours,open at/above the 50,False,False,False,True,,3.0,True,185.414816,2025-02-18 14:00:00-05:00,0.009789314787012407,0.019334032076487293,True,False,-0.0005130936337662817,-0.007578596092342433,stopped,-0.006791891401615708,-0.007578596092342433,stopped,-0.006791891401615708,-0.0017538188533973856,stopped,0.0010105550731586551,0.00379851832115774
BA,2025-02-19 14:00:00-05:00,2025-02-19,regular hours,open at/above the 50,False,False,False,True,,19.0,True,185.48,2025-02-20 09:00:00-05:00,0.002857450938106541,0.05806555962907042,True,True,0.04672686230248302,0.019486082057364892,hit the 200,0.013278788075311673,0.019486082057364892,hit the 200,0.013278788075311673,0.019486082057364892,hit the 200,0.013278788075311673,0.02860077940230976
BA,2025-02-20 11:00:00-05:00,2025-02-20,regular hours,open at/above the 50,True,False,False,False,0.018679458239277746,,,,,,,,,,,,,,,,,,,
BA,2025-02-25 18:00:00-05:00,2025-02-26,after hours,open at/above the 50,True,True,False,True,,15.0,False,179.12040800000003,2025-02-26 09:00:00-05:00,0.002175028542811073,0.04070115784908224,False,False,0.03001959746981031,0.03001959746981031,time exit (36h),0.010238100094235314,0.03001959746981031,time exit (36h),0.010238100094235314,0.03001959746981031,time exit (36h),0.010238100094235314,0.010238100094235314
BA,2025-03-03 16:00:00-05:00,2025-03-04,after hours,below the 200,True,True,False,False,0.05589562851666363,,,,,,,,,,,,,,,,,,,
BA,2025-03-26 17:00:00-04:00,2025-03-27,after hours,between 200 and 50,True,False,True,True,,17.0,False,180.842108,2025-03-27 10:00:00-04:00,0.0076193095470884625,0.04640571873891233,True,False,0.04623724616719693,0.04623724616719693,time exit (36h),0.020648506656234078,0.04623724616719693,time exit (36h),0.020648506656234078,0.04623724616719693,time exit (36h),0.020648506656234078,0.020648506656234078
BA,2025-04-15 17:00:00-04:00,2025-04-16,after hours,open at the 200,True,False,True,True,,18.0,False,156.751462,2025-04-16 11:00:00-04:00,0.04560428278493506,0.015383346153415762,True,False,-0.03412741388871765,-0.015110787292050929,stopped,-0.021787036488253173,-0.015110787292050929,stopped,-0.021787036488253173,-0.0047753175023018055,stopped,-0.012232777801735754,-0.043935799394314246
BA,2025-05-07 08:00:00-04:00,2025-05-07,pre-market,open at/above the 50,False,False,False,True,,4.0,True,185.537812,2025-05-07 12:00:00-04:00,0.04965127000635319,0.01053161066704832,True,False,-0.03315366336633663,-0.00356901912802543,stopped,-0.001270496240795671,-0.00356901912802543,stopped,-0.001270496240795671,-0.001317187032473933,stopped,0.000981335854755826,-0.025392109637955573
BA,2025-05-16 16:00:00-04:00,2025-05-19,after hours,between 200 and 50,True,False,False,False,0.011469250543800547,,,,,,,,,,,,,,,,,,,
BA,2025-05-22 05:00:00-04:00,2025-05-22,pre-market,between 200 and 50,True,False,False,False,0.005037037037037173,,,,,,,,,,,,,,,,,,,
BA,2025-05-28 04:00:00-04:00,2025-05-28,pre-market,open at/above the 50,True,False,False,True,,10.0,False,202.37034,2025-05-28 14:00:00-04:00,0.04896794658742977,0.009700235716360443,False,False,-0.02706567307692309,-0.012994295507928688,stopped,-0.0109163844186288,-0.012994295507928688,stopped,-0.0109163844186288,-0.0026172807734572514,stopped,0.008928169200561822,-0.029789869642132927
BA,2025-06-05 11:00:00-04:00,2025-06-05,regular hours,open at/above the 50,True,False,False,False,0.0017068188813340601,,,,,,,,,,,,,,,,,,,
BA,2025-06-11 18:00:00-04:00,2025-06-12,after hours,below the 200,True,False,False,False,0.06398171155948718,,,,,,,,,,,,,,,,,,,
BA,2025-06-17 14:00:00-04:00,2025-06-17,regular hours,open at/above the 50,True,True,False,True,,20.0,False,200.637098,2025-06-18 10:00:00-04:00,0.0021077956380728424,0.019124568877087713,False,False,0.01598692525825407,0.01598692525825407,time exit (36h),0.01292308692176758,0.01598692525825407,time exit (36h),0.01292308692176758,0.01598692525825407,time exit (36h),0.01292308692176758,0.01292308692176758
BA,2025-06-25 14:00:00-04:00,2025-06-25,regular hours,open at/above the 50,True,True,False,True,,19.0,False,200.596934,2025-06-26 09:00:00-04:00,0.07085385462571425,0.004178697965543182,False,False,-0.06350637721755359,-0.014521986662069254,stopped,-0.012393275404802707,-0.014521986662069254,stopped,-0.012393275404802707,-0.010769187529057683,stopped,-0.008640476271791136,-0.05639880178107359
BA,2025-07-01 16:00:00-04:00,2025-07-02,after hours,open at/above the 50,False,False,False,True,,17.0,False,210.771344,2025-07-02 09:00:00-04:00,0.03275424385963972,0.003659624621457076,True,False,-0.02239636363636366,-0.005186929016308767,stopped,-0.001922229788846569,-0.005186929016308767,stopped,-0.001922229788846569,-0.006493558251448011,stopped,-0.002372751219835683,-0.00913257585696814
BA,2025-07-16 18:00:00-04:00,2025-07-17,after hours,open at/above the 50,True,False,False,True,,17.0,False,229.854768,2025-07-17 11:00:00-04:00,0.011899827111700359,0.01015757915450332,True,False,0.0037321730427191113,0.0037321730427191113,time exit (36h),0.00705754332461106,-0.004957714285714232,flat at the close (red),-0.001505375039241419,-0.0017194857580678637,stopped,0.0017090492717506832,0.00705754332461106
BA,2025-07-17 10:00:00-04:00,2025-07-17,regular hours,open at/above the 50,False,False,False,True,,1.0,False,229.854768,2025-07-17 11:00:00-04:00,0.011899827111700359,0.01015757915450332,True,False,0.0037321730427191113,0.0037321730427191113,time exit (36h),0.00705754332461106,-0.004957714285714232,flat at the close (red),-0.001505375039241419,-0.0017194857580678637,stopped,0.0017090492717506832,0.00705754332461106
BA,2025-07-21 05:00:00-04:00,2025-07-21,pre-market,open at/above the 50,True,False,False,True,,4.0,False,229.957266,2025-07-21 09:00:00-04:00,0.011057419685968939,0.019165587053030942,True,False,0.002210791022009273,-0.009970261170177575,stopped,-0.005652758784548018,-0.009970261170177575,stopped,-0.005652758784548018,-0.006143463194591992,stopped,-0.002070692125529317,0.005477987418577079
BA,2025-07-22 09:00:00-04:00,2025-07-22,regular hours,between 200 and 50,True,False,False,True,,2.0,True,229.951906,2025-07-22 11:00:00-04:00,0.023126983778947247,0.008884057695090451,True,False,-0.017131535305180412,-0.011080986647703593,stopped,-0.004570580281269741,-0.011080986647703593,stopped,-0.004570580281269741,0.0010084978378044375,stopped,0.006362274784884384,-0.0065597247516474555
BA,2025-07-25 19:00:00-04:00,2025-07-28,after hours,open at/above the 50,False,False,False,False,0.0,,,,,,,,,,,,,,,,,,,
BA,2025-07-29 18:00:00-04:00,2025-07-30,after hours,below the 200,True,False,False,False,0.004469224301960173,,,,,,,,,,,,,,,,,,,
BA,2025-08-12 08:00:00-04:00,2025-08-12,pre-market,open at/above the 50,True,False,False,True,,1.0,False,227.519558,2025-08-12 09:00:00-04:00,0.035514933621662546,-0.006858496094652325,True,False,-0.023101940747101812,-0.00791335046457854,stopped,-0.010564996367864022,-0.00791335046457854,stopped,-0.010564996367864022,-0.012000911148042977,stopped,-0.010680340724131994,-0.014276404080021399
BA,2025-08-19 04:00:00-04:00,2025-08-19,pre-market,between 200 and 50,True,False,False,False,0.02508849557522108,,,,,,,,,,,,,,,,,,,
BA,2025-09-02 06:00:00-04:00,2025-09-02,pre-market,open at the 200,True,False,False,True,,3.0,False,235.06111399999998,2025-09-02 09:00:00-04:00,0.013906536663482492,0.018297428812491637,True,True,0.011885983641842346,-0.012715357079436102,stopped,-0.011133152959439225,-0.012715357079436102,stopped,-0.011133152959439225,-0.007354623529947254,stopped,-0.006868463410759692,0.021273903689092766
BA,2025-09-03 17:00:00-04:00,2025-09-04,after hours,between 200 and 50,True,False,False,False,0.005818534456633939,,,,,,,,,,,,,,,,,,,
BA,2025-09-10 09:00:00-04:00,2025-09-10,regular hours,open at/above the 50,True,True,False,True,,27.0,True,229.204756,2025-09-11 12:00:00-04:00,0.002116640197466021,0.0589200513797367,False,False,0.06113312962962958,0.06113312962962958,time exit (36h),0.061193989272079086,0.06113312962962958,time exit (36h),0.061193989272079086,0.06113312962962958,time exit (36h),0.061193989272079086,0.061193989272079086
BA,2025-09-22 09:00:00-04:00,2025-09-22,regular hours,open at/above the 50,True,True,True,True,,29.0,True,215.19625799999997,2025-09-23 14:00:00-04:00,0.019069764679644382,0.001980787230974814,False,False,-0.0025665909617614835,-0.011774098785676925,stopped,-0.010253564039199749,-0.005194813239645102,flat at the close (red),-0.005194813239645102,-0.005454286291539665,stopped,-0.005454286291539665,-0.004863669742496302
BA,2025-09-25 12:00:00-04:00,2025-09-25,regular hours,open at/above the 50,True,True,True,False,-0.030604420387911557,,,,,,,,,,,,,,,,,,,
BA,2025-09-30 09:00:00-04:00,2025-09-30,regular hours,open at/above the 50,True,False,True,False,0.003912093023255903,,,,,,,,,,,,,,,,,,,
BA,2025-10-09 18:00:00-04:00,2025-10-10,after hours,below the 200,True,False,True,False,0.03504298436120701,,,,,,,,,,,,,,,,,,,
BA,2025-10-16 05:00:00-04:00,2025-10-16,pre-market,open at/above the 50,True,True,True,True,,4.0,False,214.789074,2025-10-16 09:00:00-04:00,0.018580675104544666,0.030676951472866868,False,False,-0.0021413519163763217,-0.005311843748625721,stopped,-0.009340888955114333,-0.005311843748625721,stopped,-0.009340888955114333,0.0011130640658192326,stopped,-0.004200640173101625,-0.006004387029411418
BA,2025-10-23 04:00:00-04:00,2025-10-23,pre-market,open at/above the 50,False,True,True,True,,5.0,False,216.401192,2025-10-23 09:00:00-04:00,0.02467088074080479,-0.0042001062544978806,False,False,-0.023460324909747254,-0.004615538346942178,stopped,-0.0014063915322067915,-0.004615538346942178,stopped,-0.0014063915322067915,-0.011038793168939583,stopped,-0.007465259697837352,-0.009448808594967995
BA,2025-10-29 12:00:00-04:00,2025-10-29,regular hours,between 200 and 50,True,False,True,False,0.06535548020342108,,,,,,,,,,,,,,,,,,,
BA,2025-11-04 16:00:00-05:00,2025-11-05,after hours,below the 200,True,True,True,False,0.0026819147859529213,,,,,,,,,,,,,,,,,,,
BA,2025-11-13 16:00:00-05:00,2025-11-14,after hours,below the 200,True,True,True,True,,17.0,True,195.122798,2025-11-14 09:00:00-05:00,0.009749255440668805,0.006984309439843099,False,False,0.002686526207605233,-0.0055206362918186515,stopped,0.004624549951189879,-0.0055206362918186515,stopped,0.004624549951189879,-0.005263874906098946,stopped,0.004881311336909585,0.014448785987211443
BA,2025-12-05 10:00:00-05:00,2025-12-05,regular hours,open at/above the 50,True,False,True,True,,1.0,True,201.73409600000002,2025-12-05 11:00:00-05:00,0.0060272607561587714,0.001656120639120997,True,False,-0.002106766917293057,-0.005729839540857605,stopped,-0.00642935425252623,-0.005729839540857605,stopped,-0.00642935425252623,-0.004535197659398035,stopped,-0.00523471237106666,-0.003127219706773654
BA,2025-12-10 07:00:00-05:00,2025-12-10,pre-market,between 200 and 50,True,False,True,False,-0.0011443355390816645,,,,,,,,,,,,,,,,,,,
BA,2025-12-29 08:00:00-05:00,2025-12-29,pre-market,between 200 and 50,True,False,False,True,,3.0,False,216.90078000000003,2025-12-29 11:00:00-05:00,0.02295621066922843,0.0012484049158330845,True,False,-0.008453577142856994,-0.008156817140076498,stopped,-0.007647874287088194,-0.0016993602430155352,flat at the close (red),-0.0009869852720920669,-0.001610044924688487,stopped,-0.0021340700196681057,-0.010640644285818346
BA,2026-01-02 06:00:00-05:00,2026-01-02,pre-market,open at/above the 50,False,False,False,True,,4.0,False,218.205916,2026-01-02 10:00:00-05:00,0.043830543989467306,-0.01601278308146323,True,False,-0.038909389935425365,-0.00508274028647324,stopped,-0.012031108117070952,-0.00508274028647324,stopped,-0.012031108117070952,-0.01894579246879815,stopped,-0.026333212127673165,-0.04362423900856904
BA,2026-01-08 18:00:00-05:00,2026-01-09,after hours,between 200 and 50,True,False,False,True,,15.0,False,229.51554800000002,2026-01-09 09:00:00-05:00,0.024483970907277997,-0.005291371371494038,True,False,-0.020667223931138068,-0.015661039225107264,stopped,-0.016702238918531797,-0.015661039225107264,stopped,-0.016702238918531797,-0.01370038774018034,stopped,-0.011308077719860197,-0.017427389810645066
BA,2026-01-20 19:00:00-05:00,2026-01-21,after hours,open at/above the 50,False,False,False,False,-0.011619690353314782,,,,,,,,,,,,,,,,,,,
BA,2026-01-26 12:00:00-05:00,2026-01-26,regular hours,open at/above the 50,True,False,False,True,,1.0,False,251.15656,2026-01-26 13:00:00-05:00,0.032901549535477005,0.049397714318113024,True,True,0.027227715078237402,-0.010405621099444892,stopped,-0.008720737529219888,-0.010405621099444892,stopped,-0.008720737529219888,0.03092434256943171,hit the 200,0.032609226139656715,0.032850527632027005
BA,2026-02-03 16:00:00-05:00,2026-02-04,after hours,open at/above the 50,True,True,False,True,,21.0,True,232.918462,2026-02-04 13:00:00-05:00,0.031816876757497996,0.0052312813228176675,False,False,-0.008857608510638326,-0.025466156478398817,stopped,-0.029947430629527906,-0.012555273868068428,flat at the close (red),-0.008969895217103563,-0.010224771276396313,stopped,-0.006639392625431447,-0.023325415784606673
BA,2026-02-11 09:00:00-05:00,2026-02-11,regular hours,open at/above the 50,True,False,False,True,,24.0,False,241.82065,2026-02-12 09:00:00-05:00,0.01939185094407773,0.01414540073397369,True,True,-0.004443598188554998,0.01227525854388379,hit the 200,-0.0023002551772536226,0.01227525854388379,hit the 200,-0.0023002551772536226,0.01227525854388379,hit the 200,-0.0023002551772536226,-0.024621440934401773
BA,2026-02-19 04:00:00-05:00,2026-02-19,pre-market,open at the 200,True,False,False,False,0.03244151479901758,,,,,,,,,,,,,,,,,,,
BA,2026-02-26 07:00:00-05:00,2026-02-26,pre-market,below the 200,True,True,False,False,0.018351763296826196,,,,,,,,,,,,,,,,,,,
BA,2026-03-03 10:00:00-05:00,2026-03-03,regular hours,below the 200,True,True,False,True,,23.0,False,226.41141,2026-03-04 09:00:00-05:00,0.005607447080516049,0.0365768226963473,False,False,0.020422796106003283,0.020422796106003283,time exit (36h),0.01976323483519482,-0.003777841334096088,flat at the close (red),2.297611551571599e-06,-0.0021579742823032476,stopped,0.0031175325015321232,0.01976323483519482
BA,2026-03-10 11:00:00-04:00,2026-03-10,regular hours,open at/above the 50,True,True,True,False,0.05079812206572765,,,,,,,,,,,,,,,,,,,
BA,2026-03-18 11:00:00-04:00,2026-03-18,regular hours,below the 200,True,True,True,False,0.022054764339062505,,,,,,,,,,,,,,,,,,,
BA,2026-03-24 13:00:00-04:00,2026-03-24,regular hours,below the 200,True,True,True,False,-0.01796475692231725,,,,,,,,,,,,,,,,,,,
BA,2026-03-26 15:00:00-04:00,2026-03-26,regular hours,below the 200,True,True,True,False,0.02308910911932971,,,,,,,,,,,,,,,,,,,
BA,2026-04-13 07:00:00-04:00,2026-04-13,pre-market,between 200 and 50,True,False,True,True,,3.0,False,217.948064,2026-04-13 10:00:00-04:00,0.032814863636503815,0.0019181817554478802,True,False,-0.02597397211297825,-0.011112445577860314,stopped,-0.00730186094624144,-0.011112445577860314,stopped,-0.00730186094624144,-0.0012018276060484757,stopped,-0.0015403217486281684,-0.004537173955765472
BA,2026-04-16 12:00:00-04:00,2026-04-16,regular hours,open at/above the 50,True,False,True,True,,21.0,False,222.090072,2026-04-17 09:00:00-04:00,0.036696498526958096,-0.0035567911383269906,True,False,-0.009410476989508143,-0.011841717985484767,stopped,-0.010825101580224027,-0.011841717985484767,stopped,-0.010825101580224027,-0.03016716568942351,stopped,-0.02612764311313703,-0.004992608540686505
BA,2026-04-21 19:00:00-04:00,2026-04-22,after hours,open at/above the 50,True,False,True,False,-0.04489346456468313,,,,,,,,,,,,,,,,,,,
BA,2026-04-27 14:00:00-04:00,2026-04-27,regular hours,open at/above the 50,True,False,True,False,-0.00023817772388701197,,,,,,,,,,,,,,,,,,,
BA,2026-05-04 16:00:00-04:00,2026-05-05,after hours,below the 200,True,True,False,False,-0.014040700257709093,,,,,,,,,,,,,,,,,,,
BA,2026-05-13 05:00:00-04:00,2026-05-13,pre-market,open at/above the 50,False,False,False,True,,4.0,True,237.834296,2026-05-13 09:00:00-04:00,0.03141054139643513,0.043451664347012406,True,True,0.03455694462569059,-0.004985420605613647,stopped,-0.003347696095239064,-0.004985420605613647,stopped,-0.003347696095239064,-0.01482420348661582,stopped,-0.007543205411168022,0.047974292146561015
BA,2026-05-14 17:00:00-04:00,2026-05-15,after hours,below the 200,True,False,False,False,0.043954070929967726,,,,,,,,,,,,,,,,,,,
BA,2026-05-22 12:00:00-04:00,2026-05-22,regular hours,open at/above the 50,True,True,False,False,0.004167505720823694,,,,,,,,,,,,,,,,,,,
BA,2026-05-26 05:00:00-04:00,2026-05-26,pre-market,open at/above the 50,False,True,False,False,-0.013244147157190578,,,,,,,,,,,,,,,,,,,
BA,2026-06-01 18:00:00-04:00,2026-06-02,after hours,below the 200,True,False,False,False,0.03360733539142058,,,,,,,,,,,,,,,,,,,
BA,2026-06-09 12:00:00-04:00,2026-06-09,regular hours,open at/above the 50,True,True,False,False,0.023469144112007623,,,,,,,,,,,,,,,,,,,
BA,2026-06-18 10:00:00-04:00,2026-06-18,regular hours,open at/above the 50,True,False,True,False,0.010230890683498473,,,,,,,,,,,,,,,,,,,
BA,2026-06-26 14:00:00-04:00,2026-06-26,regular hours,below the 200,False,True,True,False,0.003427436502773329,,,,,,,,,,,,,,,,,,,
BA,2026-07-08 12:00:00-04:00,2026-07-08,regular hours,between 200 and 50,True,False,True,False,0.003435199643096132,,,,,,,,,,,,,,,,,,,
BA,2026-07-16 16:00:00-04:00,2026-07-17,after hours,below the 200,True,True,True,False,0.0028500826645332378,,,,,,,,,,,,,,,,,,,
BA,2026-07-30 10:00:00-04:00,2026-07-30,regular hours,open at/above the 50,False,False,True,False,0.012129331962200895,,,,,,,,,,,,,,,,,,,
BA,2026-08-06 19:00:00-04:00,2026-08-07,after hours,between 200 and 50,True,False,True,False,-0.00928211353149111,,,,,,,,,,,,,,,,,,,
BA,2026-08-12 12:00:00-04:00,2026-08-12,regular hours,open at/above the 50,True,False,False,True,,21.0,False,233.03787,2026-08-13 09:00:00-04:00,0.002326360089027652,0.02084583934791367,True,False,0.006425696393867364,0.006425696393867364,time exit (36h),0.008569740929376013,0.006425696393867364,time exit (36h),0.008569740929376013,0.00020541725686039344,stopped,0.0032872721890127993,0.008569740929376013
BA,2026-08-27 15:00:00-04:00,2026-08-27,regular hours,open at/above the 50,True,True,False,False,0.0003336192927270165,,,,,,,,,,,,,,,,,,,
BA,2026-09-09 13:00:00-04:00,2026-09-09,regular hours,open at/above the 50,True,False,True,False,0.015163334958556929,,,,,,,,,,,,,,,,,,,
BA,2026-09-16 13:00:00-04:00,2026-09-16,regular hours,open at/above the 50,True,False,True,False,0.05224355582470808,,,,,,,,,,,,,,,,,,,
BA,2026-09-23 08:00:00-04:00,2026-09-23,pre-market,below the 200,True,True,True,True,,1.0,False,199.349556,2026-09-23 09:00:00-04:00,0.02365414849481777,0.024828527834794882,False,False,0.011413272450532697,-0.01996364616934478,stopped,-0.02327430258812337,-0.01996364616934478,stopped,-0.02327430258812337,-0.01249284949498456,stopped,-0.01580350591376315,0.002417319976319332
BA,2026-09-24 09:00:00-04:00,2026-09-24,regular hours,below the 200,True,True,True,True,,24.0,False,198.73862799999998,2026-09-25 09:00:00-04:00,0.013391317162560007,0.009754661283059508,False,False,0.0015346555859097055,0.0015346555859097055,time exit (36h),0.004915309438041748,0.0015346555859097055,time exit (36h),0.004915309438041748,-0.005591625599830618,stopped,-0.004280686396258448,0.004915309438041748
BA,2026-09-24 13:00:00-04:00,2026-09-24,regular hours,below the 200,True,True,True,True,,20.0,False,198.73862799999998,2026-09-25 09:00:00-04:00,0.013391317162560007,0.009754661283059508,False,False,0.0015346555859097055,0.0015346555859097055,time exit (36h),0.004915309438041748,0.0015346555859097055,time exit (36h),0.004915309438041748,-0.005591625599830618,stopped,-0.004280686396258448,0.004915309438041748
BA,2026-10-01 08:00:00-04:00,2026-10-01,pre-market,below the 200,True,True,True,True,,1.0,False,187.945152,2026-10-01 09:00:00-04:00,0.04780569173712977,0.01269068116212971,False,False,-0.030210773993808115,-0.02684212892067576,stopped,-0.02764052688934186,-0.02684212892067576,stopped,-0.02764052688934186,-0.0003450368328733671,stopped,-0.005214046669456039,-0.02343032040484383
BA,2026-10-06 14:00:00-04:00,2026-10-06,regular hours,open at/above the 50,True,True,True,False,0.008229360233607652,,,,,,,,,,,,,,,,,,,
COIN,2024-10-01 06:00:00-04:00,2024-10-01,pre-market,between 200 and 50,True,False,True,False,0.09300356775715057,,,,,,,,,,,,,,,,,,,
COIN,2024-10-08 15:00:00-04:00,2024-10-08,regular hours,below the 200,True,True,True,True,,18.0,True,168.64477000000002,2024-10-09 09:00:00-04:00,0.022800766368266185,0.04017183574681869,False,False,0.02207712633786274,0.02207712633786274,time exit (36h),0.02871755493158279,0.02207712633786274,time exit (36h),0.02871755493158279,0.02207712633786274,time exit (36h),0.02871755493158279,0.02871755493158279
COIN,2024-10-22 12:00:00-04:00,2024-10-22,regular hours,between 200 and 50,True,False,False,False,0.044807224730809336,,,,,,,,,,,,,,,,,,,
COIN,2024-10-30 18:00:00-04:00,2024-10-31,after hours,below the 200,True,False,False,False,0.12303330182909877,,,,,,,,,,,,,,,,,,,
COIN,2024-11-13 16:00:00-05:00,2024-11-14,after hours,between 200 and 50,True,False,False,False,0.003604240282685467,,,,,,,,,,,,,,,,,,,
COIN,2024-11-21 11:00:00-05:00,2024-11-21,regular hours,open at/above the 50,True,False,False,False,0.00217524651254819,,,,,,,,,,,,,,,,,,,
COIN,2024-11-26 16:00:00-05:00,2024-11-27,after hours,open at/above the 50,True,True,False,True,,17.0,False,303.280324,2024-11-27 09:00:00-05:00,0.036301979155100125,0.026115522087084005,False,False,-0.023566245975531253,-0.01951849668955117,stopped,-0.022674493082698068,-0.01951849668955117,stopped,-0.022674493082698068,-0.018759462944915546,stopped,-0.021915459338062444,-0.025818498227783593
COIN,2024-12-02 12:00:00-05:00,2024-12-02,regular hours,open at/above the 50,False,True,False,True,,1.0,False,303.04704999999996,2024-12-02 13:00:00-05:00,0.03756165915490698,0.03384639447900891,False,False,-0.022428870967742043,-0.022428870967742043,time exit (36h),-0.021402538361497747,-0.022428870967742043,time exit (36h),-0.021402538361497747,-0.008780979719155972,stopped,-0.00864845259250984,-0.021402538361497747
COIN,2024-12-09 17:00:00-05:00,2024-12-10,after hours,between 200 and 50,True,False,False,False,0.013387397824547786,,,,,,,,,,,,,,,,,,,
COIN,2024-12-13 17:00:00-05:00,2024-12-16,after hours,open at/above the 50,True,True,False,False,-0.004394265003047182,,,,,,,,,,,,,,,,,,,
COIN,2024-12-17 18:00:00-05:00,2024-12-18,after hours,below the 200,True,True,False,False,0.07881279800981278,,,,,,,,,,,,,,,,,,,
COIN,2024-12-27 14:00:00-05:00,2024-12-27,regular hours,open at/above the 50,True,True,False,False,0.008442978322337424,,,,,,,,,,,,,,,,,,,
COIN,2025-01-08 05:00:00-05:00,2025-01-08,pre-market,below the 200,True,False,False,False,0.0175492374894628,,,,,,,,,,,,,,,,,,,
COIN,2025-01-22 19:00:00-05:00,2025-01-23,after hours,between 200 and 50,True,False,True,True,,14.0,False,293.529628,2025-01-23 09:00:00-05:00,0.058198118249241974,0.01461395236054329,True,False,-0.0117180296959698,-0.017954821242099545,stopped,-0.01743207881225614,-0.017954821242099545,stopped,-0.01743207881225614,-0.021736722263689248,stopped,-0.019528406084191454,-0.00911551772046404
COIN,2025-01-27 11:00:00-05:00,2025-01-27,regular hours,between 200 and 50,True,False,True,False,-0.01315882811945801,,,,,,,,,,,,,,,,,,,
COIN,2025-02-03 07:00:00-05:00,2025-02-03,pre-market,below the 200,True,False,True,False,-0.022285222134500904,,,,,,,,,,,,,,,,,,,
COIN,2025-02-11 17:00:00-05:00,2025-02-12,after hours,below the 200,True,True,True,False,-0.05236248236953467,,,,,,,,,,,,,,,,,,,
COIN,2025-02-18 06:00:00-05:00,2025-02-18,pre-market,below the 200,True,True,True,False,0.05101649405446884,,,,,,,,,,,,,,,,,,,
COIN,2025-03-04 09:00:00-05:00,2025-03-04,regular hours,below the 200,True,True,True,True,,4.0,False,211.746364,2025-03-04 13:00:00-05:00,0.05409129953230266,0.017692695776348726,False,False,-0.04554264593193602,-0.04554264593193602,time exit (36h),-0.03625238987419421,-0.0020907488571563215,flat at the close (red),-0.0014389555588395497,-0.010406960281972015,stopped,0.0005659505588384087,-0.03625238987419421
COIN,2025-03-07 12:00:00-05:00,2025-03-07,regular hours,open at/above the 50,True,True,True,True,,1.0,False,216.331046,2025-03-07 13:00:00-05:00,0.02292298813180983,0.024643000154494638,False,False,0.01826804424570483,0.01826804424570483,time exit (36h),0.026141580463971636,-0.003863121057236296,flat at the close (red),0.005974510270366551,-0.014417505289555169,stopped,-0.005744470109735403,0.026141580463971636
COIN,2025-03-13 15:00:00-04:00,2025-03-13,regular hours,below the 200,True,True,True,False,-0.02552140504939615,,,,,,,,,,,,,,,,,,,
COIN,2025-03-19 04:00:00-04:00,2025-03-19,pre-market,open at/above the 50,True,True,True,True,,10.0,False,184.352038,2025-03-19 14:00:00-04:00,0.053907524472281663,-0.005684569649292473,False,False,-0.023869331780154712,-0.011597170409366541,stopped,-0.0026750410648877614,-0.011597170409366541,stopped,-0.0026750410648877614,-0.036603674541422763,stopped,-0.029848943584296676,-0.019449872014916436
COIN,2025-03-26 18:00:00-04:00,2025-03-27,after hours,between 200 and 50,True,False,True,False,0.039314026856495765,,,,,,,,,,,,,,,,,,,
COIN,2025-04-03 14:00:00-04:00,2025-04-03,regular hours,below the 200,True,True,True,False,0.08539682539682536,,,,,,,,,,,,,,,,,,,
COIN,2025-04-16 05:00:00-04:00,2025-04-16,pre-market,between 200 and 50,True,False,True,True,,28.0,False,174.20392,2025-04-17 09:00:00-04:00,0.018920814181448895,0.016669659327987564,True,False,-0.004549028571428471,-0.004549028571428471,time exit (36h),-0.007831138228040047,-0.00465709437261097,flat at the close (red),-0.009292440788766454,-0.012376759374875161,stopped,-0.010337735803913855,-0.007831138228040047
COIN,2025-04-29 09:00:00-04:00,2025-04-29,regular hours,open at/above the 50,False,False,True,True,,1.0,True,205.514738,2025-04-29 10:00:00-04:00,0.009173366437593452,0.048486731885865934,True,False,0.0053553370511691956,0.0053553370511691956,time exit (36h),0.020836890516929052,-0.003468273287106638,flat at the close (red),0.002883912081211859,-0.006643134274876196,stopped,4.96299630326812e-05,0.020836890516929052
COIN,2025-05-02 10:00:00-04:00,2025-05-02,regular hours,open at/above the 50,False,False,True,False,0.005140889470876431,,,,,,,,,,,,,,,,,,,
COIN,2025-05-05 12:00:00-04:00,2025-05-05,regular hours,between 200 and 50,True,False,True,False,0.002850500000000089,,,,,,,,,,,,,,,,,,,
COIN,2025-05-16 05:00:00-04:00,2025-05-16,pre-market,between 200 and 50,True,False,False,True,,4.0,False,252.919356,2025-05-16 09:00:00-04:00,0.06931317664750022,-0.014275870605964929,True,False,-0.02910073355058207,-0.019494925489214155,stopped,-0.01934273393077256,-0.019494925489214155,stopped,-0.01934273393077256,-0.02684904827924671,stopped,-0.02822086008698975,-0.034234605203790625
COIN,2025-05-21 10:00:00-04:00,2025-05-21,regular hours,between 200 and 50,False,False,False,False,-0.032346049644870645,,,,,,,,,,,,,,,,,,,
COIN,2025-05-27 08:00:00-04:00,2025-05-27,pre-market,open at/above the 50,False,False,False,True,,25.0,True,266.69718,2025-05-28 09:00:00-04:00,0.0007604879811626588,0.07573075950784333,True,True,0.08062066450567262,0.04181469410362729,hit the 200,0.04152851144873185,0.04181469410362729,hit the 200,0.04152851144873185,0.04181469410362729,hit the 200,0.04152851144873185,0.07500937390883533
COIN,2025-05-28 09:00:00-04:00,2025-05-28,regular hours,between 200 and 50,True,False,False,False,0.04505672609400335,,,,,,,,,,,,,,,,,,,
COIN,2025-06-05 16:00:00-04:00,2025-06-06,after hours,below the 200,True,True,False,True,,17.0,False,254.24677,2025-06-06 09:00:00-04:00,0.007564422549006298,0.01756864010504439,False,False,0.01100154644443041,0.01100154644443041,time exit (36h),0.01431970628302448,0.01100154644443041,time exit (36h),0.01431970628302448,0.01100154644443041,time exit (36h),0.01431970628302448,0.01431970628302448
COIN,2025-06-11 14:00:00-04:00,2025-06-11,regular hours,open at/above the 50,True,False,False,False,0.04397617956939981,,,,,,,,,,,,,,,,,,,
COIN,2025-06-30 06:00:00-04:00,2025-06-30,pre-market,between 200 and 50,True,False,False,False,0.06421580329434229,,,,,,,,,,,,,,,,,,,
COIN,2025-07-09 09:00:00-04:00,2025-07-09,regular hours,open at/above the 50,False,False,False,False,-0.09453702069730507,,,,,,,,,,,,,,,,,,,
COIN,2025-07-15 17:00:00-04:00,2025-07-16,after hours,open at/above the 50,True,False,False,False,-0.036108549926487155,,,,,,,,,,,,,,,,,,,
COIN,2025-07-22 12:00:00-04:00,2025-07-22,regular hours,open at/above the 50,True,False,False,False,0.006909673542960126,,,,,,,,,,,,,,,,,,,
COIN,2025-08-01 04:00:00-04:00,2025-08-01,pre-market,below the 200,True,True,False,False,0.06372814420841433,,,,,,,,,,,,,,,,,,,
COIN,2025-08-15 06:00:00-04:00,2025-08-15,pre-market,below the 200,False,True,False,True,,3.0,True,324.643356,2025-08-15 09:00:00-04:00,0.0006352940732907731,0.031059794736720197,False,False,0.02153353052234097,0.02153353052234097,time exit (36h),0.01702409734033794,0.02153353052234097,time exit (36h),0.01702409734033794,0.02153353052234097,time exit (36h),0.01702409734033794,0.01702409734033794
COIN,2025-08-26 10:00:00-04:00,2025-08-26,regular hours,below the 200,True,True,True,True,,23.0,True,310.043818,2025-08-27 09:00:00-04:00,0.019049507382856448,0.013042730624611221,False,False,0.003540436963910043,-0.01788838118359124,stopped,-0.016835651827923438,-0.01788838118359124,stopped,-0.016835651827923438,-0.003084022142960491,stopped,-0.00033303302327707986,0.008766676075911861
COIN,2025-08-29 11:00:00-04:00,2025-08-29,regular hours,below the 200,True,True,True,True,,1.0,False,308.005466,2025-08-29 12:00:00-04:00,0.0006965265999533094,0.013686335034067194,False,False,0.012210279667422608,0.012210279667422608,time exit (36h),0.014008868705332689,0.012210279667422608,time exit (36h),0.014008868705332689,0.012210279667422608,time exit (36h),0.014008868705332689,0.014008868705332689
COIN,2025-09-05 19:00:00-04:00,2025-09-08,after hours,below the 200,True,True,True,False,0.0,,,,,,,,,,,,,,,,,,,
COIN,2025-09-17 13:00:00-04:00,2025-09-17,regular hours,open at/above the 50,True,False,True,True,,1.0,True,325.122058,2025-09-17 14:00:00-04:00,0.08233197761069784,0.02548414601878537,True,False,-0.05487773837209309,-0.02607618213341908,stopped,-0.021383754896217657,-0.02607618213341908,stopped,-0.021383754896217657,-0.006698844161474981,stopped,1.6809636031512622e-05,-0.049225125357516886
COIN,2025-09-22 16:00:00-04:00,2025-09-23,after hours,between 200 and 50,True,False,True,False,0.0232028557360906,,,,,,,,,,,,,,,,,,,
COIN,2025-10-07 18:00:00-04:00,2025-10-08,after hours,between 200 and 50,True,False,False,True,,15.0,False,380.46818999999994,2025-10-08 09:00:00-04:00,0.03071691749052671,0.0024133160777512694,True,False,-0.01586086394205921,-0.019796162196897633,stopped,-0.01591592908557506,-0.019796162196897633,stopped,-0.01591592908557506,-0.002685664733233213,stopped,-0.00011034021257109831,-0.012988669168560674
COIN,2025-10-10 15:00:00-04:00,2025-10-10,regular hours,open at/above the 50,True,False,False,False,0.023301805674978526,,,,,,,,,,,,,,,,,,,
COIN,2025-10-22 07:00:00-04:00,2025-10-22,pre-market,below the 200,True,True,False,False,0.02097880096372995,,,,,,,,,,,,,,,,,,,
COIN,2025-10-29 09:00:00-04:00,2025-10-29,regular hours,open at/above the 50,True,False,False,False,0.03312668938770713,,,,,,,,,,,,,,,,,,,
COIN,2025-11-03 11:00:00-05:00,2025-11-03,regular hours,open at the 200,True,False,False,False,0.07561507806885737,,,,,,,,,,,,,,,,,,,
COIN,2025-11-12 08:00:00-05:00,2025-11-12,pre-market,open at/above the 50,False,True,True,True,,1.0,False,310.79927599999996,2025-11-12 09:00:00-05:00,0.0022545869765798186,0.09964397729163302,False,False,0.09363199268095279,0.09363199268095279,time exit (36h),0.07485411578532397,0.09363199268095279,time exit (36h),0.07485411578532397,0.09363199268095279,time exit (36h),0.07485411578532397,0.07485411578532397
COIN,2025-12-01 19:00:00-05:00,2025-12-02,after hours,open at/above the 50,True,True,True,False,-0.030052005943536297,,,,,,,,,,,,,,,,,,,
COIN,2025-12-05 15:00:00-05:00,2025-12-05,regular hours,between 200 and 50,True,False,True,False,0.0004820528033224747,,,,,,,,,,,,,,,,,,,
COIN,2025-12-10 19:00:00-05:00,2025-12-11,after hours,open at the 200,True,False,True,False,0.00545168456127354,,,,,,,,,,,,,,,,,,,
COIN,2025-12-23 15:00:00-05:00,2025-12-23,regular hours,below the 200,True,True,True,False,0.01201947967360173,,,,,,,,,,,,,,,,,,,
COIN,2026-01-07 13:00:00-05:00,2026-01-07,regular hours,open at/above the 50,True,False,True,True,,23.0,False,250.25294199999996,2026-01-08 12:00:00-05:00,0.0005077183068642352,0.05235879304867456,True,True,0.03804936950389881,0.033396030964542904,hit the 200,0.035724269167895055,0.033396030964542904,hit the 200,0.035724269167895055,0.033396030964542904,hit the 200,0.035724269167895055,0.04464423184694688
COIN,2026-01-15 15:00:00-05:00,2026-01-15,regular hours,open at/above the 50,True,False,True,False,-0.007795977607298332,,,,,,,,,,,,,,,,,,,
COIN,2026-02-11 06:00:00-05:00,2026-02-11,pre-market,below the 200,True,True,True,False,0.09685094471658506,,,,,,,,,,,,,,,,,,,
COIN,2026-02-19 12:00:00-05:00,2026-02-19,regular hours,below the 200,True,False,True,True,,21.0,True,166.04411,2026-02-20 09:00:00-05:00,0.05721907269098554,-0.007684042511354387,True,False,-0.029492606230638874,-0.04719161673364991,stopped,-0.03929118540495413,-0.04719161673364991,stopped,-0.03929118540495413,-0.026534455211931336,stopped,-0.01825955429298178,-0.020124720965481235
COIN,2026-02-23 17:00:00-05:00,2026-02-24,after hours,below the 200,True,False,True,False,-0.028735632183908066,,,,,,,,,,,,,,,,,,,
COIN,2026-02-27 18:00:00-05:00,2026-03-02,after hours,between 200 and 50,True,False,True,False,-0.0012406079832356642,,,,,,,,,,,,,,,,,,,
COIN,2026-03-06 15:00:00-05:00,2026-03-06,regular hours,between 200 and 50,True,False,True,False,0.006743295019157047,,,,,,,,,,,,,,,,,,,
COIN,2026-03-11 10:00:00-04:00,2026-03-11,regular hours,open at/above the 50,True,False,True,True,,3.0,False,197.45145,2026-03-11 13:00:00-04:00,0.00779204204375311,0.025279378804257888,True,False,0.02579375696477415,0.02579375696477415,time exit (36h),0.011074635610795136,-0.0054827742520399125,flat at the close (red),-0.005394062786082898,-0.006475262653173708,stopped,-0.006386551187216693,0.011074635610795136
COIN,2026-03-19 06:00:00-04:00,2026-03-19,pre-market,below the 200,True,False,True,False,-0.0021590359709205975,,,,,,,,,,,,,,,,,,,
COIN,2026-03-24 11:00:00-04:00,2026-03-24,regular hours,open at/above the 50,True,True,True,False,0.012734262108218042,,,,,,,,,,,,,,,,,,,
COIN,2026-04-02 18:00:00-04:00,2026-04-06,after hours,open at/above the 50,False,True,False,False,0.00022740524781328375,,,,,,,,,,,,,,,,,,,
COIN,2026-04-09 12:00:00-04:00,2026-04-09,regular hours,open at/above the 50,True,True,False,False,0.02526503399170843,,,,,,,,,,,,,,,,,,,
COIN,2026-04-22 04:00:00-04:00,2026-04-22,pre-market,between 200 and 50,True,False,True,True,,5.0,False,205.96039199999998,2026-04-22 09:00:00-04:00,0.029178464566138596,0.05850829804208175,True,False,0.02784904681105904,-0.025585540738337718,stopped,-0.02269837945164974,-0.025585540738337718,stopped,-0.02269837945164974,-0.023254995552737225,stopped,-0.020367834266049246,0.03003356072147978
COIN,2026-05-06 11:00:00-04:00,2026-05-06,regular hours,below the 200,True,False,False,False,0.06367591082109847,,,,,,,,,,,,,,,,,,,
COIN,2026-05-13 12:00:00-04:00,2026-05-13,regular hours,open at/above the 50,True,False,False,True,,22.0,False,206.80898000000002,2026-05-14 10:00:00-04:00,0.07515640761827645,0.07015643131163843,True,True,0.063391856767131,-0.056336625227782586,stopped,-0.05179146851414883,-0.056336625227782586,stopped,-0.05179146851414883,-0.04120236945223554,stopped,-0.036657212738601785,0.05377621133897037
COIN,2026-05-15 17:00:00-04:00,2026-05-18,after hours,below the 200,True,False,False,False,0.0026712189653974594,,,,,,,,,,,,,,,,,,,
COIN,2026-05-21 16:00:00-04:00,2026-05-22,after hours,open at/above the 50,False,True,False,True,,18.0,True,192.87855199999998,2026-05-22 10:00:00-04:00,0.004569963797737377,0.04499490435826165,False,False,0.04660346193499376,0.04660346193499376,time exit (36h),0.041480635102675745,0.04660346193499376,time exit (36h),0.041480635102675745,0.04660346193499376,time exit (36h),0.041480635102675745,0.041480635102675745
COIN,2026-06-02 07:00:00-04:00,2026-06-02,pre-market,below the 200,True,True,False,False,0.10745584133870456,,,,,,,,,,,,,,,,,,,
COIN,2026-06-10 06:00:00-04:00,2026-06-10,pre-market,below the 200,True,True,True,True,,3.0,False,156.72080599999998,2026-06-10 09:00:00-04:00,0.03202634116110931,0.03178139601961959,False,False,-0.026578844720496986,-0.026578844720496986,time exit (36h),-0.017735333063656933,-0.026578844720496986,time exit (36h),-0.017735333063656933,-0.011735480737637482,stopped,-0.014650602315065386,-0.017735333063656933
COIN,2026-06-17 18:00:00-04:00,2026-06-18,after hours,between 200 and 50,True,False,True,True,,15.0,False,169.32025599999997,2026-06-18 09:00:00-04:00,0.0028800098199710813,0.05185591025801415,True,True,0.03750156862745091,0.03438211491955199,hit the 200,0.03452965258822369,0.03438211491955199,hit the 200,0.03452965258822369,0.03438211491955199,hit the 200,0.03452965258822369,0.03857260512301963
COIN,2026-07-01 04:00:00-04:00,2026-07-01,pre-market,open at/above the 50,True,True,True,True,,5.0,False,147.886482,2026-07-01 09:00:00-04:00,0.1704247586334497,-0.03457731856789993,False,False,-0.10750463488231743,-0.0065828734772392025,stopped,-0.0056705381671792385,-0.0065828734772392025,stopped,-0.0056705381671792385,-0.03931067884892946,stopped,-0.03623153137115275,-0.10609644690149211
COIN,2026-07-08 04:00:00-04:00,2026-07-08,pre-market,between 200 and 50,True,False,True,False,-0.009261009261009256,,,,,,,,,,,,,,,,,,,
COIN,2026-07-13 10:00:00-04:00,2026-07-13,regular hours,open at the 200,True,False,True,True,,26.0,False,158.990834,2026-07-14 12:00:00-04:00,0.05980952335906353,-0.0026364161345300567,True,False,-0.04446881423162441,-0.05653889456294055,stopped,-0.05360470796991619,-0.015719470067479646,flat at the close (red),-0.0145623243602242,-0.01920969859180675,stopped,-0.01748825364148941,-0.03956607399735301
COIN,2026-07-17 06:00:00-04:00,2026-07-17,pre-market,below the 200,True,False,True,False,-0.009068207026618924,,,,,,,,,,,,,,,,,,,
COIN,2026-07-23 09:00:00-04:00,2026-07-23,regular hours,open at the 200,True,False,True,False,0.030799517368387486,,,,,,,,,,,,,,,,,,,
COIN,2026-07-30 05:00:00-04:00,2026-07-30,pre-market,below the 200,True,False,True,True,,4.0,False,164.569034,2026-07-30 09:00:00-04:00,0.001281930110861642,0.15470124227623513,True,True,0.129497539826398,0.005702758758369954,hit the 200,0.00821556046435862,0.005702758758369954,hit the 200,0.00821556046435862,0.005702758758369954,hit the 200,0.00821556046435862,0.14269291741306833
COIN,2026-08-06 13:00:00-04:00,2026-08-06,regular hours,below the 200,True,True,True,True,,21.0,False,149.50178,2026-08-07 10:00:00-04:00,0.039451837964738654,-0.006676977357727804,False,False,-0.029587303647929386,-0.030021181018714378,stopped,-0.027640863246227117,-0.030021181018714378,stopped,-0.027640863246227117,-0.0255396290264905,stopped,-0.02434177679225709,-0.026568457680578472
COIN,2026-08-11 10:00:00-04:00,2026-08-11,regular hours,open at/above the 50,False,True,True,True,,24.0,True,150.417886,2026-08-12 10:00:00-04:00,0.026606636394291415,0.023121492346993976,False,False,-0.01905579695826065,-0.02122163849583688,stopped,-0.014523258449552566,-0.02122163849583688,stopped,-0.014523258449552566,0.00610223972965562,stopped,0.012557918025973832,-0.01194892398237013
COIN,2026-08-13 12:00:00-04:00,2026-08-13,regular hours,open at/above the 50,True,True,True,True,,1.0,True,148.99681999999999,2026-08-13 13:00:00-04:00,0.036397958023533676,0.007629827267454244,False,False,0.0007846587855990794,-0.016867339853293552,stopped,-0.015453094546016701,-0.016867339853293552,stopped,-0.015453094546016701,-0.0039811587925166324,stopped,-0.002643950985280292,-0.00010450501383663102
COIN,2026-08-17 08:00:00-04:00,2026-08-17,pre-market,below the 200,True,True,True,True,,1.0,False,149.96312799999998,2026-08-17 09:00:00-04:00,0.014916146587713251,0.02629398341170887,False,False,0.022243544648943292,0.022243544648943292,time exit (36h),0.010314570931796663,-0.004030497443049841,flat at the close (red),-0.008573128286348597,-0.005047053966492454,stopped,-0.006194996698338384,0.010314570931796663
COIN,2026-08-25 13:00:00-04:00,2026-08-25,regular hours,between 200 and 50,False,False,True,True,,20.0,True,184.940976,2026-08-26 09:00:00-04:00,0.04795597055787137,0.02978937452995814,True,False,-0.03248246926497511,-0.037296894118261724,stopped,-0.029982464507477623,-0.037296894118261724,stopped,-0.029982464507477623,0.0018437017440635327,stopped,0.00837795134460392,-0.02593531415975303
COIN,2026-08-26 18:00:00-04:00,2026-08-27,after hours,open at/above the 50,True,False,True,False,-0.025916622411046197,,,,,,,,,,,,,,,,,,,
COIN,2026-08-28 17:00:00-04:00,2026-08-31,after hours,between 200 and 50,True,False,False,False,-0.0019624334174376257,,,,,,,,,,,,,,,,,,,
COIN,2026-09-08 11:00:00-04:00,2026-09-08,regular hours,below the 200,True,False,False,False,0.040932494279176224,,,,,,,,,,,,,,,,,,,
COIN,2026-09-16 04:00:00-04:00,2026-09-16,pre-market,below the 200,True,True,False,False,-0.012212685062503614,,,,,,,,,,,,,,,,,,,
COIN,2026-09-23 13:00:00-04:00,2026-09-23,regular hours,open at/above the 50,True,False,False,True,,20.0,True,199.67942599999998,2026-09-24 09:00:00-04:00,0.015503720448395292,0.03555411863012851,True,False,0.023839017669580187,0.023839017669580187,time exit (36h),0.034097553496739375,0.023839017669580187,time exit (36h),0.034097553496739375,0.0039033866213135674,stopped,0.006943376183581265,0.034097553496739375
COIN,2026-10-02 17:00:00-04:00,2026-10-05,after hours,below the 200,True,True,False,False,-0.0006471552452314011,,,,,,,,,,,,,,,,,,,
COIN,2026-10-07 08:00:00-04:00,2026-10-07,pre-market,below the 200,True,True,False,False,0.03950103950103956,,,,,,,,,,,,,,,,,,,
COST,2024-10-11 16:00:00-04:00,2024-10-14,after hours,open at/above the 50,True,False,False,False,0.00055180180180181,,,,,,,,,,,,,,,,,,,
COST,2024-10-28 09:00:00-04:00,2024-10-28,regular hours,open at/above the 50,True,False,True,False,0.005856021906231801,,,,,,,,,,,,,,,,,,,
COST,2024-11-13 13:00:00-05:00,2024-11-13,regular hours,open at/above the 50,True,False,False,True,,1.0,False,933.7132839999999,2024-11-13 14:00:00-05:00,0.004151826975613654,0.01236116503618245,True,False,0.011300238280911534,0.011300238280911534,time exit (36h),-0.0004916965762506997,0.011300238280911534,time exit (36h),-0.0004916965762506997,-0.0024758306855148554,stopped,-0.005389573840730386,-0.0004916965762506997
COST,2024-12-10 12:00:00-05:00,2024-12-10,regular hours,open at/above the 50,False,False,False,False,-0.0014579290091288888,,,,,,,,,,,,,,,,,,,
COST,2024-12-13 11:00:00-05:00,2024-12-13,regular hours,between 200 and 50,False,False,False,True,,2.0,False,994.260732,2024-12-13 13:00:00-05:00,0.003921776124212866,0.007302643830049161,True,False,0.00511598463404761,0.00511598463404761,time exit (36h),0.00667266261699051,0.00511598463404761,time exit (36h),0.00667266261699051,0.00511598463404761,time exit (36h),0.00667266261699051,0.00667266261699051
COST,2024-12-16 16:00:00-05:00,2024-12-17,after hours,open at/above the 50,False,False,False,True,,17.0,True,994.172854,2024-12-17 09:00:00-05:00,0.0027632478486481885,0.0321524107919366,True,True,0.02493103434056021,0.012168171713125443,hit the 200,0.011572381960709189,0.012168171713125443,hit the 200,0.011572381960709189,0.012168171713125443,hit the 200,0.011572381960709189,-0.0036151192438702573
COST,2024-12-17 16:00:00-05:00,2024-12-18,after hours,open at the 200,True,False,False,False,0.013000134022000287,,,,,,,,,,,,,,,,,,,
COST,2024-12-27 14:00:00-05:00,2024-12-27,regular hours,below the 200,True,True,False,False,0.0012406815761447643,,,,,,,,,,,,,,,,,,,
COST,2025-01-14 09:00:00-05:00,2025-01-14,regular hours,below the 200,True,True,False,True,,24.0,False,928.7787519999999,2025-01-15 09:00:00-05:00,0.004404975879551629,0.011799098522012583,False,False,0.010640644178454783,0.010640644178454783,time exit (36h),0.011553500934846084,0.010640644178454783,time exit (36h),0.011553500934846084,0.001915151478400682,stopped,0.006446730514435754,0.011553500934846084
COST,2025-01-24 11:00:00-05:00,2025-01-24,regular hours,open at/above the 50,True,False,True,False,0.0015601537789800002,,,,,,,,,,,,,,,,,,,
COST,2025-02-18 15:00:00-05:00,2025-02-18,regular hours,open at/above the 50,True,False,False,False,-0.006147766627684459,,,,,,,,,,,,,,,,,,,
COST,2025-02-27 13:00:00-05:00,2025-02-27,regular hours,below the 200,True,True,False,True,,20.0,False,1036.666136,2025-02-28 09:00:00-05:00,0.012379939456226192,0.01222779018220003,False,False,-0.011802764373558539,-0.011802764373558539,time exit (36h),0.0010616211697137556,-0.011409042274205472,flat at the close (red),0.0017712226777363282,-0.012032672397432347,stopped,0.0005824893764379956,0.0010616211697137556
COST,2025-03-05 11:00:00-05:00,2025-03-05,regular hours,below the 200,True,True,False,True,,1.0,True,1041.004724,2025-03-05 12:00:00-05:00,0.009582354210335094,0.030734465716026768,False,False,0.026291501152033936,-0.006652492385808009,stopped,0.0056955156403972725,-0.006652492385808009,stopped,0.0056955156403972725,-0.0017341669623394036,stopped,0.007853684413065895,0.02364512338160729
COST,2025-03-19 14:00:00-04:00,2025-03-19,regular hours,open at/above the 50,False,True,False,True,,19.0,False,904.8354899999999,2025-03-20 09:00:00-04:00,0.005696626687355149,0.023071033608551207,False,False,-0.004033582828838811,-0.004033582828838811,time exit (36h),-0.0028124303440590914,-0.004033582828838811,time exit (36h),-0.0028124303440590914,0.0009233612178495963,stopped,-0.0016436794017931503,-0.0028124303440590914
COST,2025-04-04 17:00:00-04:00,2025-04-07,after hours,below the 200,True,False,True,False,0.0027337342810278553,,,,,,,,,,,,,,,,,,,
COST,2025-04-21 18:00:00-04:00,2025-04-22,after hours,between 200 and 50,True,False,True,True,,15.0,False,975.3538279999999,2025-04-22 09:00:00-04:00,0.0256995679725779,0.006894962429982848,True,False,-0.0006620614754099252,-0.022182895456888597,stopped,0.01772524330873356,-0.003846486641065572,flat at the close (red),0.010462542849958179,-0.0007957850553492552,stopped,0.009248623811176323,0.031571961256097514
COST,2025-04-24 16:00:00-04:00,2025-04-25,after hours,open at/above the 50,True,False,True,True,,17.0,True,974.4991180000001,2025-04-25 09:00:00-04:00,0.005333182866975036,0.01192316933425903,True,False,-0.0025597563971340165,-0.0035924937594452836,stopped,0.005925779872756973,-0.0035924937594452836,stopped,0.005925779872756973,-0.003920867581534315,stopped,0.0061368645269586075,0.007497975711358906
COST,2025-04-25 06:00:00-04:00,2025-04-25,pre-market,open at/above the 50,True,False,True,True,,3.0,True,974.4991180000001,2025-04-25 09:00:00-04:00,0.005333182866975036,0.01192316933425903,True,False,-0.0025597563971340165,-0.0035924937594452836,stopped,0.005925779872756973,-0.0035924937594452836,stopped,0.005925779872756973,-0.003920867581534315,stopped,0.0061368645269586075,0.007497975711358906
COST,2025-05-08 07:00:00-04:00,2025-05-08,pre-market,open at/above the 50,True,False,False,True,,3.0,True,1010.887534,2025-05-08 10:00:00-04:00,0.0015753147075607905,0.019277647952477356,True,False,0.001384396081189454,0.001384396081189454,time exit (36h),0.002924573072339842,0.001384396081189454,time exit (36h),0.002924573072339842,0.001384396081189454,time exit (36h),0.002924573072339842,0.002924573072339842
COST,2025-05-13 16:00:00-04:00,2025-05-14,after hours,open at the 200,True,False,False,False,0.005035347432024162,,,,,,,,,,,,,,,,,,,
COST,2025-05-22 15:00:00-04:00,2025-05-22,regular hours,open at/above the 50,True,False,False,False,0.010535535197723878,,,,,,,,,,,,,,,,,,,
COST,2025-05-29 16:00:00-04:00,2025-05-30,after hours,below the 200,True,True,False,True,,17.0,False,1013.0257680000001,2025-05-30 09:00:00-04:00,0.038956789892831155,-0.020795356510615447,False,False,-0.02640483613647282,-0.0044512510366862485,stopped,-0.005541373505132335,-0.0044512510366862485,stopped,-0.005541373505132335,-0.030319299834434144,stopped,-0.028688560396019958,-0.02526462713951183
COST,2025-06-05 11:00:00-04:00,2025-06-05,regular hours,open at/above the 50,True,False,False,False,0.003775785636883189,,,,,,,,,,,,,,,,,,,
COST,2025-06-26 11:00:00-04:00,2025-06-26,regular hours,open at/above the 50,True,True,False,True,,25.0,False,991.830104,2025-06-27 12:00:00-04:00,0.001320080923859534,0.008902839270948369,False,False,0.005872078211837328,0.005872078211837328,time exit (36h),0.001465685517773485,0.005872078211837328,time exit (36h),0.001465685517773485,0.005872078211837328,time exit (36h),0.001465685517773485,0.001465685517773485
COST,2025-07-02 14:00:00-04:00,2025-07-02,regular hours,open at/above the 50,True,True,True,True,,19.0,False,985.57505,2025-07-03 09:00:00-04:00,0.0021256118445773624,0.0028055194781971067,False,False,0.00012689634177287523,0.00012689634177287523,time exit (36h),0.005486810583145041,-0.000430983772819471,flat at the close (red),0.00511986165133238,0.00012689634177287523,time exit (36h),0.005486810583145041,0.005486810583145041
COST,2025-07-09 18:00:00-04:00,2025-07-10,after hours,open at/above the 50,False,True,True,True,,15.0,True,985.98,2025-07-10 09:00:00-04:00,0.0020487230978315806,0.020568368526744936,False,False,0.016474226804123804,0.016474226804123804,time exit (36h),0.01552725710715408,0.016474226804123804,time exit (36h),0.01552725710715408,0.016474226804123804,time exit (36h),0.01552725710715408,0.01552725710715408
COST,2025-07-16 09:00:00-04:00,2025-07-16,regular hours,below the 200,True,True,True,False,0.006866082408293561,,,,,,,,,,,,,,,,,,,
COST,2025-08-14 09:00:00-04:00,2025-08-14,regular hours,open at/above the 50,True,False,True,True,,1.0,False,983.54174,2025-08-14 10:00:00-04:00,0.004830257636040961,0.016599946231056723,True,False,0.012856438764587974,-0.002906089171162144,stopped,-0.001789359946978656,-0.002906089171162144,stopped,-0.001789359946978656,-0.0036991414314556143,stopped,-0.002628892792532593,0.011627328279277593
COST,2025-08-22 10:00:00-04:00,2025-08-22,regular hours,open at the 200,True,False,True,False,0.005419561790821259,,,,,,,,,,,,,,,,,,,
COST,2025-09-02 07:00:00-04:00,2025-09-02,pre-market,below the 200,True,True,False,True,,2.0,True,944.3033540000001,2025-09-02 09:00:00-04:00,0.006127952395263763,0.008263609323154142,False,False,-0.004041245181329534,-0.004560659434023239,stopped,0.005227420859308319,-0.004560659434023239,stopped,0.005227420859308319,-0.002114411636411309,stopped,0.003561290181747709,0.005346674865920886
COST,2025-09-11 12:00:00-04:00,2025-09-11,regular hours,open at the 200,True,False,False,True,,22.0,False,965.1886599999999,2025-09-12 10:00:00-04:00,0.00453936124777941,0.004588387932365392,True,False,-0.0022858590035146342,-0.0022858590035146342,time exit (36h),-0.003366068351129181,-0.002636389939446593,flat at the close (red),-0.0035034155851525473,-0.00010499501724362383,stopped,0.0011396734000541325,-0.003366068351129181
COST,2025-09-25 18:00:00-04:00,2025-09-26,after hours,below the 200,True,True,True,False,0.02069792802617232,,,,,,,,,,,,,,,,,,,
COST,2025-10-02 10:00:00-04:00,2025-10-02,regular hours,below the 200,True,True,True,True,,4.0,False,917.28034,2025-10-02 14:00:00-04:00,0.001340549825803491,0.0066286605466764695,False,False,0.003698807309333585,0.003698807309333585,time exit (36h),0.0046919968666547796,0.003698807309333585,time exit (36h),0.0046919968666547796,-0.0010134960485471787,stopped,-0.0006025391915453024,0.0046919968666547796
COST,2025-10-13 15:00:00-04:00,2025-10-13,regular hours,open at/above the 50,False,False,True,False,-0.009539438856537852,,,,,,,,,,,,,,,,,,,
COST,2025-10-17 07:00:00-04:00,2025-10-17,pre-market,between 200 and 50,True,False,True,False,-0.007222222222222241,,,,,,,,,,,,,,,,,,,
COST,2025-10-24 16:00:00-04:00,2025-10-27,after hours,open at the 200,True,False,True,False,-0.00037539550597953664,,,,,,,,,,,,,,,,,,,
COST,2025-11-06 12:00:00-05:00,2025-11-06,regular hours,below the 200,True,False,True,True,,21.0,False,930.443958,2025-11-07 09:00:00-05:00,0.007046143879629608,0.01037564693391237,True,True,0.0080648506971992,0.0022568000812360667,hit the 200,-0.004677908133377994,0.0022568000812360667,hit the 200,-0.004677908133377994,-0.005391020014555336,stopped,-0.012325728229169396,0.014638807713634239
COST,2025-11-17 17:00:00-05:00,2025-11-18,after hours,below the 200,True,True,True,False,0.01799611979573168,,,,,,,,,,,,,,,,,,,
COST,2025-11-24 18:00:00-05:00,2025-11-25,after hours,below the 200,True,True,True,True,,17.0,False,893.072028,2025-11-25 11:00:00-05:00,0.021194227796372044,0.003249489300990722,False,False,-0.016451763107559025,-0.009280183165696454,stopped,0.0018004150832590105,-0.0014389881468179766,flat at the close (red),0.006272008727302492,-0.000803935155832602,stopped,0.008256188022785327,-0.0009244605088085667
COST,2025-12-04 11:00:00-05:00,2025-12-04,regular hours,open at the 200,True,False,True,False,-0.004647161991576998,,,,,,,,,,,,,,,,,,,
COST,2025-12-15 10:00:00-05:00,2025-12-15,regular hours,open at/above the 50,True,True,True,False,0.011757857974388886,,,,,,,,,,,,,,,,,,,
COST,2025-12-19 07:00:00-05:00,2025-12-19,pre-market,open at/above the 50,True,True,True,False,0.00031539108494538226,,,,,,,,,,,,,,,,,,,
COST,2025-12-30 13:00:00-05:00,2025-12-30,regular hours,open at/above the 50,True,False,True,False,0.0036780062189631924,,,,,,,,,,,,,,,,,,,
COST,2026-01-27 10:00:00-05:00,2026-01-27,regular hours,open at/above the 50,True,False,False,False,0.009649320794148375,,,,,,,,,,,,,,,,,,,
COST,2026-02-10 14:00:00-05:00,2026-02-10,regular hours,open at/above the 50,True,False,False,True,,22.0,False,989.207022,2026-02-11 12:00:00-05:00,0.020221225239139055,0.011774099597930377,True,False,-0.008820530856404218,-0.008820530856404218,time exit (36h),-0.02556922695572106,-0.008820530856404218,time exit (36h),-0.02556922695572106,-0.004825054709326523,stopped,-0.009762250672442671,-0.02556922695572106
COST,2026-02-19 07:00:00-05:00,2026-02-19,pre-market,between 200 and 50,True,False,False,True,,2.0,False,1007.0505740000001,2026-02-19 09:00:00-05:00,0.0008037590374283593,0.02903585455878023,True,True,0.02134946653144021,0.021801160802476433,hit the 200,0.01977936052118226,0.021801160802476433,hit the 200,0.01977936052118226,0.021801160802476433,hit the 200,0.01977936052118226,0.02954274079585817
COST,2026-02-27 06:00:00-05:00,2026-02-27,pre-market,open at/above the 50,True,True,False,True,,3.0,False,991.0573440000001,2026-02-27 09:00:00-05:00,0.02334139002152432,0.0014906745900669259,False,False,-0.014279739776951628,-0.014593056685930727,stopped,-0.011489095857042086,-0.014593056685930727,stopped,-0.011489095857042086,-0.004396976649617468,stopped,-0.0032580743761934094,-0.014864800257578858
COST,2026-03-05 09:00:00-05:00,2026-03-05,regular hours,open at the 200,True,False,False,True,,25.0,False,997.6244300000002,2026-03-06 10:00:00-05:00,0.00488717983780711,0.004635341578393597,True,True,0.0023857623712637555,0.00030545964075885055,hit the 200,0.006379803685679427,0.00030545964075885055,hit the 200,0.006379803685679427,0.00030545964075885055,hit the 200,0.006379803685679427,0.0030263105613426156
COST,2026-03-11 17:00:00-04:00,2026-03-12,after hours,below the 200,True,False,False,True,,18.0,False,997.0628999999999,2026-03-12 11:00:00-04:00,0.01581354596585646,-0.0009498899216890844,True,False,-0.010850297619047766,-0.00032806355546885436,stopped,0.0008670658625991318,-0.00032806355546885436,stopped,0.0008670658625991318,-0.0034973721316880362,stopped,-0.0030039732111849953,-0.01906684775387879
COST,2026-03-17 13:00:00-04:00,2026-03-17,regular hours,open at/above the 50,True,False,False,False,0.019609142740785845,,,,,,,,,,,,,,,,,,,
COST,2026-04-10 17:00:00-04:00,2026-04-13,after hours,open at the 200,True,False,False,False,0.0004502251125562129,,,,,,,,,,,,,,,,,,,
COST,2026-04-27 15:00:00-04:00,2026-04-27,regular hours,open at/above the 50,True,False,False,False,0.005682184602982643,,,,,,,,,,,,,,,,,,,
COST,2026-05-06 07:00:00-04:00,2026-05-06,pre-market,open at/above the 50,True,False,False,True,,2.0,True,1013.6387759999999,2026-05-06 09:00:00-04:00,0.0014415628472367454,0.02266959053271254,True,True,0.0021144597132969345,0.010145111595454483,hit the 200,0.01448861984601666,0.010145111595454483,hit the 200,0.01448861984601666,0.010145111595454483,hit the 200,0.01448861984601666,0.005490133778301098
COST,2026-05-11 18:00:00-04:00,2026-05-12,after hours,open at/above the 50,True,True,False,True,,15.0,False,1003.072132,2026-05-12 09:00:00-04:00,0.0393270501108887,-0.005909712582863372,False,False,-0.025197150631681264,-0.003915838028685248,stopped,-0.007071828288646187,-0.003915838028685248,stopped,-0.007071828288646187,-0.010096849146637478,stopped,-0.015057396442185324,-0.01693969000255413
COST,2026-05-21 11:00:00-04:00,2026-05-21,regular hours,between 200 and 50,True,False,False,False,0.016475825735337013,,,,,,,,,,,,,,,,,,,
COST,2026-06-08 13:00:00-04:00,2026-06-08,regular hours,below the 200,False,True,False,True,,1.0,False,974.319978,2026-06-08 14:00:00-04:00,0.007851549976120946,0.009627204831881151,False,False,0.005490173374613105,0.005490173374613105,time exit (36h),-0.0018905524647234717,-0.0003078348484537585,flat at the close (red),-0.002769589728003785,-0.0030277753372721975,stopped,-0.022996947669440413,-0.0018905524647234717
COST,2026-06-15 06:00:00-04:00,2026-06-15,pre-market,open at/above the 50,True,False,True,True,,4.0,True,977.6138800000001,2026-06-15 10:00:00-04:00,0.01817294165258771,0.004555868212509564,True,False,-0.009810716094398764,-0.007330215074278471,stopped,-0.003982990095777431,-0.007330215074278471,stopped,-0.003982990095777431,-0.002123660519222524,stopped,0.0012235644592785162,-0.01323395951764228
COST,2026-06-16 07:00:00-04:00,2026-06-16,pre-market,open at/above the 50,True,False,True,True,,3.0,False,978.540728,2026-06-16 10:00:00-04:00,0.017208555063842015,0.01776188512411103,True,True,0.011984069127683128,-0.008644680551303616,stopped,-0.0101853284202955,-0.008644680551303616,stopped,-0.0101853284202955,-0.013141274176990653,stopped,-0.014921413665532818,0.0005979447889790102
COST,2026-06-17 18:00:00-04:00,2026-06-18,after hours,below the 200,True,False,True,False,0.015231199078907354,,,,,,,,,,,,,,,,,,,
COST,2026-06-25 14:00:00-04:00,2026-06-25,regular hours,below the 200,True,True,True,True,,19.0,False,954.54705,2026-06-26 09:00:00-04:00,0.00743069710393005,0.012096889304723128,False,False,0.004257811678064272,0.004257811678064272,time exit (36h),0.006898126798155824,0.004257811678064272,time exit (36h),0.006898126798155824,-0.0043507022519215085,stopped,-9.10896910348482e-06,0.006898126798155824
COST,2026-06-29 15:00:00-04:00,2026-06-29,regular hours,open at/above the 50,True,True,True,False,0.010565929735606217,,,,,,,,,,,,,,,,,,,
COST,2026-07-09 09:00:00-04:00,2026-07-09,regular hours,below the 200,True,False,True,False,0.000994231273490076,,,,,,,,,,,,,,,,,,,
COST,2026-07-15 15:00:00-04:00,2026-07-15,regular hours,open at/above the 50,True,True,True,True,,18.0,False,922.5027879999999,2026-07-16 09:00:00-04:00,0.0453410141888917,-0.005053873072956033,False,False,-0.018708008807667542,-0.007498310129768479,stopped,-0.007405479253527467,-0.007498310129768479,stopped,-0.007405479253527467,-0.013820242242996949,stopped,-0.011518133613407044,-0.03128066874032742
COST,2026-07-21 06:00:00-04:00,2026-07-21,pre-market,open at the 200,True,False,True,False,0.006359592295067884,,,,,,,,,,,,,,,,,,,
COST,2026-07-30 17:00:00-04:00,2026-07-31,after hours,between 200 and 50,True,False,True,False,0.0010609243697479176,,,,,,,,,,,,,,,,,,,
COST,2026-08-07 14:00:00-04:00,2026-08-07,regular hours,open at the 200,True,False,True,False,-0.0031890179514255657,,,,,,,,,,,,,,,,,,,
COST,2026-08-12 07:00:00-04:00,2026-08-12,pre-market,below the 200,True,True,True,True,,2.0,False,946.41188,2026-08-12 09:00:00-04:00,0.017506246857340826,0.0028337345046851887,False,False,-0.013815290672835379,-0.008968737797331941,stopped,-0.004326307787429776,-0.0035252274258760208,flat at the close (red),-0.005441035430846841,-0.002523341105988608,stopped,-0.003940074080933876,-0.008520477533473847
COST,2026-08-18 06:00:00-04:00,2026-08-18,pre-market,open at/above the 50,False,False,True,False,0.0025782073630262747,,,,,,,,,,,,,,,,,,,
COST,2026-08-20 10:00:00-04:00,2026-08-20,regular hours,below the 200,True,False,False,False,-0.012946588726866048,,,,,,,,,,,,,,,,,,,
COST,2026-08-26 18:00:00-04:00,2026-08-27,after hours,below the 200,True,False,False,False,0.014835439271405626,,,,,,,,,,,,,,,,,,,
COST,2026-09-02 09:00:00-04:00,2026-09-02,regular hours,below the 200,True,True,False,False,0.010065917441106631,,,,,,,,,,,,,,,,,,,
COST,2026-09-16 06:00:00-04:00,2026-09-16,pre-market,below the 200,True,True,True,False,0.010900780264727183,,,,,,,,,,,,,,,,,,,
COST,2026-09-25 07:00:00-04:00,2026-09-25,pre-market,below the 200,True,True,True,True,,2.0,False,900.586756,2026-09-25 09:00:00-04:00,0.0272636076829004,-0.013328581527574584,False,False,-0.023224776572668082,-0.009816759952441436,stopped,-0.009427012898279487,-0.009816759952441436,stopped,-0.009427012898279487,-0.021944853028684763,stopped,-0.020633913825112593,-0.01984412272053604
COST,2026-09-30 12:00:00-04:00,2026-09-30,regular hours,open at/above the 50,True,False,True,True,,23.0,False,919.89891,2026-10-01 11:00:00-04:00,0.003914658405237157,0.011130473021214943,True,False,0.0003794355934969573,0.0003794355934969573,time exit (36h),0.012654394676966718,0.0003794355934969573,time exit (36h),0.012654394676966718,-0.003784209288822828,stopped,-0.003094268623720077,0.012654394676966718
CRM,2024-10-14 12:00:00-04:00,2024-10-14,regular hours,open at/above the 50,False,False,False,False,0.0059826629680999055,,,,,,,,,,,,,,,,,,,
CRM,2024-10-16 13:00:00-04:00,2024-10-16,regular hours,between 200 and 50,True,False,False,True,,1.0,False,289.383746,2024-10-16 14:00:00-04:00,0.013671306888120805,-0.00014255811036476684,True,False,-0.0064077390557940594,-0.0064077390557940594,time exit (36h),-0.004237555490860134,-0.0048017539032946255,flat at the close (red),-0.003762663493841467,-0.0028552191041165314,stopped,-0.001816128694663373,-0.004237555490860134
CRM,2024-10-22 05:00:00-04:00,2024-10-22,pre-market,between 200 and 50,True,False,False,True,,4.0,True,291.470116,2024-10-22 09:00:00-04:00,0.0016189790105274073,0.035921747806214266,True,True,0.02869675639657343,0.013607933651764256,hit the 200,0.014485066287977952,0.013607933651764256,hit the 200,0.014485066287977952,0.013607933651764256,hit the 200,0.014485066287977952,0.024600379184184007
CRM,2024-10-31 15:00:00-04:00,2024-10-31,regular hours,between 200 and 50,True,False,False,True,,19.0,False,295.475954,2024-11-01 10:00:00-04:00,0.005124092094478888,0.007499608580669852,True,False,0.0025649904994571315,0.0025649904994571315,time exit (36h),-0.0009896156046595994,0.0025649904994571315,time exit (36h),-0.0009896156046595994,-0.0006567234909410408,stopped,0.0002671848155175688,-0.0009896156046595994
CRM,2024-11-14 14:00:00-05:00,2024-11-14,regular hours,open at/above the 50,True,False,False,False,0.02674783250322821,,,,,,,,,,,,,,,,,,,
CRM,2024-11-26 15:00:00-05:00,2024-11-26,regular hours,open at/above the 50,False,False,False,False,0.03808499664992393,,,,,,,,,,,,,,,,,,,
CRM,2024-12-06 15:00:00-05:00,2024-12-06,regular hours,open at/above the 50,True,False,False,False,-0.0009363202833694295,,,,,,,,,,,,,,,,,,,
CRM,2024-12-16 11:00:00-05:00,2024-12-16,regular hours,open at the 200,True,False,False,True,,22.0,True,356.764168,2024-12-17 09:00:00-05:00,0.0013057140872959935,0.06044376070861465,True,True,0.05968505658359802,0.015115161453097593,hit the 200,0.01401404957847512,0.015115161453097593,hit the 200,0.01401404957847512,0.015115161453097593,hit the 200,0.01401404957847512,0.03113890299916755
CRM,2024-12-27 09:00:00-05:00,2024-12-27,regular hours,below the 200,True,True,False,False,0.0026288637728990594,,,,,,,,,,,,,,,,,,,
CRM,2025-01-16 16:00:00-05:00,2025-01-17,after hours,open at/above the 50,True,True,True,False,-0.01327747142725122,,,,,,,,,,,,,,,,,,,
CRM,2025-01-30 08:00:00-05:00,2025-01-30,pre-market,between 200 and 50,True,False,True,False,0.010294117647058787,,,,,,,,,,,,,,,,,,,
CRM,2025-02-06 13:00:00-05:00,2025-02-06,regular hours,below the 200,True,False,True,False,0.02201518925068413,,,,,,,,,,,,,,,,,,,
CRM,2025-02-18 12:00:00-05:00,2025-02-18,regular hours,open at/above the 50,True,True,True,False,0.012054523537230022,,,,,,,,,,,,,,,,,,,
CRM,2025-02-19 12:00:00-05:00,2025-02-19,regular hours,open at/above the 50,True,True,True,False,0.015758998435054794,,,,,,,,,,,,,,,,,,,
CRM,2025-02-26 19:00:00-05:00,2025-02-27,after hours,below the 200,True,True,True,False,-0.01028960817717195,,,,,,,,,,,,,,,,,,,
CRM,2025-03-04 07:00:00-05:00,2025-03-04,pre-market,below the 200,True,True,True,False,-0.003193681318681363,,,,,,,,,,,,,,,,,,,
CRM,2025-03-14 05:00:00-04:00,2025-03-14,pre-market,below the 200,True,True,True,True,,6.0,False,277.66636600000004,2025-03-14 11:00:00-04:00,0.008008294385932025,0.0013914756964120974,False,False,-0.004780050179211348,-0.004780050179211348,time exit (36h),-0.0015773032392739639,-0.005528577056695516,flat at the close (red),-0.0010682988001523563,-0.003582839413830801,stopped,-0.00036235870789396666,-0.0015773032392739639
CRM,2025-03-21 10:00:00-04:00,2025-03-21,regular hours,below the 200,True,True,True,True,,2.0,False,279.220826,2025-03-21 12:00:00-04:00,0.009416109957356958,0.0005043534968985591,False,False,-0.005375891425925428,-0.005375891425925428,time exit (36h),0.004464816538676253,-0.006366940678267707,flat at the close (red),0.0020522088990023724,-0.006282389552131884,stopped,-0.0008600709331343269,0.004464816538676253
CRM,2025-03-27 07:00:00-04:00,2025-03-27,pre-market,open at the 200,True,False,True,False,0.03807894823608815,,,,,,,,,,,,,,,,,,,
CRM,2025-04-03 07:00:00-04:00,2025-04-03,pre-market,below the 200,True,True,True,False,0.08559236947791171,,,,,,,,,,,,,,,,,,,
CRM,2025-04-14 12:00:00-04:00,2025-04-14,regular hours,open at/above the 50,True,True,True,True,,1.0,True,255.64133,2025-04-14 13:00:00-04:00,0.005314750944223258,0.017250849070453537,False,False,0.014007100075363876,-0.003006829920654905,stopped,0.0033942684707213536,-0.003006829920654905,stopped,0.0033942684707213536,0.014007100075363876,time exit (36h),0.010371281641389674,0.010371281641389674
CRM,2025-04-15 18:00:00-04:00,2025-04-16,after hours,below the 200,True,True,True,True,,16.0,False,254.608368,2025-04-16 10:00:00-04:00,0.007861611209887652,0.031100187563356186,False,False,0.029094895113374708,0.029094895113374708,time exit (36h),0.023744866655776686,0.029094895113374708,time exit (36h),0.023744866655776686,-0.0024218842642280375,stopped,0.0009446125103296549,0.023744866655776686
CRM,2025-04-29 15:00:00-04:00,2025-04-29,regular hours,open at/above the 50,False,False,True,True,,20.0,True,266.37237799999997,2025-04-30 11:00:00-04:00,0.03539264119945666,0.004889313260551273,True,False,-0.0004788818011258744,-0.01174154025835228,stopped,0.0076740208746701715,-0.005813540850222232,flat at the close (red),0.007499348118840676,-0.009376430164241863,stopped,0.010039130968780589,0.017316693547243522
CRM,2025-05-06 11:00:00-04:00,2025-05-06,regular hours,between 200 and 50,True,False,True,True,,2.0,False,272.932172,2025-05-06 13:00:00-04:00,0.021462577889132254,0.003415398020574797,True,False,-0.01964018678160917,-0.011844803697235225,stopped,-0.004353203128576396,-0.0010534660712980815,flat at the close (red),-0.001787181175092134,-0.0014576075699863046,stopped,-0.002191322673780357,-0.01668049915346015
CRM,2025-05-06 17:00:00-04:00,2025-05-07,after hours,open at/above the 50,False,False,True,False,-0.0322438331854481,,,,,,,,,,,,,,,,,,,
CRM,2025-05-15 17:00:00-04:00,2025-05-16,after hours,open at/above the 50,True,False,False,False,0.007653819444444432,,,,,,,,,,,,,,,,,,,
CRM,2025-05-19 05:00:00-04:00,2025-05-19,pre-market,between 200 and 50,True,False,False,False,-0.004444444444444362,,,,,,,,,,,,,,,,,,,
CRM,2025-06-10 19:00:00-04:00,2025-06-11,after hours,below the 200,True,False,False,False,0.016217035465292406,,,,,,,,,,,,,,,,,,,
CRM,2025-06-18 16:00:00-04:00,2025-06-20,after hours,below the 200,True,True,False,False,0.004838210249264563,,,,,,,,,,,,,,,,,,,
CRM,2025-07-01 17:00:00-04:00,2025-07-02,after hours,open at/above the 50,True,False,True,False,0.0063002631286364075,,,,,,,,,,,,,,,,,,,
CRM,2025-07-10 08:00:00-04:00,2025-07-10,pre-market,open at/above the 50,True,False,True,False,0.047231900890437384,,,,,,,,,,,,,,,,,,,
CRM,2025-07-30 09:00:00-04:00,2025-07-30,regular hours,between 200 and 50,True,False,True,False,0.0349769531703914,,,,,,,,,,,,,,,,,,,
CRM,2025-08-22 05:00:00-04:00,2025-08-22,pre-market,open at/above the 50,True,False,True,True,,4.0,False,245.40861400000003,2025-08-22 09:00:00-04:00,0.016793974477195703,-0.0028172849710970853,True,False,-0.013630972668810193,-0.0035915039233299427,stopped,-0.0014142197329194204,-0.0035915039233299427,stopped,-0.0014142197329194204,-0.005017696730074674,stopped,0.008342260075963625,-0.0004938696478961058
CRM,2025-08-26 16:00:00-04:00,2025-08-27,after hours,open at/above the 50,True,False,True,True,,17.0,False,246.482752,2025-08-27 09:00:00-04:00,0.037192249460116386,-0.0014903598609609515,True,False,-0.034725858625416106,-0.009522970597147533,stopped,-0.007914892110910525,-0.009522970597147533,stopped,-0.007914892110910525,-0.004938471313400394,stopped,-0.0035147194176438964,-0.029499619513414288
CRM,2025-09-03 05:00:00-04:00,2025-09-03,pre-market,open at/above the 50,False,False,True,True,,4.0,True,254.001704,2025-09-03 09:00:00-04:00,0.015741217232149003,0.0763054093526868,True,True,0.041759100976130004,-0.003890903031107302,stopped,-0.004591903124573932,-0.003890903031107302,stopped,-0.004591903124573932,-0.0052294767282349535,stopped,-0.0074323604465528475,0.05264506777932043
CRM,2025-09-10 14:00:00-04:00,2025-09-10,regular hours,open at/above the 50,True,False,True,False,-0.014210526315789451,,,,,,,,,,,,,,,,,,,
CRM,2025-09-24 09:00:00-04:00,2025-09-24,regular hours,open at/above the 50,False,False,True,False,0.029311633313958252,,,,,,,,,,,,,,,,,,,
CRM,2025-09-30 16:00:00-04:00,2025-10-01,after hours,below the 200,True,True,True,True,,17.0,False,241.73828400000002,2025-10-01 09:00:00-04:00,0.0030268933322947613,0.03403798464954781,False,False,0.011251196931838736,0.011251196931838736,time exit (36h),0.02006529805963031,0.011251196931838736,time exit (36h),0.02006529805963031,0.010169196038472831,stopped,0.018375880242705703,0.02006529805963031
CRM,2025-10-08 08:00:00-04:00,2025-10-08,pre-market,below the 200,True,True,True,True,,26.0,False,241.34214399999996,2025-10-09 10:00:00-04:00,0.031937463852148636,0.013848157410916025,False,False,0.001419684647302688,-0.024934957070738763,stopped,-0.02458533273093364,-0.01625506868299864,flat at the close (red),-0.01736507061991477,-0.007905192057960827,stopped,-0.008809396983270676,-0.028887759958999615
CRM,2025-10-15 06:00:00-04:00,2025-10-15,pre-market,open at the 200,True,False,True,False,-0.00694728238659581,,,,,,,,,,,,,,,,,,,
CRM,2025-10-20 04:00:00-04:00,2025-10-20,pre-market,open at/above the 50,False,False,True,False,-0.07102272727272729,,,,,,,,,,,,,,,,,,,
CRM,2025-10-23 11:00:00-04:00,2025-10-23,regular hours,open at/above the 50,True,False,True,False,0.00406115248922001,,,,,,,,,,,,,,,,,,,
CRM,2025-10-29 05:00:00-04:00,2025-10-29,pre-market,between 200 and 50,True,False,False,True,,28.0,False,254.38134399999998,2025-10-30 09:00:00-04:00,0.02924214442392446,0.00688471871585044,True,False,-0.02352560746228549,-0.017527448868262883,stopped,-0.018083508454437545,-0.017527448868262883,stopped,-0.018083508454437545,-0.01135561261913923,stopped,-0.010405889499956276,-0.02647375517799533
CRM,2025-11-04 16:00:00-05:00,2025-11-05,after hours,open at the 200,True,False,False,False,0.013999920454997428,,,,,,,,,,,,,,,,,,,
CRM,2025-11-14 04:00:00-05:00,2025-11-14,pre-market,below the 200,True,True,False,True,,7.0,False,243.269752,2025-11-14 11:00:00-05:00,0.007852386021259214,0.0037807906344230445,False,False,-0.0027884730477556463,-0.0027884730477556463,time exit (36h),-0.001154825856143682,-0.0019702482051281445,flat at the close (red),-0.0024018279357628236,-0.005838161087943176,stopped,-0.00316029833397287,-0.001154825856143682
CRM,2025-11-28 12:00:00-05:00,2025-11-28,regular hours,open at/above the 50,False,True,True,False,-0.001291101620222057,,,,,,,,,,,,,,,,,,,
CRM,2025-12-15 09:00:00-05:00,2025-12-15,regular hours,between 200 and 50,True,False,True,False,0.006447058823529472,,,,,,,,,,,,,,,,,,,
CRM,2025-12-31 13:00:00-05:00,2025-12-31,regular hours,open at/above the 50,True,False,False,True,,1.0,False,265.892726,2025-12-31 14:00:00-05:00,0.0007795399412319419,0.00523077867124505,True,False,0.004733698609431736,0.004733698609431736,time exit (36h),-0.0001600742843412828,0.004733698609431736,time exit (36h),-0.0001600742843412828,0.004733698609431736,time exit (36h),-0.0001600742843412828,-0.0001600742843412828
CRM,2026-01-09 11:00:00-05:00,2026-01-09,regular hours,below the 200,True,False,False,False,0.003695150115473389,,,,,,,,,,,,,,,,,,,
CRM,2026-01-28 11:00:00-05:00,2026-01-28,regular hours,open at/above the 50,False,True,True,True,,1.0,False,229.514268,2026-01-28 12:00:00-05:00,0.007083359192292129,0.09033977791742336,False,False,0.07685684324613451,0.07685684324613451,time exit (36h),0.07392697092042799,0.07685684324613451,time exit (36h),0.07392697092042799,0.07685684324613451,time exit (36h),0.07392697092042799,0.07392697092042799
CRM,2026-02-11 13:00:00-05:00,2026-02-11,regular hours,open at/above the 50,True,True,True,False,0.006597703021910872,,,,,,,,,,,,,,,,,,,
CRM,2026-02-18 05:00:00-05:00,2026-02-18,pre-market,below the 200,False,True,True,True,,5.0,False,186.19900399999997,2026-02-18 10:00:00-05:00,0.013968903936779586,0.01594532696855878,False,False,0.0023632859603788248,0.0023632859603788248,time exit (36h),0.0012398379964460027,-0.008313783553472565,flat at the close (red),-0.008168066186876821,-0.006190129781789902,stopped,-0.0041974894606402495,0.0012398379964460027
CRM,2026-02-20 08:00:00-05:00,2026-02-20,pre-market,open at/above the 50,True,True,True,True,,1.0,False,185.98071,2026-02-20 09:00:00-05:00,0.03091336730567381,0.012101846476443703,False,False,0.0016734529003070708,-0.005211777070858591,stopped,-0.0027002782024932656,-0.005211777070858591,stopped,-0.0027002782024932656,-0.018654031377770313,stopped,-0.010379130458820756,0.01104133816546471
CRM,2026-02-20 12:00:00-05:00,2026-02-20,regular hours,open at/above the 50,False,True,True,False,0.007513330101793558,,,,,,,,,,,,,,,,,,,
CRM,2026-03-03 04:00:00-05:00,2026-03-03,pre-market,between 200 and 50,True,False,True,True,,5.0,False,193.340268,2026-03-03 09:00:00-05:00,0.02767003509067231,0.019448964454730124,True,False,-0.0026403221837679736,-0.013446407346450915,stopped,-0.009166343588259794,-0.013446407346450915,stopped,-0.009166343588259794,-0.011118904624669291,stopped,-0.0014309734383380242,0.015221759833322523
CRM,2026-03-09 19:00:00-04:00,2026-03-10,after hours,between 200 and 50,True,False,True,False,0.01662305679544418,,,,,,,,,,,,,,,,,,,
CRM,2026-03-13 19:00:00-04:00,2026-03-16,after hours,open at/above the 50,True,True,True,False,0.0,,,,,,,,,,,,,,,,,,,
CRM,2026-03-18 13:00:00-04:00,2026-03-18,regular hours,below the 200,True,True,True,True,,20.0,False,195.971728,2026-03-19 09:00:00-04:00,0.022570970032983518,0.03047239548757774,False,False,0.0008259435166744211,0.0008259435166744211,time exit (36h),-0.004791862018471482,0.0008259435166744211,time exit (36h),-0.004791862018471482,0.004499261240376517,stopped,-0.004020849290787343,-0.004791862018471482
CRM,2026-03-23 05:00:00-04:00,2026-03-23,pre-market,open at/above the 50,False,True,True,True,,8.0,True,194.538632,2026-03-23 13:00:00-04:00,0.00746056443945798,0.0629624659846483,False,False,0.05727517391304349,-0.005815132903782348,stopped,-0.0007009360754949498,-0.005815132903782348,stopped,-0.0007009360754949498,-0.0035281835435132876,stopped,0.0015860132847741108,0.06027114380126475
CRM,2026-03-24 09:00:00-04:00,2026-03-24,regular hours,below the 200,True,True,True,False,0.031134418989787305,,,,,,,,,,,,,,,,,,,
CRM,2026-03-27 16:00:00-04:00,2026-03-30,after hours,below the 200,True,True,True,False,0.0030786453960256477,,,,,,,,,,,,,,,,,,,
CRM,2026-04-02 10:00:00-04:00,2026-04-02,regular hours,open at/above the 50,True,True,True,True,,3.0,False,185.962018,2026-04-02 13:00:00-04:00,0.0073562441121714,0.003237316988031324,False,False,-0.003952769148366286,-0.003952769148366286,time exit (36h),-0.000354769392298504,-0.006453929582732165,flat at the close (red),-0.0029166971621673587,-0.0020325763511557663,stopped,0.0015046560694090402,-0.000354769392298504
CRM,2026-04-07 04:00:00-04:00,2026-04-07,pre-market,below the 200,True,True,True,True,,5.0,False,185.84813000000003,2026-04-07 09:00:00-04:00,0.010771536953317572,0.05417396451608108,False,False,0.05082059255908633,0.05082059255908633,time exit (36h),0.07834393626740122,0.05082059255908633,time exit (36h),0.07834393626740122,-0.002924807475867311,stopped,0.023069172103154408,0.07834393626740122
CRM,2026-04-23 06:00:00-04:00,2026-04-23,pre-market,below the 200,True,False,True,False,0.02083567336852754,,,,,,,,,,,,,,,,,,,
CRM,2026-04-29 18:00:00-04:00,2026-04-30,after hours,below the 200,True,False,True,False,-0.0016611295681062677,,,,,,,,,,,,,,,,,,,
CRM,2026-05-06 15:00:00-04:00,2026-05-06,regular hours,open at/above the 50,True,False,True,False,-0.0039045314562252686,,,,,,,,,,,,,,,,,,,
CRM,2026-05-20 17:00:00-04:00,2026-05-21,after hours,below the 200,True,False,True,False,-0.014616935483870996,,,,,,,,,,,,,,,,,,,
CRM,2026-05-27 15:00:00-04:00,2026-05-27,regular hours,between 200 and 50,True,False,True,True,,18.0,False,179.036386,2026-05-28 09:00:00-04:00,0.08438739374464369,0.020841495314812636,True,True,-0.07138803941908722,-0.018563343878042853,stopped,-0.01542884659633829,-0.018563343878042853,stopped,-0.01542884659633829,-0.013536991301868743,stopped,-0.010402494020164181,-0.06461232611645629
CRM,2026-06-03 09:00:00-04:00,2026-06-03,regular hours,between 200 and 50,True,False,True,False,0.016472457627118464,,,,,,,,,,,,,,,,,,,
CRM,2026-06-16 09:00:00-04:00,2026-06-16,regular hours,below the 200,True,True,False,False,0.050864011158895606,,,,,,,,,,,,,,,,,,,
CRM,2026-06-25 13:00:00-04:00,2026-06-25,regular hours,below the 200,True,True,True,True,,20.0,False,152.32352600000002,2026-06-26 09:00:00-04:00,0.040285792754035855,-0.01719021393976917,False,False,-0.03732536600317882,-0.031094829041706837,stopped,-0.028871527473082123,-0.031094829041706837,stopped,-0.028871527473082123,-0.02971618448485744,stopped,-0.021380584811210496,-0.034685050883087265
CRM,2026-07-08 17:00:00-04:00,2026-07-09,after hours,open at the 200,True,False,True,False,0.01585365853658538,,,,,,,,,,,,,,,,,,,
CRM,2026-07-16 06:00:00-04:00,2026-07-16,pre-market,open at/above the 50,False,False,True,True,,4.0,False,168.629406,2026-07-16 10:00:00-04:00,0.04032863639453263,0.005452228183736714,True,False,-0.012881777205409062,-0.024732305586132604,stopped,-0.023463809451393043,-0.024732305586132604,stopped,-0.023463809451393043,-0.0051627650280640335,stopped,-0.0029532821664850738,-0.025548443872075666
CRM,2026-07-21 08:00:00-04:00,2026-07-21,pre-market,open at the 200,True,False,True,True,,1.0,True,170.64241600000003,2026-07-21 09:00:00-04:00,0.010446312480713971,0.04941570916342403,True,True,0.03834986004624574,0.016502602729206582,hit the 200,0.021243648163112326,0.016502602729206582,hit the 200,0.021243648163112326,-0.0009234749700214377,stopped,0.001192190326372516,0.04029178965464553
CRM,2026-07-21 18:00:00-04:00,2026-07-22,after hours,between 200 and 50,True,False,True,True,,15.0,True,170.34228599999997,2026-07-22 09:00:00-04:00,0.0023934984646151046,0.0892161679690031,True,True,0.08636523422801745,0.014797347500666786,hit the 200,0.018293640627743232,0.014797347500666786,hit the 200,0.018293640627743232,0.014797347500666786,hit the 200,0.018293640627743232,0.0775264573090011
CRM,2026-07-31 04:00:00-04:00,2026-07-31,pre-market,between 200 and 50,True,False,True,True,,5.0,False,182.363484,2026-07-31 09:00:00-04:00,0.011441523018939411,0.011452314653080406,True,False,-0.005543221725379022,-0.0007913645694551626,stopped,-0.001585977364067955,-0.0007913645694551626,stopped,-0.001585977364067955,-0.0014066193207846636,stopped,0.0006481200093434556,-0.0040516871916514985
CRM,2026-08-06 10:00:00-04:00,2026-08-06,regular hours,between 200 and 50,True,False,False,False,-0.0389468196037539,,,,,,,,,,,,,,,,,,,
CRM,2026-08-12 15:00:00-04:00,2026-08-12,regular hours,between 200 and 50,True,False,False,True,,19.0,False,195.60657,2026-08-13 10:00:00-04:00,0.04495467611338413,0.021556382283069626,True,False,-0.0009878958120531633,-0.019342039482620553,stopped,-0.01917488850671597,-0.019342039482620553,stopped,-0.01917488850671597,-0.022611868302787493,stopped,-0.021956442404468476,-0.0028476771862814276
CRM,2026-08-17 11:00:00-04:00,2026-08-17,regular hours,between 200 and 50,True,False,False,True,,22.0,False,195.348632,2026-08-18 09:00:00-04:00,0.06450707062028456,0.012022771677254485,True,False,-0.05221177041385672,-0.04633443248274191,stopped,-0.04290267905098841,-0.004440770563652996,flat at the close (red),-0.0072293711813150585,-0.009272488788147681,stopped,-0.011395105727412203,-0.05161437557482862
CRM,2026-08-25 14:00:00-04:00,2026-08-25,regular hours,between 200 and 50,True,False,False,False,-0.11218941910401536,,,,,,,,,,,,,,,,,,,
CRM,2026-09-02 05:00:00-04:00,2026-09-02,pre-market,open at/above the 50,True,False,False,True,,4.0,False,257.229484,2026-09-02 09:00:00-04:00,0.04292088071832375,0.014109906623301468,True,False,-0.026154211930287996,-0.019789784284603935,stopped,-0.017555374371949047,-0.019789784284603935,stopped,-0.017555374371949047,-0.005133610577860498,stopped,-0.00129998721500097,-0.011478399842802522
CRM,2026-09-08 06:00:00-04:00,2026-09-08,pre-market,between 200 and 50,True,False,False,False,0.049137330437277305,,,,,,,,,,,,,,,,,,,
CRM,2026-09-16 15:00:00-04:00,2026-09-16,regular hours,below the 200,True,False,False,False,0.027377049180327795,,,,,,,,,,,,,,,,,,,
CRM,2026-09-25 17:00:00-04:00,2026-09-28,after hours,below the 200,True,True,False,False,-0.000640204865557048,,,,,,,,,,,,,,,,,,,
CRM,2026-10-05 15:00:00-04:00,2026-10-05,regular hours,open at/above the 50,True,True,False,False,0.022153099259102582,,,,,,,,,,,,,,,,,,,
DIS,2024-10-01 11:00:00-04:00,2024-10-01,regular hours,between 200 and 50,True,False,False,False,-0.0034534055892041504,,,,,,,,,,,,,,,,,,,
DIS,2024-10-07 18:00:00-04:00,2024-10-08,after hours,below the 200,True,True,False,True,,16.0,False,93.63212,2024-10-08 10:00:00-04:00,0.004035794554261985,0.023198449420989364,False,False,0.0013594994920058667,0.0013594994920058667,time exit (36h),0.012208199665316055,0.0013594994920058667,time exit (36h),0.012208199665316055,-0.00014183167058478042,stopped,0.009367904194189102,0.012208199665316055
DIS,2024-10-22 05:00:00-04:00,2024-10-22,pre-market,between 200 and 50,True,False,False,True,,4.0,True,96.729198,2024-10-22 09:00:00-04:00,0.005435814737138612,0.007693623180872411,True,False,0.004561200540035282,0.004561200540035282,time exit (36h),0.000464823327645858,-0.0005249225046497497,flat at the close (red),0.0035723140036134637,-0.002683801844402773,stopped,0.0025389797577069877,0.000464823327645858
DIS,2024-10-23 13:00:00-04:00,2024-10-23,regular hours,open at/above the 50,False,False,False,True,,20.0,False,96.589108,2024-10-24 09:00:00-04:00,0.002738321177994564,0.017487561848070803,True,True,0.017798819810326494,0.013691279766244313,hit the 200,0.01141206184479906,0.013691279766244313,hit the 200,0.01141206184479906,-0.0013551424452537951,stopped,0.0037009025278378497,0.013369370896060717
DIS,2024-10-30 19:00:00-04:00,2024-10-31,after hours,below the 200,True,True,False,True,,14.0,False,95.93078,2024-10-31 09:00:00-04:00,0.007288797193142773,0.011474732093286434,False,False,0.0015742326164125409,0.0015742326164125409,time exit (36h),-0.007002697192794782,-0.0029021931192183548,flat at the close (red),-0.01635747409714483,-0.003223365847749766,stopped,-0.013462513053023623,-0.007002697192794782
DIS,2024-11-04 11:00:00-05:00,2024-11-04,regular hours,open at/above the 50,True,True,False,True,,2.0,True,95.781818,2024-11-04 13:00:00-05:00,0.010317010270153724,0.00555238991183067,False,False,-0.008982741852043508,-0.006349660224657662,stopped,-0.00017375583358103693,-8.54160141977589e-05,flat at the close (red),-0.0012964309851509759,-0.00029423120784783014,stopped,-0.0006098656330424965,0.005920120414121932
DIS,2024-11-19 18:00:00-05:00,2024-11-20,after hours,between 200 and 50,True,False,False,True,,17.0,False,113.20251944,2024-11-20 11:00:00-05:00,0.02692060720093101,0.002584036481229102,True,False,-0.011504370939573794,,skipped (already above yesterday's high),,,skipped (already above yesterday's high),,-0.004571281297977405,stopped,0.0006784181143950057,-0.002127842616049702
DIS,2024-12-03 11:00:00-05:00,2024-12-03,regular hours,open at/above the 50,True,False,False,False,-0.0073466598325644394,,,,,,,,,,,,,,,,,,,
DIS,2024-12-06 19:00:00-05:00,2024-12-09,after hours,open at/above the 50,False,False,False,False,0.0,,,,,,,,,,,,,,,,,,,
DIS,2024-12-13 14:00:00-05:00,2024-12-13,regular hours,open at/above the 50,True,True,False,False,-0.0019327066678379579,,,,,,,,,,,,,,,,,,,
DIS,2024-12-19 12:00:00-05:00,2024-12-19,regular hours,below the 200,False,True,False,True,,23.0,False,112.44383599999999,2024-12-20 11:00:00-05:00,0.004679349430946206,0.007593444250692292,False,False,0.00351482373940204,0.00351482373940204,time exit (36h),0.010033772601119262,0.00351482373940204,time exit (36h),0.010033772601119262,0.00351482373940204,time exit (36h),0.010033772601119262,0.010033772601119262
DIS,2024-12-23 18:00:00-05:00,2024-12-24,after hours,open at/above the 50,False,True,False,True,,15.0,False,111.51972000000002,2024-12-24 09:00:00-05:00,0.010942279984203456,-0.003140969148774617,False,False,-0.008713599999999766,-0.002961628669799148,stopped,-0.0005503761580776746,-0.002961628669799148,stopped,-0.0005503761580776746,-0.005203384656991368,stopped,0.0005044160039117829,0.00017011319248072532
DIS,2024-12-30 04:00:00-05:00,2024-12-30,pre-market,below the 200,True,True,False,False,-0.004759766502020701,,,,,,,,,,,,,,,,,,,
DIS,2025-01-03 11:00:00-05:00,2025-01-03,regular hours,open at/above the 50,False,True,False,False,0.0007207207207207134,,,,,,,,,,,,,,,,,,,
DIS,2025-01-08 11:00:00-05:00,2025-01-08,regular hours,below the 200,True,True,False,False,-0.015038271049076957,,,,,,,,,,,,,,,,,,,
DIS,2025-01-16 13:00:00-05:00,2025-01-16,regular hours,open at/above the 50,True,True,False,False,-0.004844419601267136,,,,,,,,,,,,,,,,,,,
DIS,2025-01-29 11:00:00-05:00,2025-01-29,regular hours,open at/above the 50,False,False,True,False,0.00415680362519133,,,,,,,,,,,,,,,,,,,
DIS,2025-01-31 19:00:00-05:00,2025-02-03,after hours,between 200 and 50,True,False,True,False,0.0,,,,,,,,,,,,,,,,,,,
DIS,2025-02-05 13:00:00-05:00,2025-02-05,regular hours,open at/above the 50,True,False,True,True,,20.0,False,112.67238200000001,2025-02-06 09:00:00-05:00,6.761195480888728e-05,0.03126215970121238,True,True,0.016256715071705674,0.006898891158616236,hit the 200,0.005145723879994944,0.006898891158616236,hit the 200,0.005145723879994944,0.006898891158616236,hit the 200,0.005145723879994944,0.007176694233023806
DIS,2025-02-10 10:00:00-05:00,2025-02-10,regular hours,open at/above the 50,True,True,True,False,0.004592211609111052,,,,,,,,,,,,,,,,,,,
DIS,2025-02-19 09:00:00-05:00,2025-02-19,regular hours,below the 200,False,True,True,True,,29.0,True,110.26986200000002,2025-02-20 14:00:00-05:00,0.013513556405829068,0.021310101938823642,False,False,0.016019927910131182,,skipped (already above yesterday's high),,,skipped (already above yesterday's high),,-0.002903223003942689,stopped,2.9328315705291243e-05,0.0020921656816892398
DIS,2025-02-21 14:00:00-05:00,2025-02-21,regular hours,open at/above the 50,True,True,False,False,-0.0031437964382592387,,,,,,,,,,,,,,,,,,,
DIS,2025-03-04 11:00:00-05:00,2025-03-04,regular hours,between 200 and 50,True,False,False,False,-0.0011914581614883568,,,,,,,,,,,,,,,,,,,
DIS,2025-03-21 04:00:00-04:00,2025-03-21,pre-market,below the 200,True,True,True,True,,8.0,False,99.46769600000002,2025-03-21 12:00:00-04:00,0.004245639710001754,0.002774729998772873,False,False,0.0006810462776660753,0.0006810462776660753,time exit (36h),0.010521754242267756,-0.00012368315239230654,flat at the close (red),0.008295466424877773,-0.0026873448440987466,stopped,0.0034682231469475825,0.010521754242267756
DIS,2025-03-27 14:00:00-04:00,2025-03-27,regular hours,open at/above the 50,True,False,True,False,0.028271983640081766,,,,,,,,,,,,,,,,,,,
DIS,2025-04-11 13:00:00-04:00,2025-04-11,regular hours,open at/above the 50,True,True,True,False,0.0031835868411742574,,,,,,,,,,,,,,,,,,,
DIS,2025-04-16 09:00:00-04:00,2025-04-16,regular hours,below the 200,True,True,True,True,,24.0,False,84.41726399999999,2025-04-17 09:00:00-04:00,0.016142859119433348,0.008022813911618765,False,False,-0.007938815034879698,-0.007938815034879698,time exit (36h),-0.011220924691491274,-0.004278556263269784,flat at the close (red),-0.008913902679425267,-0.008087634775749255,stopped,-0.006048611204787948,-0.011220924691491274
DIS,2025-05-01 12:00:00-04:00,2025-05-01,regular hours,open at/above the 50,True,False,True,True,,1.0,True,90.655014,2025-05-01 13:00:00-04:00,0.027907844126525735,0.0017099329994035876,True,False,-0.021004168466522644,-0.005901339334634084,stopped,-0.005722700916656034,-0.0013768010575017087,flat at the close (red),-0.0035792864637975708,-0.0033642485566214744,stopped,-0.005566733962917337,-0.00840779918472745
DIS,2025-05-21 06:00:00-04:00,2025-05-21,pre-market,between 200 and 50,True,False,False,True,,5.0,False,112.363028,2025-05-21 11:00:00-04:00,0.0010855172041109424,0.0240748941012875,True,False,0.011095365787816114,0.011095365787816114,time exit (36h),-0.0018352990953105497,0.011095365787816114,time exit (36h),-0.0018352990953105497,0.011095365787816114,time exit (36h),-0.0018352990953105497,-0.0018352990953105497
DIS,2025-05-29 19:00:00-04:00,2025-05-30,after hours,open at/above the 50,False,False,False,True,,14.0,True,111.848762,2025-05-30 09:00:00-04:00,0.013422035015461332,-0.0022462296006459216,True,False,-0.008476911484420091,-0.003676732693742391,stopped,-0.0047668551621884775,-0.003676732693742391,stopped,-0.0047668551621884775,-0.006358925993298064,stopped,-0.004728186554883878,-0.007336702487459101
DIS,2025-06-05 19:00:00-04:00,2025-06-06,after hours,open at/above the 50,True,False,False,False,-0.014499121265377779,,,,,,,,,,,,,,,,,,,
DIS,2025-06-13 06:00:00-04:00,2025-06-13,pre-market,between 200 and 50,True,False,False,False,-0.009762308998302105,,,,,,,,,,,,,,,,,,,
DIS,2025-06-18 11:00:00-04:00,2025-06-18,regular hours,open at/above the 50,True,False,False,False,-0.003725759063063605,,,,,,,,,,,,,,,,,,,
DIS,2025-07-02 13:00:00-04:00,2025-07-02,regular hours,open at/above the 50,True,False,False,True,,20.0,False,123.38007400000001,2025-07-03 09:00:00-04:00,0.006969731595395114,0.000892153784897321,True,False,-0.004999403225806387,-0.003038788905248897,stopped,0.0008229573732135777,-0.003038788905248897,stopped,0.0008229573732135777,-0.0030793140876216162,stopped,0.0028213815228366346,0.0003605110155657787
DIS,2025-07-08 10:00:00-04:00,2025-07-08,regular hours,open at/above the 50,True,False,False,False,0.013681592039801016,,,,,,,,,,,,,,,,,,,
DIS,2025-07-22 12:00:00-04:00,2025-07-22,regular hours,open at/above the 50,True,True,False,True,,1.0,False,121.258282,2025-07-22 13:00:00-04:00,0.015848138109032527,0.004965285587668114,False,False,-0.013679176834228146,-0.005868613576431847,stopped,-0.002465117191039678,-0.005868613576431847,stopped,-0.002465117191039678,-0.0020758829487623038,stopped,0.003428369977599504,-0.00295767971648242
DIS,2025-07-25 15:00:00-04:00,2025-07-25,regular hours,open at/above the 50,True,False,False,False,0.00013993727517425114,,,,,,,,,,,,,,,,,,,
DIS,2025-08-06 11:00:00-04:00,2025-08-06,regular hours,below the 200,True,True,False,False,0.022472736357990408,,,,,,,,,,,,,,,,,,,
DIS,2025-08-18 13:00:00-04:00,2025-08-18,regular hours,below the 200,False,False,True,True,,22.0,True,116.21680199999999,2025-08-19 11:00:00-04:00,0.01439721254763157,0.004016648126318147,True,True,-0.00558994986741701,0.0031636131236856264,hit the 200,0.0007483052305530253,0.0031636131236856264,hit the 200,0.0007483052305530253,0.0031636131236856264,hit the 200,0.0007483052305530253,-0.010944450550154805
DIS,2025-08-26 19:00:00-04:00,2025-08-27,after hours,open at/above the 50,True,False,True,True,,14.0,False,117.865046,2025-08-27 09:00:00-04:00,0.005047756058229402,0.010648161118097788,True,False,0.0031067744680852716,-0.004326592296073879,stopped,-0.004187133087892176,-0.004326592296073879,stopped,-0.004187133087892176,-0.003350900147275202,stopped,-0.0013683523831554334,0.00833301358008709
DIS,2025-09-03 07:00:00-04:00,2025-09-03,pre-market,open at/above the 50,False,False,True,True,,26.0,False,117.645928,2025-09-04 09:00:00-04:00,0.018139786359626518,0.0014682021123586379,True,False,-0.0021549787955895683,-0.005389663805448526,stopped,-0.0034740600293796066,-0.005389663805448526,stopped,-0.0034740600293796066,-0.009427202614271508,stopped,-0.006692958794872712,0.0004171883070465121
DIS,2025-09-09 15:00:00-04:00,2025-09-09,regular hours,open at/above the 50,True,False,True,False,0.0137317557647465,,,,,,,,,,,,,,,,,,,
DIS,2025-09-19 05:00:00-04:00,2025-09-19,pre-market,below the 200,True,True,True,False,0.011480042387848943,,,,,,,,,,,,,,,,,,,
DIS,2025-10-01 17:00:00-04:00,2025-10-02,after hours,below the 200,True,True,True,False,0.007326255687393868,,,,,,,,,,,,,,,,,,,
DIS,2025-10-07 14:00:00-04:00,2025-10-07,regular hours,open at/above the 50,True,True,True,True,,23.0,True,112.58959999999999,2025-10-08 13:00:00-04:00,0.00364509688283829,0.015228760027569068,False,False,0.013864025213867537,0.013864025213867537,time exit (36h),0.012740446429416075,0.013864025213867537,time exit (36h),0.012740446429416075,0.013864025213867537,time exit (36h),0.012740446429416075,0.012740446429416075
DIS,2025-10-08 07:00:00-04:00,2025-10-08,pre-market,open at/above the 50,False,True,True,True,,6.0,True,112.58959999999999,2025-10-08 13:00:00-04:00,0.00364509688283829,0.015228760027569068,False,False,0.013864025213867537,0.013864025213867537,time exit (36h),0.012740446429416075,0.013864025213867537,time exit (36h),0.012740446429416075,0.013864025213867537,time exit (36h),0.012740446429416075,0.012740446429416075
DIS,2025-10-08 10:00:00-04:00,2025-10-08,regular hours,open at/above the 50,False,True,True,True,,3.0,True,112.58959999999999,2025-10-08 13:00:00-04:00,0.00364509688283829,0.015228760027569068,False,False,0.013864025213867537,0.013864025213867537,time exit (36h),0.012740446429416075,0.013864025213867537,time exit (36h),0.012740446429416075,0.013864025213867537,time exit (36h),0.012740446429416075,0.012740446429416075
DIS,2025-10-17 04:00:00-04:00,2025-10-17,pre-market,below the 200,True,True,True,True,,6.0,False,110.79130799999999,2025-10-17 10:00:00-04:00,0.0060355998324345735,0.005246873698792264,False,False,0.0008727427781094477,0.0008727427781094477,time exit (36h),0.007787124692491432,0.0008727427781094477,time exit (36h),0.007787124692491432,0.0008727427781094477,time exit (36h),0.007787124692491432,0.007787124692491432
DIS,2025-10-23 15:00:00-04:00,2025-10-23,regular hours,open at/above the 50,True,False,True,True,,18.0,False,113.291846,2025-10-24 09:00:00-04:00,0.003161339607794889,0.015021787181400532,True,True,0.014160290036702383,0.013859130691541566,hit the 200,0.017178106527668734,0.013859130691541566,hit the 200,0.017178106527668734,0.013859130691541566,hit the 200,0.017178106527668734,0.016522611017065425
DIS,2025-11-04 09:00:00-05:00,2025-11-04,regular hours,below the 200,True,True,True,True,,27.0,False,111.79146799999998,2025-11-05 12:00:00-05:00,0.001597009174260225,0.02336017271013897,False,False,0.009950926009576033,0.009950926009576033,time exit (36h),-0.0011515861942577033,0.009950926009576033,time exit (36h),-0.0011515861942577033,0.009950926009576033,time exit (36h),-0.0011515861942577033,-0.0011515861942577033
DIS,2025-11-13 13:00:00-05:00,2025-11-13,regular hours,below the 200,True,False,True,False,0.008724662399610228,,,,,,,,,,,,,,,,,,,
DIS,2025-11-19 17:00:00-05:00,2025-11-20,after hours,open at/above the 50,True,True,True,True,,16.0,False,105.745144,2025-11-20 09:00:00-05:00,0.0005187566816307036,0.03305157918173522,False,False,0.014926038967271404,0.014926038967271404,time exit (36h),-0.004891802012827462,0.014926038967271404,time exit (36h),-0.004891802012827462,0.014926038967271404,time exit (36h),-0.004891802012827462,-0.004891802012827462
DIS,2025-12-03 10:00:00-05:00,2025-12-03,regular hours,open at/above the 50,True,False,True,True,,4.0,False,105.42827,2025-12-03 14:00:00-05:00,0.007462230007188828,0.00870895443888061,True,True,-0.0006713801349964577,0.006365659798837643,hit the 200,0.005450967647628103,-0.0028537784923863274,flat at the close (red),-0.003007329917489754,-0.002956797071601357,stopped,-0.002803292788100885,0.0005480430121376223
DIS,2025-12-16 06:00:00-05:00,2025-12-16,pre-market,open at/above the 50,True,False,True,True,,3.0,False,111.131962,2025-12-16 09:00:00-05:00,0.015458541081097836,0.006878867125552904,True,False,0.004991517453427408,-0.003761636098892915,stopped,-0.0022633767237552147,-0.003761636098892915,stopped,-0.0022633767237552147,-0.004211551668636903,stopped,-0.006910905593763005,-0.005308108014737245
DIS,2025-12-18 05:00:00-05:00,2025-12-18,pre-market,between 200 and 50,True,False,True,True,,4.0,False,111.11402400000001,2025-12-18 09:00:00-05:00,0.02127522624866848,0.001746170222401567,True,False,-0.0021147468107175493,-0.009143544292842644,stopped,-0.004026123002605466,-0.009143544292842644,stopped,-0.004026123002605466,-0.0060836245116997235,stopped,-0.000966203221462545,0.005076531205807644
DIS,2026-01-02 06:00:00-05:00,2026-01-02,pre-market,between 200 and 50,True,False,False,False,0.018604651162790642,,,,,,,,,,,,,,,,,,,
DIS,2026-01-08 09:00:00-05:00,2026-01-08,regular hours,below the 200,True,False,False,True,,1.0,False,113.614318,2026-01-08 10:00:00-05:00,0.020822041109290527,0.0010942106786224106,True,False,-0.019128740395407018,-0.011932316488490488,stopped,-0.011046834045720174,-0.011932316488490488,stopped,-0.011046834045720174,-0.004186813848585582,stopped,-0.0015639675531747077,-0.010201197485603886
DIS,2026-01-13 06:00:00-05:00,2026-01-13,pre-market,below the 200,True,False,False,False,-0.006526148690360611,,,,,,,,,,,,,,,,,,,
DIS,2026-01-16 17:00:00-05:00,2026-01-20,after hours,below the 200,True,True,False,False,-0.0009662555889713431,,,,,,,,,,,,,,,,,,,
DIS,2026-01-23 19:00:00-05:00,2026-01-26,after hours,open at/above the 50,True,True,False,False,0.0,,,,,,,,,,,,,,,,,,,
DIS,2026-02-02 15:00:00-05:00,2026-02-02,regular hours,below the 200,True,True,False,False,0.003743520829333713,,,,,,,,,,,,,,,,,,,
DIS,2026-02-06 10:00:00-05:00,2026-02-06,regular hours,open at/above the 50,False,True,False,False,-0.013988588256948264,,,,,,,,,,,,,,,,,,,
DIS,2026-02-12 10:00:00-05:00,2026-02-12,regular hours,below the 200,True,True,True,False,-0.03230403800475068,,,,,,,,,,,,,,,,,,,
DIS,2026-02-20 13:00:00-05:00,2026-02-20,regular hours,open at/above the 50,True,True,True,False,0.0009760535218474864,,,,,,,,,,,,,,,,,,,
DIS,2026-02-27 16:00:00-05:00,2026-03-02,after hours,below the 200,False,True,True,False,-0.002358490566037763,,,,,,,,,,,,,,,,,,,
DIS,2026-03-12 05:00:00-04:00,2026-03-12,pre-market,below the 200,True,True,True,True,,28.0,False,100.682684,2026-03-13 09:00:00-04:00,0.0008672394947278251,0.015123593645954038,False,False,0.013924310171198329,0.013924310171198329,time exit (36h),0.0029639997800390283,0.013924310171198329,time exit (36h),0.0029639997800390283,0.013924310171198329,time exit (36h),0.0029639997800390283,0.0029639997800390283
DIS,2026-03-19 13:00:00-04:00,2026-03-19,regular hours,below the 200,True,True,True,True,,20.0,False,99.52334599999999,2026-03-20 09:00:00-04:00,0.009712836624283166,0.011387740118785687,False,False,-0.005760779220779222,-0.005760779220779222,time exit (36h),-0.010842826734862143,-0.005760779220779222,time exit (36h),-0.010842826734862143,-0.005760779220779222,time exit (36h),-0.010842826734862143,-0.010842826734862143
DIS,2026-03-23 15:00:00-04:00,2026-03-23,regular hours,open at/above the 50,True,True,True,False,0.011998107410644332,,,,,,,,,,,,,,,,,,,
DIS,2026-04-06 05:00:00-04:00,2026-04-06,pre-market,open at/above the 50,False,True,True,True,,7.0,True,96.517002,2026-04-06 12:00:00-04:00,0.008319756968829058,0.01235017639690054,False,False,-0.008251109741060247,-0.006764590553693258,stopped,0.016676098739677583,-0.006764590553693258,stopped,0.016676098739677583,-0.005936757132178622,stopped,0.01750393216119222,0.015189579552310595
DIS,2026-04-06 15:00:00-04:00,2026-04-06,regular hours,open at/above the 50,True,True,True,True,,18.0,False,96.510812,2026-04-07 09:00:00-04:00,0.02776049589138258,0.012286830619557926,False,False,-0.024157613751263907,-0.0068291623118868485,stopped,0.01916481726713487,-0.0068291623118868485,stopped,0.01916481726713487,-0.006001275794881945,stopped,0.019992703784139775,0.003365729957050978
DIS,2026-04-22 04:00:00-04:00,2026-04-22,pre-market,between 200 and 50,True,False,True,True,,5.0,False,105.58331999999999,2026-04-22 09:00:00-04:00,0.006598390730657219,0.02872915911339016,True,False,0.020227268335104798,0.020227268335104798,time exit (36h),0.022411782245525536,0.020227268335104798,time exit (36h),0.022411782245525536,-0.004798864062997992,stopped,-0.001911702776310014,0.022411782245525536
DIS,2026-05-04 17:00:00-04:00,2026-05-05,after hours,below the 200,True,True,False,False,0.003952659205704645,,,,,,,,,,,,,,,,,,,
DIS,2026-05-11 09:00:00-04:00,2026-05-11,regular hours,open at/above the 50,True,False,False,False,0.013017639845297468,,,,,,,,,,,,,,,,,,,
DIS,2026-05-15 11:00:00-04:00,2026-05-15,regular hours,open at/above the 50,True,False,False,False,0.0056973120373977615,,,,,,,,,,,,,,,,,,,
DIS,2026-05-26 06:00:00-04:00,2026-05-26,pre-market,open at/above the 50,False,True,False,True,,3.0,False,103.508892,2026-05-26 09:00:00-04:00,0.016820854386113967,0.011244367295517027,False,False,-0.0049135550855603505,-0.009575100079324557,stopped,-0.010307954614361688,-0.009575100079324557,stopped,-0.010307954614361688,-0.012376791744616523,stopped,-0.014190899097086974,-0.006233467091426581
DIS,2026-05-29 13:00:00-04:00,2026-05-29,regular hours,open at/above the 50,True,True,False,False,0.005194074501005064,,,,,,,,,,,,,,,,,,,
DIS,2026-06-10 13:00:00-04:00,2026-06-10,regular hours,open at/above the 50,False,True,False,True,,20.0,False,99.129686,2026-06-11 09:00:00-04:00,0.026619815985294216,0.010387261793606531,False,False,-0.006915588058505229,-0.009687451244423358,stopped,-0.002408044482058532,-0.009687451244423358,stopped,-0.002408044482058532,-0.014176520240364626,stopped,-0.00581096377115951,0.010391974740336485
DIS,2026-06-18 07:00:00-04:00,2026-06-18,pre-market,open at/above the 50,True,False,True,True,,2.0,False,101.34939800000001,2026-06-18 09:00:00-04:00,0.028323818953517522,-0.002669991192251548,True,False,-0.024266891306440663,-0.00997146524738106,stopped,-0.009034182830799086,-0.00997146524738106,stopped,-0.009034182830799086,-0.0075047510395670185,stopped,-0.006567468622985044,-0.02319585481087194
DIS,2026-06-24 17:00:00-04:00,2026-06-25,after hours,open at the 200,True,False,True,False,0.024652531196104333,,,,,,,,,,,,,,,,,,,
DIS,2026-07-07 16:00:00-04:00,2026-07-08,after hours,below the 200,True,True,True,False,0.007024793388429762,,,,,,,,,,,,,,,,,,,
DIS,2026-07-14 15:00:00-04:00,2026-07-14,regular hours,below the 200,False,True,True,False,-0.012260457449000617,,,,,,,,,,,,,,,,,,,
DIS,2026-07-20 10:00:00-04:00,2026-07-20,regular hours,open at/above the 50,True,False,True,False,0.005300904271905216,,,,,,,,,,,,,,,,,,,
DIS,2026-07-30 12:00:00-04:00,2026-07-30,regular hours,between 200 and 50,True,False,True,False,-0.004628787839431547,,,,,,,,,,,,,,,,,,,
DIS,2026-08-11 04:00:00-04:00,2026-08-11,pre-market,between 200 and 50,True,False,True,True,,6.0,False,104.00623,2026-08-11 10:00:00-04:00,0.0007573584774680475,0.01904914734434655,True,False,0.007226709277551757,0.007226709277551757,time exit (36h),0.005524003075298767,0.007226709277551757,time exit (36h),0.005524003075298767,0.007226709277551757,time exit (36h),0.005524003075298767,0.005524003075298767
DIS,2026-08-18 07:00:00-04:00,2026-08-18,pre-market,between 200 and 50,True,False,False,True,,3.0,False,104.974538,2026-08-18 10:00:00-04:00,0.019866360354927278,0.011188789418630243,True,False,-0.017092340823970043,-0.015841574839795983,stopped,-0.011011220009441106,-0.015841574839795983,stopped,-0.011011220009441106,-0.008339755684373661,stopped,-0.003509400854018784,-0.015092366797658796
DIS,2026-08-27 08:00:00-04:00,2026-08-27,pre-market,between 200 and 50,True,False,False,False,0.007639364146733607,,,,,,,,,,,,,,,,,,,
DIS,2026-09-04 10:00:00-04:00,2026-09-04,regular hours,below the 200,True,True,False,False,0.0011409013120364797,,,,,,,,,,,,,,,,,,,
DIS,2026-09-16 12:00:00-04:00,2026-09-16,regular hours,open at the 200,False,False,False,False,0.02176149102474767,,,,,,,,,,,,,,,,,,,
DIS,2026-09-23 17:00:00-04:00,2026-09-24,after hours,open at/above the 50,True,True,False,True,,16.0,False,103.813304,2026-09-24 09:00:00-04:00,0.022827478836431155,-0.0064220670599213535,False,False,-0.016305592220902887,-0.0077706418052160475,stopped,-0.0061244007223552254,-0.0077706418052160475,stopped,-0.0061244007223552254,-0.011142078668452711,stopped,-0.005753278002011726,-0.006047056393743699
DIS,2026-09-29 14:00:00-04:00,2026-09-29,regular hours,open at/above the 50,True,False,False,True,,22.0,True,105.535168,2026-09-30 12:00:00-04:00,0.004208379144286729,0.04183598779129242,True,True,0.04170431181096457,0.0005518634319131376,hit the 200,-0.0007637546480660152,0.0005518634319131376,hit the 200,-0.0007637546480660152,0.0005518634319131376,hit the 200,-0.0007637546480660152,0.0364998605667346
GOOGL,2024-10-03 07:00:00-04:00,2024-10-03,pre-market,between 200 and 50,True,False,True,True,,4.0,False,165.90428200000002,2024-10-03 11:00:00-04:00,0.014018432628519897,0.0025573902908668355,True,False,-0.006421965712560707,-0.0097388565293329,stopped,0.0011354518262553254,-0.0097388565293329,stopped,0.0011354518262553254,-0.0009386014521311686,stopped,-0.001432951734617069,0.003415360212200347
GOOGL,2024-10-07 16:00:00-04:00,2024-10-08,after hours,open at the 200,True,False,True,False,0.006786353260534339,,,,,,,,,,,,,,,,,,,
GOOGL,2024-10-17 07:00:00-04:00,2024-10-17,pre-market,open at/above the 50,False,False,False,True,,2.0,True,165.280598,2024-10-17 09:00:00-04:00,0.006591227362330858,0.01531091991813823,True,True,0.011199743040685384,-0.003142546713196268,stopped,-0.00553956071860686,-0.003142546713196268,stopped,-0.00553956071860686,0.0038792242269112785,hit the 200,-0.00017241379245941726,0.009934180036170304
GOOGL,2024-10-24 04:00:00-04:00,2024-10-24,pre-market,below the 200,True,False,False,False,-0.010109570797263712,,,,,,,,,,,,,,,,,,,
GOOGL,2024-10-31 17:00:00-04:00,2024-11-01,after hours,between 200 and 50,True,False,False,False,-0.0013444002805705901,,,,,,,,,,,,,,,,,,,
GOOGL,2024-11-14 04:00:00-05:00,2024-11-14,pre-market,between 200 and 50,True,False,False,False,0.037260242220548134,,,,,,,,,,,,,,,,,,,
GOOGL,2024-11-21 09:00:00-05:00,2024-11-21,regular hours,below the 200,True,True,False,False,0.014322231115091011,,,,,,,,,,,,,,,,,,,
GOOGL,2024-12-06 16:00:00-05:00,2024-12-09,after hours,open at/above the 50,False,False,False,False,-0.0012027491408934665,,,,,,,,,,,,,,,,,,,
GOOGL,2024-12-13 16:00:00-05:00,2024-12-16,after hours,open at/above the 50,True,False,False,False,-0.000157903047528829,,,,,,,,,,,,,,,,,,,
GOOGL,2024-12-18 16:00:00-05:00,2024-12-19,after hours,between 200 and 50,True,False,False,False,0.017563769995676548,,,,,,,,,,,,,,,,,,,
GOOGL,2024-12-27 12:00:00-05:00,2024-12-27,regular hours,open at/above the 50,True,False,False,False,-0.007246000415541243,,,,,,,,,,,,,,,,,,,
GOOGL,2025-01-08 13:00:00-05:00,2025-01-08,regular hours,open at the 200,True,False,False,True,,1.0,False,195.08523399999999,2025-01-08 14:00:00-05:00,0.0030487494507145593,0.008638449796769242,True,False,0.007047460251909943,0.007047460251909943,time exit (36h),0.00772753574028906,0.007047460251909943,time exit (36h),0.00772753574028906,0.007047460251909943,time exit (36h),0.00772753574028906,0.00772753574028906
GOOGL,2025-01-23 19:00:00-05:00,2025-01-24,after hours,open at/above the 50,True,False,False,False,-0.010679600972272607,,,,,,,,,,,,,,,,,,,
GOOGL,2025-01-27 06:00:00-05:00,2025-01-27,pre-market,below the 200,True,False,False,False,-0.012775782452539852,,,,,,,,,,,,,,,,,,,
GOOGL,2025-02-04 17:00:00-05:00,2025-02-05,after hours,below the 200,True,False,False,False,-0.0033457054733649905,,,,,,,,,,,,,,,,,,,
GOOGL,2025-02-18 17:00:00-05:00,2025-02-19,after hours,below the 200,True,True,False,True,,17.0,False,184.924854,2025-02-19 10:00:00-05:00,0.0031101606277325463,0.011922972776823236,False,False,0.001271611890194535,0.001271611890194535,time exit (36h),0.002008869619113174,-0.0018090575407534448,flat at the close (red),0.0030530733125668785,-0.000893043830657792,stopped,0.0027498541518628065,0.002008869619113174
GOOGL,2025-02-20 11:00:00-05:00,2025-02-20,regular hours,open at/above the 50,True,True,False,True,,3.0,True,184.615868,2025-02-20 14:00:00-05:00,0.0047327026082069484,0.029985873153655425,False,False,0.02884628095120534,-0.004572369694678693,stopped,-0.0047858559448659375,-0.004572369694678693,stopped,-0.0047858559448659375,-0.0008890460055145155,stopped,0.002549630922600765,0.014918518722763396
GOOGL,2025-02-21 11:00:00-05:00,2025-02-21,regular hours,open at/above the 50,True,True,False,False,0.01003289684501274,,,,,,,,,,,,,,,,,,,
GOOGL,2025-03-10 10:00:00-04:00,2025-03-10,regular hours,below the 200,True,True,True,False,-0.0015630832258092253,,,,,,,,,,,,,,,,,,,
GOOGL,2025-03-13 17:00:00-04:00,2025-03-14,after hours,below the 200,True,True,True,True,,18.0,True,164.790846,2025-03-14 11:00:00-04:00,0.010310973219956778,0.0047990893863120755,False,False,-0.004269877188477267,-0.00812638585519494,stopped,-0.003666107598651781,-0.00812638585519494,stopped,-0.003666107598651781,-0.0021794535844546726,stopped,0.001041027121482162,-0.0010671302485398826
GOOGL,2025-03-18 09:00:00-04:00,2025-03-18,regular hours,below the 200,True,True,True,True,,29.0,False,163.118878,2025-03-19 14:00:00-04:00,0.01686574867195941,0.013234997852302461,False,False,0.0020202592296825195,0.0020202592296825195,time exit (36h),0.006439718994920796,-0.00513004391314964,flat at the close (red),0.0016246870439764471,-0.012083960018410674,stopped,-0.005329229061284586,0.006439718994920796
GOOGL,2025-03-21 14:00:00-04:00,2025-03-21,regular hours,below the 200,False,True,True,False,-0.008794887401095686,,,,,,,,,,,,,,,,,,,
GOOGL,2025-03-27 04:00:00-04:00,2025-03-27,pre-market,open at the 200,True,False,True,False,0.07503639818018848,,,,,,,,,,,,,,,,,,,
GOOGL,2025-04-03 07:00:00-04:00,2025-04-03,pre-market,below the 200,True,True,True,False,0.05381692573402419,,,,,,,,,,,,,,,,,,,
GOOGL,2025-04-09 11:00:00-04:00,2025-04-09,regular hours,below the 200,True,True,True,True,,1.0,False,146.155396,2025-04-09 12:00:00-04:00,0.09164631868945855,0.009273663765380136,False,False,-0.041415386633436135,-0.04163105958811136,stopped,0.031087544932613287,-0.04163105958811136,stopped,0.031087544932613287,-0.06838340747952959,stopped,-0.0025461031267902112,0.008626013346682782
GOOGL,2025-04-16 05:00:00-04:00,2025-04-16,pre-market,open at the 200,True,False,True,False,0.015759155894215393,,,,,,,,,,,,,,,,,,,
GOOGL,2025-04-28 19:00:00-04:00,2025-04-29,after hours,between 200 and 50,True,False,True,False,0.006271165182490934,,,,,,,,,,,,,,,,,,,
GOOGL,2025-05-06 18:00:00-04:00,2025-05-07,after hours,open at/above the 50,False,False,True,False,0.06537342386032963,,,,,,,,,,,,,,,,,,,
GOOGL,2025-05-19 13:00:00-04:00,2025-05-19,regular hours,open at/above the 50,False,False,True,True,,25.0,True,165.539236,2025-05-20 14:00:00-04:00,0.04591518109942225,0.015943265559108796,True,False,-0.018736004742145873,-0.023020306799047967,stopped,-0.0269905091185265,-0.023020306799047967,stopped,-0.0269905091185265,-0.01667739967097603,stopped,-0.020647601990454564,-0.03568646528910868
GOOGL,2025-05-21 08:00:00-04:00,2025-05-21,pre-market,between 200 and 50,True,False,False,True,,1.0,False,165.51693600000002,2025-05-21 09:00:00-04:00,0.06798738710339583,-0.01488103912218369,True,False,-0.035954709068670154,-0.018022711585236113,stopped,-0.01578788554612682,-0.018022711585236113,stopped,-0.01578788554612682,-0.016814376022523735,stopped,-0.01457954998341444,-0.04662165012610353
GOOGL,2025-05-27 05:00:00-04:00,2025-05-27,pre-market,open at/above the 50,False,False,False,False,-0.0062380869866572874,,,,,,,,,,,,,,,,,,,
GOOGL,2025-05-30 06:00:00-04:00,2025-05-30,pre-market,between 200 and 50,True,False,False,False,0.003855365383492071,,,,,,,,,,,,,,,,,,,
GOOGL,2025-06-12 10:00:00-04:00,2025-06-12,regular hours,between 200 and 50,True,False,False,True,,26.0,False,176.801948,2025-06-13 12:00:00-04:00,0.0018554772937229478,0.013698649971888402,True,False,0.012843423464711234,0.012843423464711234,time exit (36h),0.006550431113374833,0.012843423464711234,time exit (36h),0.006550431113374833,0.012843423464711234,time exit (36h),0.006550431113374833,0.006550431113374833
GOOGL,2025-06-18 17:00:00-04:00,2025-06-20,after hours,open at the 200,True,False,False,False,0.007063046372951964,,,,,,,,,,,,,,,,,,,
GOOGL,2025-07-01 16:00:00-04:00,2025-07-02,after hours,between 200 and 50,True,False,False,True,,17.0,False,176.30664800000002,2025-07-02 09:00:00-04:00,0.019076716834863557,0.0023064813755634345,True,False,-0.017790261838440014,,skipped (already above yesterday's high),,,skipped (already above yesterday's high),,-0.004046086793051537,stopped,7.472023856079126e-05,-0.004526474059044494
GOOGL,2025-07-08 05:00:00-04:00,2025-07-08,pre-market,open at/above the 50,True,False,False,True,,4.0,False,177.670046,2025-07-08 09:00:00-04:00,0.009962028151892212,0.027579471668510755,True,True,0.006971469054636303,0.022982776736603205,hit the 200,0.022346772453637587,0.022982776736603205,hit the 200,0.022346772453637587,0.022982776736603205,hit the 200,0.022346772453637587,0.01052906953744892
GOOGL,2025-07-28 13:00:00-04:00,2025-07-28,regular hours,open at/above the 50,True,False,False,True,,20.0,True,192.84711,2025-07-29 09:00:00-04:00,0.024645378403648388,0.0026814506061302863,True,False,-0.015583920367534532,-0.0076894592820189326,stopped,-0.011204245760706236,-0.0076894592820189326,stopped,-0.011204245760706236,-0.0032818225795553965,stopped,-0.006796609058242701,-0.014284914185517139
GOOGL,2025-07-31 17:00:00-04:00,2025-08-01,after hours,below the 200,True,False,False,False,0.014823866957122345,,,,,,,,,,,,,,,,,,,
GOOGL,2025-08-14 14:00:00-04:00,2025-08-14,regular hours,open at/above the 50,False,False,False,False,-0.00335899573383025,,,,,,,,,,,,,,,,,,,
GOOGL,2025-08-19 06:00:00-04:00,2025-08-19,pre-market,open at/above the 50,True,False,False,False,0.01969849246231159,,,,,,,,,,,,,,,,,,,
GOOGL,2025-08-27 11:00:00-04:00,2025-08-27,regular hours,between 200 and 50,False,False,False,True,,3.0,False,207.39018199999998,2025-08-27 14:00:00-04:00,0.02328855663958103,0.004292305409134467,True,False,-0.019246278255935056,-0.002217163780684723,stopped,-0.0024336742505124583,-0.002217163780684723,stopped,-0.0024336742505124583,-0.0015421077165553882,stopped,-0.0009701979877388995,-0.016332534326234938
GOOGL,2025-09-18 08:00:00-04:00,2025-09-18,pre-market,open at/above the 50,False,False,False,True,,3.0,True,251.212024,2025-09-18 11:00:00-04:00,0.01905950170601701,0.005262582494857122,True,False,-0.016166585728832117,-0.0015444165204448197,stopped,-0.0008357740983954427,-0.0015444165204448197,stopped,-0.0008357740983954427,-0.0027386268740066037,stopped,-0.0034784952076418667,-0.015111526720889001
GOOGL,2025-09-23 09:00:00-04:00,2025-09-23,regular hours,open at/above the 50,True,False,False,True,,2.0,True,252.93151999999998,2025-09-23 11:00:00-04:00,0.003394120274135918,0.025665128648260132,True,True,0.022215648094486395,0.025487975954914557,hit the 200,0.01679048742228381,0.025487975954914557,hit the 200,0.01679048742228381,-0.0028010743777604655,stopped,-0.004545479817094095,0.015255952759672065
GOOGL,2025-09-30 07:00:00-04:00,2025-09-30,pre-market,below the 200,True,True,False,True,,31.0,False,244.36064000000002,2025-10-01 14:00:00-04:00,0.01080108482282573,0.008432781973398033,False,False,-0.0074306836183434255,-0.0074306836183434255,time exit (36h),-0.005197507130181522,-0.001998611394731342,flat at the close (red),-0.0011684069101313144,-0.0047076321292986376,stopped,-0.0038774276446986097,-0.005197507130181522
GOOGL,2025-10-08 09:00:00-04:00,2025-10-08,regular hours,below the 200,True,True,False,False,0.013508473873948601,,,,,,,,,,,,,,,,,,,
GOOGL,2025-10-22 06:00:00-04:00,2025-10-22,pre-market,open at/above the 50,False,False,False,True,,5.0,True,254.15266,2025-10-22 11:00:00-04:00,0.011360652294569819,0.019132831425018353,True,False,-0.0036350962972778733,-0.0028618232836909838,stopped,-0.004446254009689215,-0.0028618232836909838,stopped,-0.004446254009689215,-0.0007371160309713307,stopped,0.002935676119266305,-0.0003181247072140403
GOOGL,2025-11-03 06:00:00-05:00,2025-11-03,pre-market,open at/above the 50,False,False,False,True,,3.0,False,282.943744,2025-11-03 09:00:00-05:00,0.009140530776322773,0.0280753477270732,True,False,0.02795184014532226,0.02795184014532226,time exit (36h),0.00991037303046971,-0.003298069606876175,flat at the close (red),-0.004937054021890375,0.02795184014532226,time exit (36h),0.00991037303046971,0.00991037303046971
GOOGL,2025-11-07 16:00:00-05:00,2025-11-10,after hours,open at/above the 50,True,False,False,False,-0.004174800165282266,,,,,,,,,,,,,,,,,,,
GOOGL,2025-11-13 05:00:00-05:00,2025-11-13,pre-market,open at the 200,True,False,False,False,0.008722377930650893,,,,,,,,,,,,,,,,,,,
GOOGL,2025-11-21 14:00:00-05:00,2025-11-21,regular hours,open at/above the 50,False,False,False,False,-0.002776859504132201,,,,,,,,,,,,,,,,,,,
GOOGL,2025-11-28 08:00:00-05:00,2025-11-28,pre-market,open at/above the 50,False,False,False,False,0.012473037606677284,,,,,,,,,,,,,,,,,,,
GOOGL,2025-12-08 14:00:00-05:00,2025-12-08,regular hours,open at/above the 50,True,False,False,True,,22.0,False,317.27526400000005,2025-12-09 12:00:00-05:00,0.012716831274939706,0.008526551883981904,True,True,-0.0045329317269076075,0.004438514942028564,hit the 200,0.0011428739764789905,0.004438514942028564,hit the 200,0.0011428739764789905,-0.0008659231625443124,stopped,-0.0022108540886463073,-0.003438316806486763
GOOGL,2025-12-12 04:00:00-05:00,2025-12-12,pre-market,below the 200,True,True,False,False,0.015382622494251708,,,,,,,,,,,,,,,,,,,
GOOGL,2025-12-29 08:00:00-05:00,2025-12-29,pre-market,between 200 and 50,True,False,False,True,,6.0,False,313.724468,2025-12-29 14:00:00-05:00,0.010281416749426082,0.0044448812325343316,True,False,0.0013548292371527992,-0.004336709880084896,stopped,-0.0030796068848371683,-0.004336709880084896,stopped,-0.0030796068848371683,-1.763330745377668e-05,stopped,0.0008909950272122073,-0.0006499823105616809
GOOGL,2026-01-06 19:00:00-05:00,2026-01-07,after hours,open at/above the 50,True,False,False,False,-0.032556851401667974,,,,,,,,,,,,,,,,,,,
GOOGL,2026-01-15 16:00:00-05:00,2026-01-16,after hours,open at/above the 50,True,False,False,True,,17.0,False,334.994924,2026-01-16 09:00:00-05:00,0.0017214469792980012,0.02177622249583709,True,False,0.016522300106205368,0.016522300106205368,time exit (36h),0.01400573998355914,0.016522300106205368,time exit (36h),0.01400573998355914,0.016522300106205368,time exit (36h),0.01400573998355914,0.01400573998355914
GOOGL,2026-01-26 06:00:00-05:00,2026-01-26,pre-market,open at the 200,True,False,False,True,,3.0,False,329.554254,2026-01-26 09:00:00-05:00,0.026507762815891327,-0.002308408982030568,True,False,-0.018248766682554818,-0.012546176994577576,stopped,-0.007871661759120543,-0.012546176994577576,stopped,-0.007871661759120543,-0.004204910066188929,stopped,0.0002613405200515761,-0.00780640051123116
GOOGL,2026-01-30 07:00:00-05:00,2026-01-30,pre-market,open at/above the 50,True,False,False,True,,2.0,True,336.397762,2026-01-30 09:00:00-05:00,0.010708269813043524,0.0022525774116178986,True,False,-0.004151089402013031,-0.004151089402013031,time exit (36h),-0.004672458284980308,-0.005417136268219935,flat at the close (red),-0.003971736253765901,-0.007854505286512638,stopped,-0.007102375457332923,-0.004672458284980308
GOOGL,2026-02-04 12:00:00-05:00,2026-02-04,regular hours,open at/above the 50,True,False,False,False,0.02928571428571436,,,,,,,,,,,,,,,,,,,
GOOGL,2026-02-24 16:00:00-05:00,2026-02-25,after hours,open at/above the 50,True,True,False,True,,17.0,False,312.80888600000003,2026-02-25 09:00:00-05:00,0.005342284298151263,0.03345137068772401,True,True,0.018092387306753555,,skipped (already above yesterday's high),,,skipped (already above yesterday's high),,0.002061541499815416,hit the 200,0.003523674555226291,0.012901262098125033
GOOGL,2026-03-05 15:00:00-05:00,2026-03-05,regular hours,open at/above the 50,True,True,True,False,0.012351155268348624,,,,,,,,,,,,,,,,,,,
GOOGL,2026-03-12 14:00:00-04:00,2026-03-12,regular hours,open at/above the 50,True,False,True,True,,20.0,False,306.471144,2026-03-13 10:00:00-04:00,0.0036507711146860663,0.0196793209346978,True,True,0.016454326556333054,0.005807158471010834,hit the 200,-0.004970977740511848,0.005807158471010834,hit the 200,-0.004970977740511848,0.005807158471010834,hit the 200,-0.004970977740511848,0.005176176426328283
GOOGL,2026-03-19 13:00:00-04:00,2026-03-19,regular hours,open at the 200,True,False,True,False,0.010575715513252648,,,,,,,,,,,,,,,,,,,
GOOGL,2026-04-13 08:00:00-04:00,2026-04-13,pre-market,open at/above the 50,True,False,True,True,,1.0,False,317.074222,2026-04-13 09:00:00-04:00,0.05180420501039652,-0.0010589886427285935,True,False,-0.04925270764617684,-0.014998942424275548,stopped,0.0020243755963094395,-0.013029253564091348,flat at the close (red),0.00131456066602198,-0.005915895616389681,stopped,0.00047817316588065397,-0.022719451095644105
GOOGL,2026-04-21 12:00:00-04:00,2026-04-21,regular hours,open at/above the 50,True,False,True,True,,22.0,False,337.627886,2026-04-22 10:00:00-04:00,0.012831031379913892,0.007188938179117131,True,False,-0.005982788671024086,-0.011172400611482631,stopped,-0.0100178125319005,-0.005133376550667479,flat at the close (red),-0.0025743574142660375,-0.00039130061667951623,stopped,-2.4922824810306077e-05,-0.0057713840990478715
GOOGL,2026-05-05 12:00:00-04:00,2026-05-05,regular hours,open at/above the 50,False,False,False,False,-0.027685492801771905,,,,,,,,,,,,,,,,,,,
GOOGL,2026-05-11 12:00:00-04:00,2026-05-11,regular hours,between 200 and 50,True,False,False,False,0.01011086019297891,,,,,,,,,,,,,,,,,,,
GOOGL,2026-05-15 18:00:00-04:00,2026-05-18,after hours,between 200 and 50,True,False,False,False,0.0008855154965212719,,,,,,,,,,,,,,,,,,,
GOOGL,2026-05-19 13:00:00-04:00,2026-05-19,regular hours,open at/above the 50,True,False,False,False,0.010790159787294584,,,,,,,,,,,,,,,,,,,
GOOGL,2026-05-22 15:00:00-04:00,2026-05-22,regular hours,open at/above the 50,True,True,False,False,0.0019358551771047061,,,,,,,,,,,,,,,,,,,
GOOGL,2026-05-29 09:00:00-04:00,2026-05-29,regular hours,below the 200,True,True,False,False,0.011692986835536212,,,,,,,,,,,,,,,,,,,
GOOGL,2026-06-08 14:00:00-04:00,2026-06-08,regular hours,open at/above the 50,True,True,False,True,,19.0,False,367.059284,2026-06-09 09:00:00-04:00,0.013678215533161649,0.03636819604323102,False,False,0.03507778467091538,0.03507778467091538,time exit (36h),0.0067881653703398825,0.03507778467091538,time exit (36h),0.0067881653703398825,0.0007881124728614934,stopped,-0.013526062517586576,0.0067881653703398825
GOOGL,2026-06-17 18:00:00-04:00,2026-06-18,after hours,open at the 200,True,False,False,True,,19.0,False,368.20268400000003,2026-06-18 13:00:00-04:00,0.003469056732894388,0.008698154954242629,True,False,0.004919989082969645,0.004919989082969645,time exit (36h),0.005321627768807957,0.004919989082969645,time exit (36h),0.005321627768807957,-0.0014049761788265341,stopped,-0.0015121343442789043,0.005321627768807957
GOOGL,2026-07-08 16:00:00-04:00,2026-07-09,after hours,open at the 200,True,False,True,False,0.0104565788737907,,,,,,,,,,,,,,,,,,,
GOOGL,2026-07-17 08:00:00-04:00,2026-07-17,pre-market,below the 200,True,False,True,False,-0.002597777457064465,,,,,,,,,,,,,,,,,,,
GOOGL,2026-07-22 08:00:00-04:00,2026-07-22,pre-market,below the 200,False,True,True,True,,2.0,True,349.80967599999997,2026-07-22 10:00:00-04:00,0.011349954767975044,0.09979619889073621,False,False,0.09599798226650358,-0.004317559243272692,stopped,-0.005628070075045941,-0.004317559243272692,stopped,-0.005628070075045941,0.09599798226650358,time exit (36h),0.08247587178855986,0.08247587178855986
GOOGL,2026-08-06 06:00:00-04:00,2026-08-06,pre-market,between 200 and 50,True,False,True,False,0.02866412752151226,,,,,,,,,,,,,,,,,,,
GOOGL,2026-08-17 16:00:00-04:00,2026-08-18,after hours,below the 200,True,True,True,False,0.002450336921326679,,,,,,,,,,,,,,,,,,,
GOOGL,2026-08-20 15:00:00-04:00,2026-08-20,regular hours,open at/above the 50,True,True,True,True,,19.0,False,342.903666,2026-08-21 10:00:00-04:00,0.009613003087578544,-0.002234837582634736,False,False,-0.0063640528438286825,-0.0063640528438286825,time exit (36h),-0.003120767315797357,-0.005788153087851522,flat at the close (red),-0.004250193861532692,-0.005501061047273941,stopped,-0.0019979327886711683,-0.003120767315797357
GOOGL,2026-08-26 11:00:00-04:00,2026-08-26,regular hours,open at/above the 50,True,False,True,False,0.0028785431047144705,,,,,,,,,,,,,,,,,,,
GOOGL,2026-08-31 19:00:00-04:00,2026-09-01,after hours,below the 200,True,True,True,False,0.009932790102896716,,,,,,,,,,,,,,,,,,,
GOOGL,2026-09-08 08:00:00-04:00,2026-09-08,pre-market,below the 200,True,True,True,True,,5.0,False,339.53758600000003,2026-09-08 13:00:00-04:00,0.00047833879575251393,0.03427480926956951,False,False,0.0262574523885879,0.0262574523885879,time exit (36h),0.021278025284779956,0.0262574523885879,time exit (36h),0.021278025284779956,0.0262574523885879,time exit (36h),0.021278025284779956,0.021278025284779956
GOOGL,2026-09-17 06:00:00-04:00,2026-09-17,pre-market,open at/above the 50,False,False,True,True,,4.0,False,345.699806,2026-09-17 10:00:00-04:00,0.03974602751151088,0.0027185609702078707,True,False,-0.014701657080642305,-0.007810805656049322,stopped,-0.00842201644490561,-0.007810805656049322,stopped,-0.00842201644490561,-0.0017072442325871504,stopped,0.00010228332337049585,-0.012434231984309485
GOOGL,2026-09-23 09:00:00-04:00,2026-09-23,regular hours,between 200 and 50,True,False,True,False,0.0064474487243915135,,,,,,,,,,,,,,,,,,,
GOOGL,2026-09-29 06:00:00-04:00,2026-09-29,pre-market,open at/above the 50,False,True,True,False,-0.017726021110601176,,,,,,,,,,,,,,,,,,,
GOOGL,2026-10-02 05:00:00-04:00,2026-10-02,pre-market,below the 200,True,True,True,True,,4.0,False,343.63017999999994,2026-10-02 09:00:00-04:00,0.006227101472868429,0.0063445533218297375,False,False,0.001107589220684435,0.001107589220684435,time exit (36h),-0.0007780783032809158,0.001107589220684435,time exit (36h),-0.0007780783032809158,-0.003375198301849045,stopped,-0.003818406208771361,-0.0007780783032809158
HOOD,2024-10-01 16:00:00-04:00,2024-10-02,after hours,below the 200,True,False,False,True,,18.0,False,23.135692,2024-10-02 10:00:00-04:00,0.0019151361454846868,0.04692714616014071,True,True,0.029992520701629388,0.014230004445079788,hit the 200,0.018496830312931,0.014230004445079788,hit the 200,0.018496830312931,0.014230004445079788,hit the 200,0.018496830312931,0.03126074872765472
HOOD,2024-10-18 04:00:00-04:00,2024-10-18,pre-market,between 200 and 50,True,False,False,True,,5.0,False,26.807862,2024-10-18 09:00:00-04:00,0.008659325387455332,0.012230068925302573,True,False,0.0021256027812044387,0.0021256027812044387,time exit (36h),0.0034766767995381143,-0.0008251211330599917,flat at the close (red),0.00026970070179310746,-0.007540250692129103,stopped,-0.008397251531989836,0.0034766767995381143
HOOD,2024-10-24 07:00:00-04:00,2024-10-24,pre-market,open at/above the 50,False,False,False,True,,2.0,False,26.984936,2024-10-24 09:00:00-04:00,0.02835152175272896,0.010929653492600458,True,False,-0.0009279526101444446,-0.014847691319334572,stopped,-0.013987120933282655,-0.008817777777777813,flat at the close (red),-0.01111412778986387,-0.007599202755196459,stopped,-0.010552898018710538,-0.005357401524410221
HOOD,2024-10-30 18:00:00-04:00,2024-10-31,after hours,below the 200,True,False,False,False,0.05353408615641997,,,,,,,,,,,,,,,,,,,
HOOD,2024-11-13 17:00:00-05:00,2024-11-14,after hours,open at/above the 50,True,False,False,True,,16.0,False,32.814464,2024-11-14 09:00:00-05:00,0.005654092049164632,0.04737130553160945,True,False,0.006578650306748424,0.006578650306748424,time exit (36h),-0.01211804024255203,0.006578650306748424,time exit (36h),-0.01211804024255203,0.011106809484988026,stopped,-0.00830287657998415,-0.01211804024255203
HOOD,2024-11-22 08:00:00-05:00,2024-11-22,pre-market,between 200 and 50,True,False,False,True,,3.0,False,35.914036,2024-11-22 11:00:00-05:00,0.025643567322814895,-0.007405572573352567,True,False,-0.018846734910760832,-0.018846734910760832,time exit (36h),-0.017689890246497142,-0.020882333696837452,flat at the close (red),-0.021352542603937485,-0.012417540596105557,stopped,-0.012468066849697921,-0.017689890246497142
HOOD,2024-11-27 06:00:00-05:00,2024-11-27,pre-market,open at/above the 50,False,False,False,False,-0.022715266772319054,,,,,,,,,,,,,,,,,,,
HOOD,2024-12-03 07:00:00-05:00,2024-12-03,pre-market,between 200 and 50,True,False,False,True,,2.0,True,37.844213999999994,2024-12-03 09:00:00-05:00,0.0720264926099405,0.003810727843363083,True,False,-0.060937617866005045,-0.0249915614577173,stopped,-0.02399859497033618,-0.02110155199172281,flat at the close (red),-0.02077034391024557,-0.009137090282810576,stopped,-0.009485095055447321,-0.055615313621343754
HOOD,2024-12-06 12:00:00-05:00,2024-12-06,regular hours,open at/above the 50,False,False,False,False,-0.004589371980676327,,,,,,,,,,,,,,,,,,,
HOOD,2024-12-10 09:00:00-05:00,2024-12-10,regular hours,between 200 and 50,True,False,False,True,,1.0,False,40.160807999999996,2024-12-10 10:00:00-05:00,0.00844584600987122,0.07397281449118251,True,True,0.053260110149488504,0.04543688463638461,hit the 200,0.04457676918242569,0.04543688463638461,hit the 200,0.04457676918242569,0.04543688463638461,hit the 200,0.04457676918242569,0.05601243396780209
HOOD,2024-12-18 10:00:00-05:00,2024-12-18,regular hours,open at/above the 50,True,False,False,False,0.09073569482288812,,,,,,,,,,,,,,,,,,,
HOOD,2024-12-30 08:00:00-05:00,2024-12-30,pre-market,below the 200,True,False,False,True,,25.0,False,39.122984,2024-12-31 09:00:00-05:00,0.004268999522122257,0.053497555298951664,False,False,0.05028144966442949,0.05028144966442949,time exit (36h),0.0443311685013259,0.05028144966442949,time exit (36h),0.0443311685013259,0.05028144966442949,time exit (36h),0.0443311685013259,0.0443311685013259
HOOD,2025-01-08 06:00:00-05:00,2025-01-08,pre-market,between 200 and 50,True,False,False,False,-0.01182848693937888,,,,,,,,,,,,,,,,,,,
HOOD,2025-01-23 18:00:00-05:00,2025-01-24,after hours,open at/above the 50,False,False,False,False,-0.0066745190420101075,,,,,,,,,,,,,,,,,,,
HOOD,2025-01-27 10:00:00-05:00,2025-01-27,regular hours,between 200 and 50,True,False,False,True,,24.0,False,49.596596,2025-01-28 10:00:00-05:00,0.04261187602471756,0.025739589063733283,True,False,-0.03489791788285668,-0.03489791788285668,time exit (36h),-0.028057968292434676,-0.03489791788285668,time exit (36h),-0.028057968292434676,-6.863374252546069e-05,stopped,0.009366567368879595,-0.028057968292434676
HOOD,2025-02-03 09:00:00-05:00,2025-02-03,regular hours,below the 200,True,False,False,True,,1.0,False,51.744338,2025-02-03 10:00:00-05:00,0.03141719582923253,0.01225908040412073,True,False,-0.011843176197614769,-0.011843176197614769,time exit (36h),0.0020873701048501614,-0.002964688563379947,flat at the close (red),0.006428601823970426,-0.005230755875164574,stopped,0.006122788924321119,0.0020873701048501614
HOOD,2025-02-11 19:00:00-05:00,2025-02-12,after hours,between 200 and 50,True,False,False,True,,16.0,False,55.677482,2025-02-12 11:00:00-05:00,0.2017425644356546,0.004624526662322768,True,False,-0.11860880164635113,-0.005611209213807496,stopped,-0.0023682700520079774,-0.005611209213807496,stopped,-0.0023682700520079774,-0.0016616771570238293,stopped,0.0015812620047756891,-0.1067659409885966
HOOD,2025-02-18 17:00:00-05:00,2025-02-19,after hours,between 200 and 50,True,False,False,False,0.04178082191780841,,,,,,,,,,,,,,,,,,,
HOOD,2025-02-28 17:00:00-05:00,2025-03-03,after hours,open at/above the 50,False,True,False,False,-0.002955665024630516,,,,,,,,,,,,,,,,,,,
HOOD,2025-03-04 06:00:00-05:00,2025-03-04,pre-market,below the 200,True,True,False,False,-0.04050685500623186,,,,,,,,,,,,,,,,,,,
HOOD,2025-03-07 04:00:00-05:00,2025-03-07,pre-market,below the 200,True,True,False,False,0.03507152745731412,,,,,,,,,,,,,,,,,,,
HOOD,2025-03-14 05:00:00-04:00,2025-03-14,pre-market,open at/above the 50,False,True,False,False,-0.05432287681713854,,,,,,,,,,,,,,,,,,,
HOOD,2025-03-19 11:00:00-04:00,2025-03-19,regular hours,open at/above the 50,False,True,True,False,-0.027346465816917687,,,,,,,,,,,,,,,,,,,
HOOD,2025-03-26 15:00:00-04:00,2025-03-26,regular hours,open at/above the 50,True,False,True,False,0.01821493624772308,,,,,,,,,,,,,,,,,,,
HOOD,2025-04-03 05:00:00-04:00,2025-04-03,pre-market,below the 200,True,True,True,False,0.1449444769140853,,,,,,,,,,,,,,,,,,,
HOOD,2025-04-16 09:00:00-04:00,2025-04-16,regular hours,between 200 and 50,True,False,True,False,0.016423357664233418,,,,,,,,,,,,,,,,,,,
HOOD,2025-04-29 12:00:00-04:00,2025-04-29,regular hours,open at/above the 50,True,False,True,True,,1.0,True,49.033015999999996,2025-04-29 13:00:00-04:00,0.04521410634826142,0.06185660698497512,True,False,-0.01579654757125659,-0.04154311046255046,stopped,-0.029761315756288508,-0.006425194680456547,flat at the close (red),-0.0008850784643379406,-0.0046292073895679115,stopped,0.0012517660378128974,-0.0011196021853711047
HOOD,2025-05-01 09:00:00-04:00,2025-05-01,regular hours,open at/above the 50,False,False,True,True,,2.0,True,48.930682,2025-05-01 11:00:00-04:00,0.023284326999570597,0.06377761094766664,True,False,0.009121398107588607,-0.019810024311535272,stopped,-0.015479872314363256,-0.019810024311535272,stopped,-0.015479872314363256,-0.006072222741551092,stopped,-0.0017420707443790758,0.015260804984430054
HOOD,2025-05-01 19:00:00-04:00,2025-05-02,after hours,between 200 and 50,True,False,True,True,,14.0,False,48.370934,2025-05-02 09:00:00-04:00,0.03512576374894895,0.004567495016738766,True,False,-0.0024225587975680307,-0.0024225587975680307,time exit (36h),0.0006295026670686266,-0.004098538192299772,flat at the close (red),-0.0014159643332760652,-0.01771448117995827,stopped,-0.01647729489505206,0.0006295026670686266
HOOD,2025-05-05 13:00:00-04:00,2025-05-05,regular hours,between 200 and 50,True,False,True,True,,1.0,False,48.152232000000005,2025-05-05 14:00:00-04:00,0.031725798297366534,0.048334872618158206,True,True,-0.028013080339119756,0.03929371332153423,hit the 200,0.024438851462904733,0.03929371332153423,hit the 200,0.024438851462904733,0.03929371332153423,hit the 200,0.024438851462904733,-0.032060116192864974
HOOD,2025-05-15 14:00:00-04:00,2025-05-15,regular hours,open at/above the 50,True,False,False,True,,19.0,True,61.266672,2025-05-16 09:00:00-04:00,0.014254536299931564,0.04515786331596402,True,False,0.04018118845500851,0.04018118845500851,time exit (36h),0.035047316801799955,-0.00766647230320705,flat at the close (red),-0.002584778180808933,-0.011479781372815535,stopped,-0.009858789528430735,0.035047316801799955
HOOD,2025-05-22 15:00:00-04:00,2025-05-22,regular hours,open at/above the 50,False,False,False,True,,19.0,True,64.452804,2025-05-23 10:00:00-04:00,0.00011164758634850578,0.02825329368137346,True,False,0.026547383174593042,0.026547383174593042,time exit (36h),0.030398851222952272,0.026547383174593042,time exit (36h),0.030398851222952272,0.026547383174593042,time exit (36h),0.030398851222952272,0.030398851222952272
HOOD,2025-05-23 10:00:00-04:00,2025-05-23,regular hours,between 200 and 50,True,False,False,False,0.015831554805211256,,,,,,,,,,,,,,,,,,,
HOOD,2025-05-29 18:00:00-04:00,2025-05-30,after hours,between 200 and 50,True,False,False,True,,17.0,False,65.174672,2025-05-30 11:00:00-04:00,0.020181582194997372,0.03152562087309014,True,True,-0.009202310732745467,0.028447224099570373,hit the 200,0.021114980193375016,0.028447224099570373,hit the 200,0.021114980193375016,0.028447224099570373,hit the 200,0.021114980193375016,-0.00969364240813908
HOOD,2025-06-09 13:00:00-04:00,2025-06-09,regular hours,between 200 and 50,True,False,False,True,,25.0,True,72.930018,2025-06-10 14:00:00-04:00,0.03373071977028713,0.014260492846717841,True,False,-0.01857060960839718,-0.01857060960839718,time exit (36h),-0.019953647946286623,-0.01857060960839718,time exit (36h),-0.019953647946286623,-0.007952582707438809,stopped,-0.004092730143867344,-0.019953647946286623
HOOD,2025-06-11 04:00:00-04:00,2025-06-11,pre-market,open at/above the 50,True,False,False,False,-0.012644459551325538,,,,,,,,,,,,,,,,,,,
HOOD,2025-06-13 10:00:00-04:00,2025-06-13,regular hours,between 200 and 50,True,False,False,True,,1.0,False,73.321314,2025-06-13 11:00:00-04:00,0.016580253867245275,0.01733894185256969,True,False,0.01370683493271807,0.01370683493271807,time exit (36h),0.010945282438115767,0.01370683493271807,time exit (36h),0.010945282438115767,-0.014128033766552587,stopped,-0.010925385134541003,0.010945282438115767
HOOD,2025-06-13 13:00:00-04:00,2025-06-13,regular hours,between 200 and 50,False,False,False,False,0.01700679801852356,,,,,,,,,,,,,,,,,,,
HOOD,2025-06-24 07:00:00-04:00,2025-06-24,pre-market,open at/above the 50,False,False,False,False,-0.06140878988561105,,,,,,,,,,,,,,,,,,,
HOOD,2025-07-07 08:00:00-04:00,2025-07-07,pre-market,between 200 and 50,True,False,False,True,,2.0,False,94.59429399999999,2025-07-07 10:00:00-04:00,0.03642615060904219,0.04116838167849731,True,False,0.03282861435390805,-0.011160356035851539,stopped,-0.013559578486543001,-0.011160356035851539,stopped,-0.013559578486543001,0.03282861435390805,time exit (36h),0.02735913469529372,0.02735913469529372
HOOD,2025-07-22 06:00:00-04:00,2025-07-22,pre-market,between 200 and 50,True,False,False,False,0.007069982581202394,,,,,,,,,,,,,,,,,,,
HOOD,2025-07-30 06:00:00-04:00,2025-07-30,pre-market,open at the 200,True,False,False,True,,3.0,False,105.42593000000001,2025-07-30 09:00:00-04:00,0.05619177369362533,0.04672408391370138,True,True,0.04475205628778123,-0.018914416975026858,stopped,-0.02368655527222677,-0.018914416975026858,stopped,-0.02368655527222677,-0.006868044702095562,stopped,-0.0062707858060815315,0.037177739243983376
HOOD,2025-07-31 16:00:00-04:00,2025-08-01,after hours,below the 200,True,False,False,True,,20.0,False,103.543972,2025-08-01 12:00:00-04:00,0.010102258777555944,0.0440776214379722,False,False,0.043776361801710184,0.043776361801710184,time exit (36h),0.03931746574067008,0.043776361801710184,time exit (36h),0.03931746574067008,0.043776361801710184,time exit (36h),0.03931746574067008,0.03931746574067008
HOOD,2025-08-12 16:00:00-04:00,2025-08-13,after hours,open at/above the 50,True,False,False,False,0.04327976625273933,,,,,,,,,,,,,,,,,,,
HOOD,2025-08-19 18:00:00-04:00,2025-08-20,after hours,below the 200,True,False,False,False,0.012814428096820096,,,,,,,,,,,,,,,,,,,
HOOD,2025-08-26 13:00:00-04:00,2025-08-26,regular hours,below the 200,True,True,False,True,,1.0,False,107.65136400000002,2025-08-26 14:00:00-04:00,0.015871011165264758,0.055841038855764184,False,False,0.048007827102803935,0.048007827102803935,time exit (36h),0.05104728044473705,-0.010557316176470377,flat at the close (red),-0.007038645520943576,-0.008254758388384109,stopped,-0.004736087732857308,0.05104728044473705
HOOD,2025-09-12 12:00:00-04:00,2025-09-12,regular hours,open at/above the 50,True,False,False,False,-0.0011279826464207776,,,,,,,,,,,,,,,,,,,
HOOD,2025-09-25 13:00:00-04:00,2025-09-25,regular hours,between 200 and 50,True,False,False,False,-0.002667870628796476,,,,,,,,,,,,,,,,,,,
HOOD,2025-10-07 10:00:00-04:00,2025-10-07,regular hours,open at/above the 50,True,False,False,True,,23.0,False,146.87167,2025-10-08 09:00:00-04:00,0.042270439220851906,0.009952021380297495,True,False,-0.03500873850197106,-0.03500873850197106,time exit (36h),-0.03213654372847252,-0.026630856915633827,flat at the close (red),-0.0221142390304212,-0.007410074386707889,stopped,-0.0033373600861296825,-0.03213654372847252
HOOD,2025-10-10 17:00:00-04:00,2025-10-13,after hours,between 200 and 50,True,False,False,False,-0.016038951739939966,,,,,,,,,,,,,,,,,,,
HOOD,2025-10-22 07:00:00-04:00,2025-10-22,pre-market,below the 200,True,True,False,True,,27.0,False,131.556232,2025-10-23 10:00:00-04:00,0.08090584412603137,-0.0007127598485795139,False,False,-0.05863161359570668,-0.028533562742964605,stopped,-0.024971456415206275,-0.028533562742964605,stopped,-0.024971456415206275,-0.005045507840327964,stopped,-0.004612833465094875,-0.04779446609829063
HOOD,2025-10-29 19:00:00-04:00,2025-10-30,after hours,between 200 and 50,True,False,False,False,0.01301759324419427,,,,,,,,,,,,,,,,,,,
HOOD,2025-11-04 12:00:00-05:00,2025-11-04,regular hours,between 200 and 50,True,False,False,True,,26.0,False,142.886126,2025-11-05 14:00:00-05:00,0.013184443113812325,0.11712911861015804,True,True,0.10635792489353446,0.02017237838752795,hit the 200,0.016000240830913563,0.02017237838752795,hit the 200,0.016000240830913563,-0.002476615539286291,stopped,-0.007123041422299074,0.09335340054539776
HOOD,2025-11-12 10:00:00-05:00,2025-11-12,regular hours,open at/above the 50,True,True,False,True,,3.0,True,133.121204,2025-11-12 13:00:00-05:00,0.007352667874007423,0.10254717948614712,False,False,0.08937155482815062,0.08937155482815062,time exit (36h),0.07297250635952146,0.08937155482815062,time exit (36h),0.07297250635952146,0.08937155482815062,time exit (36h),0.07297250635952146,0.07297250635952146
HOOD,2025-11-20 19:00:00-05:00,2025-11-21,after hours,below the 200,True,True,True,False,-0.023415977961432577,,,,,,,,,,,,,,,,,,,
HOOD,2025-12-01 19:00:00-05:00,2025-12-02,after hours,open at/above the 50,True,False,True,True,,14.0,False,125.46545400000001,2025-12-02 09:00:00-05:00,0.07073298439584808,0.008492010876555729,True,False,-0.05983174222555254,,skipped (already above yesterday's high),,,skipped (already above yesterday's high),,-0.01988233350671959,stopped,-0.018185211299290353,-0.05804699450403161
HOOD,2025-12-08 08:00:00-05:00,2025-12-08,pre-market,open at/above the 50,False,False,True,True,,2.0,False,133.90627,2025-12-08 10:00:00-05:00,0.04364045089150787,0.003332704286363875,True,False,-0.01329106182300499,-0.009960175875259632,stopped,-0.01296256895140588,-0.009960175875259632,stopped,-0.01296256895140588,-0.006823653589932621,stopped,-0.009826046666078869,-0.017598754130697336
HOOD,2025-12-10 18:00:00-05:00,2025-12-11,after hours,between 200 and 50,True,False,True,False,0.08267116140942288,,,,,,,,,,,,,,,,,,,
HOOD,2025-12-18 17:00:00-05:00,2025-12-19,after hours,open at/above the 50,True,True,True,False,-0.03584206219312602,,,,,,,,,,,,,,,,,,,
HOOD,2025-12-23 16:00:00-05:00,2025-12-24,after hours,below the 200,True,True,True,False,-0.0038180610889775313,,,,,,,,,,,,,,,,,,,
HOOD,2026-01-07 15:00:00-05:00,2026-01-07,regular hours,open at/above the 50,True,False,True,False,0.01387799668106604,,,,,,,,,,,,,,,,,,,
HOOD,2026-01-15 11:00:00-05:00,2026-01-15,regular hours,open at/above the 50,True,False,True,False,0.06402354889154638,,,,,,,,,,,,,,,,,,,
HOOD,2026-01-26 18:00:00-05:00,2026-01-27,after hours,open at/above the 50,False,True,True,True,,17.0,True,106.92753200000001,2026-01-27 11:00:00-05:00,0.0037639323799223633,0.036730783237379994,False,False,0.03062681445783144,0.03062681445783144,time exit (36h),0.028654685694623483,0.03062681445783144,time exit (36h),0.028654685694623483,0.03062681445783144,time exit (36h),0.028654685694623483,0.028654685694623483
HOOD,2026-01-27 16:00:00-05:00,2026-01-28,after hours,below the 200,True,True,True,True,,17.0,False,106.73066,2026-01-28 09:00:00-05:00,0.004865893268157432,0.07055760734544317,False,False,0.035214936954413245,0.035214936954413245,time exit (36h),0.028967285580202784,0.035214936954413245,time exit (36h),0.028967285580202784,0.035214936954413245,time exit (36h),0.028967285580202784,0.028967285580202784
HOOD,2026-02-11 07:00:00-05:00,2026-02-11,pre-market,below the 200,True,True,True,False,0.10662435082039923,,,,,,,,,,,,,,,,,,,
HOOD,2026-02-19 11:00:00-05:00,2026-02-19,regular hours,below the 200,True,True,True,False,-0.012978992913367238,,,,,,,,,,,,,,,,,,,
HOOD,2026-02-23 11:00:00-05:00,2026-02-23,regular hours,below the 200,True,True,True,False,-0.009751629025806507,,,,,,,,,,,,,,,,,,,
HOOD,2026-03-02 04:00:00-05:00,2026-03-02,pre-market,below the 200,True,False,True,True,,6.0,False,76.73014,2026-03-02 10:00:00-05:00,0.03662002962590711,0.05838826828675153,True,True,0.01414406555643688,-0.013812825051537771,stopped,-0.012044362152720058,-0.013812825051537771,stopped,-0.012044362152720058,-0.031537281177904795,stopped,-0.026823152635932955,0.009244629065198406
HOOD,2026-03-03 17:00:00-05:00,2026-03-04,after hours,open at/above the 50,False,False,True,False,-0.11085043988269794,,,,,,,,,,,,,,,,,,,
HOOD,2026-03-06 11:00:00-05:00,2026-03-06,regular hours,between 200 and 50,True,False,True,False,0.029771072208349292,,,,,,,,,,,,,,,,,,,
HOOD,2026-03-11 18:00:00-04:00,2026-03-12,after hours,open at the 200,False,False,True,False,0.011181900923156851,,,,,,,,,,,,,,,,,,,
HOOD,2026-03-19 06:00:00-04:00,2026-03-19,pre-market,below the 200,True,True,True,False,0.03690759122046705,,,,,,,,,,,,,,,,,,,
HOOD,2026-03-26 17:00:00-04:00,2026-03-27,after hours,below the 200,True,True,True,False,0.07540833460540375,,,,,,,,,,,,,,,,,,,
HOOD,2026-04-06 05:00:00-04:00,2026-04-06,pre-market,open at/above the 50,False,True,True,False,0.0001419446415895642,,,,,,,,,,,,,,,,,,,
HOOD,2026-04-07 12:00:00-04:00,2026-04-07,regular hours,below the 200,True,True,True,False,-0.041009039875381736,,,,,,,,,,,,,,,,,,,
HOOD,2026-04-07 14:00:00-04:00,2026-04-07,regular hours,below the 200,True,True,True,False,-0.04674731036065738,,,,,,,,,,,,,,,,,,,
HOOD,2026-04-09 18:00:00-04:00,2026-04-10,after hours,between 200 and 50,True,False,True,False,0.015215253890312974,,,,,,,,,,,,,,,,,,,
HOOD,2026-04-21 19:00:00-04:00,2026-04-22,after hours,between 200 and 50,True,False,True,True,,15.0,False,89.987052,2026-04-22 10:00:00-04:00,0.0016441031983134586,0.09159153252403468,True,False,0.06956821261321222,0.06956821261321222,time exit (36h),0.06977961718518844,0.06956821261321222,time exit (36h),0.06977961718518844,0.06956821261321222,time exit (36h),0.06977961718518844,0.06977961718518844
HOOD,2026-05-07 18:00:00-04:00,2026-05-08,after hours,below the 200,True,True,False,False,-0.020215109498509798,,,,,,,,,,,,,,,,,,,
HOOD,2026-05-13 11:00:00-04:00,2026-05-13,regular hours,open at the 200,True,False,False,True,,23.0,False,77.99645000000001,2026-05-14 10:00:00-04:00,0.05043242352696817,0.020340028296159805,True,True,0.01479653704436168,-0.02799550492362148,stopped,-0.02345034820998772,-0.02799550492362148,stopped,-0.02345034820998772,-0.020301565007125127,stopped,-0.01575640829349137,0.005180891616201055
HOOD,2026-05-18 05:00:00-04:00,2026-05-18,pre-market,below the 200,True,False,False,True,,4.0,False,77.666442,2026-05-18 09:00:00-04:00,0.029015852174610987,0.057765514738012544,True,True,0.045452296277550985,-0.01178833452934525,stopped,-0.01235546525297693,-0.01178833452934525,stopped,-0.01235546525297693,-0.028500829225574564,stopped,-0.032164725959220763,0.03627286148013864
HOOD,2026-05-22 18:00:00-04:00,2026-05-26,after hours,below the 200,True,True,False,False,0.001909438079650938,,,,,,,,,,,,,,,,,,,
HOOD,2026-06-02 15:00:00-04:00,2026-06-02,regular hours,open at/above the 50,True,False,False,False,0.09125804853888053,,,,,,,,,,,,,,,,,,,
HOOD,2026-06-08 04:00:00-04:00,2026-06-08,pre-market,open at/above the 50,True,False,False,False,-0.006586826347305341,,,,,,,,,,,,,,,,,,,
HOOD,2026-06-09 12:00:00-04:00,2026-06-09,regular hours,open at/above the 50,True,False,False,True,,21.0,False,83.84039200000001,2026-06-10 09:00:00-04:00,0.11688409090453669,-0.0036928262453734375,True,False,-0.09926233109904736,-0.02134541546513746,stopped,-0.01756734772197421,-0.02134541546513746,stopped,-0.01756734772197421,-0.06440342025118377,stopped,-0.06752443412904767,-0.09041881944220731
HOOD,2026-06-23 07:00:00-04:00,2026-06-23,pre-market,between 200 and 50,True,False,False,False,0.035181194629637424,,,,,,,,,,,,,,,,,,,
HOOD,2026-07-08 06:00:00-04:00,2026-07-08,pre-market,between 200 and 50,True,False,False,True,,27.0,False,113.864792,2026-07-09 09:00:00-04:00,0.04992946370990607,0.04439293227708168,True,False,0.020578243578631694,-0.03499947551829718,stopped,-0.029899608674089355,-0.010559680222454015,flat at the close (red),-0.004612684320160376,-0.02648059990308507,stopped,-0.02439707179548947,0.030699996072636737
HOOD,2026-07-13 07:00:00-04:00,2026-07-13,pre-market,between 200 and 50,True,False,False,True,,2.0,False,113.49184600000001,2026-07-13 09:00:00-04:00,0.008883052267913506,0.04574642305139712,True,False,-0.007504626147791682,-0.007504626147791682,time exit (36h),-0.006827425244857133,-0.007504626147791682,time exit (36h),-0.006827425244857133,-0.001745975653616456,stopped,-0.0024374006539489355,-0.006827425244857133
HOOD,2026-07-16 17:00:00-04:00,2026-07-17,after hours,below the 200,True,False,False,False,0.06103309929789358,,,,,,,,,,,,,,,,,,,
HOOD,2026-07-23 13:00:00-04:00,2026-07-23,regular hours,below the 200,True,True,False,False,0.08424056653630685,,,,,,,,,,,,,,,,,,,
HOOD,2026-08-06 15:00:00-04:00,2026-08-06,regular hours,below the 200,True,True,False,False,-0.031500266951414835,,,,,,,,,,,,,,,,,,,
HOOD,2026-08-17 09:00:00-04:00,2026-08-17,regular hours,between 200 and 50,True,False,True,True,,1.0,False,96.66748799999999,2026-08-17 10:00:00-04:00,0.0026638946074610476,0.058525240668299845,True,True,0.06127712271918839,0.03353836503954669,hit the 200,0.024662937241454443,0.03353836503954669,hit the 200,0.024662937241454443,0.03353836503954669,hit the 200,0.024662937241454443,0.050520838822651015
HOOD,2026-08-28 09:00:00-04:00,2026-08-28,regular hours,between 200 and 50,True,False,True,False,0.03746857283943972,,,,,,,,,,,,,,,,,,,
HOOD,2026-09-09 05:00:00-04:00,2026-09-09,pre-market,between 200 and 50,True,False,False,False,0.06216409888928687,,,,,,,,,,,,,,,,,,,
HOOD,2026-09-15 10:00:00-04:00,2026-09-15,regular hours,below the 200,True,False,False,False,0.039723824836848554,,,,,,,,,,,,,,,,,,,
HOOD,2026-09-15 13:00:00-04:00,2026-09-15,regular hours,below the 200,True,False,False,False,0.04303414357325264,,,,,,,,,,,,,,,,,,,
HOOD,2026-09-24 04:00:00-04:00,2026-09-24,pre-market,between 200 and 50,True,False,False,True,,6.0,False,123.198148,2026-09-24 10:00:00-04:00,0.0029339077402364836,0.046008386424769974,True,False,0.035293344526770465,0.035293344526770465,time exit (36h),0.04391984056324527,0.035293344526770465,time exit (36h),0.04391984056324527,0.035293344526770465,time exit (36h),0.04391984056324527,0.04391984056324527
HOOD,2026-10-07 04:00:00-04:00,2026-10-07,pre-market,below the 200,True,True,False,False,0.0296843589274991,,,,,,,,,,,,,,,,,,,
INTC,2024-10-08 08:00:00-04:00,2024-10-08,pre-market,below the 200,True,True,False,True,,2.0,False,22.383692,2024-10-08 10:00:00-04:00,0.04897797914660372,-0.00251558143312557,False,False,-0.044656764831412676,-0.011897411740654699,stopped,-0.009921962774980779,-0.011897411740654699,stopped,-0.009921962774980779,-0.007429873498974199,stopped,-0.005454424533300278,-0.03380806465810249
INTC,2024-10-15 11:00:00-04:00,2024-10-15,regular hours,open at/above the 50,True,False,False,False,0.022714532367648088,,,,,,,,,,,,,,,,,,,
INTC,2024-10-22 12:00:00-04:00,2024-10-22,regular hours,open at/above the 50,True,True,False,False,0.012069341870702521,,,,,,,,,,,,,,,,,,,
INTC,2024-10-30 06:00:00-04:00,2024-10-30,pre-market,below the 200,True,False,False,True,,4.0,False,22.879170000000002,2024-10-30 10:00:00-04:00,0.08614079968810054,0.09786937200956158,True,True,-0.005672824939047305,0.00978064326634248,hit the 200,0.0119329142981463,0.00978064326634248,hit the 200,0.0119329142981463,0.00978064326634248,hit the 200,0.0119329142981463,-0.02753794611923699
INTC,2024-11-05 07:00:00-05:00,2024-11-05,pre-market,open at/above the 50,False,False,False,True,,2.0,False,22.608986,2024-11-05 09:00:00-05:00,0.11902409068677379,-0.018400382927389887,True,False,-0.09672449061126642,-0.01729462789706705,stopped,-0.011318809924315231,-0.01729462789706705,stopped,-0.011318809924315231,-0.027688725182102275,stopped,-0.021669613850319375,-0.06300501765797561
INTC,2024-11-05 11:00:00-05:00,2024-11-05,regular hours,open at/above the 50,False,False,False,False,-0.05793048341989626,,,,,,,,,,,,,,,,,,,
INTC,2024-11-11 16:00:00-05:00,2024-11-12,after hours,between 200 and 50,True,False,False,False,0.04085035431429773,,,,,,,,,,,,,,,,,,,
INTC,2024-11-15 18:00:00-05:00,2024-11-18,after hours,open at the 200,True,False,False,False,-0.0032719836400817437,,,,,,,,,,,,,,,,,,,
INTC,2024-11-26 17:00:00-05:00,2024-11-27,after hours,below the 200,True,True,False,False,0.012701100762066098,,,,,,,,,,,,,,,,,,,
INTC,2024-12-03 13:00:00-05:00,2024-12-03,regular hours,below the 200,True,True,False,False,0.027937158469945267,,,,,,,,,,,,,,,,,,,
INTC,2024-12-16 11:00:00-05:00,2024-12-16,regular hours,below the 200,False,True,True,True,,23.0,True,20.573400000000003,2024-12-17 10:00:00-05:00,0.007611770538656585,0.06627003801024633,False,False,0.05342010537580455,0.05342010537580455,time exit (36h),0.025214192000962088,0.05342010537580455,time exit (36h),0.025214192000962088,-0.0008068671196786549,stopped,0.0020473060774903085,0.025214192000962088
INTC,2024-12-18 07:00:00-05:00,2024-12-18,pre-market,open at/above the 50,False,True,True,True,,4.0,True,20.480558000000002,2024-12-18 11:00:00-05:00,0.00387889822142525,0.07229090144907194,False,False,0.07792410526315807,0.07792410526315807,time exit (36h),0.040871855601163354,0.07792410526315807,time exit (36h),0.040871855601163354,0.07792410526315807,time exit (36h),0.040871855601163354,0.040871855601163354
INTC,2024-12-30 04:00:00-05:00,2024-12-30,pre-market,below the 200,True,False,True,True,,29.0,False,20.185626,2024-12-31 09:00:00-05:00,0.010620131374672225,0.015140773934878225,True,True,0.007774676858097074,0.0026056908019596427,hit the 200,0.0003293343313313492,0.0026056908019596427,hit the 200,0.0003293343313313492,0.0026056908019596427,hit the 200,0.0003293343313313492,0.0018243956949934859
INTC,2025-01-07 06:00:00-05:00,2025-01-07,pre-market,open at the 200,True,False,True,True,,4.0,False,20.30076,2025-01-07 10:00:00-05:00,0.0019329325601602845,0.02910038835984463,True,True,0.023223790322580706,0.012028638336692736,hit the 200,0.0024806444311568903,0.012028638336692736,hit the 200,0.0024806444311568903,0.012028638336692736,hit the 200,0.0024806444311568903,0.009333248472435107
INTC,2025-01-23 10:00:00-05:00,2025-01-23,regular hours,between 200 and 50,True,False,True,False,0.031761308950914335,,,,,,,,,,,,,,,,,,,
INTC,2025-02-03 05:00:00-05:00,2025-02-03,pre-market,below the 200,True,True,True,False,-0.008316008316008316,,,,,,,,,,,,,,,,,,,
INTC,2025-02-07 09:00:00-05:00,2025-02-07,regular hours,open at/above the 50,True,True,True,False,0.004979035639413043,,,,,,,,,,,,,,,,,,,
INTC,2025-02-20 12:00:00-05:00,2025-02-20,regular hours,open at/above the 50,True,False,False,True,,2.0,False,25.535330000000002,2025-02-20 14:00:00-05:00,0.03895269808535857,0.02723011607839029,True,False,0.024692215088282454,-0.031120412385506526,stopped,-0.028825330418293462,-0.021634865900383105,flat at the close (red),-0.018702314580735124,-0.01193131242086936,stopped,-0.00899876110122138,0.010764452859840512
INTC,2025-02-28 16:00:00-05:00,2025-03-03,after hours,open at/above the 50,False,True,False,False,-0.0008403361344537785,,,,,,,,,,,,,,,,,,,
INTC,2025-03-04 08:00:00-05:00,2025-03-04,pre-market,below the 200,True,True,False,False,0.08849613152804658,,,,,,,,,,,,,,,,,,,
INTC,2025-03-19 16:00:00-04:00,2025-03-20,after hours,between 200 and 50,True,False,False,False,0.014705882352941124,,,,,,,,,,,,,,,,,,,
INTC,2025-03-25 16:00:00-04:00,2025-03-26,after hours,open at/above the 50,False,False,False,False,0.03813196229648663,,,,,,,,,,,,,,,,,,,
INTC,2025-04-11 16:00:00-04:00,2025-04-14,after hours,open at/above the 50,False,True,False,False,0.002545824847250522,,,,,,,,,,,,,,,,,,,
INTC,2025-04-16 07:00:00-04:00,2025-04-16,pre-market,below the 200,True,True,True,False,0.021647307286166928,,,,,,,,,,,,,,,,,,,
INTC,2025-04-25 14:00:00-04:00,2025-04-25,regular hours,open at the 200,True,False,True,False,-0.003236795572383433,,,,,,,,,,,,,,,,,,,
INTC,2025-04-30 13:00:00-04:00,2025-04-30,regular hours,below the 200,True,False,True,True,,20.0,True,20.278608,2025-05-01 09:00:00-04:00,0.02472516851255287,0.01914865162342497,True,True,-0.015123457989315248,0.018307494281658714,hit the 200,0.013190797692789785,0.018307494281658714,hit the 200,0.013190797692789785,0.018307494281658714,hit the 200,0.013190797692789785,-0.002809360288064444
INTC,2025-05-06 08:00:00-04:00,2025-05-06,pre-market,below the 200,True,False,True,False,-0.009378391711889589,,,,,,,,,,,,,,,,,,,
INTC,2025-05-14 17:00:00-04:00,2025-05-15,after hours,between 200 and 50,True,False,True,False,-0.005999077065067082,,,,,,,,,,,,,,,,,,,
INTC,2025-05-29 16:00:00-04:00,2025-05-30,after hours,below the 200,True,True,True,False,0.03533026113671256,,,,,,,,,,,,,,,,,,,
INTC,2025-06-06 04:00:00-04:00,2025-06-06,pre-market,open at/above the 50,True,True,False,True,,5.0,False,20.207264,2025-06-06 09:00:00-04:00,0.01151744244050074,0.00877229099397115,False,False,0.003339821251241215,0.003339821251241215,time exit (36h),0.006657981089835285,0.003339821251241215,time exit (36h),0.006657981089835285,-0.008053341610225037,stopped,-0.006466377001991106,0.006657981089835285
INTC,2025-06-12 08:00:00-04:00,2025-06-12,pre-market,between 200 and 50,True,False,False,True,,5.0,False,20.979544,2025-06-12 13:00:00-04:00,2.1735458120528733e-05,0.044307159392978225,True,True,0.04013088680770038,0.028530362719037174,hit the 200,0.018411145428338195,0.028530362719037174,hit the 200,0.018411145428338195,0.028530362719037174,hit the 200,0.018411145428338195,0.03187133434657152
INTC,2025-06-23 12:00:00-04:00,2025-06-23,regular hours,open at/above the 50,True,False,True,True,,1.0,False,21.156346000000003,2025-06-23 13:00:00-04:00,0.07249144062968144,0.005972014259929461,True,False,-0.06673198318415807,-0.034441391722370145,stopped,-0.01564644999164854,-0.0006449692961737474,flat at the close (red),0.010269332605080894,-0.0015907283800330413,stopped,0.013360087200465226,-0.044591032309392875
INTC,2025-07-01 05:00:00-04:00,2025-07-01,pre-market,between 200 and 50,True,False,False,True,,4.0,False,22.567818000000003,2025-07-01 09:00:00-04:00,0.02601855438571857,0.046429743451493755,True,True,0.03143120918094544,-0.017821040563159283,stopped,-0.01665399028274298,-0.017821040563159283,stopped,-0.01665399028274298,-0.005413992615502246,stopped,-0.004246942335085942,0.038567607648872126
INTC,2025-07-02 10:00:00-04:00,2025-07-02,regular hours,between 200 and 50,True,False,False,True,,23.0,False,22.363126,2025-07-03 09:00:00-04:00,0.011933662583665532,0.004611430441343468,True,False,-0.002981453410610735,-0.002981453410610735,time exit (36h),0.0023784608307614308,-0.0007718360708477423,flat at the close (red),0.004779009353304109,-0.009250674525556002,stopped,-0.00247642943848142,0.0023784608307614308
INTC,2025-07-02 15:00:00-04:00,2025-07-02,regular hours,between 200 and 50,True,False,False,True,,18.0,False,22.363126,2025-07-03 09:00:00-04:00,0.011933662583665532,0.004611430441343468,True,False,-0.002981453410610735,-0.002981453410610735,time exit (36h),0.0023784608307614308,-0.0007718360708477423,flat at the close (red),0.004779009353304109,-0.009250674525556002,stopped,-0.00247642943848142,0.0023784608307614308
INTC,2025-07-14 05:00:00-04:00,2025-07-14,pre-market,between 200 and 50,True,False,False,True,,29.0,True,23.475252,2025-07-15 10:00:00-04:00,0.004888041244456022,0.0521933481267848,True,True,0.03735095006628386,0.026256544551683705,hit the 200,0.019190259904354204,0.026256544551683705,hit the 200,0.019190259904354204,0.026256544551683705,hit the 200,0.019190259904354204,0.03338740823246367
INTC,2025-07-24 15:00:00-04:00,2025-07-24,regular hours,open at/above the 50,True,False,False,False,0.09332688588007731,,,,,,,,,,,,,,,,,,,
INTC,2025-08-07 19:00:00-04:00,2025-08-08,after hours,below the 200,True,True,False,False,-0.004997546294905231,,,,,,,,,,,,,,,,,,,
INTC,2025-08-20 17:00:00-04:00,2025-08-21,after hours,between 200 and 50,True,False,True,False,0.0017021276595743373,,,,,,,,,,,,,,,,,,,
INTC,2025-08-26 16:00:00-04:00,2025-08-27,after hours,between 200 and 50,True,False,True,True,,19.0,False,24.63614,2025-08-27 11:00:00-04:00,0.020452067572273882,0.0030905815602607517,True,False,-0.01099397832195903,-0.004012803953866084,stopped,-0.0034532113644928693,-0.004012803953866084,stopped,-0.0034532113644928693,-0.005636434928523605,stopped,-0.005451845528534939,-0.007186069588435484
INTC,2025-08-29 17:00:00-04:00,2025-09-02,after hours,below the 200,True,False,False,False,0.0012325440942650978,,,,,,,,,,,,,,,,,,,
INTC,2025-09-10 12:00:00-04:00,2025-09-10,regular hours,open at/above the 50,True,False,False,True,,1.0,False,24.455949999999998,2025-09-10 13:00:00-04:00,0.019383830928669788,0.0004477438005883057,True,True,-0.0046377885135878705,-6.3788157892246715e-06,hit the 200,-0.0014557764338692751,-6.3788157892246715e-06,hit the 200,-0.0014557764338692751,-0.003436791455658083,stopped,-0.004886189073738134,0.0025542682930170812
INTC,2025-09-12 14:00:00-04:00,2025-09-12,regular hours,open at/above the 50,True,False,False,False,0.008326394671107407,,,,,,,,,,,,,,,,,,,
INTC,2025-09-22 17:00:00-04:00,2025-09-23,after hours,between 200 and 50,True,False,False,True,,16.0,False,29.796166,2025-09-23 09:00:00-04:00,0.07228560882631678,0.019001303724781204,True,False,-0.06624362268881234,-0.0101970837456068,stopped,-0.012788960826888634,-0.0101970837456068,stopped,-0.012788960826888634,-0.006840947254757559,stopped,-0.009432824336039394,-0.07405520177935054
INTC,2025-09-30 08:00:00-04:00,2025-09-30,pre-market,between 200 and 50,True,False,False,True,,26.0,False,34.313272000000005,2025-10-01 10:00:00-04:00,0.09491161320902287,0.008546896955790218,True,False,-0.08081242968122138,-0.021470642613155403,stopped,-0.015152851744009991,-0.021470642613155403,stopped,-0.015152851744009991,-0.0039846972331871455,stopped,0.0023330936359582666,-0.07227557106594018
INTC,2025-10-07 05:00:00-04:00,2025-10-07,pre-market,between 200 and 50,True,False,False,True,,4.0,False,37.012482,2025-10-07 09:00:00-04:00,0.027945113218832474,0.02978135862382845,True,False,-0.014839446366782028,-0.014839446366782028,time exit (36h),-0.013236549278711873,-0.004639451391690308,flat at the close (red),-0.009974737509485188,-0.025870137539006445,stopped,-0.028553100722789472,-0.013236549278711873
INTC,2025-10-13 07:00:00-04:00,2025-10-13,pre-market,between 200 and 50,True,False,False,True,,2.0,False,37.32981,2025-10-13 09:00:00-04:00,0.004826973402757637,0.07071587023882532,True,True,0.045360123214785775,0.03054724896804999,hit the 200,0.027388698864030326,0.03054724896804999,hit the 200,0.027388698864030326,0.03054724896804999,hit the 200,0.027388698864030326,0.04835592004391975
INTC,2025-10-17 17:00:00-04:00,2025-10-20,after hours,open at/above the 50,False,True,False,False,-0.002960969044414563,,,,,,,,,,,,,,,,,,,
INTC,2025-10-22 12:00:00-04:00,2025-10-22,regular hours,open at/above the 50,True,False,False,True,,24.0,False,37.559538,2025-10-23 12:00:00-04:00,0.10784110283784629,0.007309408331913103,True,False,-0.01444403043820508,-0.021045573031276316,stopped,-0.018990870293161616,-0.021045573031276316,stopped,-0.018990870293161616,-0.005869667512949646,stopped,-0.003814964774834946,-0.004035053618479778
INTC,2025-10-30 17:00:00-04:00,2025-10-31,after hours,between 200 and 50,True,False,False,False,0.019799697817823647,,,,,,,,,,,,,,,,,,,
INTC,2025-11-07 12:00:00-05:00,2025-11-07,regular hours,below the 200,True,True,False,True,,2.0,False,37.583206,2025-11-07 14:00:00-05:00,0.021466875391098983,0.0018946228270147192,False,False,-0.018202560083594665,-0.018202560083594665,time exit (36h),-0.008185455896787208,-0.015115146750524056,flat at the close (red),-0.0071785205246319705,-0.005834893382964854,stopped,0.002101732842927231,-0.008185455896787208
INTC,2025-11-11 18:00:00-05:00,2025-11-12,after hours,open at/above the 50,True,True,False,True,,15.0,True,38.137026,2025-11-12 09:00:00-05:00,0.0016512561834266806,0.07045714576695089,False,False,0.06142571667130525,0.06142571667130525,time exit (36h),0.04264783977567643,0.06142571667130525,time exit (36h),0.04264783977567643,0.06142571667130525,time exit (36h),0.04264783977567643,0.04264783977567643
INTC,2025-11-21 06:00:00-05:00,2025-11-21,pre-market,below the 200,True,True,False,True,,7.0,False,34.542851999999996,2025-11-21 13:00:00-05:00,0.012655237616164427,0.003267014547611663,False,False,-0.003839773907025168,-0.003839773907025168,time exit (36h),-0.0038738577153226705,-0.003839773907025168,time exit (36h),-0.0038738577153226705,-0.011786751134504081,stopped,-0.013455794924143916,-0.0038738577153226705
INTC,2025-12-04 18:00:00-05:00,2025-12-05,after hours,between 200 and 50,True,False,False,True,,16.0,False,42.527222,2025-12-05 10:00:00-05:00,0.007119627987927272,0.027446467112288743,True,False,0.02623605212355229,0.02623605212355229,time exit (36h),0.024887596651738786,0.02623605212355229,time exit (36h),0.024887596651738786,0.02623605212355229,time exit (36h),0.024887596651738786,0.024887596651738786
INTC,2025-12-23 08:00:00-05:00,2025-12-23,pre-market,below the 200,True,True,False,True,,1.0,False,36.742326,2025-12-23 09:00:00-05:00,0.0015696883207665915,0.06266141125632604,False,False,0.019770358034970847,0.019770358034970847,time exit (36h),0.028457056799400138,0.019770358034970847,time exit (36h),0.028457056799400138,0.019770358034970847,time exit (36h),0.028457056799400138,0.028457056799400138
INTC,2026-01-16 15:00:00-05:00,2026-01-16,regular hours,open at/above the 50,True,False,False,False,-0.000870566549384999,,,,,,,,,,,,,,,,,,,
INTC,2026-01-23 09:00:00-05:00,2026-01-23,regular hours,between 200 and 50,True,False,False,False,0.03401129943502834,,,,,,,,,,,,,,,,,,,
INTC,2026-01-30 18:00:00-05:00,2026-02-02,after hours,below the 200,True,True,False,False,-0.0015073212747631626,,,,,,,,,,,,,,,,,,,
INTC,2026-02-05 06:00:00-05:00,2026-02-05,pre-market,below the 200,True,False,False,True,,3.0,True,48.986182,2026-02-05 09:00:00-05:00,0.04723409552514213,0.05014030283070435,True,True,-0.03304022897749703,-0.014530995699971084,stopped,-0.015574177551545455,-0.014530995699971084,stopped,-0.015574177551545455,0.019606600489909486,hit the 200,0.013715823468369092,-0.019579496373772987
INTC,2026-02-10 15:00:00-05:00,2026-02-10,regular hours,open at/above the 50,True,False,False,True,,18.0,False,49.418796,2026-02-11 09:00:00-05:00,0.0026549412494791813,0.06533538372727661,True,True,0.06967090909090912,0.03267546218649287,hit the 200,0.026666940485041264,0.03267546218649287,hit the 200,0.026666940485041264,0.03267546218649287,hit the 200,0.026666940485041264,0.046369652938701655
INTC,2026-02-27 05:00:00-05:00,2026-02-27,pre-market,below the 200,True,True,False,True,,5.0,False,45.88526400000001,2026-02-27 10:00:00-05:00,0.014704851649104508,0.0211454378904741,False,False,0.010911302048909555,0.010911302048909555,time exit (36h),0.012115941578521028,0.010911302048909555,time exit (36h),0.012115941578521028,0.010911302048909555,time exit (36h),0.012115941578521028,0.012115941578521028
INTC,2026-03-06 19:00:00-05:00,2026-03-09,after hours,below the 200,True,False,False,False,0.0,,,,,,,,,,,,,,,,,,,
INTC,2026-03-12 18:00:00-04:00,2026-03-13,after hours,between 200 and 50,True,False,True,False,-0.007961058849267122,,,,,,,,,,,,,,,,,,,
INTC,2026-03-17 14:00:00-04:00,2026-03-17,regular hours,open at/above the 50,True,False,True,True,,24.0,False,45.63532,2026-03-18 14:00:00-04:00,0.017632833515794293,0.04350402276131737,True,True,-0.014781519861830739,0.005118305295108996,hit the 200,-0.0027576149479712625,0.005118305295108996,hit the 200,-0.0027576149479712625,0.005118305295108996,hit the 200,-0.0027576149479712625,-0.023282503071632488
INTC,2026-03-23 05:00:00-04:00,2026-03-23,pre-market,below the 200,True,True,True,True,,4.0,False,44.97598,2026-03-23 09:00:00-04:00,0.010761744380000191,0.03948729966528794,False,False,0.012516434038721158,0.012516434038721158,time exit (36h),0.006887052242659841,0.012516434038721158,time exit (36h),0.006887052242659841,-0.0047585400029081714,stopped,-0.005063509369824546,0.006887052242659841
INTC,2026-03-27 06:00:00-04:00,2026-03-27,pre-market,below the 200,True,True,True,False,0.018363551836355185,,,,,,,,,,,,,,,,,,,
INTC,2026-04-15 11:00:00-04:00,2026-04-15,regular hours,open at/above the 50,False,False,False,False,-0.0511036886436248,,,,,,,,,,,,,,,,,,,
INTC,2026-04-20 16:00:00-04:00,2026-04-21,after hours,between 200 and 50,True,False,False,True,,17.0,False,67.491958,2026-04-21 09:00:00-04:00,0.01893621162983595,0.03721862684736443,True,False,0.0025930591496401423,0.0025930591496401423,time exit (36h),0.002613187804116901,0.0025930591496401423,time exit (36h),0.002613187804116901,0.00017717666451450123,stopped,-0.0032490016713377355,0.002613187804116901
INTC,2026-05-08 08:00:00-04:00,2026-05-08,pre-market,open at/above the 50,False,False,False,False,-0.11452380952380958,,,,,,,,,,,,,,,,,,,
INTC,2026-05-13 04:00:00-04:00,2026-05-13,pre-market,open at/above the 50,False,False,False,True,,5.0,True,123.98993,2026-05-13 09:00:00-04:00,0.008146387371942213,0.08726458672893839,True,False,0.08411235463845412,0.08411235463845412,time exit (36h),0.09752970215932455,0.08411235463845412,time exit (36h),0.09752970215932455,0.08411235463845412,time exit (36h),0.09752970215932455,0.09752970215932455
INTC,2026-05-28 05:00:00-04:00,2026-05-28,pre-market,open at/above the 50,True,False,False,True,,4.0,True,121.010828,2026-05-28 09:00:00-04:00,0.04651791986746836,0.061736855482056506,True,True,0.049293550456965596,0.027740583677354862,hit the 200,0.030875080959059425,0.027740583677354862,hit the 200,0.030875080959059425,0.027740583677354862,hit the 200,0.030875080959059425,0.05606926375959653
INTC,2026-06-05 05:00:00-04:00,2026-06-05,pre-market,below the 200,True,True,False,False,0.12383797729618151,,,,,,,,,,,,,,,,,,,
INTC,2026-06-10 13:00:00-04:00,2026-06-10,regular hours,open at/above the 50,False,True,False,False,-0.09772850006750367,,,,,,,,,,,,,,,,,,,
INTC,2026-06-16 18:00:00-04:00,2026-06-17,after hours,between 200 and 50,True,False,False,True,,20.0,False,124.06942400000001,2026-06-17 14:00:00-04:00,0.09196928326192581,0.03352497227681185,True,False,-0.07521299940369697,-0.037322459077427296,stopped,-0.04504615088132206,-0.037322459077427296,stopped,-0.04504615088132206,-0.0028256438105168404,stopped,-0.010549335614411601,-0.08046777221008039
INTC,2026-06-23 19:00:00-04:00,2026-06-24,after hours,between 200 and 50,True,False,False,True,,15.0,False,135.19777,2026-06-24 10:00:00-04:00,0.04084557015992207,0.07239594262538498,True,False,0.025468522451456144,-0.02057896369148691,stopped,-0.019540549140109036,-0.02057896369148691,stopped,-0.019540549140109036,-0.01739843785884945,stopped,-0.016360023307471574,0.021053345707904958
INTC,2026-06-26 06:00:00-04:00,2026-06-26,pre-market,between 200 and 50,True,False,False,False,0.0028992320952827555,,,,,,,,,,,,,,,,,,,
INTC,2026-07-02 04:00:00-04:00,2026-07-02,pre-market,below the 200,True,False,False,False,0.05289256198347103,,,,,,,,,,,,,,,,,,,
INTC,2026-07-10 19:00:00-04:00,2026-07-13,after hours,below the 200,False,True,False,False,0.0,,,,,,,,,,,,,,,,,,,
INTC,2026-07-16 04:00:00-04:00,2026-07-16,pre-market,below the 200,True,True,False,False,0.06984866123399303,,,,,,,,,,,,,,,,,,,
INTC,2026-07-23 18:00:00-04:00,2026-07-24,after hours,below the 200,False,True,True,False,0.13533478973238666,,,,,,,,,,,,,,,,,,,
INTC,2026-08-03 18:00:00-04:00,2026-08-04,after hours,open at/above the 50,False,True,True,False,-0.07045977792907654,,,,,,,,,,,,,,,,,,,
INTC,2026-08-10 10:00:00-04:00,2026-08-10,regular hours,between 200 and 50,True,False,True,False,-0.003880947518889122,,,,,,,,,,,,,,,,,,,
INTC,2026-08-17 13:00:00-04:00,2026-08-17,regular hours,open at/above the 50,True,False,True,False,0.07887588800668621,,,,,,,,,,,,,,,,,,,
INTC,2026-08-31 13:00:00-04:00,2026-08-31,regular hours,open at/above the 50,True,True,True,False,0.008380202474690623,,,,,,,,,,,,,,,,,,,
INTC,2026-09-10 19:00:00-04:00,2026-09-11,after hours,between 200 and 50,True,False,True,True,,16.0,False,103.38023000000001,2026-09-11 11:00:00-04:00,0.0045305567611911195,0.01983193498408751,True,False,0.003204560892770658,,skipped (already above yesterday's high),,,skipped (already above yesterday's high),,0.003204560892770658,time exit (36h),0.003871681026717866,0.003871681026717866
INTC,2026-09-24 07:00:00-04:00,2026-09-24,pre-market,between 200 and 50,True,False,False,True,,2.0,False,121.66997800000001,2026-09-24 09:00:00-04:00,0.07043661995237636,-0.004109658012759623,True,False,-0.010409305261171453,-0.02120508314713417,stopped,-0.019558842064273347,-0.02120508314713417,stopped,-0.019558842064273347,-0.025643318518558385,stopped,-0.0202545178521174,-0.0001507694340122656
INTC,2026-09-28 09:00:00-04:00,2026-09-28,regular hours,between 200 and 50,True,False,False,False,0.012330878575098403,,,,,,,,,,,,,,,,,,,
INTC,2026-10-05 08:00:00-04:00,2026-10-05,pre-market,below the 200,True,False,False,False,0.01996450754214729,,,,,,,,,,,,,,,,,,,
JPM,2024-10-22 06:00:00-04:00,2024-10-22,pre-market,between 200 and 50,True,False,False,True,,3.0,False,224.18728,2024-10-22 09:00:00-04:00,0.004874139157226111,0.013770986471667763,True,False,0.0029853256979239795,0.0029853256979239795,time exit (36h),-0.0011110515144654443,0.0029853256979239795,time exit (36h),-0.0011110515144654443,-0.003045311045301132,stopped,-0.00024714481318176187,-0.0011110515144654443
JPM,2024-10-25 19:00:00-04:00,2024-10-28,after hours,open at/above the 50,True,False,False,False,0.0,,,,,,,,,,,,,,,,,,,
JPM,2024-10-30 15:00:00-04:00,2024-10-30,regular hours,open at the 200,False,False,False,False,0.013127029953085456,,,,,,,,,,,,,,,,,,,
JPM,2024-10-30 17:00:00-04:00,2024-10-31,after hours,open at/above the 50,False,False,False,False,0.012134608444604789,,,,,,,,,,,,,,,,,,,
JPM,2024-10-31 11:00:00-04:00,2024-10-31,regular hours,open at/above the 50,True,False,False,True,,22.0,False,223.86086000000003,2024-11-01 09:00:00-04:00,0.01022572681977535,0.005185631825054375,True,True,0.004130528393289756,0.0011141183858582799,hit the 200,-0.0002518582874631097,0.0011141183858582799,hit the 200,-0.0002518582874631097,-0.0028550770331176654,stopped,0.0017320390026392342,0.0032553314739829364
JPM,2024-11-08 15:00:00-05:00,2024-11-08,regular hours,open at/above the 50,True,False,False,False,0.00012616028432055337,,,,,,,,,,,,,,,,,,,
JPM,2024-11-19 19:00:00-05:00,2024-11-20,after hours,open at/above the 50,True,False,False,True,,14.0,True,243.969082,2024-11-20 09:00:00-05:00,0.0062340604290179,0.021843267828502957,True,False,-0.0012343605820758219,-0.004844130208269674,stopped,0.0009261034609595667,-0.004844130208269674,stopped,0.0009261034609595667,-0.0010284827812731322,stopped,0.003536035249415337,0.002306357677914095
JPM,2024-11-29 15:00:00-05:00,2024-11-29,regular hours,open at/above the 50,True,False,False,False,0.0,,,,,,,,,,,,,,,,,,,
JPM,2024-12-10 10:00:00-05:00,2024-12-10,regular hours,below the 200,True,True,False,True,,2.0,False,245.599352,2024-12-10 12:00:00-05:00,0.009611784317737114,0.013922479730321126,False,False,0.0067610248001641615,-0.009244926672282062,stopped,-0.009675003879331857,-0.009244926672282062,stopped,-0.009675003879331857,0.0067610248001641615,time exit (36h),0.010633034290706389,0.010633034290706389
JPM,2024-12-30 14:00:00-05:00,2024-12-30,regular hours,below the 200,True,False,False,True,,19.0,False,241.0073,2024-12-31 09:00:00-05:00,0.0017924768253908341,0.00820431580288226,True,True,0.004866994663108581,0.00553908118135828,hit the 200,0.0005053955184193444,0.00553908118135828,hit the 200,0.0005053955184193444,-0.00038463565211513417,stopped,-0.0026609921227434274,-0.0011006097699690631
JPM,2025-01-10 08:00:00-05:00,2025-01-10,pre-market,open at/above the 50,True,False,False,True,,1.0,True,242.700066,2025-01-10 09:00:00-05:00,0.004573274405290066,0.016316707552934837,True,True,0.012346984232918912,0.01230913962751041,hit the 200,0.006974429594813822,0.01230913962751041,hit the 200,0.006974429594813822,0.01230913962751041,hit the 200,0.006974429594813822,0.004726357365944622
JPM,2025-02-03 06:00:00-05:00,2025-02-03,pre-market,open at the 200,True,False,False,True,,5.0,False,267.22668,2025-02-03 11:00:00-05:00,0.0103781553548471,0.005825316543991684,True,False,-0.0028855223880597247,-0.0028855223880597247,time exit (36h),0.0013116794773633256,-0.0028855223880597247,time exit (36h),0.0013116794773633256,-0.003305508267363222,stopped,-0.003690348893147477,0.0013116794773633256
JPM,2025-02-10 18:00:00-05:00,2025-02-11,after hours,between 200 and 50,True,False,False,True,,19.0,False,274.132464,2025-02-11 13:00:00-05:00,0.008454073502217385,0.0050430510120101175,True,False,-0.005008977814073612,-0.007469148199827874,stopped,-0.004743557277973337,-0.007469148199827874,stopped,-0.004743557277973337,-0.0017419899600070218,stopped,0.0009836009618475153,-0.003635981237881447
JPM,2025-02-20 11:00:00-05:00,2025-02-20,regular hours,open at/above the 50,True,False,False,False,0.016002575562457544,,,,,,,,,,,,,,,,,,,
JPM,2025-03-04 10:00:00-05:00,2025-03-04,regular hours,below the 200,True,True,False,False,-0.01800978014550947,,,,,,,,,,,,,,,,,,,
JPM,2025-03-27 17:00:00-04:00,2025-03-28,after hours,between 200 and 50,True,False,True,False,0.02326924068250924,,,,,,,,,,,,,,,,,,,
JPM,2025-04-03 05:00:00-04:00,2025-04-03,pre-market,below the 200,True,False,True,False,0.12907059662467324,,,,,,,,,,,,,,,,,,,
JPM,2025-04-16 04:00:00-04:00,2025-04-16,pre-market,between 200 and 50,True,False,True,True,,31.0,False,233.235572,2025-04-17 11:00:00-04:00,0.004735246817325158,0.0065409062044788895,True,False,0.004935895557757641,0.004935895557757641,time exit (36h),0.008768185445824361,0.004935895557757641,time exit (36h),0.008768185445824361,-0.0031488678750941487,stopped,0.003359873515960025,0.008768185445824361
JPM,2025-04-28 15:00:00-04:00,2025-04-28,regular hours,open at/above the 50,True,False,True,True,,18.0,False,242.862536,2025-04-29 09:00:00-04:00,0.009830515810804158,0.018251213517757218,True,False,-0.0055990828317569186,-0.0055990828317569186,time exit (36h),0.01206385253944009,-0.007387354395716583,flat at the close (red),0.0011664406741214162,-0.005424731297378864,stopped,0.001013347406324967,0.01206385253944009
JPM,2025-05-06 19:00:00-04:00,2025-05-07,after hours,between 200 and 50,True,False,True,True,,16.0,False,251.490034,2025-05-07 11:00:00-04:00,0.01745582490954686,0.014672684803088448,True,False,-0.0078114411961967,-0.004612373625906771,stopped,0.007832463090774514,-0.004612373625906771,stopped,0.007832463090774514,-0.002703749286542221,stopped,0.0005122576978053204,0.0008184142049940668
JPM,2025-05-19 15:00:00-04:00,2025-05-19,regular hours,open at/above the 50,True,False,False,True,,19.0,False,266.096154,2025-05-20 10:00:00-04:00,0.002118955841804509,0.02245862598976161,True,False,0.019056962316176485,0.019056962316176485,time exit (36h),0.0023723173686449606,0.019056962316176485,time exit (36h),0.0023723173686449606,-0.0015928302368472755,stopped,-0.0009694420190532124,0.0023723173686449606
JPM,2025-05-30 12:00:00-04:00,2025-05-30,regular hours,open at/above the 50,True,False,False,True,,1.0,False,264.29569,2025-05-30 13:00:00-04:00,0.003913457688243062,0.0030106052807746474,True,False,0.0030196963946869104,0.0030196963946869104,time exit (36h),0.009810814491209241,0.0030196963946869104,time exit (36h),0.009810814491209241,0.0030196963946869104,time exit (36h),0.009810814491209241,0.009810814491209241
JPM,2025-06-05 11:00:00-04:00,2025-06-05,regular hours,open at/above the 50,True,False,False,True,,22.0,False,264.32638599999996,2025-06-06 09:00:00-04:00,0.00879070014599307,-0.0017539452152917634,True,False,-0.0037825123431199925,-0.0037825123431199925,time exit (36h),-0.0011793090397999029,-0.005282105896963318,flat at the close (red),-0.003128624435266958,-0.007088259436952436,stopped,-0.005501294828718504,-0.0011793090397999029
JPM,2025-06-13 04:00:00-04:00,2025-06-13,pre-market,open at the 200,True,False,False,False,-0.004299615297578607,,,,,,,,,,,,,,,,,,,
JPM,2025-07-08 08:00:00-04:00,2025-07-08,pre-market,between 200 and 50,True,False,False,False,0.02309648255403296,,,,,,,,,,,,,,,,,,,
JPM,2025-07-16 08:00:00-04:00,2025-07-16,pre-market,open at/above the 50,True,True,False,True,,1.0,False,287.7,2025-07-16 09:00:00-04:00,0.010531803962460999,0.017205422314911328,False,False,-0.00793103448275867,-0.00793103448275867,time exit (36h),0.00011719124929598923,-0.00793103448275867,time exit (36h),0.00011719124929598923,-0.0037886687521725125,stopped,-0.0003339571135334272,0.00011719124929598923
JPM,2025-07-29 18:00:00-04:00,2025-07-30,after hours,open at/above the 50,True,False,False,True,,15.0,False,297.93,2025-07-30 09:00:00-04:00,0.010220521599033383,0.008156278320410857,True,False,0.0033579977159823304,0.0033579977159823304,time exit (36h),-0.004216319327815521,-0.006436336957246769,flat at the close (red),-0.008595551444472771,-0.004128486557245051,stopped,-0.003531227661231021,-0.004216319327815521
JPM,2025-07-30 14:00:00-04:00,2025-07-30,regular hours,open at/above the 50,False,False,False,True,,19.0,True,298.17154000000005,2025-07-31 09:00:00-04:00,0.009402171649245842,0.046731287633957494,True,True,0.029917930296017525,0.01776266943518496,hit the 200,-0.0038048006941879195,0.01776266943518496,hit the 200,-0.0038048006941879195,0.01776266943518496,hit the 200,-0.0038048006941879195,-0.0002773658656245459
JPM,2025-07-31 17:00:00-04:00,2025-08-01,after hours,below the 200,True,False,False,False,0.022762598873959483,,,,,,,,,,,,,,,,,,,
JPM,2025-08-07 11:00:00-04:00,2025-08-07,regular hours,open at/above the 50,True,True,False,True,,23.0,False,291.200534,2025-08-08 10:00:00-04:00,0.00010118800125556616,0.02230261706868981,False,False,0.0071710098531025945,0.0071710098531025945,time exit (36h),0.011291420829170784,0.0071710098531025945,time exit (36h),0.011291420829170784,0.0071710098531025945,time exit (36h),0.011291420829170784,0.011291420829170784
JPM,2025-08-14 15:00:00-04:00,2025-08-14,regular hours,open at/above the 50,False,True,False,False,0.00851498415597507,,,,,,,,,,,,,,,,,,,
JPM,2025-08-18 09:00:00-04:00,2025-08-18,regular hours,below the 200,True,True,False,True,,4.0,False,291.704602,2025-08-18 13:00:00-04:00,0.002658161697428399,0.007454808683477848,False,False,0.005842560020302923,0.005842560020302923,time exit (36h),0.0006642120853843636,0.005842560020302923,time exit (36h),0.0006642120853843636,0.0005642763222501444,stopped,0.0021803123722850524,0.0006642120853843636
JPM,2025-09-02 15:00:00-04:00,2025-09-02,regular hours,open at/above the 50,True,False,False,True,,18.0,True,300.1157,2025-09-03 09:00:00-04:00,0.014375455865854411,0.012447532734875278,True,False,-0.012809126547894123,-0.009444024421248155,stopped,-0.0035864780909197324,-0.009444024421248155,stopped,-0.0035864780909197324,-0.0008806603586549839,stopped,0.002934180301963784,-0.0019231597447036952
JPM,2025-09-05 19:00:00-04:00,2025-09-08,after hours,below the 200,True,False,False,False,0.0,,,,,,,,,,,,,,,,,,,
JPM,2025-09-22 09:00:00-04:00,2025-09-22,regular hours,between 200 and 50,True,False,False,False,-0.0010553245922608756,,,,,,,,,,,,,,,,,,,
JPM,2025-09-30 13:00:00-04:00,2025-09-30,regular hours,open at/above the 50,True,False,False,True,,1.0,True,314.929596,2025-09-30 14:00:00-04:00,0.003875164530424043,0.023877069972172378,True,True,0.012474207481445898,0.011895950865157897,hit the 200,0.013711434454240909,-0.0014439621415095472,flat at the close (red),0.003930525555717712,0.011895950865157897,hit the 200,0.013711434454240909,0.021095445369403554
JPM,2025-10-07 11:00:00-04:00,2025-10-07,regular hours,open at/above the 50,True,True,False,True,,22.0,True,308.92,2025-10-08 09:00:00-04:00,0.000906383529716343,0.017885860416936475,False,False,0.00964146811778921,0.00964146811778921,time exit (36h),0.012513662891287747,0.00964146811778921,time exit (36h),0.012513662891287747,0.00964146811778921,time exit (36h),0.012513662891287747,0.012513662891287747
JPM,2025-10-15 04:00:00-04:00,2025-10-15,pre-market,open at/above the 50,True,True,False,True,,30.0,False,306.123304,2025-10-16 10:00:00-04:00,0.008351523606970987,0.04218334191244728,False,False,0.028501894906598713,-0.0028638656010323907,stopped,-0.0021817987135059128,-0.0028638656010323907,stopped,-0.0021817987135059128,-0.004333861495235821,stopped,-0.007516609945244919,0.026465158494862306
JPM,2025-10-15 17:00:00-04:00,2025-10-16,after hours,open at/above the 50,False,True,False,True,,17.0,False,306.123304,2025-10-16 10:00:00-04:00,0.008351523606970987,0.04218334191244728,False,False,0.028501894906598713,0.028501894906598713,time exit (36h),0.026465158494862306,0.028501894906598713,time exit (36h),0.026465158494862306,-0.004333861495235821,stopped,-0.007516609945244919,0.026465158494862306
JPM,2025-10-16 16:00:00-04:00,2025-10-17,after hours,below the 200,True,True,False,False,0.004266899610267494,,,,,,,,,,,,,,,,,,,
JPM,2025-10-22 10:00:00-04:00,2025-10-22,regular hours,below the 200,True,True,False,False,-0.0011709601873535203,,,,,,,,,,,,,,,,,,,
JPM,2025-11-04 08:00:00-05:00,2025-11-04,pre-market,between 200 and 50,True,False,True,True,,1.0,False,309.35751200000004,2025-11-04 09:00:00-05:00,0.012097614749371205,0.012049204740177916,True,False,-0.007515200513313891,-0.00957626010387603,stopped,-0.0033870860131406475,-0.00957626010387603,stopped,-0.0033870860131406475,-0.0005252434277398097,stopped,0.002674497054138068,-0.00564020023647116
JPM,2025-11-13 17:00:00-05:00,2025-11-14,after hours,below the 200,True,False,True,False,0.017659609387822073,,,,,,,,,,,,,,,,,,,
JPM,2025-11-21 10:00:00-05:00,2025-11-21,regular hours,open at/above the 50,True,True,False,False,-0.01164113199973249,,,,,,,,,,,,,,,,,,,
JPM,2025-12-02 14:00:00-05:00,2025-12-02,regular hours,open at/above the 50,True,False,False,True,,21.0,False,309.82332599999995,2025-12-03 11:00:00-05:00,0.027972955141537855,0.00341396502857227,True,False,-0.01867690992018267,-0.013609930712576719,stopped,-0.012543090314067147,-0.00767623470629708,flat at the close (red),-0.0054918560046109954,-0.005443986486672857,stopped,-0.0031064152972706026,-0.015122766072062865
JPM,2025-12-09 07:00:00-05:00,2025-12-09,pre-market,open at/above the 50,False,False,False,False,0.018452803406671325,,,,,,,,,,,,,,,,,,,
JPM,2025-12-16 16:00:00-05:00,2025-12-17,after hours,open at/above the 50,True,False,False,True,,17.0,False,318.459362,2025-12-17 09:00:00-05:00,0.0028595108471014454,0.019592333416782928,True,True,0.018255354116706535,0.014926782086563242,hit the 200,0.01146259587549854,0.014926782086563242,hit the 200,0.01146259587549854,0.014926782086563242,hit the 200,0.01146259587549854,0.011913234459092203
JPM,2025-12-29 13:00:00-05:00,2025-12-29,regular hours,open at/above the 50,True,False,False,False,0.003434193428624388,,,,,,,,,,,,,,,,,,,
JPM,2026-01-07 17:00:00-05:00,2026-01-08,after hours,between 200 and 50,True,False,False,False,-0.011288321278334346,,,,,,,,,,,,,,,,,,,
JPM,2026-01-12 06:00:00-05:00,2026-01-12,pre-market,below the 200,True,False,False,True,,27.0,True,326.99848399999996,2026-01-13 09:00:00-05:00,0.0020229940882541307,0.0638488709323801,False,False,0.06340970406504054,0.06340970406504054,time exit (36h),0.05449045589239865,0.06340970406504054,time exit (36h),0.05449045589239865,0.06340970406504054,time exit (36h),0.05449045589239865,0.05449045589239865
JPM,2026-01-20 15:00:00-05:00,2026-01-20,regular hours,below the 200,True,True,False,False,-6.60480169082378e-05,,,,,,,,,,,,,,,,,,,
JPM,2026-02-05 19:00:00-05:00,2026-02-06,after hours,open at/above the 50,True,False,True,True,,14.0,False,313.64388,2026-02-06 09:00:00-05:00,0.033799862442716815,-0.023150523453542193,True,False,-0.026555307262569716,-0.0075439699317581665,stopped,-0.0029218113179677162,-0.0075439699317581665,stopped,-0.0029218113179677162,-0.027471028607349093,stopped,-0.02131763111536902,-0.013471050044160937
JPM,2026-02-11 07:00:00-05:00,2026-02-11,pre-market,open at/above the 50,True,False,True,False,0.04999834988944274,,,,,,,,,,,,,,,,,,,
JPM,2026-02-20 09:00:00-05:00,2026-02-20,regular hours,open at/above the 50,True,True,True,True,,1.0,True,307.826326,2026-02-20 10:00:00-05:00,0.010309949903375078,0.002002187428244896,False,False,-0.007812003223207076,-0.004397525116159208,stopped,0.001380388157072197,-0.004397525116159208,stopped,0.001380388157072197,-0.0037153222560959024,stopped,0.00011024357854653912,-0.0009383536633236211
JPM,2026-02-23 10:00:00-05:00,2026-02-23,regular hours,open at/above the 50,True,True,True,False,0.0020659074876550054,,,,,,,,,,,,,,,,,,,
JPM,2026-02-27 16:00:00-05:00,2026-03-02,after hours,below the 200,True,True,True,False,0.00030039351216681887,,,,,,,,,,,,,,,,,,,
JPM,2026-03-05 14:00:00-05:00,2026-03-05,regular hours,open at/above the 50,True,True,True,False,0.014940377149195827,,,,,,,,,,,,,,,,,,,
JPM,2026-03-11 17:00:00-04:00,2026-03-12,after hours,below the 200,True,True,True,False,0.01491271467948252,,,,,,,,,,,,,,,,,,,
JPM,2026-03-19 14:00:00-04:00,2026-03-19,regular hours,open at/above the 50,True,True,True,True,,19.0,True,287.322382,2026-03-20 09:00:00-04:00,0.012799622411594776,0.00714313304001504,False,False,-0.0040818648180241945,-0.0072483667492355955,stopped,-0.013115670700091259,-0.0072483667492355955,stopped,-0.013115670700091259,-0.004725068720890676,stopped,-0.011594969966060294,-0.009163912332107116
JPM,2026-03-23 06:00:00-04:00,2026-03-23,pre-market,open at/above the 50,True,True,True,True,,27.0,True,288.36341400000003,2026-03-24 09:00:00-04:00,0.03216977449157247,0.00202319008471741,True,False,-0.022463764873385417,-0.008137599591604034,stopped,-0.005690891942584259,-0.008137599591604034,stopped,-0.005690891942584259,-0.003369310920975381,stopped,-0.0009226032719556062,-0.01777967399897107
JPM,2026-03-27 04:00:00-04:00,2026-03-27,pre-market,open at the 200,True,False,True,False,0.03297947629157827,,,,,,,,,,,,,,,,,,,
JPM,2026-04-06 06:00:00-04:00,2026-04-06,pre-market,open at/above the 50,True,False,True,True,,3.0,True,294.00327799999997,2026-04-06 09:00:00-04:00,0.0340020766707235,0.004438991323083073,True,False,-0.02969215181518159,-0.005498993109866069,stopped,-0.002537852387347884,-0.005498993109866069,stopped,-0.002537852387347884,-0.006519389896054322,stopped,-0.005135338427591001,-0.0043661842294987485
JPM,2026-04-15 13:00:00-04:00,2026-04-15,regular hours,open at/above the 50,True,False,True,True,,20.0,False,309.57499600000006,2026-04-16 09:00:00-04:00,0.017201014516042893,0.008834679917108294,True,False,-0.0029790789049917166,-0.015327478192069288,stopped,-0.004739053388436087,-0.0009842648767263151,flat at the close (red),4.203403283098428e-05,-0.0011144440102002304,stopped,0.00021079538788447948,0.010978008678546702
JPM,2026-04-22 15:00:00-04:00,2026-04-22,regular hours,open at/above the 50,True,False,False,True,,19.0,False,314.739898,2026-04-23 10:00:00-04:00,0.0007946307461789503,0.021763678655065195,True,True,0.020298341893092653,0.016091958891084033,hit the 200,0.011032769917993155,0.016091958891084033,hit the 200,0.011032769917993155,0.016091958891084033,hit the 200,0.011032769917993155,0.025620396206057383
JPM,2026-04-29 16:00:00-04:00,2026-04-30,after hours,below the 200,True,True,False,True,,17.0,False,310.50676200000004,2026-04-30 09:00:00-04:00,0.01794884582899984,0.0017962958243080873,False,False,-0.0033485411651419383,-0.004953959746615689,stopped,-0.006634938076003539,-0.004953959746615689,stopped,-0.006634938076003539,-0.0020715748534968774,stopped,-0.0037525531828847274,0.0034986810570801774
JPM,2026-05-04 14:00:00-04:00,2026-05-04,regular hours,open at/above the 50,True,True,False,False,-0.008391157011457206,,,,,,,,,,,,,,,,,,,
JPM,2026-05-07 19:00:00-04:00,2026-05-08,after hours,below the 200,True,True,False,False,0.01433001290664171,,,,,,,,,,,,,,,,,,,
JPM,2026-05-14 08:00:00-04:00,2026-05-14,pre-market,open at/above the 50,False,True,False,True,,6.0,True,301.67355599999996,2026-05-14 14:00:00-04:00,0.00022025132358650224,0.01731525981017698,False,False,0.013940146407372733,0.013940146407372733,time exit (36h),-0.00016460852251043434,0.013940146407372733,time exit (36h),-0.00016460852251043434,0.013940146407372733,time exit (36h),-0.00016460852251043434,-0.00016460852251043434
JPM,2026-05-20 04:00:00-04:00,2026-05-20,pre-market,below the 200,True,True,False,True,,6.0,False,298.33243999999996,2026-05-20 10:00:00-04:00,0.01966785777637868,-0.004785131647098212,False,False,-0.01543698227781276,-0.011589621296296367,stopped,-0.006037367973049875,-0.011589621296296367,stopped,-0.006037367973049875,-0.007835420110531907,stopped,-0.0022831667872854153,-0.0046847102655289685
JPM,2026-05-27 13:00:00-04:00,2026-05-27,regular hours,open at/above the 50,True,False,False,False,0.005426356589147252,,,,,,,,,,,,,,,,,,,
JPM,2026-06-10 07:00:00-04:00,2026-06-10,pre-market,open at/above the 50,True,False,True,True,,2.0,False,311.86929200000003,2026-06-10 09:00:00-04:00,0.009236908133936989,0.012337835428824542,True,False,-0.0049070602079338554,-0.0049070602079338554,time exit (36h),0.0039364514489061975,-0.0049070602079338554,time exit (36h),0.0039364514489061975,-0.007040475148800375,stopped,-0.007177476404190221,0.0039364514489061975
JPM,2026-06-10 11:00:00-04:00,2026-06-10,regular hours,open at/above the 50,True,False,True,True,,1.0,False,311.864454,2026-06-10 12:00:00-04:00,0.00915636893969328,0.012322513677689025,True,False,-0.004922496994325454,-0.004922496994325454,time exit (36h),0.005260334184340576,-0.004922496994325454,time exit (36h),0.005260334184340576,-0.002711261219914329,stopped,-0.00447678827764314,0.005260334184340576
JPM,2026-06-22 06:00:00-04:00,2026-06-22,pre-market,open at/above the 50,True,False,False,True,,5.0,False,331.028294,2026-06-22 11:00:00-04:00,0.01311581541123487,0.011534645434266223,True,False,-0.009401520184337264,-0.009401520184337264,time exit (36h),-0.022598439996043163,-0.0022356029779665443,flat at the close (red),-0.0027057992513251916,-0.0010923718804532001,stopped,-0.0007836263270603139,-0.022598439996043163
JPM,2026-06-26 15:00:00-04:00,2026-06-26,regular hours,open at/above the 50,True,False,False,False,-0.003311358872315262,,,,,,,,,,,,,,,,,,,
JPM,2026-07-08 14:00:00-04:00,2026-07-08,regular hours,open at/above the 50,True,False,False,True,,20.0,False,336.071226,2026-07-09 10:00:00-04:00,0.009934721397421869,0.005954767457538989,True,False,-0.0022275121985977364,-0.0022275121985977364,time exit (36h),0.005906985224594874,-0.0022275121985977364,time exit (36h),0.005906985224594874,-0.002733866897608142,stopped,-0.0011335895161952575,0.005906985224594874
JPM,2026-07-14 06:00:00-04:00,2026-07-14,pre-market,below the 200,True,False,False,True,,3.0,True,334.9975079999999,2026-07-14 09:00:00-04:00,0.04848541141983685,-0.00794779643554871,True,False,-0.03514542626728134,-0.010007513249919752,stopped,-0.009461799762810563,-0.010007513249919752,stopped,-0.009461799762810563,-0.023679256742411597,stopped,-0.022601713540910933,-0.030136680838755425
JPM,2026-07-17 09:00:00-04:00,2026-07-17,regular hours,between 200 and 50,True,False,False,True,,1.0,False,344.40518799999995,2026-07-17 10:00:00-04:00,0.004993571699622734,0.011687361689801137,True,False,0.007032713450292327,0.007032713450292327,time exit (36h),0.00392146765904644,0.007032713450292327,time exit (36h),0.00392146765904644,0.007032713450292327,time exit (36h),0.00392146765904644,0.00392146765904644
JPM,2026-07-29 13:00:00-04:00,2026-07-29,regular hours,open at/above the 50,True,False,False,False,-0.004375427594070724,,,,,,,,,,,,,,,,,,,
JPM,2026-08-07 06:00:00-04:00,2026-08-07,pre-market,between 200 and 50,True,False,False,False,-0.002877014608530404,,,,,,,,,,,,,,,,,,,
JPM,2026-08-14 11:00:00-04:00,2026-08-14,regular hours,open at/above the 50,False,False,False,False,0.0019029233314946659,,,,,,,,,,,,,,,,,,,
JPM,2026-08-27 09:00:00-04:00,2026-08-27,regular hours,below the 200,True,True,False,True,,24.0,False,355.75586599999997,2026-08-28 09:00:00-04:00,0.00836004205198418,0.004317190935651197,False,False,-0.00526824180740415,-0.007291893817992741,stopped,-0.008601761923352786,-0.007291893817992741,stopped,-0.008601761923352786,-0.004115558280070801,stopped,-0.005425426385430847,-0.008845650553064965
JPM,2026-09-01 13:00:00-04:00,2026-09-01,regular hours,open at/above the 50,False,True,False,True,,1.0,False,355.792534,2026-09-01 14:00:00-04:00,0.015957237596222404,0.005628375552141206,False,False,-0.002823615470852081,-0.005557918761724193,stopped,-0.003926340848964496,-0.005557918761724193,stopped,-0.003926340848964496,-0.010490568641330704,stopped,-0.005930325079898229,0.0018146640540834813
JPM,2026-09-08 08:00:00-04:00,2026-09-08,pre-market,open at/above the 50,True,False,False,True,,1.0,True,358.47774599999997,2026-09-08 09:00:00-04:00,0.0002015578395207929,0.02730363630438574,True,True,0.00851806442537617,0.006465832330913916,hit the 200,0.0043294420488844175,0.006465832330913916,hit the 200,0.0043294420488844175,0.006465832330913916,hit the 200,0.0043294420488844175,0.000459254770529105
JPM,2026-09-14 15:00:00-04:00,2026-09-14,regular hours,open at/above the 50,True,True,False,True,,23.0,False,352.88522600000005,2026-09-15 14:00:00-04:00,0.007693079222307757,0.023237657447297163,False,False,0.008756527605467967,0.008756527605467967,time exit (36h),0.008906913691045015,-0.0007497493982725478,flat at the close (red),-0.0006045118688949858,-0.0003252445598273768,stopped,0.000940862030521271,0.008906913691045015
JPM,2026-09-17 10:00:00-04:00,2026-09-17,regular hours,open at/above the 50,True,True,False,True,,2.0,True,350.29464,2026-09-17 12:00:00-04:00,0.0006579033010610544,0.015086271374292293,False,False,0.00238837062897046,0.00238837062897046,time exit (36h),0.002965056780638964,0.00238837062897046,time exit (36h),0.002965056780638964,0.00238837062897046,time exit (36h),0.002965056780638964,0.002965056780638964
JPM,2026-09-22 13:00:00-04:00,2026-09-22,regular hours,open at/above the 50,True,True,False,False,0.008582420834566618,,,,,,,,,,,,,,,,,,,
JPM,2026-09-29 06:00:00-04:00,2026-09-29,pre-market,below the 200,True,True,True,False,0.01852145340053024,,,,,,,,,,,,,,,,,,,
JPM,2026-10-06 15:00:00-04:00,2026-10-06,regular hours,open at/above the 50,True,True,True,False,0.004792235365483677,,,,,,,,,,,,,,,,,,,
LLY,2024-10-04 10:00:00-04:00,2024-10-04,regular hours,open at/above the 50,True,True,False,False,-0.004771057094403619,,,,,,,,,,,,,,,,,,,
LLY,2024-10-15 19:00:00-04:00,2024-10-16,after hours,between 200 and 50,True,False,True,False,-0.012466124661246636,,,,,,,,,,,,,,,,,,,
LLY,2024-10-21 11:00:00-04:00,2024-10-21,regular hours,open at/above the 50,True,False,True,False,0.001299506976732978,,,,,,,,,,,,,,,,,,,
LLY,2024-10-30 08:00:00-04:00,2024-10-30,pre-market,below the 200,True,True,True,False,-0.028655180722891638,,,,,,,,,,,,,,,,,,,
LLY,2024-11-13 07:00:00-05:00,2024-11-13,pre-market,below the 200,True,True,True,True,,2.0,False,824.8290760000001,2024-11-13 09:00:00-05:00,0.005184012208609287,0.05186417070486509,False,False,0.05213158324404321,0.05213158324404321,time exit (36h),0.043312972935391825,0.05213158324404321,time exit (36h),0.043312972935391825,0.05213158324404321,time exit (36h),0.043312972935391825,0.043312972935391825
LLY,2024-11-25 16:00:00-05:00,2024-11-26,after hours,open at/above the 50,False,True,True,False,-0.04066268734396483,,,,,,,,,,,,,,,,,,,
LLY,2024-12-09 06:00:00-05:00,2024-12-09,pre-market,between 200 and 50,True,False,True,False,0.02443110777694435,,,,,,,,,,,,,,,,,,,
LLY,2024-12-30 04:00:00-05:00,2024-12-30,pre-market,below the 200,True,False,True,False,0.010492227979274737,,,,,,,,,,,,,,,,,,,
LLY,2025-01-07 04:00:00-05:00,2025-01-07,pre-market,below the 200,True,True,True,True,,5.0,False,774.8950900000001,2025-01-07 09:00:00-05:00,0.022796518171253152,0.008614185437670108,False,False,-0.015255953742533856,-0.012737091933309177,stopped,-0.027233540048601228,-0.012737091933309177,stopped,-0.027233540048601228,-0.0075170304666660505,stopped,-0.01343169749281856,-0.029769643176771998
LLY,2025-01-14 12:00:00-05:00,2025-01-14,regular hours,open at the 200,True,False,True,False,-0.009651140939597402,,,,,,,,,,,,,,,,,,,
LLY,2025-01-17 17:00:00-05:00,2025-01-21,after hours,below the 200,True,True,True,False,-6.867660188170088e-05,,,,,,,,,,,,,,,,,,,
LLY,2025-02-03 16:00:00-05:00,2025-02-04,after hours,open at/above the 50,False,False,True,True,,17.0,True,811.7120419999999,2025-02-04 09:00:00-05:00,0.04335029687781828,0.0071171076700620615,True,False,-0.03137149651539972,-0.007697259220900106,stopped,-0.0023120996220819716,-0.007697259220900106,stopped,-0.0023120996220819716,-0.00296651752765314,stopped,0.0028572066607693344,-0.019382873305425208
LLY,2025-02-11 09:00:00-05:00,2025-02-11,regular hours,open at/above the 50,True,False,False,True,,2.0,False,869.676256,2025-02-11 11:00:00-05:00,0.009318115728802888,0.019712112273650457,True,False,-0.002861298656984812,-0.002861298656984812,time exit (36h),-0.003053495021463015,-0.002861298656984812,time exit (36h),-0.003053495021463015,-0.004592794125909746,stopped,-0.0034302761628763967,-0.003053495021463015
LLY,2025-02-14 15:00:00-05:00,2025-02-14,regular hours,open at/above the 50,True,False,False,False,2.3696682464491303e-05,,,,,,,,,,,,,,,,,,,
LLY,2025-03-06 14:00:00-05:00,2025-03-06,regular hours,open at/above the 50,True,False,False,False,0.04838951310861428,,,,,,,,,,,,,,,,,,,
LLY,2025-03-26 16:00:00-04:00,2025-03-27,after hours,below the 200,True,True,False,False,0.006399026763990179,,,,,,,,,,,,,,,,,,,
LLY,2025-04-09 09:00:00-04:00,2025-04-09,regular hours,below the 200,True,True,True,True,,4.0,False,723.211186,2025-04-09 13:00:00-04:00,0.043720028965370625,0.043481332436138526,False,False,0.008522083391437674,0.008522083391437674,time exit (36h),0.055217280728575124,-0.038308574240046744,flat at the close (red),0.03929968532525874,-0.033135292240902864,stopped,0.022860790105169032,0.055217280728575124
LLY,2025-04-11 09:00:00-04:00,2025-04-11,regular hours,below the 200,False,True,True,True,,1.0,False,727.716284,2025-04-11 10:00:00-04:00,0.011162476611558114,0.015825238837172878,False,False,-0.005824907784365729,-0.005824907784365729,time exit (36h),0.007779072277846244,-0.0057569931550831566,flat at the close (red),0.008438107785027071,-0.0031381955443503954,stopped,0.01238434045714594,0.007779072277846244
LLY,2025-05-01 12:00:00-04:00,2025-05-01,regular hours,between 200 and 50,True,False,True,False,-0.023078303030303005,,,,,,,,,,,,,,,,,,,
LLY,2025-05-14 15:00:00-04:00,2025-05-14,regular hours,open at/above the 50,True,True,True,False,-0.022513661202185786,,,,,,,,,,,,,,,,,,,
LLY,2025-05-21 13:00:00-04:00,2025-05-21,regular hours,open at/above the 50,True,True,True,False,0.018841591067690233,,,,,,,,,,,,,,,,,,,
LLY,2025-06-17 08:00:00-04:00,2025-06-17,pre-market,between 200 and 50,True,False,True,False,0.025647903334993893,,,,,,,,,,,,,,,,,,,
LLY,2025-06-30 08:00:00-04:00,2025-06-30,pre-market,below the 200,True,True,True,True,,26.0,False,786.21774,2025-07-01 10:00:00-04:00,0.004810702948524096,0.023171367260168982,False,False,0.00890275639051441,0.00890275639051441,time exit (36h),0.014172360283897567,0.00890275639051441,time exit (36h),0.014172360283897567,0.00890275639051441,time exit (36h),0.014172360283897567,0.014172360283897567
LLY,2025-07-15 19:00:00-04:00,2025-07-16,after hours,below the 200,True,False,False,True,,15.0,False,787.455632,2025-07-16 10:00:00-04:00,0.010895557351223497,0.034840733731649885,True,True,0.03167334660937016,0.005660888460062605,hit the 200,0.011525409537757578,-0.0027725978129411466,flat at the close (red),0.0005435930294439562,-0.010456929464186011,stopped,-0.010698263312021767,0.04217087329098812
LLY,2025-07-29 11:00:00-04:00,2025-07-29,regular hours,below the 200,True,False,False,False,0.011686429512516527,,,,,,,,,,,,,,,,,,,
LLY,2025-08-06 14:00:00-04:00,2025-08-06,regular hours,below the 200,True,True,False,False,0.15385689896011168,,,,,,,,,,,,,,,,,,,
LLY,2025-08-20 16:00:00-04:00,2025-08-21,after hours,open at/above the 50,False,False,True,True,,17.0,True,701.467568,2025-08-21 09:00:00-04:00,0.025653690663571756,-0.009736204938843225,True,False,-0.012223829867648695,-0.0061762399256068325,stopped,-0.006711563402690348,-0.0061762399256068325,stopped,-0.006711563402690348,-0.021415718538251763,stopped,-0.02124264827172352,0.0033145125026068367
LLY,2025-08-25 15:00:00-04:00,2025-08-25,regular hours,open at/above the 50,True,False,True,False,-0.054005167958656175,,,,,,,,,,,,,,,,,,,
LLY,2025-08-29 10:00:00-04:00,2025-08-29,regular hours,open at/above the 50,False,False,True,False,0.005127725117478166,,,,,,,,,,,,,,,,,,,
LLY,2025-09-08 07:00:00-04:00,2025-09-08,pre-market,between 200 and 50,True,False,True,True,,5.0,False,733.941522,2025-09-08 12:00:00-04:00,0.025748479181969475,0.008572238811146028,True,False,-0.018807874226280386,-0.014658494822152987,stopped,-0.016285765095549805,-0.006562728244832727,flat at the close (red),-0.007456686321281603,-0.001047056171322697,stopped,-0.002813390911039021,-0.016181509207619293
LLY,2025-09-15 13:00:00-04:00,2025-09-15,regular hours,open at/above the 50,True,False,True,True,,20.0,False,752.410374,2025-09-16 09:00:00-04:00,0.03262797384024371,0.0069116192169886405,True,False,-0.010217646507868605,-0.012213582265148267,stopped,-0.014843705130542036,-0.012213582265148267,stopped,-0.014843705130542036,-0.002611109665534666,stopped,-0.004960128381909495,-0.010081590029312526
LLY,2025-09-19 13:00:00-04:00,2025-09-19,regular hours,open at/above the 50,True,False,True,False,0.0007178178337854391,,,,,,,,,,,,,,,,,,,
LLY,2025-10-10 18:00:00-04:00,2025-10-13,after hours,between 200 and 50,True,False,False,False,-0.0011107757319649414,,,,,,,,,,,,,,,,,,,
LLY,2025-10-17 04:00:00-04:00,2025-10-17,pre-market,below the 200,True,False,False,False,-0.027553543088176036,,,,,,,,,,,,,,,,,,,
LLY,2025-10-28 16:00:00-04:00,2025-10-29,after hours,open at/above the 50,True,True,False,True,,18.0,False,823.0,2025-10-29 10:00:00-04:00,0.06054678007290406,0.019441069258809233,True,True,-0.020238095238095277,0.0022103985419198247,hit the 200,1.25676443261339e-06,0.0022103985419198247,hit the 200,1.25676443261339e-06,0.0022103985419198247,hit the 200,1.25676443261339e-06,-0.0276743972483805
LLY,2025-11-07 16:00:00-05:00,2025-11-10,after hours,open at/above the 50,True,False,False,False,-0.002533756347925853,,,,,,,,,,,,,,,,,,,
LLY,2025-11-18 04:00:00-05:00,2025-11-18,pre-market,between 200 and 50,True,False,False,True,,5.0,True,1022.430536,2025-11-18 09:00:00-05:00,0.0324319969254126,0.0005873611740406001,True,False,-0.020894866171893733,-0.009497431520374813,stopped,-0.015418633979951094,-0.009497431520374813,stopped,-0.015418633979951094,-0.008000019279549315,stopped,-0.010087228318071979,-0.009705360950248876
LLY,2025-12-01 04:00:00-05:00,2025-12-01,pre-market,between 200 and 50,True,False,False,False,0.02366116295764531,,,,,,,,,,,,,,,,,,,
LLY,2025-12-17 16:00:00-05:00,2025-12-18,after hours,between 200 and 50,True,False,False,True,,17.0,False,1052.194992,2025-12-18 09:00:00-05:00,0.025722426171745204,-0.0012402720122431864,True,False,-0.01810844344904816,-0.011504529190916353,stopped,-0.009277587622323643,-0.011504529190916353,stopped,-0.009277587622323643,-0.016703185373077717,stopped,-0.014020283711742382,-0.010917165432522968
LLY,2026-01-02 07:00:00-05:00,2026-01-02,pre-market,open at/above the 50,True,False,False,False,-0.0020408163265306367,,,,,,,,,,,,,,,,,,,
LLY,2026-01-09 15:00:00-05:00,2026-01-09,regular hours,open at/above the 50,True,False,False,False,-0.0004135338345865325,,,,,,,,,,,,,,,,,,,
LLY,2026-01-14 16:00:00-05:00,2026-01-15,after hours,below the 200,True,True,False,False,0.03894600394216852,,,,,,,,,,,,,,,,,,,
LLY,2026-01-26 09:00:00-05:00,2026-01-26,regular hours,below the 200,True,False,False,True,,24.0,True,1073.153118,2026-01-27 09:00:00-05:00,0.00022073457741204699,0.0643087336209929,True,True,0.05417791552062856,0.004036895040731721,hit the 200,0.0065208030867087005,0.004036895040731721,hit the 200,0.0065208030867087005,0.004036895040731721,hit the 200,0.0065208030867087005,0.05469459338990024
LLY,2026-02-03 16:00:00-05:00,2026-02-04,after hours,open at/above the 50,True,True,False,False,-0.09030685920577608,,,,,,,,,,,,,,,,,,,
LLY,2026-02-06 07:00:00-05:00,2026-02-06,pre-market,open at/above the 50,False,False,True,True,,3.0,False,1054.392752,2026-02-06 10:00:00-05:00,0.017182637082467367,0.013545002062001911,True,True,-0.012740868913857728,0.0030783970146257933,hit the 200,0.0070277177023749075,0.0030783970146257933,hit the 200,0.0070277177023749075,0.0030783970146257933,hit the 200,0.0070277177023749075,-0.0042394755205372725
LLY,2026-02-10 12:00:00-05:00,2026-02-10,regular hours,open at/above the 50,True,True,True,False,0.022935553560682997,,,,,,,,,,,,,,,,,,,
LLY,2026-02-18 13:00:00-05:00,2026-02-18,regular hours,below the 200,True,True,True,False,-0.006572105173213716,,,,,,,,,,,,,,,,,,,
LLY,2026-02-25 15:00:00-05:00,2026-02-25,regular hours,open at/above the 50,True,False,True,False,0.009186274509803916,,,,,,,,,,,,,,,,,,,
LLY,2026-03-03 07:00:00-05:00,2026-03-03,pre-market,below the 200,True,True,True,False,0.008955223880596996,,,,,,,,,,,,,,,,,,,
LLY,2026-03-12 08:00:00-04:00,2026-03-12,pre-market,below the 200,True,True,True,True,,25.0,False,993.9105559999999,2026-03-13 09:00:00-04:00,0.009366480659452921,0.01093715720632709,False,False,0.010061438400016165,-0.009074703901223101,stopped,-0.015567722403319705,-0.009074703901223101,stopped,-0.015567722403319705,-0.007635942645124771,stopped,-0.014128961147221375,-0.0008988719911431353
LLY,2026-03-26 19:00:00-04:00,2026-03-27,after hours,below the 200,True,True,True,False,0.026171428571428512,,,,,,,,,,,,,,,,,,,
LLY,2026-04-06 12:00:00-04:00,2026-04-06,regular hours,open at/above the 50,True,False,True,False,-0.016065194554387152,,,,,,,,,,,,,,,,,,,
LLY,2026-04-10 19:00:00-04:00,2026-04-13,after hours,between 200 and 50,True,False,True,False,0.0,,,,,,,,,,,,,,,,,,,
LLY,2026-04-21 14:00:00-04:00,2026-04-21,regular hours,below the 200,True,True,True,True,,19.0,True,917.531414,2026-04-22 09:00:00-04:00,0.013589274230560524,0.0061484695934346,False,False,0.000637784141410247,-0.013196917092148678,stopped,-0.010071081071816671,-0.004306658708627231,flat at the close (red),0.00022083668654437894,-0.0019275481722088631,stopped,-0.000657957685673564,0.002822298051830985
LLY,2026-04-24 11:00:00-04:00,2026-04-24,regular hours,below the 200,True,True,True,False,0.0006560269649704686,,,,,,,,,,,,,,,,,,,
LLY,2026-05-07 18:00:00-04:00,2026-05-08,after hours,between 200 and 50,True,False,True,False,0.023817493952466018,,,,,,,,,,,,,,,,,,,
LLY,2026-05-15 17:00:00-04:00,2026-05-18,after hours,between 200 and 50,True,False,False,False,-0.00042841913339786153,,,,,,,,,,,,,,,,,,,
LLY,2026-06-01 10:00:00-04:00,2026-06-01,regular hours,between 200 and 50,True,False,False,False,0.013999774501789908,,,,,,,,,,,,,,,,,,,
LLY,2026-06-10 06:00:00-04:00,2026-06-10,pre-market,open at/above the 50,True,False,False,True,,3.0,False,1150.7955960000002,2026-06-10 09:00:00-04:00,0.016792212333075117,0.02185930854048911,True,False,-0.0040540762280609766,-0.0040540762280609766,time exit (36h),0.004789435428779076,-0.0040540762280609766,time exit (36h),0.004789435428779076,-0.003175545694389228,stopped,-0.003312546949779074,0.004789435428779076
LLY,2026-06-15 07:00:00-04:00,2026-06-15,pre-market,between 200 and 50,True,False,False,True,,26.0,True,1142.580888,2026-06-16 09:00:00-04:00,0.0035919662608604624,0.03297656069318047,True,True,0.027473078963696995,0.016299035101661797,hit the 200,0.014386506712568515,0.016299035101661797,hit the 200,0.014386506712568515,0.016299035101661797,hit the 200,0.014386506712568515,0.015711418396141097
LLY,2026-07-01 09:00:00-04:00,2026-07-01,regular hours,open at/above the 50,True,False,False,True,,24.0,False,1206.979548,2026-07-02 09:00:00-04:00,0.020729806102729405,0.0035889158247775555,True,False,-0.0045396499318176575,-0.019114202919368713,stopped,-0.019644524188394904,-0.019114202919368713,stopped,-0.019644524188394904,-0.005220015542467129,stopped,-0.00575033681149332,-0.007686181003342729
LLY,2026-07-09 11:00:00-04:00,2026-07-09,regular hours,between 200 and 50,True,False,False,False,0.01243961149359496,,,,,,,,,,,,,,,,,,,
LLY,2026-07-20 17:00:00-04:00,2026-07-21,after hours,below the 200,True,True,False,True,,21.0,False,1167.092318,2026-07-21 14:00:00-04:00,0.010211430420879537,0.011646309199680618,False,False,0.003294463834396355,0.003294463834396355,time exit (36h),0.0007364737985040559,-0.006856726375356392,flat at the close (red),-0.007224218674722338,-0.0030054880371510866,stopped,-0.007002215548852967,0.0007364737985040559
LLY,2026-07-30 10:00:00-04:00,2026-07-30,regular hours,below the 200,True,False,False,False,0.010456919060052305,,,,,,,,,,,,,,,,,,,
LLY,2026-08-13 15:00:00-04:00,2026-08-13,regular hours,open at/above the 50,True,False,False,False,0.02522881355932194,,,,,,,,,,,,,,,,,,,
LLY,2026-08-21 13:00:00-04:00,2026-08-21,regular hours,between 200 and 50,False,False,False,False,0.006126102419341972,,,,,,,,,,,,,,,,,,,
LLY,2026-09-02 14:00:00-04:00,2026-09-02,regular hours,open at/above the 50,False,True,False,False,0.0027943078913323927,,,,,,,,,,,,,,,,,,,
LLY,2026-09-03 13:00:00-04:00,2026-09-03,regular hours,open at/above the 50,True,True,False,False,0.0094309510312649,,,,,,,,,,,,,,,,,,,
LLY,2026-09-24 04:00:00-04:00,2026-09-24,pre-market,between 200 and 50,True,False,True,True,,5.0,False,1162.1286799999998,2026-09-24 09:00:00-04:00,0.030686205937194636,0.0011088961336019054,True,False,-0.01810368994979039,-0.023019240864101478,stopped,-0.022535258078191924,-0.023019240864101478,stopped,-0.022535258078191924,-0.021401519838577774,stopped,-0.02091753705266822,-0.007845154122631204
LLY,2026-09-30 13:00:00-04:00,2026-09-30,regular hours,open at/above the 50,True,False,True,False,0.02214689265536718,,,,,,,,,,,,,,,,,,,
META,2024-10-03 07:00:00-04:00,2024-10-03,pre-market,between 200 and 50,True,False,False,True,,2.0,False,573.694668,2024-10-03 09:00:00-04:00,0.040361769581585244,0.0033722955919122956,True,False,-0.03718273390954108,-0.0040183953740354815,stopped,-0.005236013783014197,-0.0040183953740354815,stopped,-0.005236013783014197,-0.002693474571390047,stopped,-0.003911092980368763,-0.02855104828461763
META,2024-10-08 14:00:00-04:00,2024-10-08,regular hours,open at/above the 50,False,False,False,True,,24.0,True,590.90832,2024-10-09 14:00:00-04:00,0.002156138197546493,0.014195636981384898,True,False,0.010203475604929624,0.010203475604929624,time exit (36h),0.011996217945897447,0.010203475604929624,time exit (36h),0.011996217945897447,0.0015371589284781154,stopped,0.0007618977558521748,0.011996217945897447
META,2024-10-09 09:00:00-04:00,2024-10-09,regular hours,open at/above the 50,True,False,False,True,,5.0,True,590.90832,2024-10-09 14:00:00-04:00,0.002156138197546493,0.014195636981384898,True,False,0.010203475604929624,0.010203475604929624,time exit (36h),0.011996217945897447,0.010203475604929624,time exit (36h),0.011996217945897447,0.0015371589284781154,stopped,0.0007618977558521748,0.011996217945897447
META,2024-10-15 16:00:00-04:00,2024-10-16,after hours,below the 200,True,False,False,False,0.007311199036641902,,,,,,,,,,,,,,,,,,,
META,2024-10-23 18:00:00-04:00,2024-10-24,after hours,below the 200,True,True,False,False,-0.009419124842723336,,,,,,,,,,,,,,,,,,,
META,2024-10-31 10:00:00-04:00,2024-10-31,regular hours,open at/above the 50,True,False,False,False,0.014259193776520407,,,,,,,,,,,,,,,,,,,
META,2024-11-11 19:00:00-05:00,2024-11-12,after hours,open at/above the 50,True,False,False,True,,14.0,False,586.963904,2024-11-12 09:00:00-05:00,0.021630113731831817,0.02009306521172382,True,True,0.012565213123582941,-6.149611544093044e-05,stopped,0.00045607630295807337,-6.149611544093044e-05,stopped,0.00045607630295807337,2.3687998367803077e-05,stopped,-0.001029806090359877,0.010523098698220545
META,2024-11-22 11:00:00-05:00,2024-11-22,regular hours,open at/above the 50,True,True,False,False,-0.005458378745377024,,,,,,,,,,,,,,,,,,,
META,2024-12-06 09:00:00-05:00,2024-12-06,regular hours,open at/above the 50,False,False,False,False,-0.006674689129562705,,,,,,,,,,,,,,,,,,,
META,2024-12-10 11:00:00-05:00,2024-12-10,regular hours,open at/above the 50,False,False,False,False,-0.017516629711751608,,,,,,,,,,,,,,,,,,,
META,2024-12-13 14:00:00-05:00,2024-12-13,regular hours,open at/above the 50,True,False,False,False,-0.0016263828279737824,,,,,,,,,,,,,,,,,,,
META,2024-12-27 12:00:00-05:00,2024-12-27,regular hours,open at/above the 50,True,True,False,False,-0.011774319974650282,,,,,,,,,,,,,,,,,,,
META,2025-01-08 13:00:00-05:00,2025-01-08,regular hours,open at/above the 50,True,False,False,False,0.004240443967533647,,,,,,,,,,,,,,,,,,,
META,2025-02-03 15:00:00-05:00,2025-02-03,regular hours,between 200 and 50,False,False,False,False,-0.00909737029140012,,,,,,,,,,,,,,,,,,,
META,2025-02-18 18:00:00-05:00,2025-02-19,after hours,below the 200,True,False,False,False,0.021586349682301664,,,,,,,,,,,,,,,,,,,
META,2025-02-28 09:00:00-05:00,2025-02-28,regular hours,below the 200,True,True,False,False,-0.021100985957573926,,,,,,,,,,,,,,,,,,,
META,2025-03-06 16:00:00-05:00,2025-03-07,after hours,below the 200,True,True,False,False,0.008651073373918683,,,,,,,,,,,,,,,,,,,
META,2025-03-13 18:00:00-04:00,2025-03-14,after hours,below the 200,True,True,False,True,,17.0,False,607.35482,2025-03-14 11:00:00-04:00,0.0024782548033454245,0.006857309537775568,False,False,-0.0006995623416367058,-0.0006995623416367058,time exit (36h),0.0025031845983006784,-0.0006995623416367058,time exit (36h),0.0025031845983006784,-0.0006995623416367058,time exit (36h),0.0025031845983006784,0.0025031845983006784
META,2025-03-18 11:00:00-04:00,2025-03-18,regular hours,below the 200,True,True,True,False,-0.017291213275299144,,,,,,,,,,,,,,,,,,,
META,2025-03-27 04:00:00-04:00,2025-03-27,pre-market,open at the 200,True,False,True,False,0.05855354659248957,,,,,,,,,,,,,,,,,,,
META,2025-04-03 06:00:00-04:00,2025-04-03,pre-market,below the 200,True,True,True,False,0.11111111111111116,,,,,,,,,,,,,,,,,,,
META,2025-04-11 18:00:00-04:00,2025-04-14,after hours,open at/above the 50,True,True,True,False,0.0002502698971018624,,,,,,,,,,,,,,,,,,,
META,2025-04-30 11:00:00-04:00,2025-04-30,regular hours,between 200 and 50,True,False,True,False,-0.048674045788093645,,,,,,,,,,,,,,,,,,,
META,2025-05-06 19:00:00-04:00,2025-05-07,after hours,between 200 and 50,True,False,True,True,,15.0,True,593.924338,2025-05-07 10:00:00-04:00,0.029248779496892623,0.008257513097569091,True,False,-0.006682603023815736,-0.003545337116661379,stopped,-0.007137972740935078,-0.003545337116661379,stopped,-0.007137972740935078,-0.0013059946366434493,stopped,-0.0016710693353097616,-0.0016143793209519863
META,2025-05-09 18:00:00-04:00,2025-05-12,after hours,open at/above the 50,True,False,True,False,0.0008472933347103417,,,,,,,,,,,,,,,,,,,
META,2025-05-15 18:00:00-04:00,2025-05-16,after hours,between 200 and 50,True,False,True,False,0.021249502586550006,,,,,,,,,,,,,,,,,,,
META,2025-05-21 06:00:00-04:00,2025-05-21,pre-market,between 200 and 50,True,False,False,True,,3.0,False,635.864016,2025-05-21 09:00:00-04:00,0.01689981462954812,0.008954769977107863,True,False,-0.0013129951311450228,-0.0054879406794424365,stopped,-0.004623299420796055,-0.0054879406794424365,stopped,-0.004623299420796055,-0.010970873998946404,stopped,-0.00873604795983711,-0.0119799361885784
META,2025-05-21 16:00:00-04:00,2025-05-22,after hours,between 200 and 50,True,False,False,True,,21.0,True,637.277192,2025-05-22 13:00:00-04:00,0.007379532892493671,0.02915088164649076,True,True,0.01804720917601199,0.011700802403736447,hit the 200,-0.0022622294695355226,0.011700802403736447,hit the 200,-0.0022622294695355226,-0.00408426353975019,stopped,-0.0042386295243479165,0.01093149242298952
META,2025-05-22 15:00:00-04:00,2025-05-22,regular hours,between 200 and 50,False,False,False,False,0.016677849132560096,,,,,,,,,,,,,,,,,,,
META,2025-05-23 08:00:00-04:00,2025-05-23,pre-market,below the 200,True,False,False,False,-0.007955525735646507,,,,,,,,,,,,,,,,,,,
META,2025-05-30 11:00:00-04:00,2025-05-30,regular hours,open at/above the 50,True,False,False,True,,1.0,True,644.34,2025-05-30 12:00:00-04:00,0.00786836142409281,0.015849861874165875,True,True,-0.0036801088570014295,0.00394540460005591,hit the 200,0.00032679264498139664,0.00394540460005591,hit the 200,0.00032679264498139664,0.00394540460005591,hit the 200,0.00032679264498139664,-0.0029647802434660253
META,2025-06-12 05:00:00-04:00,2025-06-12,pre-market,between 200 and 50,True,False,False,True,,31.0,False,694.4258259999999,2025-06-13 12:00:00-04:00,0.0002076161263048051,0.019319307401450138,True,False,0.01739920298879194,0.01739920298879194,time exit (36h),0.011106210637455538,0.01739920298879194,time exit (36h),0.011106210637455538,0.01739920298879194,time exit (36h),0.011106210637455538,0.011106210637455538
META,2025-06-20 04:00:00-04:00,2025-06-20,pre-market,open at/above the 50,True,False,False,False,0.014931484812588769,,,,,,,,,,,,,,,,,,,
META,2025-07-01 15:00:00-04:00,2025-07-01,regular hours,open at/above the 50,True,False,False,False,0.007381986272587238,,,,,,,,,,,,,,,,,,,
META,2025-07-11 09:00:00-04:00,2025-07-11,regular hours,open at the 200,True,False,False,False,-0.0025708304256804038,,,,,,,,,,,,,,,,,,,
META,2025-07-15 15:00:00-04:00,2025-07-15,regular hours,open at/above the 50,True,True,False,False,0.008420544424406762,,,,,,,,,,,,,,,,,,,
META,2025-07-23 09:00:00-04:00,2025-07-23,regular hours,open at/above the 50,False,True,False,True,,1.0,False,707.706832,2025-07-23 10:00:00-04:00,0.022491047535909737,0.00029225661057340625,False,False,-0.012134517029592451,-0.012566175141856,stopped,-0.005003478229442708,-0.008577907905243709,flat at the close (red),-0.00201678768321778,-0.001827265106860007,stopped,0.0014410696371932959,-0.003572260955061246
META,2025-07-28 15:00:00-04:00,2025-07-28,regular hours,open at/above the 50,True,False,False,False,0.016499780475023762,,,,,,,,,,,,,,,,,,,
META,2025-07-29 14:00:00-04:00,2025-07-29,regular hours,open at/above the 50,True,False,False,False,-0.08831763643400858,,,,,,,,,,,,,,,,,,,
META,2025-08-04 10:00:00-04:00,2025-08-04,regular hours,open at/above the 50,False,False,False,True,,26.0,True,766.4204020000001,2025-08-05 12:00:00-04:00,0.009419892765328427,0.00777680498124327,True,False,-0.003902402189692733,,skipped (already above yesterday's high),,,skipped (already above yesterday's high),,-0.0022491546356302166,stopped,0.0009882725619321537,0.004809581522685513
META,2025-08-06 16:00:00-04:00,2025-08-07,after hours,open at/above the 50,False,False,False,True,,19.0,True,771.3825259999999,2025-08-07 11:00:00-04:00,0.00015216056372030707,0.016596857678883734,True,False,0.002303148347864381,0.002303148347864381,time exit (36h),0.011510790064118703,0.002303148347864381,time exit (36h),0.011510790064118703,0.0029590066187211612,stopped,0.00989625745841093,0.011510790064118703
META,2025-08-07 12:00:00-04:00,2025-08-07,regular hours,open at/above the 50,True,False,False,True,,22.0,False,767.490324,2025-08-08 10:00:00-04:00,0.0034652892900836306,0.007922346132405467,True,False,-0.0027542209690623043,-0.0027542209690623043,time exit (36h),0.0015533267916643112,-0.0023393986663026167,flat at the close (red),-0.0003134702989108229,-0.002097324161183869,stopped,-7.139579379207518e-05,0.0015533267916643112
META,2025-08-07 15:00:00-04:00,2025-08-07,regular hours,open at/above the 50,True,False,False,True,,19.0,False,767.490324,2025-08-08 10:00:00-04:00,0.0034652892900836306,0.007922346132405467,True,False,-0.0027542209690623043,-0.0027542209690623043,time exit (36h),0.0015533267916643112,-0.0023393986663026167,flat at the close (red),-0.0003134702989108229,-0.002097324161183869,stopped,-7.139579379207518e-05,0.0015533267916643112
META,2025-08-14 17:00:00-04:00,2025-08-15,after hours,open at/above the 50,True,False,False,False,-0.005752099770934049,,,,,,,,,,,,,,,,,,,
META,2025-08-18 12:00:00-04:00,2025-08-18,regular hours,open at the 200,True,False,False,False,0.025365036838580046,,,,,,,,,,,,,,,,,,,
META,2025-08-27 11:00:00-04:00,2025-08-27,regular hours,open at/above the 50,True,True,False,True,,22.0,False,750.882266,2025-08-28 09:00:00-04:00,0.002893308443110896,0.020689882693274306,False,False,0.017745247292590083,0.017745247292590083,time exit (36h),0.014364985256773544,-0.0005294084762006435,flat at the close (red),0.0021827615372068676,-0.0013287489200071703,stopped,0.0014986762878239099,0.014364985256773544
META,2025-09-11 06:00:00-04:00,2025-09-11,pre-market,between 200 and 50,True,False,False,True,,31.0,False,756.0549279999999,2025-09-12 13:00:00-04:00,0.0020043146918024856,0.004245231240659214,True,False,0.0013972556291388383,0.0013972556291388383,time exit (36h),0.00014963295892189699,0.0013972556291388383,time exit (36h),0.00014963295892189699,0.0013972556291388383,time exit (36h),0.00014963295892189699,0.00014963295892189699
META,2025-09-22 05:00:00-04:00,2025-09-22,pre-market,open at/above the 50,True,False,False,True,,4.0,False,778.133294,2025-09-22 09:00:00-04:00,0.00976273095956236,0.03477976615147883,True,True,0.02927684391534391,0.017663144741368694,hit the 200,0.02520561801282277,0.017663144741368694,hit the 200,0.02520561801282277,0.017663144741368694,hit the 200,0.02520561801282277,0.03182375070458354
META,2025-10-03 16:00:00-04:00,2025-10-06,after hours,below the 200,True,True,False,False,-0.0008568619188088489,,,,,,,,,,,,,,,,,,,
META,2025-10-13 05:00:00-04:00,2025-10-13,pre-market,below the 200,True,True,True,True,,5.0,False,719.800782,2025-10-13 10:00:00-04:00,0.00019341184878016434,0.02843951064226544,False,False,0.014161017259598507,0.014161017259598507,time exit (36h),0.013732701319997487,0.014161017259598507,time exit (36h),0.013732701319997487,0.014161017259598507,time exit (36h),0.013732701319997487,0.013732701319997487
META,2025-10-17 07:00:00-04:00,2025-10-17,pre-market,below the 200,True,True,True,True,,2.0,False,713.243738,2025-10-17 09:00:00-04:00,0.0074255990173165125,0.009020391848151161,False,False,-0.004433519443901579,-0.004433519443901579,time exit (36h),0.0036382698778877343,-0.004780808461355979,flat at the close (red),0.0018575585906672742,-0.0023922565444241418,stopped,0.004335820760732535,0.0036382698778877343
META,2025-10-29 16:00:00-04:00,2025-10-30,after hours,below the 200,True,False,True,False,0.01640411212188453,,,,,,,,,,,,,,,,,,,
META,2025-11-06 17:00:00-05:00,2025-11-07,after hours,below the 200,True,True,True,False,-0.010011835076608078,,,,,,,,,,,,,,,,,,,
META,2025-11-12 10:00:00-05:00,2025-11-12,regular hours,open at/above the 50,True,True,True,False,0.0007227926078030578,,,,,,,,,,,,,,,,,,,
META,2025-11-17 14:00:00-05:00,2025-11-17,regular hours,open at/above the 50,True,True,True,False,0.0029018322407128316,,,,,,,,,,,,,,,,,,,
META,2025-12-09 09:00:00-05:00,2025-12-09,regular hours,open at/above the 50,True,False,True,False,0.019823036324122967,,,,,,,,,,,,,,,,,,,
META,2025-12-22 18:00:00-05:00,2025-12-23,after hours,open at/above the 50,True,False,True,True,,15.0,False,662.84414,2025-12-23 09:00:00-05:00,0.008049946703911286,0.0038231310304713455,True,False,-0.005201572841470048,-0.005201572841470048,time exit (36h),0.0034851259229592424,-0.0030020155225317646,flat at the close (red),0.003306949312984364,-0.0017136155114835588,stopped,0.0031197639233604066,0.0034851259229592424
META,2025-12-29 06:00:00-05:00,2025-12-29,pre-market,open at the 200,True,False,True,True,,27.0,False,662.296502,2025-12-30 09:00:00-05:00,0.01498346732925972,0.006190734795697279,True,True,0.00571956023263942,-0.01004595068811027,stopped,-0.009551829279573496,-0.01004595068811027,stopped,-0.009551829279573496,-0.014092627655158538,stopped,-0.014295504138283763,-0.001972747459668245
META,2026-01-02 11:00:00-05:00,2026-01-02,regular hours,open at/above the 50,True,False,False,False,-0.0035926393205527596,,,,,,,,,,,,,,,,,,,
META,2026-01-07 17:00:00-05:00,2026-01-08,after hours,below the 200,True,True,False,False,0.007279104778755707,,,,,,,,,,,,,,,,,,,
META,2026-01-13 05:00:00-05:00,2026-01-13,pre-market,below the 200,True,True,False,False,0.04237067845074094,,,,,,,,,,,,,,,,,,,
META,2026-01-20 07:00:00-05:00,2026-01-20,pre-market,below the 200,True,True,False,True,,28.0,False,614.418878,2026-01-21 11:00:00-05:00,0.07511345053431139,0.013034882694473431,False,False,-0.05255377332305333,-0.02386177008057375,stopped,-0.01621275050114732,-0.02386177008057375,stopped,-0.01621275050114732,-0.0014340737753178296,stopped,0.000545112628798377,-0.04588511438080656
META,2026-02-02 11:00:00-05:00,2026-02-02,regular hours,open at/above the 50,True,False,False,False,0.0240997101449274,,,,,,,,,,,,,,,,,,,
META,2026-02-11 15:00:00-05:00,2026-02-11,regular hours,open at/above the 50,True,True,False,False,0.03462839236063142,,,,,,,,,,,,,,,,,,,
META,2026-02-24 04:00:00-05:00,2026-02-24,pre-market,below the 200,True,True,False,True,,29.0,False,644.4798079999999,2026-02-25 09:00:00-05:00,0.025633374071511745,-0.0031190922896999046,False,False,-0.012181875812733889,-0.020512965396116977,stopped,-0.019296610262695756,-0.014255417558886596,flat at the close (red),-0.009566059908975966,-0.010892803642344783,stopped,-0.009430670586933908,-0.01737300102136241
META,2026-02-27 18:00:00-05:00,2026-03-02,after hours,below the 200,True,True,False,False,-0.0017969360024823189,,,,,,,,,,,,,,,,,,,
META,2026-03-06 09:00:00-05:00,2026-03-06,regular hours,open at the 200,True,False,True,False,-0.0013035492089826795,,,,,,,,,,,,,,,,,,,
META,2026-03-12 13:00:00-04:00,2026-03-12,regular hours,open at/above the 50,True,False,True,False,0.0444955479900484,,,,,,,,,,,,,,,,,,,
META,2026-03-18 13:00:00-04:00,2026-03-18,regular hours,below the 200,True,True,True,False,0.018704799474030143,,,,,,,,,,,,,,,,,,,
META,2026-03-25 04:00:00-04:00,2026-03-25,pre-market,open at/above the 50,False,True,True,True,,6.0,False,598.370706,2026-03-25 10:00:00-04:00,0.0070011682690895366,0.09195086833010842,False,False,0.0879467381818182,-0.004394088770782771,stopped,-0.0022509059162456975,-0.004394088770782771,stopped,-0.0022509059162456975,-0.0026058996277132404,stopped,-0.0006902781909971542,0.07462595900113111
META,2026-04-07 09:00:00-04:00,2026-04-07,regular hours,below the 200,True,True,True,False,-0.07596605909641885,,,,,,,,,,,,,,,,,,,
META,2026-04-20 19:00:00-04:00,2026-04-21,after hours,between 200 and 50,True,False,True,False,-0.0026670127558588996,,,,,,,,,,,,,,,,,,,
META,2026-04-29 05:00:00-04:00,2026-04-29,pre-market,open at the 200,True,False,False,True,,5.0,False,673.6502380000001,2026-04-29 10:00:00-04:00,0.0020036540089516624,0.1093300853253763,True,True,0.09802649997555068,0.008192715134170263,hit the 200,0.007164604041837346,0.008192715134170263,hit the 200,0.007164604041837346,0.008192715134170263,hit the 200,0.007164604041837346,0.11066767129815058
META,2026-05-11 04:00:00-04:00,2026-05-11,pre-market,below the 200,True,True,False,False,0.008500606000232391,,,,,,,,,,,,,,,,,,,
META,2026-05-18 04:00:00-04:00,2026-05-18,pre-market,open at the 200,True,False,False,True,,9.0,False,614.193542,2026-05-18 13:00:00-04:00,0.002273644876585258,0.022213750336046393,True,True,0.019239200132757928,0.006846770134225863,hit the 200,0.003003080191881233,0.006846770134225863,hit the 200,0.003003080191881233,0.006846770134225863,hit the 200,0.003003080191881233,0.0161884680932618
META,2026-06-01 10:00:00-04:00,2026-06-01,regular hours,open at/above the 50,True,False,True,False,0.025062152130952864,,,,,,,,,,,,,,,,,,,
META,2026-06-05 17:00:00-04:00,2026-06-08,after hours,below the 200,True,False,True,False,0.00262411828540432,,,,,,,,,,,,,,,,,,,
META,2026-06-17 18:00:00-04:00,2026-06-18,after hours,below the 200,True,True,True,False,-0.0018276654309442586,,,,,,,,,,,,,,,,,,,
META,2026-07-06 11:00:00-04:00,2026-07-06,regular hours,open at/above the 50,True,False,True,False,-0.039159354401453794,,,,,,,,,,,,,,,,,,,
META,2026-07-09 08:00:00-04:00,2026-07-09,pre-market,between 200 and 50,True,False,True,True,,3.0,False,603.629414,2026-07-09 11:00:00-04:00,0.12297377211641317,-0.007174246150967122,True,False,-0.09639020688003352,-0.020493676605361718,stopped,-0.018215013421096434,-0.020493676605361718,stopped,-0.018215013421096434,-0.008333898056200375,stopped,-0.0060552348719350915,-0.08833519965967351
META,2026-07-14 16:00:00-04:00,2026-07-15,after hours,open at/above the 50,False,False,True,True,,18.0,False,661.88837,2026-07-15 10:00:00-04:00,0.04216969396214039,0.0026112711422925303,True,False,-0.0070979418559299345,-0.006967383336860853,stopped,-0.008280391434031684,-0.006967383336860853,stopped,-0.008280391434031684,-0.02183393855371718,stopped,-0.024199518665572572,-0.014253290345430547
META,2026-07-17 09:00:00-04:00,2026-07-17,regular hours,between 200 and 50,True,False,True,False,0.002639593908629445,,,,,,,,,,,,,,,,,,,
META,2026-07-22 10:00:00-04:00,2026-07-22,regular hours,open at/above the 50,True,False,False,False,0.03759536516129547,,,,,,,,,,,,,,,,,,,
META,2026-08-07 14:00:00-04:00,2026-08-07,regular hours,below the 200,False,False,False,False,-0.0006480544176498126,,,,,,,,,,,,,,,,,,,
META,2026-08-12 14:00:00-04:00,2026-08-12,regular hours,open at/above the 50,True,False,False,True,,24.0,False,592.205556,2026-08-13 14:00:00-04:00,0.016302521822338344,0.004990760336601775,True,False,0.0032791027834719877,0.0032791027834719877,time exit (36h),0.0023319500405949434,-0.004244689186689743,flat at the close (red),-0.0028882993692560532,-0.0017636511333237114,stopped,-0.00040726131589002173,0.0023319500405949434
META,2026-08-17 13:00:00-04:00,2026-08-17,regular hours,open at/above the 50,True,False,True,False,0.03861326290260858,,,,,,,,,,,,,,,,,,,
META,2026-08-28 08:00:00-04:00,2026-08-28,pre-market,open at/above the 50,True,False,True,True,,1.0,False,573.230988,2026-08-28 09:00:00-04:00,0.027840455826857756,-0.0001205657081469892,True,False,-0.008851062505403351,-0.02644485786242938,stopped,-0.02272840846071182,-0.02644485786242938,stopped,-0.02272840846071182,-0.019083078600070264,stopped,-0.015366629198352705,-0.012428471251064166
META,2026-08-28 11:00:00-04:00,2026-08-28,regular hours,open at/above the 50,False,False,True,False,-0.004971038298608121,,,,,,,,,,,,,,,,,,,
META,2026-08-31 19:00:00-04:00,2026-09-01,after hours,below the 200,True,False,True,True,,15.0,False,573.25699,2026-09-01 10:00:00-04:00,0.04731387575404885,-0.0016450039274707702,True,False,-0.041360240137795046,-0.00945127594519167,stopped,-0.007454000098477728,-0.00945127594519167,stopped,-0.007454000098477728,-0.01092530943233681,stopped,-0.007948690609638636,-0.0369767393473277
META,2026-09-14 05:00:00-04:00,2026-09-14,pre-market,open at/above the 50,True,False,True,False,-0.04214542190305204,,,,,,,,,,,,,,,,,,,
META,2026-09-14 08:00:00-04:00,2026-09-14,pre-market,open at/above the 50,False,False,True,False,-0.018268534856595964,,,,,,,,,,,,,,,,,,,
META,2026-09-21 06:00:00-04:00,2026-09-21,pre-market,open at/above the 50,False,False,False,False,-0.07505058486147198,,,,,,,,,,,,,,,,,,,
META,2026-09-28 07:00:00-04:00,2026-09-28,pre-market,between 200 and 50,True,False,False,False,-0.017059060944436877,,,,,,,,,,,,,,,,,,,
META,2026-10-01 16:00:00-04:00,2026-10-02,after hours,open at/above the 50,True,False,False,True,,20.0,True,730.114232,2026-10-02 12:00:00-04:00,0.0016842131629615281,0.0053611227236013805,True,False,0.0033865622208479884,0.0033865622208479884,time exit (36h),0.004204892826412676,0.0033865622208479884,time exit (36h),0.004204892826412676,0.0033865622208479884,time exit (36h),0.004204892826412676,0.004204892826412676
META,2026-10-07 13:00:00-04:00,2026-10-07,regular hours,open at/above the 50,True,True,False,False,0.00514884463257248,,,,,,,,,,,,,,,,,,,
MSFT,2024-10-11 10:00:00-04:00,2024-10-11,regular hours,open at/above the 50,True,True,False,True,,1.0,True,415.91508600000003,2024-10-11 11:00:00-04:00,0.0014303736989236312,0.006239461099999718,False,False,0.0003730180873582345,0.0003730180873582345,time exit (36h),-0.00043927343888583437,-0.001140550925814665,flat at the close (red),-0.0003295768942386257,0.0003730180873582345,time exit (36h),-0.00043927343888583437,-0.00043927343888583437
MSFT,2024-10-16 11:00:00-04:00,2024-10-16,regular hours,below the 200,True,True,False,True,,23.0,True,418.06443,2024-10-17 10:00:00-04:00,0.0037926450714784836,0.005918776682340664,True,True,-0.00032417503586790186,0.0024036283115500537,hit the 200,0.0035323736939554254,0.0024036283115500537,hit the 200,0.0035323736939554254,0.0024036283115500537,hit the 200,0.0035323736939554254,0.0008045703465374698
MSFT,2024-10-21 13:00:00-04:00,2024-10-21,regular hours,open at/above the 50,True,False,False,True,,1.0,False,417.103362,2024-10-21 14:00:00-04:00,0.03230838978468839,0.0016623265673892582,True,True,-0.022581989033134908,0.0015274942809020823,hit the 200,-0.002759991083103723,-0.004051189111747844,flat at the close (red),-0.0033316044149157564,-0.004451265967019406,stopped,-0.0033722771336974914,-0.022890699822576854
MSFT,2024-10-21 18:00:00-04:00,2024-10-22,after hours,open at/above the 50,False,False,False,False,-0.021911792188376022,,,,,,,,,,,,,,,,,,,
MSFT,2024-10-24 17:00:00-04:00,2024-10-25,after hours,open at/above the 50,True,False,True,False,-0.006807017543859706,,,,,,,,,,,,,,,,,,,
MSFT,2024-10-31 08:00:00-04:00,2024-10-31,pre-market,below the 200,True,False,True,False,0.013867901535461913,,,,,,,,,,,,,,,,,,,
MSFT,2024-11-11 12:00:00-05:00,2024-11-11,regular hours,open at/above the 50,True,False,True,True,,25.0,False,421.81108,2024-11-12 13:00:00-05:00,0.017813472325098677,0.008537186837292241,True,True,-0.008320018808040452,0.003425492047292811,hit the 200,0.0074951621193076745,-0.0031170562238554966,flat at the close (red),0.0005688385270953278,-0.0032927537133448097,stopped,0.0022924371697508046,-0.003716892029559604
MSFT,2024-11-15 12:00:00-05:00,2024-11-15,regular hours,open at the 200,True,False,True,False,-0.0005901206241255563,,,,,,,,,,,,,,,,,,,
MSFT,2024-11-21 09:00:00-05:00,2024-11-21,regular hours,open at/above the 50,False,True,True,True,,3.0,False,415.68317800000005,2024-11-21 12:00:00-05:00,0.004154178209251397,0.011266219678488058,False,False,-0.0031578465227816155,-0.003865496813537076,stopped,0.0021632531024971167,-0.003865496813537076,stopped,0.0021632531024971167,0.0009939733476539026,stopped,0.0070227232636880955,0.004487387780177654
MSFT,2024-11-29 13:00:00-05:00,2024-11-29,regular hours,open at the 200,False,False,True,False,0.0001654455211532735,,,,,,,,,,,,,,,,,,,
MSFT,2024-12-16 04:00:00-05:00,2024-12-16,pre-market,open at/above the 50,True,False,False,True,,5.0,False,448.708502,2024-12-16 09:00:00-05:00,0.015135657046230851,0.007640822459833928,True,False,-0.012981452233782775,-0.006065180374050494,stopped,-0.005414197719854108,-0.006065180374050494,stopped,-0.005414197719854108,-0.002009094982559532,stopped,-0.00016547358338260066,-0.01677227810409998
MSFT,2024-12-18 19:00:00-05:00,2024-12-19,after hours,below the 200,True,False,False,False,0.019860812466763855,,,,,,,,,,,,,,,,,,,
MSFT,2024-12-27 12:00:00-05:00,2024-12-27,regular hours,below the 200,True,True,False,False,-0.006595601384147276,,,,,,,,,,,,,,,,,,,
MSFT,2025-01-08 07:00:00-05:00,2025-01-08,pre-market,below the 200,True,True,False,True,,2.0,False,425.765302,2025-01-08 09:00:00-05:00,0.0028294884396192705,0.009924016776735834,False,False,0.004187131771975716,0.004187131771975716,time exit (36h),0.0024529392766086122,0.004187131771975716,time exit (36h),0.0024529392766086122,0.004187131771975716,time exit (36h),0.0024529392766086122,0.0024529392766086122
MSFT,2025-01-27 05:00:00-05:00,2025-01-27,pre-market,below the 200,True,False,True,True,,29.0,True,438.5525,2025-01-28 10:00:00-05:00,0.022408947617446,0.05573449016936398,True,True,0.03959345739006759,-0.01846415195444096,stopped,-0.00821049164443011,-0.01846415195444096,stopped,-0.00821049164443011,-0.010164119461181915,stopped,-0.0041317912669472,0.04643340698048959
MSFT,2025-01-30 07:00:00-05:00,2025-01-30,pre-market,below the 200,True,False,True,False,0.02426950012074358,,,,,,,,,,,,,,,,,,,
MSFT,2025-02-07 19:00:00-05:00,2025-02-10,after hours,open at/above the 50,True,True,True,False,0.0,,,,,,,,,,,,,,,,,,,
MSFT,2025-02-21 19:00:00-05:00,2025-02-24,after hours,below the 200,True,False,True,False,0.0,,,,,,,,,,,,,,,,,,,
MSFT,2025-03-07 15:00:00-05:00,2025-03-07,regular hours,open at/above the 50,True,True,True,False,0.0020125850253485122,,,,,,,,,,,,,,,,,,,
MSFT,2025-03-13 18:00:00-04:00,2025-03-14,after hours,below the 200,True,True,True,False,-0.01926673367870302,,,,,,,,,,,,,,,,,,,
MSFT,2025-03-18 18:00:00-04:00,2025-03-19,after hours,open at/above the 50,True,True,True,True,,15.0,False,386.190346,2025-03-19 09:00:00-04:00,0.0144867784965294,0.007536040271705819,False,False,-0.0020663427995556427,-0.003054592151819424,stopped,0.00017281599117950934,-0.003054592151819424,stopped,0.00017281599117950934,-0.0035981065150707636,stopped,-0.0010782314440884832,0.004262323584265482
MSFT,2025-03-26 17:00:00-04:00,2025-03-27,after hours,between 200 and 50,True,False,True,False,0.002574002574002643,,,,,,,,,,,,,,,,,,,
MSFT,2025-04-03 10:00:00-04:00,2025-04-03,regular hours,below the 200,True,True,True,True,,2.0,False,376.835484,2025-04-03 12:00:00-04:00,0.0017103378725343446,0.05794434156842833,False,False,0.04749265879082709,0.04749265879082709,time exit (36h),-0.027700219547451832,0.04749265879082709,time exit (36h),-0.027700219547451832,0.04749265879082709,time exit (36h),-0.027700219547451832,-0.027700219547451832
MSFT,2025-04-09 08:00:00-04:00,2025-04-09,pre-market,below the 200,True,True,True,True,,1.0,False,358.9364,2025-04-09 09:00:00-04:00,0.09552834429720705,0.004364004319428142,False,False,-0.054958005318448744,-0.04099222034878598,stopped,0.04039204124748978,-0.04099222034878598,stopped,0.04039204124748978,-0.008173035668714605,stopped,-0.004384779021017608,0.003960975408869416
MSFT,2025-04-15 19:00:00-04:00,2025-04-16,after hours,between 200 and 50,True,False,True,False,0.03254715715473977,,,,,,,,,,,,,,,,,,,
MSFT,2025-05-07 07:00:00-04:00,2025-05-07,pre-market,open at/above the 50,True,False,False,True,,2.0,False,434.708998,2025-05-07 09:00:00-04:00,0.020613794610250986,0.008278406972381126,True,False,-0.005363198513681389,-0.006949481179131263,stopped,-0.006308032931532222,-0.006949481179131263,stopped,-0.006308032931532222,-0.003153838559375704,stopped,-0.006014710767790393,0.000750354080591431
MSFT,2025-05-19 05:00:00-04:00,2025-05-19,pre-market,open at/above the 50,True,False,False,True,,4.0,False,451.93026,2025-05-19 09:00:00-04:00,0.01693787886653132,-0.0052880725446444975,True,False,-0.011625990549511411,-0.005376360503056463,stopped,-0.0010295639399009546,-0.005376360503056463,stopped,-0.0010295639399009546,-0.012678372101040655,stopped,-0.005209142628776184,-0.005413447289614237
MSFT,2025-05-21 18:00:00-04:00,2025-05-22,after hours,open at/above the 50,True,False,False,True,,15.0,False,455.82667399999997,2025-05-22 09:00:00-04:00,0.009703964801322776,0.016072938285309653,True,False,0.011823915649278538,-0.004285238472025014,stopped,-0.002436493222273365,-0.004285238472025014,stopped,-0.002436493222273365,-0.008058602555584608,stopped,-0.008401714581661227,0.00474274121059115
MSFT,2025-05-30 07:00:00-04:00,2025-05-30,pre-market,open at/above the 50,True,False,False,True,,2.0,False,459.096002,2025-05-30 09:00:00-04:00,0.0056284480560560585,0.007745661004471082,True,False,-0.0012921708107638263,-0.0012921708107638263,time exit (36h),-0.0001519618138028367,-0.0010748667290410019,flat at the close (red),0.0018769374340207312,-0.001250278803342786,stopped,-0.0069398262918140665,-0.0001519618138028367
MSFT,2025-06-11 05:00:00-04:00,2025-06-11,pre-market,open at/above the 50,True,False,False,True,,4.0,False,470.63165399999997,2025-06-11 09:00:00-04:00,0.02078769227876893,0.0009809242452696418,True,False,-0.009613522727272783,-0.0046073101576802195,stopped,-0.006081674441619653,-0.0046073101576802195,stopped,-0.006081674441619653,-0.006094672926526168,stopped,-0.005830078912965564,-0.016861227620723063
MSFT,2025-06-17 18:00:00-04:00,2025-06-18,after hours,open at/above the 50,False,False,False,False,-0.008880477507642981,,,,,,,,,,,,,,,,,,,
MSFT,2025-06-23 10:00:00-04:00,2025-06-23,regular hours,open at/above the 50,True,False,False,True,,1.0,False,478.35765999999995,2025-06-23 11:00:00-04:00,0.028203457638788596,-0.0007156569835215676,True,False,-0.024217897721477755,-0.01066637043086135,stopped,-0.007216250971519423,-0.01066637043086135,stopped,-0.007216250971519423,-0.006150920631228229,stopped,-0.011011259591435774,-0.006829673280767445
MSFT,2025-07-01 12:00:00-04:00,2025-07-01,regular hours,open at/above the 50,True,False,False,False,0.004028402270554121,,,,,,,,,,,,,,,,,,,
MSFT,2025-07-21 18:00:00-04:00,2025-07-22,after hours,open at/above the 50,True,False,False,False,0.0049261083743843415,,,,,,,,,,,,,,,,,,,
MSFT,2025-07-29 11:00:00-04:00,2025-07-29,regular hours,open at/above the 50,False,False,False,True,,22.0,True,513.647142,2025-07-30 09:00:00-04:00,0.09446729872002271,0.008200458360576313,True,False,-0.04444852104029451,-0.0026338275625019817,stopped,-0.0028304503691745234,-0.0026338275625019817,stopped,-0.0028304503691745234,-0.00103740088560625,stopped,0.001190819049116303,-0.05202283808409236
MSFT,2025-08-01 18:00:00-04:00,2025-08-04,after hours,between 200 and 50,True,False,False,False,0.0008065660550478082,,,,,,,,,,,,,,,,,,,
MSFT,2025-08-06 11:00:00-04:00,2025-08-06,regular hours,open at/above the 50,True,False,False,False,0.008716475095785325,,,,,,,,,,,,,,,,,,,
MSFT,2025-08-14 08:00:00-04:00,2025-08-14,pre-market,below the 200,True,True,False,True,,2.0,False,525.2458760000001,2025-08-14 10:00:00-04:00,0.0016261412778802208,0.01173902791385272,False,False,0.009408813298741325,0.009408813298741325,time exit (36h),0.008179702813430945,0.009408813298741325,time exit (36h),0.008179702813430945,-0.0012644059293859197,stopped,-0.0008918855183717097,0.008179702813430945
MSFT,2025-08-26 05:00:00-04:00,2025-08-26,pre-market,open at/above the 50,True,True,False,True,,29.0,True,504.62847,2025-08-27 10:00:00-04:00,0.012804529241086977,0.003227067232255035,False,False,-0.010377176812048972,-0.007057727044215331,stopped,-0.006438292278439136,-0.003852362904181006,flat at the close (red),-0.0018883036421724064,-0.0018856050670307822,stopped,0.0002944926508243184,-0.005289687410985344
MSFT,2025-09-02 07:00:00-04:00,2025-09-02,pre-market,below the 200,True,True,False,True,,26.0,False,505.98849200000006,2025-09-03 09:00:00-04:00,0.005655282768762966,0.007645414987027135,False,False,-0.004939052114060871,-0.004939052114060871,time exit (36h),0.0059469146891295566,-0.004939052114060871,time exit (36h),0.0059469146891295566,-0.003283687329394662,stopped,0.0025738590009337604,0.0059469146891295566
MSFT,2025-09-05 15:00:00-04:00,2025-09-05,regular hours,open at/above the 50,True,True,False,False,-0.00047390206966169135,,,,,,,,,,,,,,,,,,,
MSFT,2025-09-17 10:00:00-04:00,2025-09-17,regular hours,open at/above the 50,True,False,True,True,,24.0,True,511.88120000000004,2025-09-18 10:00:00-04:00,0.014493206626849978,0.00782642535025712,True,False,-0.010666408967916374,-0.010449299564039434,stopped,-0.008068490691759229,-0.010449299564039434,stopped,-0.008068490691759229,2.344293949533282e-06,stopped,0.0023831531662297377,-0.008541218680488072
MSFT,2025-09-23 17:00:00-04:00,2025-09-24,after hours,between 200 and 50,True,False,True,False,0.0007944915254238794,,,,,,,,,,,,,,,,,,,
MSFT,2025-10-09 04:00:00-04:00,2025-10-09,pre-market,between 200 and 50,True,False,False,True,,29.0,True,523.432566,2025-10-10 09:00:00-04:00,0.00028166761026498556,0.03351447185271229,True,True,0.02300857209865903,0.012073085265390178,hit the 200,-0.0027641134956583203,0.012073085265390178,hit the 200,-0.0027641134956583203,0.012073085265390178,hit the 200,-0.0027641134956583203,-0.006923192066026873
MSFT,2025-10-16 18:00:00-04:00,2025-10-17,after hours,below the 200,True,True,False,True,,18.0,False,512.866952,2025-10-17 12:00:00-04:00,0.005094982216752483,0.003152770896417536,False,False,-0.0035395142733851692,-0.0035395142733851692,time exit (36h),0.0018266473427763774,-0.001252259936515343,flat at the close (red),0.0026765695432534597,-0.0009026668577389309,stopped,0.003116117572857958,0.0018266473427763774
MSFT,2025-10-30 06:00:00-04:00,2025-10-30,pre-market,between 200 and 50,True,False,False,True,,3.0,False,535.504088,2025-10-30 09:00:00-04:00,0.011290132298672442,0.038102581207559334,True,True,0.034370763554886,0.023946858273097112,hit the 200,0.023522552890271217,0.023946858273097112,hit the 200,0.023522552890271217,0.023946858273097112,hit the 200,0.023522552890271217,0.03142261583917616
MSFT,2025-11-14 05:00:00-05:00,2025-11-14,pre-market,below the 200,True,True,False,True,,5.0,False,506.873924,2025-11-14 10:00:00-05:00,0.009323967511889672,0.002454109278661557,False,False,-0.006966824050310572,-0.006966824050310572,time exit (36h),-6.0951831223676756e-05,-0.006908456112852623,flat at the close (red),-0.0020569046581313533,-0.0011562559686932945,stopped,0.0078101607251442814,-6.0951831223676756e-05
MSFT,2025-11-18 08:00:00-05:00,2025-11-18,pre-market,below the 200,True,True,False,False,0.006866582987296921,,,,,,,,,,,,,,,,,,,
MSFT,2025-12-02 11:00:00-05:00,2025-12-02,regular hours,open at/above the 50,False,True,True,False,0.022632457238214387,,,,,,,,,,,,,,,,,,,
MSFT,2025-12-03 09:00:00-05:00,2025-12-03,regular hours,below the 200,True,False,True,False,-0.009026695751532254,,,,,,,,,,,,,,,,,,,
MSFT,2025-12-10 14:00:00-05:00,2025-12-10,regular hours,open at the 200,True,False,True,True,,23.0,False,485.36236599999995,2025-12-11 13:00:00-05:00,0.0017051878307352039,0.018588927844479762,True,True,0.017168652681434082,0.003804340075266404,hit the 200,0.006496081290830662,0.003804340075266404,hit the 200,0.006496081290830662,0.003804340075266404,hit the 200,0.006496081290830662,0.009245643691973449
MSFT,2025-12-29 12:00:00-05:00,2025-12-29,regular hours,between 200 and 50,True,False,True,True,,2.0,False,486.963202,2025-12-29 14:00:00-05:00,0.005579062214232736,0.004134197392598949,True,False,-0.003961542237676308,-0.00237553473290982,stopped,-0.0011184317376620925,-0.0002828941020445175,flat at the close (red),0.000611209177788008,-0.0038951567432809627,stopped,-0.0038878811586877267,-0.005966353785390788
MSFT,2025-12-31 17:00:00-05:00,2026-01-02,after hours,open at the 200,True,False,True,False,-0.004878852131667277,,,,,,,,,,,,,,,,,,,
MSFT,2026-01-09 06:00:00-05:00,2026-01-09,pre-market,below the 200,True,True,True,False,-0.00607452249243301,,,,,,,,,,,,,,,,,,,
MSFT,2026-01-29 05:00:00-05:00,2026-01-29,pre-market,below the 200,True,False,True,False,0.046728126859356456,,,,,,,,,,,,,,,,,,,
MSFT,2026-02-11 16:00:00-05:00,2026-02-12,after hours,below the 200,True,True,True,False,0.009568901071517422,,,,,,,,,,,,,,,,,,,
MSFT,2026-02-20 10:00:00-05:00,2026-02-20,regular hours,below the 200,True,True,True,True,,3.0,False,398.812656,2026-02-20 13:00:00-05:00,0.0004948288301061009,0.005748704223669427,False,False,0.004565884130982356,0.004565884130982356,time exit (36h),0.0076256732810570105,0.004565884130982356,time exit (36h),0.0076256732810570105,0.004565884130982356,time exit (36h),0.0076256732810570105,0.0076256732810570105
MSFT,2026-02-27 17:00:00-05:00,2026-03-02,after hours,below the 200,True,True,True,False,0.002106453134271824,,,,,,,,,,,,,,,,,,,
MSFT,2026-03-09 10:00:00-04:00,2026-03-09,regular hours,between 200 and 50,True,False,True,True,,1.0,False,407.84405,2026-03-09 11:00:00-04:00,0.009307356574161142,0.01204884563106897,True,False,0.005086623293410142,0.005086623293410142,time exit (36h),0.02038273657610057,-0.00392221272438642,flat at the close (red),0.011896513226874683,-0.00577659524516787,stopped,0.008356167067465847,0.02038273657610057
MSFT,2026-03-18 15:00:00-04:00,2026-03-18,regular hours,open at/above the 50,True,True,True,False,0.005570470677429551,,,,,,,,,,,,,,,,,,,
MSFT,2026-04-09 12:00:00-04:00,2026-04-09,regular hours,open at the 200,True,False,True,True,,21.0,True,374.564416,2026-04-10 09:00:00-04:00,0.0028715594809732062,0.012105837624468901,True,True,0.007706528842219118,0.011169775668172436,hit the 200,0.009050445611951433,0.011169775668172436,hit the 200,0.009050445611951433,0.011169775668172436,hit the 200,0.009050445611951433,0.007339232875128943
MSFT,2026-04-20 17:00:00-04:00,2026-04-21,after hours,open at/above the 50,True,False,True,True,,16.0,False,420.697112,2026-04-21 09:00:00-04:00,0.03147843810251779,-0.004951039454722876,True,False,-0.015867147001029314,-0.006258393330734298,stopped,-0.0057880451070270135,-0.006258393330734298,stopped,-0.0057880451070270135,-0.007850988052420944,stopped,-0.011844402317744014,-0.015847018346552555
MSFT,2026-04-23 16:00:00-04:00,2026-04-24,after hours,between 200 and 50,True,False,True,False,-0.01608945928092853,,,,,,,,,,,,,,,,,,,
MSFT,2026-04-30 04:00:00-04:00,2026-04-30,pre-market,below the 200,True,False,False,False,0.009694198383936703,,,,,,,,,,,,,,,,,,,
MSFT,2026-05-05 17:00:00-04:00,2026-05-06,after hours,below the 200,True,True,False,True,,17.0,False,412.811748,2026-05-06 10:00:00-04:00,0.036743750810115015,0.0014819055004220327,False,False,-0.019216564504632827,-0.009612497752849744,stopped,-0.00619776080205244,-0.009612497752849744,stopped,-0.00619776080205244,-0.0031206766915945422,stopped,0.00252126446323176,-0.016770564557405443
MSFT,2026-05-11 07:00:00-04:00,2026-05-11,pre-market,below the 200,True,True,False,False,0.007545878312070542,,,,,,,,,,,,,,,,,,,
MSFT,2026-05-20 07:00:00-04:00,2026-05-20,pre-market,open at the 200,True,False,False,True,,6.0,False,420.526504,2026-05-20 13:00:00-04:00,0.02970917619023602,0.011453508766239403,True,False,-0.001124693586698311,-0.02894822534182055,stopped,-0.028373737987301067,-0.001267030826960558,flat at the close (red),0.0013432484122137822,-0.0007692642364345107,stopped,0.005635655541814131,0.00528022619155033
MSFT,2026-05-26 10:00:00-04:00,2026-05-26,regular hours,open at the 200,True,False,False,False,0.0018455971049455844,,,,,,,,,,,,,,,,,,,
MSFT,2026-06-02 18:00:00-04:00,2026-06-03,after hours,between 200 and 50,True,False,False,False,0.023688742030064658,,,,,,,,,,,,,,,,,,,
MSFT,2026-06-17 07:00:00-04:00,2026-06-17,pre-market,below the 200,True,True,False,False,0.03337061461355839,,,,,,,,,,,,,,,,,,,
MSFT,2026-07-08 10:00:00-04:00,2026-07-08,regular hours,between 200 and 50,True,False,True,False,-0.00248620222847018,,,,,,,,,,,,,,,,,,,
MSFT,2026-07-14 18:00:00-04:00,2026-07-15,after hours,open at/above the 50,True,False,True,False,-0.03766892313841075,,,,,,,,,,,,,,,,,,,
MSFT,2026-07-17 19:00:00-04:00,2026-07-20,after hours,between 200 and 50,True,False,True,False,0.0,,,,,,,,,,,,,,,,,,,
MSFT,2026-07-22 13:00:00-04:00,2026-07-22,regular hours,open at/above the 50,True,False,True,False,0.01358638743455498,,,,,,,,,,,,,,,,,,,
MSFT,2026-08-06 11:00:00-04:00,2026-08-06,regular hours,open at/above the 50,False,False,False,False,-0.007689336314897766,,,,,,,,,,,,,,,,,,,
MSFT,2026-08-12 08:00:00-04:00,2026-08-12,pre-market,between 200 and 50,True,False,False,True,,26.0,False,500.114928,2026-08-13 10:00:00-04:00,0.002449580949121268,0.014206590529927211,True,False,0.009823176173649806,0.009823176173649806,time exit (36h),0.007761347073509395,0.009823176173649806,time exit (36h),0.007761347073509395,0.003991938429000538,stopped,0.004865648742636793,0.007761347073509395
MSFT,2026-08-17 10:00:00-04:00,2026-08-17,regular hours,between 200 and 50,True,False,False,False,0.004081578368237304,,,,,,,,,,,,,,,,,,,
MSFT,2026-08-21 06:00:00-04:00,2026-08-21,pre-market,below the 200,True,True,False,True,,4.0,False,482.245478,2026-08-21 10:00:00-04:00,0.008532007427138636,0.0031840174144671025,False,False,-0.0025740387598502945,-0.003970015453416099,stopped,-0.0022689521027455485,-0.003970015453416099,stopped,-0.0022689521027455485,-0.006727946964802888,stopped,-0.0032248187062001157,0.000669246768181031
MSFT,2026-09-01 09:00:00-04:00,2026-09-01,regular hours,between 200 and 50,True,False,False,False,0.009788747964865063,,,,,,,,,,,,,,,,,,,
MSFT,2026-09-08 07:00:00-04:00,2026-09-08,pre-market,below the 200,True,False,False,False,0.007714169711733554,,,,,,,,,,,,,,,,,,,
MSFT,2026-09-16 07:00:00-04:00,2026-09-16,pre-market,below the 200,True,True,False,True,,26.0,False,498.19792800000005,2026-09-17 09:00:00-04:00,0.0065678153522950415,0.014247204978339499,False,False,0.008518245308609673,0.008518245308609673,time exit (36h),0.007744961605236078,-0.0005658642272508008,flat at the close (red),-0.0017984409682654245,0.002605245680588358,stopped,0.0018581945665646247,0.007744961605236078
MSFT,2026-09-21 10:00:00-04:00,2026-09-21,regular hours,open at/above the 50,False,True,False,True,,2.0,False,494.86023800000004,2026-09-21 12:00:00-04:00,0.02756285705055972,0.002445615765961097,False,False,-0.013200450666028485,-0.007658247135224348,stopped,-0.00487002881320132,-0.007658247135224348,stopped,-0.00487002881320132,-0.00410168739400709,stopped,-0.0013134690719840613,-0.009323179231179535
MSFT,2026-09-24 10:00:00-04:00,2026-09-24,regular hours,open at the 200,True,False,False,True,,23.0,False,498.996806,2026-09-25 09:00:00-04:00,0.04088842604736028,-0.020166850526894976,True,False,-0.03651830240775422,-0.020928378447376286,stopped,-0.020538631393214338,-0.020928378447376286,stopped,-0.020538631393214338,-0.03607877602326779,stopped,-0.03476783681969562,-0.03313764855562218
MSFT,2026-09-29 17:00:00-04:00,2026-09-30,after hours,open at/above the 50,False,False,False,True,,16.0,False,511.07931800000006,2026-09-30 09:00:00-04:00,0.023031027837444137,0.0010552530321722724,True,False,-0.00767078034289248,-0.005010341662856975,stopped,-0.0033436098894804684,-0.005010341662856975,stopped,-0.0033436098894804684,-0.011310733571887477,stopped,-0.008918889004570473,-0.010233776433015929
MSFT,2026-10-08 15:00:00-04:00,2026-10-08,regular hours,open at/above the 50,True,False,False,False,-0.0004973991246465248,,,,,,,,,,,,,,,,,,,
MSTR,2024-10-01 09:00:00-04:00,2024-10-01,regular hours,between 200 and 50,True,False,True,True,,26.0,False,168.198206,2024-10-02 11:00:00-04:00,0.03378034840633197,0.06170223955896418,True,False,0.02930179303592184,0.02930179303592184,time exit (36h),0.028421377551669735,0.02930179303592184,time exit (36h),0.028421377551669735,-0.02254360548887192,stopped,-0.023316858234394566,0.028421377551669735
MSTR,2024-10-03 15:00:00-04:00,2024-10-03,regular hours,between 200 and 50,True,False,False,False,-0.07097397431526298,,,,,,,,,,,,,,,,,,,
MSTR,2024-10-10 12:00:00-04:00,2024-10-10,regular hours,open at/above the 50,True,False,False,True,,21.0,False,190.155906,2024-10-11 09:00:00-04:00,0.11988370216594799,-0.025632093698946243,True,False,-0.096770962670226,-0.04330127931971792,stopped,-0.03831060445614118,-0.04330127931971792,stopped,-0.03831060445614118,-0.039147319463219865,stopped,-0.03415664459964313,-0.09258852544999141
MSTR,2024-10-15 15:00:00-04:00,2024-10-15,regular hours,open at/above the 50,True,False,False,False,-0.0015416238437819807,,,,,,,,,,,,,,,,,,,
MSTR,2024-10-23 14:00:00-04:00,2024-10-23,regular hours,open at/above the 50,True,False,False,False,-0.0920357751277684,,,,,,,,,,,,,,,,,,,
MSTR,2024-10-30 17:00:00-04:00,2024-10-31,after hours,between 200 and 50,True,False,False,False,-0.020761675852637662,,,,,,,,,,,,,,,,,,,
MSTR,2024-11-14 11:00:00-05:00,2024-11-14,regular hours,open at/above the 50,True,False,False,True,,24.0,False,341.126482,2024-11-15 11:00:00-05:00,0.025836510693414846,0.03059417122590914,True,False,-0.004736741064916061,-0.004736741064916061,time exit (36h),-0.005129098622063677,-0.004736741064916061,time exit (36h),-0.005129098622063677,-0.005199004162919158,stopped,-0.006445376025647404,-0.005129098622063677
MSTR,2024-11-22 08:00:00-05:00,2024-11-22,pre-market,between 200 and 50,True,False,False,True,,5.0,False,451.49746200000004,2024-11-22 13:00:00-05:00,0.0033278991056653125,0.07614187208875174,True,False,0.03790157879165523,0.03790157879165523,time exit (36h),0.03910888870866425,0.03790157879165523,time exit (36h),0.03910888870866425,0.03790157879165523,time exit (36h),0.03910888870866425,0.03910888870866425
MSTR,2024-12-02 19:00:00-05:00,2024-12-03,after hours,below the 200,True,True,False,True,,15.0,False,386.87928,2024-12-03 10:00:00-05:00,0.06622406865521463,0.05500237696885698,False,False,-0.05719683197270631,-0.030786399312984648,stopped,-0.02377532312924834,-0.030786399312984648,stopped,-0.02377532312924834,-0.004085046891112917,stopped,0.002926029292623392,-0.05138019606445432
MSTR,2024-12-06 12:00:00-05:00,2024-12-06,regular hours,open at/above the 50,False,True,False,False,0.014015528871381022,,,,,,,,,,,,,,,,,,,
MSTR,2024-12-13 16:00:00-05:00,2024-12-16,after hours,open at/above the 50,False,False,False,False,-0.007246685447609091,,,,,,,,,,,,,,,,,,,
MSTR,2024-12-17 16:00:00-05:00,2024-12-18,after hours,below the 200,True,False,False,False,0.06475017111567416,,,,,,,,,,,,,,,,,,,
MSTR,2024-12-24 11:00:00-05:00,2024-12-24,regular hours,open at/above the 50,False,True,False,False,0.00588235294117645,,,,,,,,,,,,,,,,,,,
MSTR,2024-12-24 15:00:00-05:00,2024-12-24,regular hours,open at/above the 50,False,True,False,False,-0.0059103641456582645,,,,,,,,,,,,,,,,,,,
MSTR,2024-12-26 10:00:00-05:00,2024-12-26,regular hours,open at/above the 50,True,True,False,True,,1.0,True,347.62395599999996,2024-12-26 11:00:00-05:00,0.00669126497139347,0.07025970327545544,False,False,0.0503821000151079,0.0503821000151079,time exit (36h),0.040550662944708105,0.0503821000151079,time exit (36h),0.040550662944708105,0.0503821000151079,time exit (36h),0.040550662944708105,0.040550662944708105
MSTR,2024-12-26 17:00:00-05:00,2024-12-27,after hours,below the 200,True,True,False,False,0.0363499017978548,,,,,,,,,,,,,,,,,,,
MSTR,2025-01-08 09:00:00-05:00,2025-01-08,regular hours,open at the 200,True,False,False,False,0.00014895962597116785,,,,,,,,,,,,,,,,,,,
MSTR,2025-01-22 16:00:00-05:00,2025-01-23,after hours,between 200 and 50,True,False,True,True,,17.0,False,385.449744,2025-01-23 09:00:00-05:00,0.012323930872814326,0.08937544916361394,True,True,0.09007897103490392,0.0680348460680261,hit the 200,0.07139203004697178,0.0680348460680261,hit the 200,0.07139203004697178,0.0680348460680261,hit the 200,0.07139203004697178,0.09268148301040968
MSTR,2025-01-31 18:00:00-05:00,2025-02-03,after hours,below the 200,True,True,True,False,0.0027352215828413406,,,,,,,,,,,,,,,,,,,
MSTR,2025-02-06 08:00:00-05:00,2025-02-06,pre-market,below the 200,False,True,True,True,,1.0,False,341.173806,2025-02-06 09:00:00-05:00,0.009749265452107969,0.05998058948288672,False,False,0.036372436208991665,0.036372436208991665,time exit (36h),0.027292415370309797,0.036372436208991665,time exit (36h),0.027292415370309797,-0.0047664679157695886,stopped,-0.011550391021999028,0.027292415370309797
MSTR,2025-02-11 15:00:00-05:00,2025-02-11,regular hours,open at/above the 50,True,True,True,False,-0.026747905559786678,,,,,,,,,,,,,,,,,,,
MSTR,2025-02-19 16:00:00-05:00,2025-02-20,after hours,below the 200,True,True,True,False,-0.013934174100276975,,,,,,,,,,,,,,,,,,,
MSTR,2025-03-04 12:00:00-05:00,2025-03-04,regular hours,below the 200,False,True,True,False,-0.1567479674796748,,,,,,,,,,,,,,,,,,,
MSTR,2025-03-07 19:00:00-05:00,2025-03-10,after hours,below the 200,True,False,True,False,0.0,,,,,,,,,,,,,,,,,,,
MSTR,2025-03-19 04:00:00-04:00,2025-03-19,pre-market,open at/above the 50,True,False,True,False,-0.049834983498349916,,,,,,,,,,,,,,,,,,,
MSTR,2025-03-27 06:00:00-04:00,2025-03-27,pre-market,between 200 and 50,True,False,True,True,,4.0,False,332.812496,2025-03-27 10:00:00-04:00,0.0020356927944195913,0.13873426194910668,True,True,0.14278193085124102,0.0957883564564235,hit the 200,0.07871575315285664,0.0957883564564235,hit the 200,0.07871575315285664,0.0957883564564235,hit the 200,0.07871575315285664,0.11719319134027817
MSTR,2025-04-03 14:00:00-04:00,2025-04-03,regular hours,below the 200,True,True,True,False,-0.029056603773584988,,,,,,,,,,,,,,,,,,,
MSTR,2025-04-16 19:00:00-04:00,2025-04-17,after hours,open at/above the 50,False,False,False,True,,17.0,True,310.17424,2025-04-17 12:00:00-04:00,0.029098999323734914,-0.005922671076747083,True,False,-0.019180875284594,-0.027164602708464845,stopped,-0.023834548973506862,-0.027164602708464845,stopped,-0.023834548973506862,-0.016976780534708493,stopped,-0.011670588718706711,-0.01853583639254308
MSTR,2025-05-05 15:00:00-04:00,2025-05-05,regular hours,between 200 and 50,True,False,False,True,,18.0,True,387.390596,2025-05-06 09:00:00-04:00,0.026741495810600376,0.024834356071978664,True,False,-0.01864320202659908,-0.01864320202659908,time exit (36h),-0.014971253219982494,-0.01864320202659908,time exit (36h),-0.014971253219982494,-0.01290533134160017,stopped,-0.005006857788174626,-0.014971253219982494
MSTR,2025-05-12 18:00:00-04:00,2025-05-13,after hours,between 200 and 50,True,False,False,True,,18.0,False,415.05073799999997,2025-05-13 12:00:00-04:00,0.026235977925185696,0.014578309218667063,True,False,0.0037259993712364103,-0.0168395363749481,stopped,-0.018271004822997743,-0.0168395363749481,stopped,-0.018271004822997743,-0.007828348928270097,stopped,-0.006214349607848708,0.001132718017270662
MSTR,2025-05-15 13:00:00-04:00,2025-05-15,regular hours,open at/above the 50,True,False,False,False,0.033493797916507306,,,,,,,,,,,,,,,,,,,
MSTR,2025-05-22 07:00:00-04:00,2025-05-22,pre-market,open at/above the 50,False,False,False,True,,3.0,False,411.414358,2025-05-22 10:00:00-04:00,0.006187538063511111,0.10960812894138226,True,True,0.1231009991264469,0.010001510448014013,hit the 200,0.010121322172447107,0.010001510448014013,hit the 200,0.010121322172447107,0.010001510448014013,hit the 200,0.010121322172447107,0.11415453971366629
MSTR,2025-05-30 12:00:00-04:00,2025-05-30,regular hours,open at/above the 50,True,True,False,False,-0.01944899072558648,,,,,,,,,,,,,,,,,,,
MSTR,2025-06-05 11:00:00-04:00,2025-06-05,regular hours,open at/above the 50,True,True,False,True,,1.0,True,380.66216999999995,2025-06-05 12:00:00-04:00,0.00025699953320826313,0.05057547483638819,False,False,0.011054900398406176,0.011054900398406176,time exit (36h),0.012639113294209303,0.011054900398406176,time exit (36h),0.012639113294209303,0.00021586069348567612,stopped,-0.0017250047393981777,0.012639113294209303
MSTR,2025-06-11 19:00:00-04:00,2025-06-12,after hours,open at the 200,True,False,False,True,,18.0,False,388.818718,2025-06-12 13:00:00-04:00,0.006175839507808977,0.056886968080585056,True,True,0.01110055389416198,0.02811932397760743,hit the 200,0.028094423992547374,0.02811932397760743,hit the 200,0.028094423992547374,0.02811932397760743,hit the 200,0.028094423992547374,0.002841001433033119
MSTR,2025-06-17 09:00:00-04:00,2025-06-17,regular hours,below the 200,True,True,False,False,0.01190283400809733,,,,,,,,,,,,,,,,,,,
MSTR,2025-07-01 18:00:00-04:00,2025-07-02,after hours,between 200 and 50,True,False,True,True,,18.0,False,389.56743200000005,2025-07-02 12:00:00-04:00,0.06425734274419523,-0.011044475606985418,True,False,-0.0404743054187191,-0.02132408234782812,stopped,-0.02108514911368431,-0.02132408234782812,stopped,-0.02108514911368431,-0.012250941962725264,stopped,-0.012012008728581451,-0.03129349231172873
MSTR,2025-07-08 10:00:00-04:00,2025-07-08,regular hours,open at/above the 50,True,False,True,True,,24.0,False,400.25,2025-07-09 10:00:00-04:00,0.07382885696439728,0.004122423485321617,True,False,-0.06439925198690977,-0.0134665833853841,stopped,-0.017188867243696292,-0.0134665833853841,stopped,-0.017188867243696292,-0.010368519675202942,stopped,-0.01172398967841129,-0.06110216268608437
MSTR,2025-07-18 12:00:00-04:00,2025-07-18,regular hours,open at/above the 50,True,False,False,False,0.006236493469886195,,,,,,,,,,,,,,,,,,,
MSTR,2025-08-01 09:00:00-04:00,2025-08-01,regular hours,below the 200,True,True,False,False,0.026246612466124697,,,,,,,,,,,,,,,,,,,
MSTR,2025-08-06 08:00:00-04:00,2025-08-06,pre-market,below the 200,True,True,False,True,,2.0,False,379.054068,2025-08-06 10:00:00-04:00,0.07172045967859139,0.010431408956676729,False,False,-0.06269857817561397,-0.02440530990423254,stopped,-0.012093172083669366,-0.01115470221480186,flat at the close (red),-0.005243247586006472,-0.009855934325443114,stopped,-0.004023048864976994,-0.0557982149986046
MSTR,2025-08-12 13:00:00-04:00,2025-08-12,regular hours,open at/above the 50,True,False,False,True,,20.0,True,399.267372,2025-08-13 09:00:00-04:00,0.00043236190108711083,0.08582562564115562,True,True,0.06893170914542734,0.012947482971385923,hit the 200,0.011829175343596062,0.012947482971385923,hit the 200,0.011829175343596062,0.012947482971385923,hit the 200,0.011829175343596062,0.06987721103643119
MSTR,2025-08-26 07:00:00-04:00,2025-08-26,pre-market,below the 200,True,True,True,True,,2.0,False,344.393124,2025-08-26 09:00:00-04:00,0.02902751333676449,0.011710814528341124,False,False,0.01184958279468784,-0.02066497703943703,stopped,-0.016092255262430737,-0.02066497703943703,stopped,-0.016092255262430737,-0.0034433788521283236,stopped,-0.002646885228978394,0.015943594161272556
MSTR,2025-08-28 09:00:00-04:00,2025-08-28,regular hours,open at/above the 50,True,True,True,False,0.019474894710116653,,,,,,,,,,,,,,,,,,,
MSTR,2025-09-04 05:00:00-04:00,2025-09-04,pre-market,below the 200,True,True,True,True,,32.0,True,333.713228,2025-09-05 13:00:00-04:00,0.010448408116444138,0.02610992693403216,False,False,0.023285422455701976,0.023285422455701976,time exit (36h),0.022495899884644954,-0.0068354275170381396,flat at the close (red),-0.005692058286031143,0.023285422455701976,time exit (36h),0.022495899884644954,0.022495899884644954
MSTR,2025-09-08 18:00:00-04:00,2025-09-09,after hours,open at/above the 50,False,True,True,True,,16.0,True,329.58208600000006,2025-09-09 10:00:00-04:00,0.03163980823884927,0.02313865444737807,False,False,0.0075881565270561335,-0.010663850219092117,stopped,-0.005711761296133053,-0.010663850219092117,stopped,-0.005711761296133053,-0.004969669376993889,stopped,-1.758045403482504e-05,0.013500422180775073
MSTR,2025-09-09 12:00:00-04:00,2025-09-09,regular hours,open at/above the 50,True,True,True,False,-0.002858453072454914,,,,,,,,,,,,,,,,,,,
MSTR,2025-09-11 09:00:00-04:00,2025-09-11,regular hours,below the 200,True,True,True,True,,3.0,True,329.192376,2025-09-11 12:00:00-04:00,0.02107498382647842,0.016289490252350314,False,False,-0.005821827185966577,-0.005821827185966577,time exit (36h),-0.00576096754351707,-0.005821827185966577,time exit (36h),-0.00576096754351707,-0.006334362980508341,stopped,-0.004556667289688916,-0.00576096754351707
MSTR,2025-09-15 18:00:00-04:00,2025-09-16,after hours,open at/above the 50,True,True,True,True,,15.0,False,328.558854,2025-09-16 09:00:00-04:00,0.03515700721308219,0.016294961876145368,False,False,-0.013869818116333588,-0.008434245390933789,stopped,-0.010251876411836388,-0.008434245390933789,stopped,-0.010251876411836388,-0.005329778755558983,stopped,-0.007147409776461582,-0.013733761637777508
MSTR,2025-09-22 11:00:00-04:00,2025-09-22,regular hours,between 200 and 50,True,False,True,False,0.025020270064315397,,,,,,,,,,,,,,,,,,,
MSTR,2025-10-07 13:00:00-04:00,2025-10-07,regular hours,open at/above the 50,True,False,True,False,0.006840193704600539,,,,,,,,,,,,,,,,,,,
MSTR,2025-10-22 13:00:00-04:00,2025-10-22,regular hours,below the 200,True,True,True,False,-0.026692254012561145,,,,,,,,,,,,,,,,,,,
MSTR,2025-10-28 18:00:00-04:00,2025-10-29,after hours,below the 200,True,True,True,False,0.04152412839362407,,,,,,,,,,,,,,,,,,,
MSTR,2025-11-11 12:00:00-05:00,2025-11-11,regular hours,below the 200,True,True,True,False,0.06165548098434015,,,,,,,,,,,,,,,,,,,
MSTR,2025-11-19 17:00:00-05:00,2025-11-20,after hours,below the 200,True,True,True,False,0.11466420750629447,,,,,,,,,,,,,,,,,,,
MSTR,2025-11-26 05:00:00-05:00,2025-11-26,pre-market,open at/above the 50,True,True,True,True,,4.0,True,173.531498,2025-11-26 09:00:00-05:00,0.04090612990616837,0.022079553534425263,False,False,-0.019388299781027074,-0.01860470310698287,stopped,-0.013260485579711215,-0.01860470310698287,stopped,-0.013260485579711215,-0.031140755783713617,stopped,-0.026834465366312125,-0.015126937606102508
MSTR,2025-12-01 12:00:00-05:00,2025-12-01,regular hours,below the 200,True,True,True,False,-0.12451896646509075,,,,,,,,,,,,,,,,,,,
MSTR,2025-12-05 11:00:00-05:00,2025-12-05,regular hours,between 200 and 50,True,False,True,False,0.001737765569818972,,,,,,,,,,,,,,,,,,,
MSTR,2025-12-11 07:00:00-05:00,2025-12-11,pre-market,open at the 200,True,False,True,True,,26.0,True,184.519298,2025-12-12 09:00:00-05:00,0.003960030240305857,0.04920514059185286,True,True,0.04448827125551902,0.022060725052183795,hit the 200,0.0108097715815507,0.022060725052183795,hit the 200,0.0108097715815507,0.022060725052183795,hit the 200,0.0108097715815507,0.03348557491591797
MSTR,2025-12-23 12:00:00-05:00,2025-12-23,regular hours,below the 200,True,True,True,False,-0.01263399597382997,,,,,,,,,,,,,,,,,,,
MSTR,2026-01-08 06:00:00-05:00,2026-01-08,pre-market,below the 200,True,False,True,True,,4.0,False,163.043246,2026-01-08 10:00:00-05:00,0.04647082406590454,0.046510641722626166,True,True,0.03348979049809242,-0.04364948671348205,stopped,-0.04102664041807118,-0.04364948671348205,stopped,-0.04102664041807118,-0.0058680995593033605,stopped,-0.00351993315837564,0.04241733340789555
MSTR,2026-01-09 17:00:00-05:00,2026-01-12,after hours,below the 200,True,False,True,False,0.0013951580851661038,,,,,,,,,,,,,,,,,,,
MSTR,2026-01-16 08:00:00-05:00,2026-01-16,pre-market,between 200 and 50,True,False,True,False,-0.013197911287083364,,,,,,,,,,,,,,,,,,,
MSTR,2026-01-26 14:00:00-05:00,2026-01-26,regular hours,below the 200,False,True,True,True,,19.0,True,161.528052,2026-01-27 09:00:00-05:00,0.025951826621421748,0.028156422018882594,False,False,0.021705426748852785,0.021705426748852785,time exit (36h),0.02222210461812446,-0.0003833653072591314,flat at the close (red),0.0014408288440477257,-0.0008787823430198062,stopped,0.0010491594141917536,0.02222210461812446
MSTR,2026-01-29 05:00:00-05:00,2026-01-29,pre-market,below the 200,True,True,True,False,0.05202621372208105,,,,,,,,,,,,,,,,,,,
MSTR,2026-02-11 10:00:00-05:00,2026-02-11,regular hours,open at/above the 50,True,True,True,False,0.05087576374745417,,,,,,,,,,,,,,,,,,,
MSTR,2026-02-18 15:00:00-05:00,2026-02-18,regular hours,below the 200,True,True,True,False,-0.030047239216293598,,,,,,,,,,,,,,,,,,,
MSTR,2026-02-23 17:00:00-05:00,2026-02-24,after hours,below the 200,True,False,True,False,-0.02450903377847602,,,,,,,,,,,,,,,,,,,
MSTR,2026-02-27 14:00:00-05:00,2026-02-27,regular hours,open at the 200,True,False,True,False,-0.011717545482577973,,,,,,,,,,,,,,,,,,,
MSTR,2026-03-06 09:00:00-05:00,2026-03-06,regular hours,between 200 and 50,True,False,True,False,0.0065873673116012554,,,,,,,,,,,,,,,,,,,
MSTR,2026-03-12 04:00:00-04:00,2026-03-12,pre-market,between 200 and 50,True,False,True,True,,5.0,True,138.526956,2026-03-12 09:00:00-04:00,0.06304219952685583,0.03715490579320906,True,True,0.0009165889331004262,0.022932735199927713,hit the 200,0.017487709021917364,0.022932735199927713,hit the 200,0.017487709021917364,0.022932735199927713,hit the 200,0.017487709021917364,-0.012789726710318083
MSTR,2026-03-18 18:00:00-04:00,2026-03-19,after hours,below the 200,True,False,True,False,0.01255411255411265,,,,,,,,,,,,,,,,,,,
MSTR,2026-03-26 13:00:00-04:00,2026-03-26,regular hours,below the 200,True,True,True,False,0.06576540755467208,,,,,,,,,,,,,,,,,,,
MSTR,2026-04-02 05:00:00-04:00,2026-04-02,pre-market,below the 200,True,True,True,False,-0.00020794343938446147,,,,,,,,,,,,,,,,,,,
MSTR,2026-04-10 18:00:00-04:00,2026-04-13,after hours,below the 200,True,False,True,False,-0.0006213109661383776,,,,,,,,,,,,,,,,,,,
MSTR,2026-04-24 14:00:00-04:00,2026-04-24,regular hours,open at/above the 50,True,False,False,False,0.0033356741573034032,,,,,,,,,,,,,,,,,,,
MSTR,2026-05-07 10:00:00-04:00,2026-05-07,regular hours,open at/above the 50,True,False,False,True,,24.0,False,183.43555600000002,2026-05-08 10:00:00-04:00,0.0327332613749102,0.022326947344930313,True,False,-0.02789848436671949,-0.02630048451457236,stopped,-0.025296931394064654,-0.021833541300058545,flat at the close (red),-0.020626810726386946,-0.017114697218242512,stopped,-0.017467775791805105,-0.026299178302909842
MSTR,2026-05-13 05:00:00-04:00,2026-05-13,pre-market,between 200 and 50,False,False,False,True,,29.0,False,184.82583200000002,2026-05-14 10:00:00-04:00,0.04422632870928983,0.06068324908176258,True,True,0.05074378624218312,-0.04010028208611006,stopped,-0.035673609713360095,-0.04010028208611006,stopped,-0.035673609713360095,-0.017173833146873,stopped,-0.012628676433239241,0.041128140814022496
MSTR,2026-05-15 17:00:00-04:00,2026-05-18,after hours,below the 200,True,False,False,False,0.003354178510517336,,,,,,,,,,,,,,,,,,,
MSTR,2026-05-21 14:00:00-04:00,2026-05-21,regular hours,below the 200,False,True,False,False,0.03993700787401577,,,,,,,,,,,,,,,,,,,
MSTR,2026-06-02 04:00:00-04:00,2026-06-02,pre-market,below the 200,True,True,False,False,0.16330918066725042,,,,,,,,,,,,,,,,,,,
MSTR,2026-06-09 14:00:00-04:00,2026-06-09,regular hours,below the 200,True,True,False,False,0.029647425355166623,,,,,,,,,,,,,,,,,,,
MSTR,2026-06-17 05:00:00-04:00,2026-06-17,pre-market,below the 200,True,True,True,False,0.08728534567132318,,,,,,,,,,,,,,,,,,,
MSTR,2026-07-07 18:00:00-04:00,2026-07-08,after hours,below the 200,True,False,True,False,0.02105374523910286,,,,,,,,,,,,,,,,,,,
MSTR,2026-07-13 10:00:00-04:00,2026-07-13,regular hours,below the 200,True,False,True,False,-0.06508657693117592,,,,,,,,,,,,,,,,,,,
MSTR,2026-07-16 16:00:00-04:00,2026-07-17,after hours,below the 200,True,False,True,True,,21.0,False,95.82262999999999,2026-07-17 13:00:00-04:00,0.001536902086699207,0.022256016141489667,True,True,0.009178724627729284,0.004275075731066738,hit the 200,0.0016554107794967826,0.004275075731066738,hit the 200,0.0016554107794967826,0.004275075731066738,hit the 200,0.0016554107794967826,0.004033943482948166
MSTR,2026-07-23 08:00:00-04:00,2026-07-23,pre-market,between 200 and 50,True,False,True,False,0.07062109760105151,,,,,,,,,,,,,,,,,,,
MSTR,2026-07-30 04:00:00-04:00,2026-07-30,pre-market,below the 200,True,True,True,True,,5.0,False,96.31223199999998,2026-07-30 09:00:00-04:00,0.021261764549284037,0.07374174445463987,False,False,0.03692995744066918,0.03692995744066918,time exit (36h),0.05012533502733951,-0.01284034233587883,flat at the close (red),-0.0029577736769689222,-0.010255893560851305,stopped,-0.00774309185486264,0.05012533502733951
MSTR,2026-07-31 10:00:00-04:00,2026-07-31,regular hours,below the 200,True,True,True,False,-0.021016966670650117,,,,,,,,,,,,,,,,,,,
MSTR,2026-08-11 06:00:00-04:00,2026-08-11,pre-market,between 200 and 50,True,False,True,True,,3.0,False,98.3691,2026-08-11 09:00:00-04:00,0.009056705815139125,0.038315893913840916,True,True,0.03558193984158198,0.02157909851772554,hit the 200,0.01879412442446137,0.02157909851772554,hit the 200,0.01879412442446137,0.02157909851772554,hit the 200,0.01879412442446137,0.03318649765590287
MSTR,2026-08-19 05:00:00-04:00,2026-08-19,pre-market,open at/above the 50,True,True,True,True,,4.0,False,94.79663000000001,2026-08-19 09:00:00-04:00,0.24476998813143452,-0.02218823601640689,False,False,-0.16735502854633277,-0.03020434376200911,stopped,-0.028469042026707324,-0.03020434376200911,stopped,-0.028469042026707324,-0.028623063921154133,stopped,-0.026887762185852346,-0.17781538928458773
MSTR,2026-08-31 09:00:00-04:00,2026-08-31,regular hours,between 200 and 50,True,False,False,True,,2.0,False,130.00930400000001,2026-08-31 11:00:00-04:00,0.027464926664017814,0.051221749483406354,True,False,0.04124062149607566,0.04124062149607566,time exit (36h),0.0359645462660676,-0.022118811583301756,flat at the close (red),-0.020814945620722725,-0.012927505557602116,stopped,-0.013293198349536108,0.0359645462660676
MSTR,2026-09-09 05:00:00-04:00,2026-09-09,pre-market,open at/above the 50,False,False,False,False,0.08077365056746433,,,,,,,,,,,,,,,,,,,
MSTR,2026-09-15 19:00:00-04:00,2026-09-16,after hours,below the 200,True,True,False,False,-0.004267535692116575,,,,,,,,,,,,,,,,,,,
MSTR,2026-09-23 18:00:00-04:00,2026-09-24,after hours,between 200 and 50,True,False,False,False,-0.0038512356251527713,,,,,,,,,,,,,,,,,,,
MSTR,2026-10-07 11:00:00-04:00,2026-10-07,regular hours,below the 200,True,False,False,False,0.026423299947285317,,,,,,,,,,,,,,,,,,,
MU,2024-10-09 05:00:00-04:00,2024-10-09,pre-market,open at/above the 50,False,False,True,True,,28.0,True,102.11595200000002,2024-10-10 09:00:00-04:00,0.05419376592601304,0.0053463928926601794,False,False,-0.04387155611110316,-0.008069728420100085,stopped,-0.0078090583241733,-0.008069728420100085,stopped,-0.0078090583241733,-0.022269272875211295,stopped,-0.019374791455355363,-0.03813366703210341
MU,2024-10-15 17:00:00-04:00,2024-10-16,after hours,between 200 and 50,True,False,False,True,,16.0,False,106.51912999999999,2024-10-16 09:00:00-04:00,0.07154461362949557,0.0013052115615288175,True,False,-0.05240099813627852,-0.02789048314607907,stopped,-0.02358073039882631,-0.02789048314607907,stopped,-0.02358073039882631,-0.00601647797911987,stopped,-0.0056546437502222975,-0.047237162143827005
MU,2024-10-21 10:00:00-04:00,2024-10-21,regular hours,open at/above the 50,True,False,False,False,0.01395608485299582,,,,,,,,,,,,,,,,,,,
MU,2024-10-29 04:00:00-04:00,2024-10-29,pre-market,below the 200,True,True,False,True,,10.0,False,107.38669,2024-10-29 14:00:00-04:00,0.01269533496190262,0.040849475852174987,False,False,0.0375475480794778,-0.007387414585550642,stopped,-0.007851571367396833,-0.007387414585550642,stopped,-0.007851571367396833,-0.0037556795912045034,stopped,-0.004219836373050696,0.030504807120834254
MU,2024-11-11 08:00:00-05:00,2024-11-11,pre-market,between 200 and 50,True,False,False,False,0.07374517374517375,,,,,,,,,,,,,,,,,,,
MU,2024-11-26 16:00:00-05:00,2024-11-27,after hours,below the 200,True,False,True,False,0.034163062903707964,,,,,,,,,,,,,,,,,,,
MU,2024-12-06 12:00:00-05:00,2024-12-06,regular hours,between 200 and 50,False,False,True,False,0.0070792079207921965,,,,,,,,,,,,,,,,,,,
MU,2024-12-10 18:00:00-05:00,2024-12-11,after hours,below the 200,True,False,True,True,,15.0,False,101.15802,2024-12-11 09:00:00-05:00,0.01484785882523208,0.033591207103499936,True,True,0.006546461147799665,0.000671419824152372,hit the 200,0.0030418078225364436,0.000671419824152372,hit the 200,0.0030418078225364436,0.000671419824152372,hit the 200,0.0030418078225364436,0.006612535349127646
MU,2024-12-12 13:00:00-05:00,2024-12-12,regular hours,open at/above the 50,True,False,True,False,-0.047785888077858885,,,,,,,,,,,,,,,,,,,
MU,2024-12-12 15:00:00-05:00,2024-12-12,regular hours,open at/above the 50,True,True,True,False,-0.043892944038929516,,,,,,,,,,,,,,,,,,,
MU,2024-12-18 17:00:00-05:00,2024-12-19,after hours,below the 200,True,False,True,False,0.04769729093050645,,,,,,,,,,,,,,,,,,,
MU,2024-12-26 12:00:00-05:00,2024-12-26,regular hours,below the 200,False,True,True,True,,21.0,True,89.46252399999999,2024-12-27 09:00:00-05:00,0.0003071230138779358,0.02104259879812903,False,False,0.009165527354765723,0.009165527354765723,time exit (36h),0.0028129064785074043,0.009165527354765723,time exit (36h),0.0028129064785074043,0.009165527354765723,time exit (36h),0.0028129064785074043,0.0028129064785074043
MU,2024-12-27 16:00:00-05:00,2024-12-30,after hours,below the 200,True,True,True,False,0.0006249294980258391,,,,,,,,,,,,,,,,,,,
MU,2025-01-10 06:00:00-05:00,2025-01-10,pre-market,between 200 and 50,True,False,True,False,-0.0006054189529375309,,,,,,,,,,,,,,,,,,,
MU,2025-01-23 11:00:00-05:00,2025-01-23,regular hours,between 200 and 50,True,False,True,False,0.020505344995140895,,,,,,,,,,,,,,,,,,,
MU,2025-02-03 13:00:00-05:00,2025-02-03,regular hours,below the 200,False,True,False,True,,1.0,False,90.964458,2025-02-03 14:00:00-05:00,0.005557577224282538,0.023793446886694946,False,False,0.004244402737911157,0.004244402737911157,time exit (36h),0.006850998340842462,0.004244402737911157,time exit (36h),0.006850998340842462,0.004244402737911157,time exit (36h),0.006850998340842462,0.006850998340842462
MU,2025-02-10 06:00:00-05:00,2025-02-10,pre-market,open at/above the 50,True,True,False,True,,3.0,False,93.451022,2025-02-10 09:00:00-05:00,0.030058290855288994,-0.0011661509705052512,False,False,-0.009002948038176029,-0.026527029313815446,stopped,-0.02578505022678034,-0.026527029313815446,stopped,-0.02578505022678034,-0.019785530007365812,stopped,-0.019043550920330707,-0.007532627045626739
MU,2025-02-12 10:00:00-05:00,2025-02-12,regular hours,below the 200,True,False,False,True,,23.0,False,93.73731,2025-02-13 09:00:00-05:00,0.07426061191642912,0.0009303659343328596,True,False,-0.05630413772274245,-0.022431729692264583,stopped,-0.01411602827023039,-0.022431729692264583,stopped,-0.01411602827023039,-0.004082579284598746,stopped,-1.3989783865668397e-05,-0.04784206943581937
MU,2025-02-20 15:00:00-05:00,2025-02-20,regular hours,open at/above the 50,True,False,True,False,0.043689320388349495,,,,,,,,,,,,,,,,,,,
MU,2025-02-28 05:00:00-05:00,2025-02-28,pre-market,below the 200,True,True,True,False,-0.014616451509655404,,,,,,,,,,,,,,,,,,,
MU,2025-03-06 19:00:00-05:00,2025-03-07,after hours,below the 200,True,True,False,True,,14.0,False,91.613742,2025-03-07 09:00:00-05:00,0.018842784524618603,0.023181478603941395,False,False,-0.012250760107816672,-0.01829264871639007,stopped,-0.014458342592163099,-0.01829264871639007,stopped,-0.014458342592163099,-0.016495975025231455,stopped,-0.00937484973218625,-0.007099118410264671
MU,2025-03-19 16:00:00-04:00,2025-03-20,after hours,between 200 and 50,True,False,True,True,,17.0,False,102.303204,2025-03-20 09:00:00-04:00,0.07425765472604369,0.08409515698061609,True,True,0.08188438687735422,-0.012676005729009236,stopped,-0.00868737157147587,-0.012676005729009236,stopped,-0.00868737157147587,-0.020398149015939,stopped,-0.011529164119556897,0.08303482935523032
MU,2025-03-21 10:00:00-04:00,2025-03-21,regular hours,between 200 and 50,True,False,True,False,0.0071964737807239665,,,,,,,,,,,,,,,,,,,
MU,2025-04-03 05:00:00-04:00,2025-04-03,pre-market,below the 200,True,True,True,False,0.29665738161559885,,,,,,,,,,,,,,,,,,,
MU,2025-04-09 13:00:00-04:00,2025-04-09,regular hours,below the 200,False,True,True,True,,23.0,True,69.815972,2025-04-10 12:00:00-04:00,0.029850304168221042,0.04284079866423688,False,False,0.0030843102068496275,0.0030843102068496275,time exit (36h),0.03242362031933532,-0.0033408708065666426,flat at the close (red),0.008257566395644345,-0.012375792748398671,stopped,0.0068490266471911716,0.03242362031933532
MU,2025-04-11 12:00:00-04:00,2025-04-11,regular hours,below the 200,True,True,True,False,-0.011584553736783576,,,,,,,,,,,,,,,,,,,
MU,2025-04-16 05:00:00-04:00,2025-04-16,pre-market,below the 200,True,True,True,True,,6.0,False,70.40174,2025-04-16 11:00:00-04:00,0.008497801332751097,0.0483189762071222,False,False,0.021054967367657662,0.021054967367657662,time exit (36h),0.011246581862061067,0.021054967367657662,time exit (36h),0.011246581862061067,0.021054967367657662,time exit (36h),0.011246581862061067,0.011246581862061067
MU,2025-04-29 11:00:00-04:00,2025-04-29,regular hours,open at/above the 50,True,False,True,False,-0.027027027027026973,,,,,,,,,,,,,,,,,,,
MU,2025-05-15 13:00:00-04:00,2025-05-15,regular hours,between 200 and 50,True,False,True,False,-0.008248929727471932,,,,,,,,,,,,,,,,,,,
MU,2025-05-21 16:00:00-04:00,2025-05-22,after hours,between 200 and 50,True,False,False,False,0.005777310924369727,,,,,,,,,,,,,,,,,,,
MU,2025-05-30 09:00:00-04:00,2025-05-30,regular hours,open at the 200,True,False,False,False,-0.010593220338983023,,,,,,,,,,,,,,,,,,,
MU,2025-06-13 16:00:00-04:00,2025-06-16,after hours,open at/above the 50,False,False,False,False,-0.0004330879168470414,,,,,,,,,,,,,,,,,,,
MU,2025-06-27 05:00:00-04:00,2025-06-27,pre-market,between 200 and 50,True,False,False,True,,5.0,True,127.15959600000001,2025-06-27 10:00:00-04:00,0.0029915477240113173,0.02964460503633565,True,False,0.02630828087167081,0.02630828087167081,time exit (36h),0.024792215468935286,0.02630828087167081,time exit (36h),0.024792215468935286,0.02630828087167081,time exit (36h),0.024792215468935286,0.024792215468935286
MU,2025-07-07 14:00:00-04:00,2025-07-07,regular hours,open at/above the 50,True,True,False,False,-0.04057270059860574,,,,,,,,,,,,,,,,,,,
MU,2025-07-10 13:00:00-04:00,2025-07-10,regular hours,open at/above the 50,False,True,False,True,,21.0,True,123.322876,2025-07-11 10:00:00-04:00,0.012058784616732493,0.005861653761626508,False,False,-0.009136461513739369,-0.009136461513739369,time exit (36h),-0.009441417856831502,-0.009693439331887932,flat at the close (red),-0.009084084125909886,-0.007598947011258571,stopped,-0.00556532010973737,-0.009441417856831502
MU,2025-07-14 09:00:00-04:00,2025-07-14,regular hours,below the 200,True,True,False,False,-0.013288978259943351,,,,,,,,,,,,,,,,,,,
MU,2025-07-22 09:00:00-04:00,2025-07-22,regular hours,below the 200,True,True,False,False,-0.012976406533575346,,,,,,,,,,,,,,,,,,,
MU,2025-07-29 10:00:00-04:00,2025-07-29,regular hours,open at/above the 50,False,True,False,False,-0.02493506493506492,,,,,,,,,,,,,,,,,,,
MU,2025-07-31 17:00:00-04:00,2025-08-01,after hours,below the 200,True,True,False,False,0.04026845637583887,,,,,,,,,,,,,,,,,,,
MU,2025-08-14 09:00:00-04:00,2025-08-14,regular hours,between 200 and 50,True,False,True,False,0.017376071678881555,,,,,,,,,,,,,,,,,,,
MU,2025-08-20 06:00:00-04:00,2025-08-20,pre-market,between 200 and 50,True,False,True,False,0.014067489427807,,,,,,,,,,,,,,,,,,,
MU,2025-08-26 05:00:00-04:00,2025-08-26,pre-market,below the 200,True,True,True,True,,4.0,False,116.979352,2025-08-26 09:00:00-04:00,0.014965444499983195,0.009910740486919542,False,False,0.005409127632144406,-0.009408908334523793,stopped,-0.008612414711373863,-0.009408908334523793,stopped,-0.008612414711373863,-0.008468571444984523,stopped,-0.007672077821834593,0.009503138998729121
MU,2025-09-02 08:00:00-04:00,2025-09-02,pre-market,below the 200,True,True,False,True,,25.0,True,119.25483799999998,2025-09-03 09:00:00-04:00,0.04378406853397442,0.016434033477115424,True,True,-0.03842252862441553,0.002892142623177907,hit the 200,0.005345673067142698,0.002892142623177907,hit the 200,0.005345673067142698,0.002892142623177907,hit the 200,0.005345673067142698,-0.027536561821225103
MU,2025-09-22 07:00:00-04:00,2025-09-22,pre-market,open at/above the 50,True,False,False,True,,2.0,False,163.663336,2025-09-22 09:00:00-04:00,0.06877755443039496,0.003991950891187969,True,False,-0.020745249969335466,-0.0002240208521718133,stopped,0.002112392527186269,-0.0002240208521718133,stopped,0.002112392527186269,-0.006028619629261492,stopped,-0.0012768828393905389,-0.018198343180095833
MU,2025-09-24 16:00:00-04:00,2025-09-25,after hours,between 200 and 50,True,False,False,False,0.033798454562871116,,,,,,,,,,,,,,,,,,,
MU,2025-10-08 04:00:00-04:00,2025-10-08,pre-market,between 200 and 50,True,False,False,True,,5.0,False,190.54071799999997,2025-10-08 09:00:00-04:00,0.040460023877941044,0.005461919168374132,True,False,-0.010589271990861127,-0.024977243971548584,stopped,-0.02240191945088647,-0.024977243971548584,stopped,-0.02240191945088647,-0.013431680256395512,stopped,-0.010856355735733398,-0.007717077217362589
MU,2025-10-10 13:00:00-04:00,2025-10-10,regular hours,open at/above the 50,True,False,False,False,0.025820812465219944,,,,,,,,,,,,,,,,,,,
MU,2025-10-22 06:00:00-04:00,2025-10-22,pre-market,between 200 and 50,True,False,False,True,,3.0,False,204.351904,2025-10-22 09:00:00-04:00,0.02274554779778323,0.060346411061577294,True,True,-0.017539395413752268,0.0448322566155292,hit the 200,0.04040780855047771,0.0448322566155292,hit the 200,0.04040780855047771,0.0448322566155292,hit the 200,0.04040780855047771,-0.017048543115671166
MU,2025-10-31 12:00:00-04:00,2025-10-31,regular hours,open at/above the 50,True,False,False,False,-0.01422818791946312,,,,,,,,,,,,,,,,,,,
MU,2025-11-04 16:00:00-05:00,2025-11-05,after hours,open at/above the 50,True,False,False,True,,17.0,False,226.54542599999996,2025-11-05 09:00:00-05:00,0.08768472774197629,-0.02051232762474767,True,False,-0.06943756007393731,-0.009389613542672124,stopped,-0.007086282571729639,-0.009389613542672124,stopped,-0.007086282571729639,-0.03957075699246309,stopped,-0.03639905740404641,-0.07509299524479107
MU,2025-11-12 09:00:00-05:00,2025-11-12,regular hours,open at/above the 50,False,False,False,True,,1.0,True,245.537388,2025-11-12 10:00:00-05:00,0.01613852795404017,0.0626274805855636,True,True,0.04284301550222969,0.04567826550309316,hit the 200,0.031460361475799545,0.04567826550309316,hit the 200,0.031460361475799545,0.04567826550309316,hit the 200,0.031460361475799545,0.026287856418078626
MU,2025-11-18 10:00:00-05:00,2025-11-18,regular hours,below the 200,True,False,False,False,-0.034181509754028894,,,,,,,,,,,,,,,,,,,
MU,2025-12-03 13:00:00-05:00,2025-12-03,regular hours,between 200 and 50,True,False,False,False,0.022757532476963993,,,,,,,,,,,,,,,,,,,
MU,2025-12-12 10:00:00-05:00,2025-12-12,regular hours,open at/above the 50,True,False,False,False,0.0038525269262634776,,,,,,,,,,,,,,,,,,,
MU,2025-12-31 17:00:00-05:00,2026-01-02,after hours,open at/above the 50,True,False,False,False,-0.03262968861179816,,,,,,,,,,,,,,,,,,,
MU,2026-01-08 19:00:00-05:00,2026-01-09,after hours,between 200 and 50,True,False,False,True,,14.0,False,335.229668,2026-01-09 09:00:00-05:00,0.031531612530189324,0.0016396758773749014,True,False,-0.02831980289855074,-0.02514792932945309,stopped,-0.021305793217474944,-0.02514792932945309,stopped,-0.021305793217474944,-0.008562285125670975,stopped,-0.008995854995455575,-0.025079968778057737
MU,2026-01-14 06:00:00-05:00,2026-01-14,pre-market,between 200 and 50,True,False,False,False,-0.015104228006124099,,,,,,,,,,,,,,,,,,,
MU,2026-01-26 17:00:00-05:00,2026-01-27,after hours,open at/above the 50,True,False,False,False,-0.09884162622768122,,,,,,,,,,,,,,,,,,,
MU,2026-02-02 05:00:00-05:00,2026-02-02,pre-market,between 200 and 50,True,False,False,True,,5.0,False,433.558042,2026-02-02 10:00:00-05:00,0.040068356061078454,0.06003358138608816,True,False,0.048254453578336465,0.048254453578336465,time exit (36h),0.042548630153971256,-0.00975711577552929,flat at the close (red),-0.005788519450794616,-0.0072469143589314125,stopped,-0.0028631558249752956,0.042548630153971256
MU,2026-02-03 17:00:00-05:00,2026-02-04,after hours,between 200 and 50,True,False,False,False,0.07464239271781525,,,,,,,,,,,,,,,,,,,
MU,2026-02-10 06:00:00-05:00,2026-02-10,pre-market,below the 200,True,True,False,False,-0.085211097708082,,,,,,,,,,,,,,,,,,,
MU,2026-02-17 06:00:00-05:00,2026-02-17,pre-market,below the 200,True,False,False,True,,5.0,False,412.14189000000005,2026-02-17 11:00:00-05:00,0.038113354602222003,0.04256274459264508,True,True,-0.023175270193401487,0.01395359253581358,hit the 200,0.01747820883016333,0.01395359253581358,hit the 200,0.01747820883016333,0.01395359253581358,hit the 200,0.01747820883016333,-0.01257589266389525
MU,2026-02-25 12:00:00-05:00,2026-02-25,regular hours,open at/above the 50,False,False,False,False,0.04020234939319489,,,,,,,,,,,,,,,,,,,
MU,2026-02-25 16:00:00-05:00,2026-02-26,after hours,open at/above the 50,False,False,False,False,0.044520707475070864,,,,,,,,,,,,,,,,,,,
MU,2026-02-26 16:00:00-05:00,2026-02-27,after hours,below the 200,True,False,False,False,0.00835928728052271,,,,,,,,,,,,,,,,,,,
MU,2026-03-06 11:00:00-05:00,2026-03-06,regular hours,below the 200,True,True,False,False,0.05593628951431584,,,,,,,,,,,,,,,,,,,
MU,2026-03-13 06:00:00-04:00,2026-03-13,pre-market,open at/above the 50,True,False,False,False,-0.03898823529411766,,,,,,,,,,,,,,,,,,,
MU,2026-03-19 10:00:00-04:00,2026-03-19,regular hours,between 200 and 50,True,False,False,False,0.05930545322508429,,,,,,,,,,,,,,,,,,,
MU,2026-04-20 12:00:00-04:00,2026-04-20,regular hours,open at/above the 50,True,False,True,True,,21.0,False,453.31262200000003,2026-04-21 09:00:00-04:00,0.08529958382672165,0.02649964156524197,True,False,-0.06821660431654675,-0.03895187811470203,stopped,-0.03948100323441373,-0.03895187811470203,stopped,-0.03948100323441373,0.0012411346446030197,stopped,-0.003590124195566752,-0.06819647566206999
MU,2026-05-01 06:00:00-04:00,2026-05-01,pre-market,open at/above the 50,True,False,False,True,,3.0,False,514.501022,2026-05-01 09:00:00-04:00,0.06104745502332536,-0.01992022865214049,True,False,-0.04706150654738739,-0.040814259062832266,stopped,-0.036015695179793035,-0.040814259062832266,stopped,-0.036015695179793035,-0.05274426451965337,stopped,-0.049949267840441576,-0.04803372876960976
MU,2026-05-08 08:00:00-04:00,2026-05-08,pre-market,open at/above the 50,False,False,False,False,-0.1128982636825775,,,,,,,,,,,,,,,,,,,
MU,2026-05-15 08:00:00-04:00,2026-05-15,pre-market,between 200 and 50,True,False,False,False,0.03715947947558629,,,,,,,,,,,,,,,,,,,
MU,2026-06-04 10:00:00-04:00,2026-06-04,regular hours,between 200 and 50,True,False,False,False,0.16369654657979704,,,,,,,,,,,,,,,,,,,
MU,2026-06-10 10:00:00-04:00,2026-06-10,regular hours,below the 200,True,True,False,True,,1.0,False,923.9962579999999,2026-06-10 11:00:00-04:00,0.08116238713165884,0.06217152667300082,False,False,-0.07496770583053025,-0.07051299335456841,stopped,-0.06400575405084309,-0.07051299335456841,stopped,-0.06400575405084309,-0.026833162781055405,stopped,-0.022871246110424567,-0.06598842309130815
MU,2026-06-17 11:00:00-04:00,2026-06-17,regular hours,open at/above the 50,True,False,False,False,-0.08103877364178957,,,,,,,,,,,,,,,,,,,
MU,2026-06-23 17:00:00-04:00,2026-06-24,after hours,between 200 and 50,True,False,False,False,-0.11447744268222537,,,,,,,,,,,,,,,,,,,
MU,2026-06-29 06:00:00-04:00,2026-06-29,pre-market,between 200 and 50,True,False,False,True,,27.0,True,1152.7586139999999,2026-06-30 09:00:00-04:00,0.01381155239842798,0.11674483483842345,True,True,0.1301555039215685,0.04200101514053821,hit the 200,0.04692937266803353,0.04200101514053821,hit the 200,0.04692937266803353,-0.00740943151173896,stopped,-0.0002811219394374771,0.1354044601713168
MU,2026-07-01 10:00:00-04:00,2026-07-01,regular hours,below the 200,True,False,False,False,0.07909730399434789,,,,,,,,,,,,,,,,,,,
MU,2026-07-13 07:00:00-04:00,2026-07-13,pre-market,below the 200,True,True,False,True,,28.0,False,967.046992,2026-07-14 11:00:00-04:00,0.036983423035144423,0.09660015777185735,False,False,0.07917307443365695,-0.032007759970365486,stopped,-0.029354219483971496,-0.015863477283019622,flat at the close (red),-0.01567726992782914,-0.023828219508075347,stopped,-0.023642012152884865,0.08310851727035584
MU,2026-07-15 17:00:00-04:00,2026-07-16,after hours,below the 200,True,True,False,False,0.07962652621498689,,,,,,,,,,,,,,,,,,,
MU,2026-07-24 14:00:00-04:00,2026-07-24,regular hours,between 200 and 50,True,False,False,False,0.004672310242981315,,,,,,,,,,,,,,,,,,,
MU,2026-08-03 12:00:00-04:00,2026-08-03,regular hours,below the 200,True,True,True,True,,1.0,False,822.1439260000001,2026-08-03 13:00:00-04:00,0.0976544026672039,0.00163466025533846,False,False,-0.07819865579594931,-0.07819865579594931,time exit (36h),-0.05689617611483955,-0.00831814387725549,flat at the close (red),-0.006404381949239424,-0.016184604154090614,stopped,-0.013921877139241194,-0.05689617611483955
MU,2026-08-06 18:00:00-04:00,2026-08-07,after hours,open at/above the 50,False,True,True,False,0.012249999999999872,,,,,,,,,,,,,,,,,,,
MU,2026-08-07 14:00:00-04:00,2026-08-07,regular hours,open at/above the 50,True,False,True,False,-0.007017045454545401,,,,,,,,,,,,,,,,,,,
MU,2026-08-18 15:00:00-04:00,2026-08-18,regular hours,between 200 and 50,True,False,True,False,-0.005692258950258711,,,,,,,,,,,,,,,,,,,
MU,2026-08-24 11:00:00-04:00,2026-08-24,regular hours,between 200 and 50,True,False,True,True,,22.0,False,946.194372,2026-08-25 09:00:00-04:00,0.03456544338862325,0.03159432446930691,True,True,-0.028547872689938303,0.015024892792323725,hit the 200,0.012749550183264131,0.015024892792323725,hit the 200,0.012749550183264131,0.015024892792323725,hit the 200,0.012749550183264131,-0.02308509354970978
MU,2026-08-28 07:00:00-04:00,2026-08-28,pre-market,below the 200,True,True,True,True,,2.0,False,935.367772,2026-08-28 09:00:00-04:00,0.012222067450063946,0.020705943244749694,False,False,0.0049073614095400675,0.0049073614095400675,time exit (36h),0.0013299526638792525,0.0049073614095400675,time exit (36h),0.0013299526638792525,0.0049073614095400675,time exit (36h),0.0013299526638792525,0.0013299526638792525
MU,2026-09-02 07:00:00-04:00,2026-09-02,pre-market,below the 200,True,True,True,True,,2.0,False,936.6832400000001,2026-09-02 09:00:00-04:00,0.024818165850816205,0.019006574730642236,False,False,-0.01771928941462697,-0.01771928941462697,time exit (36h),-0.003043477327141497,-0.0190052260611836,flat at the close (red),-0.0140649536927282,-0.009946542867575948,stopped,-0.005292461395003768,-0.003043477327141497
MU,2026-09-10 13:00:00-04:00,2026-09-10,regular hours,between 200 and 50,True,False,False,False,0.006081924194752508,,,,,,,,,,,,,,,,,,,
MU,2026-09-24 12:00:00-04:00,2026-09-24,regular hours,between 200 and 50,True,False,False,False,-0.010810860629297148,,,,,,,,,,,,,,,,,,,
MU,2026-09-28 13:00:00-04:00,2026-09-28,regular hours,open at/above the 50,True,False,False,True,,20.0,False,1070.35761,2026-09-29 09:00:00-04:00,0.01699655314264541,0.028362119086535967,True,False,0.0012699812909260366,0.0012699812909260366,time exit (36h),0.00018577928972418611,0.0012699812909260366,time exit (36h),0.00018577928972418611,-0.008436797118675036,stopped,-0.010411014622531882,0.00018577928972418611
MU,2026-10-01 12:00:00-04:00,2026-10-01,regular hours,between 200 and 50,True,False,False,True,,1.0,False,1065.60363,2026-10-01 13:00:00-04:00,0.04531363129834686,-0.002718055680797496,True,False,-0.0033449653005106494,-0.01679458430523546,stopped,-0.013395244003832917,-0.01679458430523546,stopped,-0.013395244003832917,-0.025587722519300936,stopped,-0.02153683446516693,0.008248051611655316
MU,2026-10-05 11:00:00-04:00,2026-10-05,regular hours,between 200 and 50,True,False,False,True,,23.0,False,1074.2339220000001,2026-10-06 10:00:00-04:00,0.01905178898269787,0.05847322516408131,True,True,-0.016719522196796177,0.010251351939712992,hit the 200,0.011928473947138528,0.010251351939712992,hit the 200,0.011928473947138528,0.010251351939712992,hit the 200,0.011928473947138528,-0.019910012477379224
NFLX,2024-10-08 05:00:00-04:00,2024-10-08,pre-market,below the 200,True,False,False,True,,4.0,False,70.9534,2024-10-08 09:00:00-04:00,0.026871157689413012,-0.008126460465601355,True,False,-0.023756191524490933,-0.008972085904269582,stopped,-0.005334513983526816,-0.008972085904269582,stopped,-0.005334513983526816,-0.008831148331158145,stopped,-0.005193576410415379,-0.011156538144941552
NFLX,2024-10-14 10:00:00-04:00,2024-10-14,regular hours,open at/above the 50,True,False,False,False,0.015277974253784077,,,,,,,,,,,,,,,,,,,
NFLX,2024-10-23 13:00:00-04:00,2024-10-23,regular hours,open at/above the 50,True,False,False,False,-0.008896560881688997,,,,,,,,,,,,,,,,,,,
NFLX,2024-10-29 08:00:00-04:00,2024-10-29,pre-market,open at/above the 50,True,False,False,True,,1.0,False,75.3256,2024-10-29 09:00:00-04:00,0.014130654120246056,0.004189810635427919,True,False,-0.00270620945319755,-0.00722729058912256,stopped,-0.0032237853742563055,-0.00722729058912256,stopped,-0.0032237853742563055,-0.003908365814543929,stopped,9.513940032232493e-05,-0.005352673051350232
NFLX,2024-10-31 16:00:00-04:00,2024-11-01,after hours,open at/above the 50,False,False,False,True,,17.0,False,75.5496,2024-11-01 09:00:00-04:00,0.010991454620540643,0.002641972955515367,True,False,-5.2945069490828445e-06,-0.007020553384796216,stopped,-0.0024334373490393166,-0.007020553384796216,stopped,-0.0024334373490393166,-0.00543219289049837,stopped,-0.00679816956381976,-0.0008804914262559027
NFLX,2024-11-15 18:00:00-05:00,2024-11-18,after hours,between 200 and 50,True,False,False,False,-0.001817080557237949,,,,,,,,,,,,,,,,,,,
NFLX,2024-11-25 16:00:00-05:00,2024-11-26,after hours,between 200 and 50,True,False,False,False,-0.007900160293107361,,,,,,,,,,,,,,,,,,,
NFLX,2024-12-10 10:00:00-05:00,2024-12-10,regular hours,between 200 and 50,True,False,False,True,,1.0,False,92.055,2024-12-10 11:00:00-05:00,0.023084025854108955,0.01189506273423511,True,False,-0.014400428265524567,-0.010591494215414636,stopped,-0.007951082748409414,-0.010591494215414636,stopped,-0.007951082748409414,-0.0071153114985605,stopped,-0.004474900031555279,-0.01125058973655868
NFLX,2024-12-13 13:00:00-05:00,2024-12-13,regular hours,between 200 and 50,True,False,False,False,-0.003482045701849956,,,,,,,,,,,,,,,,,,,
NFLX,2024-12-18 09:00:00-05:00,2024-12-18,regular hours,open at/above the 50,True,False,False,True,,1.0,False,92.05680000000001,2024-12-18 10:00:00-05:00,0.0007951612482726503,0.0429821588410635,True,True,0.02627424749163887,0.010431603097218124,hit the 200,-0.003266170358619768,0.010431603097218124,hit the 200,-0.003266170358619768,0.010431603097218124,hit the 200,-0.003266170358619768,-0.008467413612911923
NFLX,2024-12-27 12:00:00-05:00,2024-12-27,regular hours,open at/above the 50,True,True,False,False,-0.004737769942706138,,,,,,,,,,,,,,,,,,,
NFLX,2025-01-27 14:00:00-05:00,2025-01-27,regular hours,open at/above the 50,True,False,False,True,,22.0,False,97.3374,2025-01-28 12:00:00-05:00,0.014615142791979268,0.005315531337389423,True,False,-0.005136958299264083,-0.01327958215444416,stopped,-0.012119239356029012,-0.01327958215444416,stopped,-0.012119239356029012,-0.003622451390729518,stopped,-0.0015850224531438898,-0.004324435498879509
NFLX,2025-02-03 06:00:00-05:00,2025-02-03,pre-market,open at/above the 50,True,False,False,True,,3.0,False,97.6068,2025-02-03 09:00:00-05:00,0.032714933795596104,0.01195408516619753,True,False,-0.01981522394055024,-0.014580951327161572,stopped,-0.0038045675510031563,-0.002689281700214541,flat at the close (red),0.0058608730726458225,-0.003516148465065917,stopped,0.004519310073698945,-0.006723951455540278
NFLX,2025-02-11 19:00:00-05:00,2025-02-12,after hours,between 200 and 50,True,False,False,True,,17.0,False,101.574,2025-02-12 12:00:00-05:00,0.030184889834012667,-0.0013389253155334602,True,False,-0.028650664626565847,-0.006852147203024376,stopped,-0.006007636522448149,-0.006852147203024376,stopped,-0.006007636522448149,-0.005867643294543915,stopped,-0.006166046835599285,-0.018382477962086252
NFLX,2025-02-19 09:00:00-05:00,2025-02-19,regular hours,between 200 and 50,True,False,False,True,,5.0,False,104.45460000000001,2025-02-19 14:00:00-05:00,0.00043463858939660443,0.027711560812065824,True,False,0.019865260691271258,0.019865260691271258,time exit (36h),0.018030308121518512,0.019865260691271258,time exit (36h),0.018030308121518512,0.019865260691271258,time exit (36h),0.018030308121518512,0.018030308121518512
NFLX,2025-02-27 17:00:00-05:00,2025-02-28,after hours,below the 200,True,True,False,False,-0.01642689521477403,,,,,,,,,,,,,,,,,,,
NFLX,2025-03-04 10:00:00-05:00,2025-03-04,regular hours,below the 200,True,True,False,True,,3.0,False,97.63119999999999,2025-03-04 13:00:00-05:00,0.019755979645851015,0.007796687944017775,False,False,-0.012029953450718445,-0.01903899573087294,stopped,-0.007726848377977179,-0.01903899573087294,stopped,-0.007726848377977179,-0.005723580166995848,stopped,0.005249330673814575,-0.0027396973929766366
NFLX,2025-03-06 12:00:00-05:00,2025-03-06,regular hours,below the 200,True,True,False,False,0.0533483398987058,,,,,,,,,,,,,,,,,,,
NFLX,2025-03-14 11:00:00-04:00,2025-03-14,regular hours,open at/above the 50,False,True,False,False,0.0007636919048659152,,,,,,,,,,,,,,,,,,,
NFLX,2025-03-27 08:00:00-04:00,2025-03-27,pre-market,open at/above the 50,True,False,True,True,,1.0,False,97.684,2025-03-27 09:00:00-04:00,0.012448302690307606,0.0487695016584087,True,True,0.048899387952324735,0.03377421072028157,hit the 200,0.01684477390144072,0.03377421072028157,hit the 200,0.01684477390144072,-0.008148724458457952,stopped,-0.009364454953912266,0.02345501368542946
NFLX,2025-04-02 19:00:00-04:00,2025-04-03,after hours,below the 200,True,True,True,True,,14.0,False,92.39599999999999,2025-04-03 09:00:00-04:00,0.02450322524784634,0.08437594701069304,False,False,0.08726759237467618,0.08726759237467618,time exit (36h),0.011738413344013487,0.08726759237467618,time exit (36h),0.011738413344013487,-0.017143599290012745,stopped,-0.017585230380841366,0.011738413344013487
NFLX,2025-04-03 07:00:00-04:00,2025-04-03,pre-market,below the 200,True,True,True,True,,2.0,False,92.39599999999999,2025-04-03 09:00:00-04:00,0.02450322524784634,0.08437594701069304,False,False,0.08726759237467618,0.08726759237467618,time exit (36h),0.011738413344013487,0.08726759237467618,time exit (36h),0.011738413344013487,-0.017143599290012745,stopped,-0.017585230380841366,0.011738413344013487
NFLX,2025-04-03 13:00:00-04:00,2025-04-03,regular hours,below the 200,False,True,True,True,,1.0,False,92.4096,2025-04-03 14:00:00-04:00,0.007795726850889929,0.0845107001869936,False,False,0.0874276300305954,0.0874276300305954,time exit (36h),0.015518629041475718,0.0874276300305954,time exit (36h),0.015518629041475718,0.0874276300305954,time exit (36h),0.015518629041475718,0.015518629041475718
NFLX,2025-04-14 15:00:00-04:00,2025-04-14,regular hours,open at/above the 50,False,False,True,False,-0.04393799404578591,,,,,,,,,,,,,,,,,,,
NFLX,2025-05-05 17:00:00-04:00,2025-05-06,after hours,between 200 and 50,False,False,False,True,,16.0,False,113.4412,2025-05-06 09:00:00-04:00,0.026082234673117093,0.0033603311671596622,True,False,-0.020369602763385175,-0.008451955726843605,stopped,-0.005241969101787933,-0.008451955726843605,stopped,-0.005241969101787933,-0.009686075253082755,stopped,-0.009221133639020124,-0.016697653956768588
NFLX,2025-05-09 11:00:00-04:00,2025-05-09,regular hours,open at/above the 50,True,False,False,False,0.005266853932584192,,,,,,,,,,,,,,,,,,,
NFLX,2025-05-23 07:00:00-04:00,2025-05-23,pre-market,between 200 and 50,True,False,False,True,,3.0,True,119.01700000000001,2025-05-23 10:00:00-04:00,0.0011174874177638115,0.00602434946268191,True,False,0.004956514396690093,0.004956514396690093,time exit (36h),0.008807982445049323,0.004956514396690093,time exit (36h),0.008807982445049323,0.004956514396690093,time exit (36h),0.008807982445049323,0.008807982445049323
NFLX,2025-05-29 17:00:00-04:00,2025-05-30,after hours,open at/above the 50,True,False,False,True,,16.0,False,119.8626,2025-05-30 09:00:00-04:00,0.010990917934368238,0.014788599613223784,True,False,-0.004959322596712501,-0.008654909871803259,stopped,-0.0057031057087415255,-0.008654909871803259,stopped,-0.0057031057087415255,-0.004066322606050543,stopped,-0.0011145184429888098,-0.0038191135997515113
NFLX,2025-06-09 13:00:00-04:00,2025-06-09,regular hours,open at/above the 50,True,False,False,False,0.022961730449251094,,,,,,,,,,,,,,,,,,,
NFLX,2025-06-16 11:00:00-04:00,2025-06-16,regular hours,open at/above the 50,False,True,False,True,,27.0,True,121.79700000000001,2025-06-17 14:00:00-04:00,0.019729549988915913,0.0008785109649664073,True,True,-0.001909366549209146,-0.0021593306895899816,stopped,-0.00199214015926155,-0.0021593306895899816,stopped,-0.00199214015926155,-0.003555095774115887,stopped,-0.004341640833106893,-0.0037857277487400864
NFLX,2025-07-01 19:00:00-04:00,2025-07-02,after hours,between 200 and 50,True,False,False,False,0.006216006216006376,,,,,,,,,,,,,,,,,,,
NFLX,2025-07-17 04:00:00-04:00,2025-07-17,pre-market,below the 200,True,True,False,True,,5.0,False,125.873,2025-07-17 09:00:00-04:00,0.04025486005735934,0.04586368800298722,False,False,0.04027272727272724,-0.009747920523066817,stopped,-0.005567751246116621,-0.009747920523066817,stopped,-0.005567751246116621,-0.006331778856466415,stopped,-0.003000571125119096,0.044349809610679025
NFLX,2025-07-29 09:00:00-04:00,2025-07-29,regular hours,open at/above the 50,True,True,False,True,,25.0,False,117.64620000000001,2025-07-30 10:00:00-04:00,0.011507384003903165,0.015947816419059953,False,False,0.012184461842897676,0.012184461842897676,time exit (36h),0.0048082179435504635,-0.006869829478304834,flat at the close (red),-0.008832035344433442,-0.0031773231944592223,stopped,-0.00513952906058783,0.0048082179435504635
NFLX,2025-08-01 04:00:00-04:00,2025-08-01,pre-market,below the 200,True,True,True,True,,6.0,False,117.1084,2025-08-01 10:00:00-04:00,0.00633259441679667,0.013990456705069869,False,False,0.01252291198339961,0.01252291198339961,time exit (36h),0.012118069976413626,0.01252291198339961,time exit (36h),0.012118069976413626,0.01252291198339961,time exit (36h),0.012118069976413626,0.012118069976413626
NFLX,2025-08-05 19:00:00-04:00,2025-08-06,after hours,below the 200,True,True,True,True,,14.0,False,116.07900000000001,2025-08-06 09:00:00-04:00,0.02619767572084526,0.006280205721965328,False,False,-0.017279038266169944,-0.00939877152628808,stopped,-0.004985960138387795,-0.00939877152628808,stopped,-0.004985960138387795,-0.0020761722619938613,stopped,0.00018255951955103685,-0.011215561241063488
NFLX,2025-08-14 16:00:00-04:00,2025-08-15,after hours,open at/above the 50,False,False,True,False,-0.006384354291255834,,,,,,,,,,,,,,,,,,,
NFLX,2025-08-19 14:00:00-04:00,2025-08-19,regular hours,open at/above the 50,True,False,True,False,0.003970223325062028,,,,,,,,,,,,,,,,,,,
NFLX,2025-08-29 12:00:00-04:00,2025-08-29,regular hours,open at/above the 50,True,False,True,False,-0.001905393090878893,,,,,,,,,,,,,,,,,,,
NFLX,2025-09-11 10:00:00-04:00,2025-09-11,regular hours,open at/above the 50,True,False,False,False,0.024684077506318403,,,,,,,,,,,,,,,,,,,
NFLX,2025-09-22 04:00:00-04:00,2025-09-22,pre-market,open at/above the 50,False,True,False,True,,7.0,True,122.0512,2025-09-22 11:00:00-04:00,0.007609921082299967,0.00984177132219921,False,False,0.002062397372742275,0.002062397372742275,time exit (36h),-0.00015295942026516407,-0.005611862473521301,flat at the close (red),-0.003002227822372472,-0.0024481529063212814,stopped,-0.0003623498721531159,-0.00015295942026516407
NFLX,2025-09-24 10:00:00-04:00,2025-09-24,regular hours,open at/above the 50,True,True,False,True,,24.0,False,121.6362,2025-09-25 10:00:00-04:00,0.0003600901705249301,0.013451587603032668,False,False,0.005673418768086025,0.005673418768086025,time exit (36h),0.014756770993582857,0.005673418768086025,time exit (36h),0.014756770993582857,0.005673418768086025,time exit (36h),0.014756770993582857,0.014756770993582857
NFLX,2025-09-30 10:00:00-04:00,2025-09-30,regular hours,open at/above the 50,True,True,False,False,0.013232030049513455,,,,,,,,,,,,,,,,,,,
NFLX,2025-10-13 18:00:00-04:00,2025-10-14,after hours,between 200 and 50,True,False,True,True,,17.0,False,122.17460000000001,2025-10-14 11:00:00-04:00,0.0020904508793152953,0.016489515824074853,True,False,0.013897095435684736,0.013897095435684736,time exit (36h),0.022008169795969756,0.013897095435684736,time exit (36h),0.022008169795969756,0.013897095435684736,time exit (36h),0.022008169795969756,0.022008169795969756
NFLX,2025-10-22 07:00:00-04:00,2025-10-22,pre-market,below the 200,True,False,True,False,0.033668522176333315,,,,,,,,,,,,,,,,,,,
NFLX,2025-10-30 06:00:00-04:00,2025-10-30,pre-market,below the 200,True,True,True,True,,3.0,False,109.9526,2025-10-30 09:00:00-04:00,0.032172045044864706,0.010482698908438788,False,False,-0.020030303030303065,-0.008161698768378287,stopped,-0.007840051936599576,-0.008161698768378287,stopped,-0.007840051936599576,-0.004069026107613661,stopped,-0.0031193029884307062,-0.0229784507460129
NFLX,2025-11-04 04:00:00-05:00,2025-11-04,pre-market,below the 200,True,True,True,False,-0.00502466654485656,,,,,,,,,,,,,,,,,,,
NFLX,2025-11-14 12:00:00-05:00,2025-11-14,regular hours,open at/above the 50,True,False,True,False,8.952551477170445e-05,,,,,,,,,,,,,,,,,,,
NFLX,2025-11-20 06:00:00-05:00,2025-11-20,pre-market,open at/above the 50,True,True,True,True,,3.0,False,111.339494,2025-11-20 09:00:00-05:00,0.0013517754984587313,0.06762644349721941,False,False,0.06595973192915272,0.06595973192915272,time exit (36h),0.046141890949053854,0.06595973192915272,time exit (36h),0.046141890949053854,0.06595973192915272,time exit (36h),0.046141890949053854,0.046141890949053854
NFLX,2025-11-26 08:00:00-05:00,2025-11-26,pre-market,open at/above the 50,False,True,True,False,-0.009789156626505924,,,,,,,,,,,,,,,,,,,
NFLX,2025-12-03 11:00:00-05:00,2025-12-03,regular hours,below the 200,True,True,True,False,0.003525124150739245,,,,,,,,,,,,,,,,,,,
NFLX,2025-12-16 04:00:00-05:00,2025-12-16,pre-market,below the 200,True,True,True,True,,7.0,False,94.56188200000001,2025-12-16 11:00:00-05:00,0.02927308489905041,0.008162718250468036,False,False,-0.000926765670430707,-0.01912100268901155,stopped,-0.01633057825076804,-0.01912100268901155,stopped,-0.01633057825076804,-0.00029735025789770226,stopped,-0.005329913905026154,-0.010081988308799361
NFLX,2025-12-18 16:00:00-05:00,2025-12-19,after hours,below the 200,True,True,True,True,,17.0,False,94.87695400000001,2025-12-19 09:00:00-05:00,0.006988483209526248,0.009243066551230259,False,False,0.0016559737584738166,0.0016559737584738166,time exit (36h),0.01037340811357379,0.0016559737584738166,time exit (36h),0.01037340811357379,-0.00430079152836193,stopped,0.0018563819097243755,0.01037340811357379
NFLX,2025-12-30 13:00:00-05:00,2025-12-30,regular hours,open at/above the 50,True,True,True,True,,1.0,False,93.92682,2025-12-30 14:00:00-05:00,0.004026326027006987,0.007738151893144083,False,False,0.0039228386550635985,0.0039228386550635985,time exit (36h),-0.003791447059222186,0.0039228386550635985,time exit (36h),-0.003791447059222186,-0.0019502416881567268,stopped,-0.006272640035131403,-0.003791447059222186
NFLX,2026-01-15 05:00:00-05:00,2026-01-15,pre-market,below the 200,True,True,True,True,,4.0,False,89.61297400000001,2026-01-15 09:00:00-05:00,0.003091360409487048,0.020454337337359286,False,False,0.013265226741806302,0.013265226741806302,time exit (36h),0.010242461996788688,0.013265226741806302,time exit (36h),0.010242461996788688,0.013265226741806302,time exit (36h),0.010242461996788688,0.010242461996788688
NFLX,2026-01-27 18:00:00-05:00,2026-01-28,after hours,open at/above the 50,False,True,True,True,,15.0,False,85.63661400000001,2026-01-28 09:00:00-05:00,0.009731655200659732,0.03837743981797331,False,False,0.03363444779722413,,skipped (already above yesterday's high),,,skipped (already above yesterday's high),,-0.008449493344050214,stopped,-0.010555725058292838,0.02738679642301367
NFLX,2026-02-11 15:00:00-05:00,2026-02-11,regular hours,open at/above the 50,True,True,True,False,0.04992086520706951,,,,,,,,,,,,,,,,,,,
NFLX,2026-02-20 11:00:00-05:00,2026-02-20,regular hours,below the 200,False,True,True,False,-0.00642657164672944,,,,,,,,,,,,,,,,,,,
NFLX,2026-02-23 16:00:00-05:00,2026-02-24,after hours,below the 200,True,True,True,True,,20.0,False,77.156286,2026-02-24 12:00:00-05:00,0.08286705246543365,0.0004702922066517021,False,False,-0.07055848680216259,-0.008731809615615815,stopped,-0.007437000490848611,-0.008731809615615815,stopped,-0.007437000490848611,-0.004583087371520286,stopped,-0.0031431488383783374,-0.06235460910716584
NFLX,2026-03-09 07:00:00-04:00,2026-03-09,pre-market,between 200 and 50,True,False,True,True,,2.0,True,98.533988,2026-03-09 09:00:00-04:00,0.0041205274265363545,0.022773745846965898,True,False,0.02004803441914582,0.02004803441914582,time exit (36h),0.03870722757498346,0.02004803441914582,time exit (36h),0.03870722757498346,-0.0017863074820436585,stopped,0.01571350792074745,0.03870722757498346
NFLX,2026-03-18 06:00:00-04:00,2026-03-18,pre-market,below the 200,False,True,False,True,,3.0,False,94.94834,2026-03-18 09:00:00-04:00,0.008443117594262294,0.0439537963486249,False,False,0.03193500706444952,0.03193500706444952,time exit (36h),0.022421317758746895,0.03193500706444952,time exit (36h),0.022421317758746895,-0.001755270286979142,stopped,-0.003014740694300581,0.022421317758746895
NFLX,2026-03-25 06:00:00-04:00,2026-03-25,pre-market,below the 200,True,True,False,True,,3.0,False,92.15839,2026-03-25 09:00:00-04:00,0.04016574074264972,0.01246104668278159,False,False,-0.019581165757082464,-0.01715969647473231,stopped,-0.034304407099819134,-0.0013178370177719945,flat at the close (red),-0.004043420962712041,-0.0022961555643496744,stopped,-0.004624922687637341,-0.03605077338836071
NFLX,2026-03-30 19:00:00-04:00,2026-03-31,after hours,open at/above the 50,True,True,False,True,,14.0,False,93.23304200000001,2026-03-31 09:00:00-04:00,0.04254884228705088,-0.011057860795746468,False,False,-0.02179263268006215,-0.0134818941121752,stopped,-0.007304155755733668,-0.0134818941121752,stopped,-0.007304155755733668,-0.02013189701565232,stopped,-0.020100582429318,0.0027816323065740223
NFLX,2026-04-17 04:00:00-04:00,2026-04-17,pre-market,below the 200,True,False,False,False,0.0027783002722796546,,,,,,,,,,,,,,,,,,,
NFLX,2026-05-04 10:00:00-04:00,2026-05-04,regular hours,below the 200,True,True,False,False,0.048048390778361094,,,,,,,,,,,,,,,,,,,
NFLX,2026-05-08 15:00:00-04:00,2026-05-08,regular hours,below the 200,True,True,True,False,0.00034317089910773646,,,,,,,,,,,,,,,,,,,
NFLX,2026-05-15 06:00:00-04:00,2026-05-15,pre-market,open at/above the 50,True,True,True,True,,3.0,False,87.47594600000001,2026-05-15 09:00:00-04:00,0.023024089387955714,0.009041868492625449,False,False,0.0070611057002669675,-0.011706692488927098,stopped,-0.012356069492863955,-0.011706692488927098,stopped,-0.012356069492863955,0.0070611057002669675,time exit (36h),0.003928222634110412,0.003928222634110412
NFLX,2026-05-20 16:00:00-04:00,2026-05-21,after hours,open at the 200,True,False,True,True,,18.0,False,88.934184,2026-05-21 10:00:00-04:00,0.016143578716593377,0.008592691422231975,True,False,0.006156624052494619,,skipped (already above yesterday's high),,,skipped (already above yesterday's high),,-0.005575089101846427,stopped,-0.006779582267362612,0.011454245501138716
NFLX,2026-05-26 09:00:00-04:00,2026-05-26,regular hours,open at/above the 50,True,False,True,True,,25.0,False,88.443638,2026-05-27 10:00:00-04:00,0.0005807314258149067,0.032321578630675654,True,True,0.024720634920635032,0.0061658759446328384,hit the 200,0.005232281204772295,0.0061658759446328384,hit the 200,0.005232281204772295,0.0061658759446328384,hit the 200,0.005232281204772295,0.030825786556179957
NFLX,2026-06-10 06:00:00-04:00,2026-06-10,pre-market,open at/above the 50,True,True,True,True,,3.0,False,81.983914,2026-06-10 09:00:00-04:00,0.009344345282173297,0.023101043943815555,False,False,0.004458637588826253,-0.004343364236062269,stopped,-0.0005652964928990201,-0.004343364236062269,stopped,-0.0005652964928990201,-0.0038554636461976986,stopped,-0.005208561535397715,0.013302149245666306
NFLX,2026-06-16 13:00:00-04:00,2026-06-16,regular hours,open at/above the 50,True,True,True,False,0.00796089078082507,,,,,,,,,,,,,,,,,,,
NFLX,2026-06-30 17:00:00-04:00,2026-07-01,after hours,below the 200,True,True,True,True,,16.0,False,73.475104,2026-07-01 09:00:00-04:00,0.06757249367078128,0.007554994410079365,False,False,-0.05326689782512617,-0.003673298645484092,stopped,0.0018422664662294907,-0.003673298645484092,stopped,0.0018422664662294907,-0.004421851515854886,stopped,-0.0010291628602829232,-0.051858709844300854
NFLX,2026-07-08 08:00:00-04:00,2026-07-08,pre-market,between 200 and 50,True,False,True,False,0.02615343347639487,,,,,,,,,,,,,,,,,,,
NFLX,2026-07-15 14:00:00-04:00,2026-07-15,regular hours,open at/above the 50,False,True,True,True,,22.0,True,73.87907200000001,2026-07-16 12:00:00-04:00,0.03777697694957503,0.1191010087403373,False,False,0.0680796877258929,-0.0017045151839480007,stopped,-0.0026475856087281465,-0.0017045151839480007,stopped,-0.0026475856087281465,-0.0035277649399818793,stopped,-0.0079797330031093,0.05317059681680192
NFLX,2026-07-16 16:00:00-04:00,2026-07-17,after hours,below the 200,True,True,True,False,-0.009975422871186912,,,,,,,,,,,,,,,,,,,
NFLX,2026-07-31 04:00:00-04:00,2026-07-31,pre-market,between 200 and 50,False,False,True,True,,5.0,True,72.665038,2026-07-31 09:00:00-04:00,0.0011692280405881633,0.02146889402300996,True,False,0.012638824049131747,0.012638824049131747,time exit (36h),0.01413035858285927,0.012638824049131747,time exit (36h),0.01413035858285927,0.012638824049131747,time exit (36h),0.01413035858285927,0.01413035858285927
NFLX,2026-08-07 09:00:00-04:00,2026-08-07,regular hours,between 200 and 50,True,False,True,False,-0.0033724334244426,,,,,,,,,,,,,,,,,,,
NFLX,2026-08-12 11:00:00-04:00,2026-08-12,regular hours,between 200 and 50,True,False,True,False,-0.0630802492687269,,,,,,,,,,,,,,,,,,,
NFLX,2026-08-17 18:00:00-04:00,2026-08-18,after hours,open at/above the 50,True,False,True,True,,15.0,False,77.51351,2026-08-18 09:00:00-04:00,0.0470432831644445,0.0033995364162969343,True,False,-0.03530168014934654,-0.013113713983536607,stopped,-0.015236330922801128,-0.013113713983536607,stopped,-0.015236330922801128,-0.007566293927342443,stopped,-0.009688910866606965,-0.03470428531031844
NFLX,2026-08-24 05:00:00-04:00,2026-08-24,pre-market,open at/above the 50,True,False,False,True,,4.0,False,80.08874,2026-08-24 09:00:00-04:00,0.029545476679992678,0.008599710770827405,True,False,-0.02175717601074878,-0.005010192444031377,stopped,-0.006556131733161315,-0.005010192444031377,stopped,-0.006556131733161315,-0.003324562229347129,stopped,-0.0044114618155396985,-0.021103555607334235
NFLX,2026-08-27 11:00:00-04:00,2026-08-27,regular hours,open at/above the 50,True,False,False,True,,22.0,False,81.00708,2026-08-28 09:00:00-04:00,0.016621016335856012,0.00403767176893668,True,False,-0.0075094339622642226,-0.0075094339622642226,time exit (36h),-0.011086842707925038,-0.00884522207267835,flat at the close (red),-0.012406716340492285,-0.007936590233841334,stopped,-0.01235975722140451,-0.011086842707925038
NFLX,2026-09-01 16:00:00-04:00,2026-09-02,after hours,between 200 and 50,True,False,False,True,,17.0,False,81.14888,2026-09-02 09:00:00-04:00,0.03020522279543462,-0.005928855703245565,True,False,-0.013219514567829105,-0.012034916563235338,stopped,-0.00980050665058045,-0.012034916563235338,stopped,-0.00980050665058045,-0.014185285120386032,stopped,-0.00919299572442695,0.0014562975196563688
NFLX,2026-09-04 14:00:00-04:00,2026-09-04,regular hours,open at/above the 50,True,False,False,False,0.010353135241898848,,,,,,,,,,,,,,,,,,,
NFLX,2026-09-16 07:00:00-04:00,2026-09-16,pre-market,below the 200,True,True,False,False,0.031436006975178676,,,,,,,,,,,,,,,,,,,
NFLX,2026-09-23 08:00:00-04:00,2026-09-23,pre-market,below the 200,False,True,False,True,,1.0,True,72.490716,2026-09-23 09:00:00-04:00,0.00026602027216835557,0.018219105464484645,False,False,0.014054724001902441,0.014054724001902441,time exit (36h),0.0050587715276890766,0.014054724001902441,time exit (36h),0.0050587715276890766,0.014054724001902441,time exit (36h),0.0050587715276890766,0.0050587715276890766
NVDA,2024-10-15 16:00:00-04:00,2024-10-16,after hours,between 200 and 50,True,False,False,True,,20.0,False,134.825612,2024-10-16 12:00:00-04:00,0.044979495438893166,0.004141735325481067,True,False,-0.018665026566707765,-0.02777208235479759,stopped,-0.020449835040762178,-0.006516016886019327,flat at the close (red),-0.0030810072679924305,-0.0009967542368730451,stopped,0.0014016571379581657,-0.014101636619890168
NVDA,2024-10-23 18:00:00-04:00,2024-10-24,after hours,between 200 and 50,True,False,False,False,-0.0041888533901314196,,,,,,,,,,,,,,,,,,,
NVDA,2024-10-29 08:00:00-04:00,2024-10-29,pre-market,between 200 and 50,True,False,False,True,,2.0,False,141.043156,2024-10-29 10:00:00-04:00,0.008626040670842633,0.030013196811903498,True,True,0.02316398984403345,0.012626809059774759,hit the 200,0.0158578823604536,-0.0016764156285390408,flat at the close (red),0.0012976259736614537,-0.005720546979252108,stopped,-0.002249696964647099,0.019582055253273722
NVDA,2024-11-11 12:00:00-05:00,2024-11-11,regular hours,open at/above the 50,True,False,False,True,,21.0,False,147.058532,2024-11-12 09:00:00-05:00,0.017690017468690512,0.007878033217413104,True,False,0.002102432708688262,0.002102432708688262,time exit (36h),6.031828332586642e-05,-0.00897276096772004,flat at the close (red),-0.011938230835530361,-0.00857799940502588,stopped,-0.010938898890985958,6.031828332586642e-05
NVDA,2024-11-14 17:00:00-05:00,2024-11-15,after hours,between 200 and 50,True,False,False,False,0.02670008878772845,,,,,,,,,,,,,,,,,,,
NVDA,2024-11-22 12:00:00-05:00,2024-11-22,regular hours,open at/above the 50,True,True,False,False,0.002145716889514482,,,,,,,,,,,,,,,,,,,
NVDA,2024-12-06 18:00:00-05:00,2024-12-09,after hours,below the 200,True,False,False,False,7.045726766707894e-05,,,,,,,,,,,,,,,,,,,
NVDA,2024-12-13 13:00:00-05:00,2024-12-13,regular hours,open at/above the 50,True,True,False,False,0.0031095511910985696,,,,,,,,,,,,,,,,,,,
NVDA,2024-12-19 17:00:00-05:00,2024-12-20,after hours,below the 200,True,True,True,True,,17.0,False,131.408938,2024-12-20 10:00:00-05:00,0.034024032672724205,-0.010585748741078822,False,False,-0.028327876367938543,-0.019945842648846267,stopped,0.0008475357704532463,-0.019945842648846267,stopped,0.0008475357704532463,-0.016217024750629867,stopped,0.004576353668669646,-0.011338077002944869
NVDA,2024-12-27 11:00:00-05:00,2024-12-27,regular hours,open at/above the 50,True,False,True,False,-0.004318547796808736,,,,,,,,,,,,,,,,,,,
NVDA,2025-01-08 05:00:00-05:00,2025-01-08,pre-market,between 200 and 50,True,False,True,False,0.030171791540349435,,,,,,,,,,,,,,,,,,,
NVDA,2025-01-24 17:00:00-05:00,2025-01-27,after hours,below the 200,True,False,True,False,0.0019715533023518805,,,,,,,,,,,,,,,,,,,
NVDA,2025-01-30 10:00:00-05:00,2025-01-30,regular hours,below the 200,True,True,True,False,-0.005619391092845816,,,,,,,,,,,,,,,,,,,
NVDA,2025-02-12 18:00:00-05:00,2025-02-13,after hours,between 200 and 50,True,False,True,True,,15.0,False,132.476448,2025-02-13 09:00:00-05:00,0.051130235617428355,-0.007122413185474165,True,False,-0.04335320623916805,,skipped (already above yesterday's high),,,skipped (already above yesterday's high),,-0.012289369352656532,stopped,-0.008220779851923455,-0.034891137952244966
NVDA,2025-02-20 11:00:00-05:00,2025-02-20,regular hours,open at/above the 50,True,False,True,True,,1.0,True,139.34624399999998,2025-02-20 12:00:00-05:00,0.015169092035232925,0.03815132613118717,True,False,0.032194399999999845,-0.014451455182387473,stopped,-0.012791390045251016,-0.005522095346845668,flat at the close (red),-0.0007218856448519828,-0.003540504471724446,stopped,0.0003948249481424051,0.02016587807543635
NVDA,2025-02-27 16:00:00-05:00,2025-02-28,after hours,below the 200,True,True,True,False,-0.03312000000000004,,,,,,,,,,,,,,,,,,,
NVDA,2025-03-06 11:00:00-05:00,2025-03-06,regular hours,below the 200,True,True,True,False,0.006246653578440231,,,,,,,,,,,,,,,,,,,
NVDA,2025-03-18 12:00:00-04:00,2025-03-18,regular hours,between 200 and 50,True,False,True,True,,26.0,False,118.838906,2025-03-19 14:00:00-04:00,0.013514883753642085,0.02363624922632655,True,False,0.005660539900143702,0.005660539900143702,time exit (36h),0.010079999665381978,0.005660539900143702,time exit (36h),0.010079999665381978,-0.00623612270547159,stopped,0.000518608251654497,0.010079999665381978
NVDA,2025-03-21 19:00:00-04:00,2025-03-24,after hours,open at/above the 50,False,False,True,False,0.0,,,,,,,,,,,,,,,,,,,
NVDA,2025-03-26 11:00:00-04:00,2025-03-26,regular hours,between 200 and 50,True,False,True,False,0.025344679917929325,,,,,,,,,,,,,,,,,,,
NVDA,2025-04-03 07:00:00-04:00,2025-04-03,pre-market,below the 200,True,True,True,False,0.12624190064794827,,,,,,,,,,,,,,,,,,,
NVDA,2025-04-15 19:00:00-04:00,2025-04-16,after hours,below the 200,True,False,True,False,0.0021931915705157845,,,,,,,,,,,,,,,,,,,
NVDA,2025-04-29 12:00:00-04:00,2025-04-29,regular hours,open at/above the 50,True,False,True,False,-0.04067451535805966,,,,,,,,,,,,,,,,,,,
NVDA,2025-05-06 07:00:00-04:00,2025-05-06,pre-market,between 200 and 50,True,False,True,True,,3.0,True,113.19718200000001,2025-05-06 10:00:00-04:00,0.03960185157259475,0.0103993931580383,True,False,-0.03142652519893896,-0.012966912904245212,stopped,-0.010461544257144276,-0.012966912904245212,stopped,-0.010461544257144276,-0.0081523054169316,stopped,-0.0056469367698306645,-0.02499170229025638
NVDA,2025-05-19 06:00:00-04:00,2025-05-19,pre-market,between 200 and 50,True,False,False,True,,3.0,False,134.309266,2025-05-19 09:00:00-04:00,0.012364999448362637,0.012577434530838724,True,False,0.00230795522388072,0.00230795522388072,time exit (36h),0.008520498483777894,-0.00871454719905529,flat at the close (red),0.0018243306709821994,-0.007599877732933217,stopped,0.0019734448325154103,0.008520498483777894
NVDA,2025-05-21 05:00:00-04:00,2025-05-21,pre-market,between 200 and 50,True,False,False,True,,4.0,True,134.15353199999998,2025-05-21 09:00:00-04:00,0.024199646118896235,0.026563087433284883,True,False,0.009736052988107646,-0.0031789546920019097,stopped,-0.0023143134333555282,-0.0031789546920019097,stopped,-0.0023143134333555282,-0.00525493432405498,stopped,-0.0011821996770816495,-0.0009308880693257304
NVDA,2025-05-30 14:00:00-04:00,2025-05-30,regular hours,open at/above the 50,True,False,False,False,0.00010259368736575958,,,,,,,,,,,,,,,,,,,
NVDA,2025-06-06 05:00:00-04:00,2025-06-06,pre-market,open at/above the 50,True,False,False,False,-0.007186061704147373,,,,,,,,,,,,,,,,,,,
NVDA,2025-06-12 07:00:00-04:00,2025-06-12,pre-market,between 200 and 50,True,False,False,True,,2.0,False,143.035796,2025-06-12 09:00:00-04:00,0.013732254826616934,0.015246505147564704,True,False,0.008715063469675544,-0.01366234225731861,stopped,-0.009262876107222378,-0.01366234225731861,stopped,-0.009262876107222378,-0.006321522480987856,stopped,-0.001922056330891624,0.0045308930233083355
NVDA,2025-06-13 17:00:00-04:00,2025-06-16,after hours,open at/above the 50,True,False,False,False,0.0003526093088856985,,,,,,,,,,,,,,,,,,,
NVDA,2025-06-20 19:00:00-04:00,2025-06-23,after hours,open at the 200,True,False,False,False,0.0,,,,,,,,,,,,,,,,,,,
NVDA,2025-07-01 13:00:00-04:00,2025-07-01,regular hours,open at/above the 50,True,False,False,True,,21.0,False,156.083722,2025-07-02 10:00:00-04:00,0.03136956203543119,0.00015070117305368723,True,False,-0.019882436420722183,-0.01650574426973238,stopped,-0.0056725044088192685,-0.007353586873569129,flat at the close (red),-0.0023878395210973347,-0.008657392216723328,stopped,-0.005488186573774015,-0.007561513555488064
NVDA,2025-07-21 12:00:00-04:00,2025-07-21,regular hours,open at/above the 50,True,False,False,True,,1.0,True,172.590678,2025-07-21 13:00:00-04:00,0.0012707638821605727,0.04641431445098086,True,True,0.028733849913572085,0.03859446568719083,hit the 200,0.03162343454885486,0.03859446568719083,hit the 200,0.03162343454885486,-0.0009810610976335233,stopped,-0.0023908874940190617,0.027560196839076845
NVDA,2025-08-01 08:00:00-04:00,2025-08-01,pre-market,open at the 200,True,False,False,False,0.008358940559353378,,,,,,,,,,,,,,,,,,,
NVDA,2025-08-06 18:00:00-04:00,2025-08-07,after hours,open at/above the 50,False,False,False,False,-0.0070395424297420295,,,,,,,,,,,,,,,,,,,
NVDA,2025-08-12 18:00:00-04:00,2025-08-13,after hours,open at/above the 50,False,False,False,False,0.007163323782235054,,,,,,,,,,,,,,,,,,,
NVDA,2025-08-13 12:00:00-04:00,2025-08-13,regular hours,open at/above the 50,True,False,False,True,,21.0,False,182.075742,2025-08-14 09:00:00-04:00,0.005186072508220338,0.022155845450296172,True,True,0.012995115166351212,0.011604967124066345,hit the 200,0.013933798050941092,0.011604967124066345,hit the 200,0.013933798050941092,-7.830807027556871e-05,stopped,0.005384988789489419,0.01397361521625573
NVDA,2025-08-13 17:00:00-04:00,2025-08-14,after hours,open at the 200,True,False,False,True,,16.0,False,182.075742,2025-08-14 09:00:00-04:00,0.005186072508220338,0.022155845450296172,True,True,0.012995115166351212,0.011604967124066345,hit the 200,0.013933798050941092,0.011604967124066345,hit the 200,0.013933798050941092,-7.830807027556871e-05,stopped,0.005384988789489419,0.01397361521625573
NVDA,2025-08-19 15:00:00-04:00,2025-08-19,regular hours,open at/above the 50,True,False,False,False,-0.0009100733746658651,,,,,,,,,,,,,,,,,,,
NVDA,2025-08-28 06:00:00-04:00,2025-08-28,pre-market,open at/above the 50,True,False,False,True,,5.0,False,180.56463,2025-08-28 11:00:00-04:00,0.005457159577709197,0.041091270200592354,True,True,0.03969660938386199,0.006447109824332689,hit the 200,0.007651426837626399,0.006447109824332689,hit the 200,0.007651426837626399,0.006447109824332689,hit the 200,0.007651426837626399,0.03668862426873698
NVDA,2025-09-05 10:00:00-04:00,2025-09-05,regular hours,below the 200,True,True,False,False,-0.00912156059967495,,,,,,,,,,,,,,,,,,,
NVDA,2025-09-15 06:00:00-04:00,2025-09-15,pre-market,between 200 and 50,True,False,False,True,,5.0,False,177.21761999999998,2025-09-15 11:00:00-04:00,0.009211160831524609,0.01601206471455822,True,False,0.012020951090897958,-0.007772251991647426,stopped,-0.007923572260997588,-0.007772251991647426,stopped,-0.007923572260997588,-0.004922648210714155,stopped,-0.006164827781404882,0.011036550061062966
NVDA,2025-09-24 12:00:00-04:00,2025-09-24,regular hours,open at/above the 50,True,False,True,True,,23.0,False,178.981152,2025-09-25 11:00:00-04:00,0.007145154591473309,0.02263451740438011,True,True,0.007549831119117334,0.015004940296730182,hit the 200,0.013636930447059289,0.015004940296730182,hit the 200,0.013636930447059289,-0.005524872250235545,stopped,-0.006968992401031969,0.012564103672016436
NVDA,2025-10-06 08:00:00-04:00,2025-10-06,pre-market,between 200 and 50,True,False,False,True,,25.0,False,187.65085000000002,2025-10-07 09:00:00-04:00,0.010387109890522609,0.01945554736362782,True,False,-0.008449933949801758,-0.008449933949801758,time exit (36h),-0.0068470368617316035,-0.008449933949801758,time exit (36h),-0.0068470368617316035,-0.006976520490048343,stopped,-0.00965948367383137,-0.0068470368617316035
NVDA,2025-10-10 19:00:00-04:00,2025-10-13,after hours,between 200 and 50,True,False,False,False,0.0,,,,,,,,,,,,,,,,,,,
NVDA,2025-10-21 18:00:00-04:00,2025-10-22,after hours,below the 200,True,True,False,True,,15.0,False,182.36631800000004,2025-10-22 09:00:00-04:00,0.005887501660257035,0.030742069377087733,False,False,0.00019918828497789143,-0.002295829649858705,stopped,-0.00333862911952072,-0.002295829649858705,stopped,-0.00333862911952072,0.0002265659604974126,stopped,-0.0023396406788163157,0.0006900405830589929
NVDA,2025-10-31 11:00:00-04:00,2025-10-31,regular hours,open at/above the 50,True,False,False,False,0.005700325732899136,,,,,,,,,,,,,,,,,,,
NVDA,2025-11-04 14:00:00-05:00,2025-11-04,regular hours,between 200 and 50,True,False,False,False,0.014085583290881276,,,,,,,,,,,,,,,,,,,
NVDA,2025-11-12 13:00:00-05:00,2025-11-12,regular hours,open at/above the 50,True,True,False,False,0.03463855421686768,,,,,,,,,,,,,,,,,,,
NVDA,2025-11-18 05:00:00-05:00,2025-11-18,pre-market,below the 200,True,True,False,True,,28.0,False,185.930482,2025-11-19 09:00:00-05:00,0.06814115611231504,0.04044781640484326,False,False,0.02667300938707906,-0.016508955212626124,stopped,-0.010086957524695399,-0.004521579440503243,flat at the close (red),-0.003227532809551792,-0.009490740738250679,stopped,-0.007714642272256765,0.015374083732451194
NVDA,2025-11-21 08:00:00-05:00,2025-11-21,pre-market,below the 200,True,True,False,False,0.01088586503748945,,,,,,,,,,,,,,,,,,,
NVDA,2025-12-01 11:00:00-05:00,2025-12-01,regular hours,below the 200,False,True,False,False,-0.007705905098602472,,,,,,,,,,,,,,,,,,,
NVDA,2025-12-04 10:00:00-05:00,2025-12-04,regular hours,open at/above the 50,False,True,True,True,,28.0,True,181.881486,2025-12-05 14:00:00-05:00,0.0060397241311300615,0.0031970598700737686,True,True,-0.0025693117630929407,-0.0031257387021788098,stopped,-0.003913312537225938,-0.0031257387021788098,stopped,-0.003913312537225938,0.003152442904496661,hit the 200,0.0023648690694495324,-0.002890025496929738
NVDA,2025-12-10 12:00:00-05:00,2025-12-10,regular hours,open at/above the 50,True,False,True,False,0.018851137185119216,,,,,,,,,,,,,,,,,,,
NVDA,2025-12-17 12:00:00-05:00,2025-12-17,regular hours,below the 200,True,True,True,True,,22.0,False,175.32559400000002,2025-12-18 10:00:00-05:00,0.0349316141487019,0.018682919733898132,False,False,-0.03337967802403774,-0.01804873964950026,stopped,-0.01545981905287163,-0.01804873964950026,stopped,-0.01545981905287163,0.0011156043766207245,stopped,-0.0012941054233586182,-0.02840426161448184
NVDA,2025-12-29 16:00:00-05:00,2025-12-30,after hours,open at/above the 50,True,False,True,True,,17.0,False,188.83867600000002,2025-12-30 09:00:00-05:00,0.009115314915679568,0.01370839943825925,True,False,0.01276083306115594,,skipped (already above yesterday's high),,,skipped (already above yesterday's high),,-0.0072089257817078084,stopped,-0.009818407384133608,0.005068525368848276
NVDA,2026-01-06 12:00:00-05:00,2026-01-06,regular hours,open at/above the 50,False,False,True,True,,21.0,False,188.94127399999996,2026-01-07 09:00:00-05:00,0.01285439622895758,0.027687301399269476,True,True,0.021193232519061134,0.010196845608228337,hit the 200,0.0044724311257501575,-0.0015785563305857897,flat at the close (red),-0.00539241674039459,-0.006661995938484168,stopped,-0.00625044656338948,0.017206700227801575
NVDA,2026-01-08 13:00:00-05:00,2026-01-08,regular hours,open at/above the 50,True,False,True,False,-0.0042174383859877596,,,,,,,,,,,,,,,,,,,
NVDA,2026-01-14 10:00:00-05:00,2026-01-14,regular hours,open at/above the 50,True,True,True,False,-0.0329586734066033,,,,,,,,,,,,,,,,,,,
NVDA,2026-01-20 10:00:00-05:00,2026-01-20,regular hours,below the 200,True,True,False,True,,28.0,False,183.677268,2026-01-21 14:00:00-05:00,0.013571260217132527,0.009217079600726681,False,False,-0.0035578634548000254,-0.0035578634548000254,time exit (36h),0.008539407949710642,-0.0035578634548000254,time exit (36h),0.008539407949710642,-0.009215794738410452,stopped,-0.002883079112361695,0.008539407949710642
NVDA,2026-01-30 12:00:00-05:00,2026-01-30,regular hours,open at/above the 50,False,False,False,False,0.008566771819137786,,,,,,,,,,,,,,,,,,,
NVDA,2026-02-02 04:00:00-05:00,2026-02-02,pre-market,open at the 200,True,False,False,False,0.043935265001946444,,,,,,,,,,,,,,,,,,,
NVDA,2026-02-12 18:00:00-05:00,2026-02-13,after hours,between 200 and 50,True,False,False,False,0.02794181977252852,,,,,,,,,,,,,,,,,,,
NVDA,2026-02-26 16:00:00-05:00,2026-02-27,after hours,below the 200,True,False,False,False,0.04218222722159726,,,,,,,,,,,,,,,,,,,
NVDA,2026-03-06 12:00:00-05:00,2026-03-06,regular hours,below the 200,True,True,True,True,,1.0,False,181.73798399999998,2026-03-06 13:00:00-05:00,0.00047879919257828646,0.027060297972712116,False,False,0.02082786047295393,0.02082786047295393,time exit (36h),0.01817628889541778,0.02082786047295393,time exit (36h),0.01817628889541778,0.02082786047295393,time exit (36h),0.01817628889541778,0.01817628889541778
NVDA,2026-03-12 18:00:00-04:00,2026-03-13,after hours,open at/above the 50,True,False,True,False,0.016436346201016416,,,,,,,,,,,,,,,,,,,
NVDA,2026-03-18 14:00:00-04:00,2026-03-18,regular hours,open at/above the 50,True,False,True,False,0.011469554054808428,,,,,,,,,,,,,,,,,,,
NVDA,2026-03-26 15:00:00-04:00,2026-03-26,regular hours,below the 200,True,True,True,False,0.027731092436974913,,,,,,,,,,,,,,,,,,,
NVDA,2026-04-22 11:00:00-04:00,2026-04-22,regular hours,open at/above the 50,False,False,True,False,0.008672184798087512,,,,,,,,,,,,,,,,,,,
NVDA,2026-04-23 18:00:00-04:00,2026-04-24,after hours,between 200 and 50,True,False,False,True,,15.0,False,200.83610199999998,2026-04-24 09:00:00-04:00,0.05035896384804365,-0.005396928088158199,True,False,-0.034905804901489756,-0.014902191240497315,stopped,-0.013904187248481432,-0.014902191240497315,stopped,-0.013904187248481432,-0.011869867898551508,stopped,-0.010871863906535625,-0.03028402089286253
NVDA,2026-04-29 15:00:00-04:00,2026-04-29,regular hours,open at/above the 50,True,False,False,False,0.04659301104834279,,,,,,,,,,,,,,,,,,,
NVDA,2026-05-18 05:00:00-04:00,2026-05-18,pre-market,open at/above the 50,True,False,False,False,0.02608407071665364,,,,,,,,,,,,,,,,,,,
NVDA,2026-05-21 15:00:00-04:00,2026-05-21,regular hours,open at/above the 50,True,False,False,False,0.024360171569828504,,,,,,,,,,,,,,,,,,,
NVDA,2026-06-03 15:00:00-04:00,2026-06-03,regular hours,open at/above the 50,True,False,False,True,,23.0,False,220.42604200000002,2026-06-04 14:00:00-04:00,0.005325858910990066,0.074474149474589,True,True,0.08031963685160304,0.009308507658092435,hit the 200,0.007212091562812106,0.009308507658092435,hit the 200,0.007212091562812106,-0.0022862906552574354,stopped,-0.003111852697896163,0.04996582155009044
NVDA,2026-06-17 10:00:00-04:00,2026-06-17,regular hours,open at/above the 50,True,True,False,True,,24.0,False,208.788532,2026-06-18 10:00:00-04:00,0.012459822266483404,0.005500934313767852,False,False,-0.007328807112632618,-0.007328807112632618,time exit (36h),-0.004396844706013536,-0.006714881065651657,flat at the close (red),-0.004290427572295585,-0.00417392656412754,stopped,-0.001642586159113081,-0.004396844706013536
NVDA,2026-06-23 08:00:00-04:00,2026-06-23,pre-market,below the 200,True,True,False,False,0.011720322934316796,,,,,,,,,,,,,,,,,,,
NVDA,2026-07-02 12:00:00-04:00,2026-07-02,regular hours,open at/above the 50,True,True,True,False,-0.0048858259617362565,,,,,,,,,,,,,,,,,,,
NVDA,2026-07-14 10:00:00-04:00,2026-07-14,regular hours,open at/above the 50,False,False,True,True,,27.0,True,208.40887999999998,2026-07-15 13:00:00-04:00,0.0214535964110551,0.01525309286245381,True,False,0.011693592233009698,-0.010369615728466135,stopped,-0.00835153264186102,-0.010369615728466135,stopped,-0.00835153264186102,-0.006698946801115311,stopped,-0.004680863714510195,0.008249413295899455
NVDA,2026-07-16 18:00:00-04:00,2026-07-17,after hours,open at the 200,True,False,True,False,0.018103903669656862,,,,,,,,,,,,,,,,,,,
NVDA,2026-07-24 10:00:00-04:00,2026-07-24,regular hours,between 200 and 50,True,False,True,False,0.01303240475454781,,,,,,,,,,,,,,,,,,,
NVDA,2026-08-11 06:00:00-04:00,2026-08-11,pre-market,open at/above the 50,True,False,False,False,-0.016747047244094482,,,,,,,,,,,,,,,,,,,
NVDA,2026-08-18 06:00:00-04:00,2026-08-18,pre-market,between 200 and 50,True,False,False,False,0.010109789569990868,,,,,,,,,,,,,,,,,,,
NVDA,2026-08-31 09:00:00-04:00,2026-08-31,regular hours,open at the 200,True,False,False,False,0.006344827586206803,,,,,,,,,,,,,,,,,,,
NVDA,2026-09-08 18:00:00-04:00,2026-09-09,after hours,between 200 and 50,True,False,False,False,0.013127830336725932,,,,,,,,,,,,,,,,,,,
NVDA,2026-09-24 04:00:00-04:00,2026-09-24,pre-market,between 200 and 50,True,False,False,True,,29.0,False,225.845038,2026-09-25 09:00:00-04:00,0.004848288940490292,0.012008844754871177,True,False,0.0037668774097490143,0.0037668774097490143,time exit (36h),0.007147531261881057,0.0037668774097490143,time exit (36h),0.007147531261881057,0.0037668774097490143,time exit (36h),0.007147531261881057,0.007147531261881057
NVDA,2026-10-07 18:00:00-04:00,2026-10-08,after hours,between 200 and 50,True,False,False,False,0.029841769644348703,,,,,,,,,,,,,,,,,,,
ORCL,2024-10-02 04:00:00-04:00,2024-10-02,pre-market,open at the 200,True,False,False,True,,5.0,False,168.28519400000002,2024-10-02 09:00:00-04:00,0.005317199800714425,0.012153142836796499,True,True,0.010418456919843999,0.005024390321587195,hit the 200,0.0031191579890887987,0.005024390321587195,hit the 200,0.0031191579890887987,0.005024390321587195,hit the 200,0.0031191579890887987,0.010172067389444095
ORCL,2024-10-11 12:00:00-04:00,2024-10-11,regular hours,open at/above the 50,True,False,False,False,-0.0039433088811337,,,,,,,,,,,,,,,,,,,
ORCL,2024-10-15 15:00:00-04:00,2024-10-15,regular hours,open at/above the 50,True,False,False,False,-0.003096070961694619,,,,,,,,,,,,,,,,,,,
ORCL,2024-10-21 11:00:00-04:00,2024-10-21,regular hours,between 200 and 50,True,False,False,True,,22.0,True,175.422654,2024-10-22 09:00:00-04:00,0.003690207537277363,0.013753377599679933,True,True,0.011664671280276817,0.006050210595947267,hit the 200,0.0012417698798701552,0.006050210595947267,hit the 200,0.0012417698798701552,-0.0016950262307626732,stopped,-0.002453006557727731,0.007568294067887393
ORCL,2024-10-23 13:00:00-04:00,2024-10-23,regular hours,open at/above the 50,True,False,False,True,,20.0,False,174.52316600000003,2024-10-24 09:00:00-04:00,0.010123779212210486,0.008727586342319916,False,False,0.0062451914206644865,-0.007602623940479984,stopped,-0.0028194934758820995,-0.007602623940479984,stopped,-0.0028194934758820995,0.00016597223545684105,stopped,-0.0019227555394440371,0.0018157425063987098
ORCL,2024-10-28 09:00:00-04:00,2024-10-28,regular hours,open at/above the 50,True,True,False,True,,27.0,False,173.639408,2024-10-29 12:00:00-04:00,0.014516243916242755,0.006849873618551006,False,False,0.0008035043227665462,0.0008035043227665462,time exit (36h),-0.005235602789190663,0.0008035043227665462,time exit (36h),-0.005235602789190663,-0.0012704028569367764,stopped,-0.00027378791114915477,-0.005235602789190663
ORCL,2024-10-31 13:00:00-04:00,2024-10-31,regular hours,below the 200,True,True,False,True,,22.0,False,172.082958,2024-11-01 11:00:00-04:00,0.0010869292472298127,0.012976055420897616,False,False,0.012133619574167698,0.012133619574167698,time exit (36h),0.006646134890113897,0.012133619574167698,time exit (36h),0.006646134890113897,0.012133619574167698,time exit (36h),0.006646134890113897,0.006646134890113897
ORCL,2024-11-13 07:00:00-05:00,2024-11-13,pre-market,open at/above the 50,True,False,False,True,,27.0,True,189.514732,2024-11-14 10:00:00-05:00,0.00039716173621792163,0.03791120576314878,True,False,0.029971929332570424,0.029971929332570424,time exit (36h),0.012554665600056136,0.029971929332570424,time exit (36h),0.012554665600056136,0.029971929332570424,time exit (36h),0.012554665600056136,0.012554665600056136
ORCL,2024-11-14 16:00:00-05:00,2024-11-15,after hours,between 200 and 50,True,False,False,False,0.016739683010697393,,,,,,,,,,,,,,,,,,,
ORCL,2024-11-25 15:00:00-05:00,2024-11-25,regular hours,open at/above the 50,True,False,False,True,,18.0,False,192.07995000000003,2024-11-26 09:00:00-05:00,0.0016662332533925617,0.051332531063237076,True,True,0.05122564579684785,0.015391546592968246,hit the 200,0.017989807868033263,0.015391546592968246,hit the 200,0.017989807868033263,0.015391546592968246,hit the 200,0.017989807868033263,0.05209334683121547
ORCL,2024-12-10 04:00:00-05:00,2024-12-10,pre-market,below the 200,True,False,False,False,-0.02064465320357778,,,,,,,,,,,,,,,,,,,
ORCL,2024-12-12 19:00:00-05:00,2024-12-13,after hours,below the 200,True,True,False,False,0.01602658959537573,,,,,,,,,,,,,,,,,,,
ORCL,2024-12-27 18:00:00-05:00,2024-12-30,after hours,below the 200,True,True,True,False,0.0003023688319865325,,,,,,,,,,,,,,,,,,,
ORCL,2025-01-07 05:00:00-05:00,2025-01-07,pre-market,below the 200,True,True,True,False,0.016574585635358963,,,,,,,,,,,,,,,,,,,
ORCL,2025-01-27 05:00:00-05:00,2025-01-27,pre-market,between 200 and 50,True,False,True,False,0.04307276966498974,,,,,,,,,,,,,,,,,,,
ORCL,2025-02-03 16:00:00-05:00,2025-02-04,after hours,open at/above the 50,False,True,True,False,0.013460805337145665,,,,,,,,,,,,,,,,,,,
ORCL,2025-02-12 10:00:00-05:00,2025-02-12,regular hours,between 200 and 50,True,False,True,False,-0.0043887509383842005,,,,,,,,,,,,,,,,,,,
ORCL,2025-02-21 04:00:00-05:00,2025-02-21,pre-market,between 200 and 50,True,False,False,False,0.048423557406305884,,,,,,,,,,,,,,,,,,,
ORCL,2025-02-28 05:00:00-05:00,2025-02-28,pre-market,below the 200,True,True,False,False,-0.0018702865761689447,,,,,,,,,,,,,,,,,,,
ORCL,2025-03-19 07:00:00-04:00,2025-03-19,pre-market,below the 200,True,True,True,True,,2.0,False,151.05078799999998,2025-03-19 09:00:00-04:00,0.022768580326770798,0.0035139704137125906,False,False,-0.010929237119720603,-0.009031478869213242,stopped,-0.006511603798230962,-0.009031478869213242,stopped,-0.006511603798230962,-0.006615073070655074,stopped,-0.004095197999672793,-0.0046005707358994785
ORCL,2025-03-26 09:00:00-04:00,2025-03-26,regular hours,between 200 and 50,True,False,True,False,0.03605769230769229,,,,,,,,,,,,,,,,,,,
ORCL,2025-04-03 15:00:00-04:00,2025-04-03,regular hours,below the 200,True,True,True,False,0.07808326787117048,,,,,,,,,,,,,,,,,,,
ORCL,2025-04-14 05:00:00-04:00,2025-04-14,pre-market,open at/above the 50,False,True,True,True,,7.0,True,133.956224,2025-04-14 12:00:00-04:00,0.018855234378657968,0.021322070111501484,False,False,0.021786605644546153,,skipped (already above yesterday's high),,,skipped (already above yesterday's high),,-0.012644250109647866,stopped,-0.003415799681522943,0.017738665316947788
ORCL,2025-04-16 11:00:00-04:00,2025-04-16,regular hours,below the 200,True,True,True,False,0.013045156310304895,,,,,,,,,,,,,,,,,,,
ORCL,2025-05-06 15:00:00-04:00,2025-05-06,regular hours,between 200 and 50,True,False,True,True,,21.0,True,149.220912,2025-05-07 12:00:00-04:00,0.01895905849978998,0.012236301035340062,True,False,-0.00750973062853344,-0.010716245991044437,stopped,0.0018049165371721194,-0.00046277714515363666,flat at the close (red),0.0018357457420761225,-0.001363669456731326,stopped,-0.0025616596940049533,0.00025182309984761453
ORCL,2025-05-15 19:00:00-04:00,2025-05-16,after hours,between 200 and 50,True,False,False,False,0.00933396614459725,,,,,,,,,,,,,,,,,,,
ORCL,2025-05-21 08:00:00-04:00,2025-05-21,pre-market,between 200 and 50,True,False,False,True,,2.0,True,159.503558,2025-05-21 10:00:00-04:00,0.008754926959058855,0.02032028652301276,True,False,0.014460077593334564,-0.005369422542912902,stopped,-0.0021585529042202423,-0.005369422542912902,stopped,-0.0021585529042202423,-0.0013256256014051125,stopped,0.0018852440372875469,0.002918515966883195
ORCL,2025-05-30 13:00:00-04:00,2025-05-30,regular hours,open at/above the 50,True,False,False,False,-0.012689588494773196,,,,,,,,,,,,,,,,,,,
ORCL,2025-06-17 19:00:00-04:00,2025-06-18,after hours,open at/above the 50,True,False,False,True,,14.0,False,211.25037400000002,2025-06-18 09:00:00-04:00,0.01642376263911359,0.007717733081977963,True,False,0.002612121499762754,0.002612121499762754,time exit (36h),0.0012894809064161183,0.002612121499762754,time exit (36h),0.0012894809064161183,-0.009939040391947292,stopped,-0.005345471388552044,0.0012894809064161183
ORCL,2025-06-20 14:00:00-04:00,2025-06-20,regular hours,open at/above the 50,True,False,False,False,0.008354072122187972,,,,,,,,,,,,,,,,,,,
ORCL,2025-06-26 13:00:00-04:00,2025-06-26,regular hours,open at/above the 50,False,False,False,True,,21.0,True,213.26151399999998,2025-06-27 10:00:00-04:00,0.006510719979227142,0.016231311196637035,True,False,0.015047663017610624,0.015047663017610624,time exit (36h),0.013531597614875102,0.015047663017610624,time exit (36h),0.013531597614875102,-0.005291559545057012,stopped,-0.002787914484641563,0.013531597614875102
ORCL,2025-06-27 17:00:00-04:00,2025-06-30,after hours,open at/above the 50,True,False,False,False,0.00014183722037119928,,,,,,,,,,,,,,,,,,,
ORCL,2025-07-11 09:00:00-04:00,2025-07-11,regular hours,between 200 and 50,True,False,False,False,0.009561060408518118,,,,,,,,,,,,,,,,,,,
ORCL,2025-07-21 14:00:00-04:00,2025-07-21,regular hours,open at/above the 50,True,False,False,False,0.024793388429751984,,,,,,,,,,,,,,,,,,,
ORCL,2025-08-01 13:00:00-04:00,2025-08-01,regular hours,between 200 and 50,True,False,False,False,0.0022540983606558207,,,,,,,,,,,,,,,,,,,
ORCL,2025-08-07 14:00:00-04:00,2025-08-07,regular hours,open at/above the 50,True,False,False,False,-0.010107870555333576,,,,,,,,,,,,,,,,,,,
ORCL,2025-08-13 16:00:00-04:00,2025-08-14,after hours,below the 200,True,False,False,False,-0.007187233524180825,,,,,,,,,,,,,,,,,,,
ORCL,2025-08-19 12:00:00-04:00,2025-08-19,regular hours,open at/above the 50,True,True,False,False,0.012157279489904305,,,,,,,,,,,,,,,,,,,
ORCL,2025-08-26 18:00:00-04:00,2025-08-27,after hours,open at/above the 50,True,True,False,True,,15.0,False,235.39455,2025-08-27 09:00:00-04:00,0.027848775598245494,0.009322858154532553,False,False,-0.018192431231212725,-0.006416673623072376,stopped,-0.005363944267404573,-0.0013382970599465915,flat at the close (red),0.0007649475040941711,-0.002147245974896174,stopped,-0.00016469821077640546,-0.012966192119210906
ORCL,2025-08-29 15:00:00-04:00,2025-08-29,regular hours,open at/above the 50,True,True,False,False,-0.0002652050919377258,,,,,,,,,,,,,,,,,,,
ORCL,2025-09-12 12:00:00-04:00,2025-09-12,regular hours,open at/above the 50,True,False,False,False,0.005487909449493955,,,,,,,,,,,,,,,,,,,
ORCL,2025-09-18 04:00:00-04:00,2025-09-18,pre-market,between 200 and 50,False,False,False,True,,29.0,False,302.53806000000003,2025-09-19 09:00:00-04:00,0.03712570907607443,0.010207178561269419,True,False,-0.023440735958683012,-0.02023527221665927,stopped,-0.01756816354328222,-0.02023527221665927,stopped,-0.01756816354328222,-0.0027168152000445287,stopped,-0.001479434222513518,-0.021029172511955907
ORCL,2025-09-24 10:00:00-04:00,2025-09-24,regular hours,between 200 and 50,True,False,False,False,0.04280587833219407,,,,,,,,,,,,,,,,,,,
ORCL,2025-10-06 10:00:00-04:00,2025-10-06,regular hours,open at/above the 50,False,True,False,True,,24.0,False,289.94,2025-10-07 10:00:00-04:00,0.005483893219286663,0.06532386010898807,False,False,0.0010012083549111317,0.0010012083549111317,time exit (36h),0.003301662509086034,0.0010012083549111317,time exit (36h),0.003301662509086034,0.004656135752224676,stopped,0.003956481113663312,0.003301662509086034
ORCL,2025-10-07 16:00:00-04:00,2025-10-08,after hours,below the 200,True,True,False,True,,17.0,False,288.124386,2025-10-08 09:00:00-04:00,0.04458357093036898,0.01570289159765877,False,False,-0.030928339835866958,-0.017685465887639275,stopped,-0.015711845373902102,-0.0018555186032009896,flat at the close (red),0.0026610992820116364,-0.0016160173266276724,stopped,0.0009593071940344421,-0.02805614506236842
ORCL,2025-10-15 08:00:00-04:00,2025-10-15,pre-market,open at/above the 50,False,False,False,False,-0.0050728195058091785,,,,,,,,,,,,,,,,,,,
ORCL,2025-10-17 13:00:00-04:00,2025-10-17,regular hours,open at/above the 50,True,False,False,False,-0.0007122302158273364,,,,,,,,,,,,,,,,,,,
ORCL,2025-10-28 09:00:00-04:00,2025-10-28,regular hours,open at/above the 50,True,True,False,True,,1.0,False,282.80589999999995,2025-10-28 10:00:00-04:00,0.009384881998572266,0.04050799505950877,False,False,0.03595699476171266,0.03595699476171266,time exit (36h),0.03757320491708671,0.03595699476171266,time exit (36h),0.03757320491708671,-0.007864404526213993,stopped,-0.006001105647192291,0.03757320491708671
ORCL,2025-11-18 07:00:00-05:00,2025-11-18,pre-market,below the 200,True,True,True,True,,2.0,True,219.572428,2025-11-18 09:00:00-05:00,0.062246303529512395,0.023101388667979762,False,False,-0.05539932028393202,-0.014699350138807087,stopped,-0.014005544615511744,-0.014699350138807087,stopped,-0.014005544615511744,-0.011830137434195451,stopped,-0.011136331910900108,-0.04420981506228716
ORCL,2025-11-21 05:00:00-05:00,2025-11-21,pre-market,below the 200,True,True,True,False,0.04528863786326909,,,,,,,,,,,,,,,,,,,
ORCL,2025-12-01 18:00:00-05:00,2025-12-02,after hours,open at/above the 50,False,True,True,False,-0.020229100658055055,,,,,,,,,,,,,,,,,,,
ORCL,2025-12-10 17:00:00-05:00,2025-12-11,after hours,below the 200,True,False,True,False,0.011945912972753048,,,,,,,,,,,,,,,,,,,
ORCL,2025-12-17 13:00:00-05:00,2025-12-17,regular hours,below the 200,True,True,True,True,,20.0,False,184.214034,2025-12-18 09:00:00-05:00,0.05920268810789957,0.030584173624904093,False,False,-0.0470049730962373,-0.030323238022136868,stopped,-0.030264118023319176,-0.030323238022136868,stopped,-0.030264118023319176,-0.014960673408845717,stopped,-0.014901553410028025,-0.03981369507971211
ORCL,2025-12-24 09:00:00-05:00,2025-12-24,regular hours,open at/above the 50,True,True,True,False,-0.002686945500633753,,,,,,,,,,,,,,,,,,,
ORCL,2025-12-29 15:00:00-05:00,2025-12-29,regular hours,open at the 200,True,False,True,True,,18.0,False,196.18308999999996,2025-12-30 09:00:00-05:00,0.011198263825898712,0.015205642851277224,True,False,0.013761316659776535,0.013761316659776535,time exit (36h),0.00606900896746887,-0.004954909717995726,flat at the close (red),-0.006134052001164569,-0.009261297699001662,stopped,-0.00923948792386045,0.00606900896746887
ORCL,2026-01-02 12:00:00-05:00,2026-01-02,regular hours,open at/above the 50,False,False,True,True,,2.0,True,196.08889600000003,2026-01-02 14:00:00-05:00,0.0008470851914019731,0.004023154885833119,True,False,0.000555648535565112,0.000555648535565112,time exit (36h),0.004135454907705505,0.000555648535565112,time exit (36h),0.004135454907705505,0.000555648535565112,time exit (36h),0.004135454907705505,0.004135454907705505
ORCL,2026-01-05 11:00:00-05:00,2026-01-05,regular hours,open at/above the 50,True,False,True,False,0.005764955276355899,,,,,,,,,,,,,,,,,,,
ORCL,2026-01-14 12:00:00-05:00,2026-01-14,regular hours,open at/above the 50,True,False,True,False,0.008795095075439852,,,,,,,,,,,,,,,,,,,
ORCL,2026-01-26 05:00:00-05:00,2026-01-26,pre-market,open at/above the 50,True,True,True,False,0.0051014349783975454,,,,,,,,,,,,,,,,,,,
ORCL,2026-01-28 04:00:00-05:00,2026-01-28,pre-market,below the 200,True,True,True,True,,5.0,False,178.622942,2026-01-28 09:00:00-05:00,0.01711458766590023,0.0957488540301838,False,False,0.0643087767383661,-0.006141753056558682,stopped,-0.005998305730416772,-0.006141753056558682,stopped,-0.005998305730416772,0.0643087767383661,time exit (36h),0.05806112536415564,0.05806112536415564
ORCL,2026-02-12 08:00:00-05:00,2026-02-12,pre-market,open at/above the 50,False,True,True,True,,2.0,True,158.40597599999998,2026-02-12 10:00:00-05:00,0.02458255741563709,0.03728379540428438,False,False,-0.01242664551942918,-0.01242664551942918,time exit (36h),-0.02987300978205709,-0.01242664551942918,time exit (36h),-0.02987300978205709,-0.0025979070385577768,stopped,-0.013792372564858322,-0.02987300978205709
ORCL,2026-02-17 17:00:00-05:00,2026-02-18,after hours,below the 200,True,False,True,True,,18.0,False,156.704452,2026-02-18 11:00:00-05:00,0.02155808566306709,0.01138737270846661,True,False,-0.0033425427717356238,-0.016435704073040614,stopped,-0.021567090934354483,-0.016435704073040614,stopped,-0.021567090934354483,-0.00220509370084781,stopped,-0.0022254277308638103,-0.007901990677307569
ORCL,2026-02-20 13:00:00-05:00,2026-02-20,regular hours,open at the 200,True,False,True,False,0.011015154050258769,,,,,,,,,,,,,,,,,,,
ORCL,2026-02-27 11:00:00-05:00,2026-02-27,regular hours,below the 200,True,True,True,False,-0.002026356456281131,,,,,,,,,,,,,,,,,,,
ORCL,2026-03-09 10:00:00-04:00,2026-03-09,regular hours,between 200 and 50,True,False,True,True,,23.0,True,153.352806,2026-03-10 09:00:00-04:00,0.12003167389059712,0.03197076159141163,True,True,-0.04244267249453648,0.028703798220685892,hit the 200,0.03509015051243211,0.028703798220685892,hit the 200,0.03509015051243211,0.028703798220685892,hit the 200,0.03509015051243211,-0.050695931339974076
ORCL,2026-03-13 10:00:00-04:00,2026-03-13,regular hours,between 200 and 50,True,False,True,False,0.009915105955544012,,,,,,,,,,,,,,,,,,,
ORCL,2026-03-20 14:00:00-04:00,2026-03-20,regular hours,below the 200,True,True,True,False,-0.007717897538257024,,,,,,,,,,,,,,,,,,,
ORCL,2026-03-24 15:00:00-04:00,2026-03-24,regular hours,open at/above the 50,True,True,True,False,0.009940843674364208,,,,,,,,,,,,,,,,,,,
ORCL,2026-04-02 19:00:00-04:00,2026-04-06,after hours,open at/above the 50,False,True,True,False,0.0,,,,,,,,,,,,,,,,,,,
ORCL,2026-04-07 08:00:00-04:00,2026-04-07,pre-market,below the 200,True,True,True,True,,26.0,True,145.444644,2026-04-08 10:00:00-04:00,0.005605954111311104,0.0649363478795411,False,False,0.05394745938221712,0.05394745938221712,time exit (36h),0.060792942835285024,0.05394745938221712,time exit (36h),0.060792942835285024,-0.0016181826537386684,stopped,0.0001278702309477648,0.060792942835285024
ORCL,2026-04-09 09:00:00-04:00,2026-04-09,regular hours,below the 200,True,True,True,False,0.007016590122266297,,,,,,,,,,,,,,,,,,,
ORCL,2026-04-20 12:00:00-04:00,2026-04-20,regular hours,open at/above the 50,True,False,True,True,,1.0,False,175.806294,2026-04-20 13:00:00-04:00,0.05422846806610914,0.002709197658190757,True,False,-0.04427130198423479,-0.04945048213120283,stopped,-0.04952100319566109,-0.009932454806555024,flat at the close (red),-0.008450706792613727,-0.007870628340530228,stopped,-0.006388880326588931,-0.0451763939219999
ORCL,2026-04-23 15:00:00-04:00,2026-04-23,regular hours,between 200 and 50,True,False,False,False,0.021316831275887127,,,,,,,,,,,,,,,,,,,
ORCL,2026-05-11 17:00:00-04:00,2026-05-12,after hours,open at/above the 50,True,False,False,True,,16.0,True,193.31992000000002,2026-05-12 09:00:00-04:00,0.008638944191576245,0.06440008872339703,True,False,0.01320712788259959,0.01320712788259959,time exit (36h),0.021464588511726723,0.01320712788259959,time exit (36h),0.021464588511726723,0.012104391518473822,stopped,0.01865169782732885,0.021464588511726723
ORCL,2026-05-18 10:00:00-04:00,2026-05-18,regular hours,between 200 and 50,True,False,False,False,0.022738561730779816,,,,,,,,,,,,,,,,,,,
ORCL,2026-05-27 13:00:00-04:00,2026-05-27,regular hours,open at/above the 50,True,False,False,True,,1.0,True,191.671624,2026-05-27 14:00:00-04:00,0.10574531366207858,0.017538454205407086,True,True,-0.0907418216318786,0.008979078196781128,hit the 200,0.009325754108138747,0.008979078196781128,hit the 200,0.009325754108138747,-0.003174053557348649,stopped,-0.0003543046746075913,-0.0836169375105702
ORCL,2026-06-03 16:00:00-04:00,2026-06-04,after hours,between 200 and 50,True,False,False,True,,18.0,False,236.632326,2026-06-04 10:00:00-04:00,0.009794409915067913,0.11656195274013405,True,True,0.1262842741551642,0.11461758821573689,hit the 200,0.09571954565794019,0.11461758821573689,hit the 200,0.09571954565794019,-0.0038357988333343174,stopped,0.0012628723420017051,0.10202948003214551
ORCL,2026-06-17 10:00:00-04:00,2026-06-17,regular hours,below the 200,True,True,False,True,,1.0,False,188.69537,2026-06-17 11:00:00-04:00,0.005536065882273699,0.05827048114641079,False,False,0.02747274707323699,0.02747274707323699,time exit (36h),0.024634500359980382,0.02747274707323699,time exit (36h),0.024634500359980382,0.02747274707323699,time exit (36h),0.024634500359980382,0.024634500359980382
ORCL,2026-07-07 18:00:00-04:00,2026-07-08,after hours,below the 200,True,True,True,False,-0.0005650515609549878,,,,,,,,,,,,,,,,,,,
ORCL,2026-07-13 08:00:00-04:00,2026-07-13,pre-market,below the 200,True,True,True,False,0.08534883720930231,,,,,,,,,,,,,,,,,,,
ORCL,2026-07-16 16:00:00-04:00,2026-07-17,after hours,below the 200,True,True,True,False,-0.016912159379355196,,,,,,,,,,,,,,,,,,,
ORCL,2026-07-23 14:00:00-04:00,2026-07-23,regular hours,below the 200,True,True,True,False,0.04527644754027005,,,,,,,,,,,,,,,,,,,
ORCL,2026-07-29 19:00:00-04:00,2026-07-30,after hours,open at/above the 50,True,True,True,False,-0.09388412017167369,,,,,,,,,,,,,,,,,,,
ORCL,2026-08-06 13:00:00-04:00,2026-08-06,regular hours,between 200 and 50,False,False,True,True,,21.0,False,143.985068,2026-08-07 10:00:00-04:00,0.021355908933556843,-0.0017010930605663725,True,False,-0.018573594165360197,-0.01670195412207604,stopped,-0.014128056601928122,-0.01670195412207604,stopped,-0.014128056601928122,-0.010521452127244106,stopped,-0.00794755460709619,-0.015554748198009283
ORCL,2026-08-12 08:00:00-04:00,2026-08-12,pre-market,open at/above the 50,False,False,True,False,-0.033706427886152746,,,,,,,,,,,,,,,,,,,
ORCL,2026-08-17 06:00:00-04:00,2026-08-17,pre-market,between 200 and 50,True,False,True,False,0.04981355097446016,,,,,,,,,,,,,,,,,,,
ORCL,2026-08-20 17:00:00-04:00,2026-08-21,after hours,open at/above the 50,True,True,True,False,-0.03285840888949476,,,,,,,,,,,,,,,,,,,
ORCL,2026-08-21 06:00:00-04:00,2026-08-21,pre-market,open at/above the 50,False,True,True,False,-0.020519462812734313,,,,,,,,,,,,,,,,,,,
ORCL,2026-08-25 06:00:00-04:00,2026-08-25,pre-market,below the 200,False,True,True,True,,3.0,False,144.0912,2026-08-25 09:00:00-04:00,0.052319642004508324,0.010973605605338811,False,False,-0.048086146528374285,-0.007139922493532001,stopped,-0.008145551403404103,-0.007139922493532001,stopped,-0.008145551403404103,-0.013351266420156124,stopped,-0.014683833309788138,-0.04262336738814576
ORCL,2026-08-31 12:00:00-04:00,2026-08-31,regular hours,between 200 and 50,True,False,False,True,,2.0,False,150.67884199999997,2026-08-31 14:00:00-04:00,0.00385693168520645,0.07120337439280286,True,True,0.06739594615942046,0.022791225724975873,hit the 200,0.018441120903173003,0.022791225724975873,hit the 200,0.018441120903173003,-0.001733209497322943,stopped,-0.0011725471334138838,0.06137177071023214
ORCL,2026-09-10 10:00:00-04:00,2026-09-10,regular hours,between 200 and 50,True,False,False,False,0.07428528129712553,,,,,,,,,,,,,,,,,,,
ORCL,2026-09-21 12:00:00-04:00,2026-09-21,regular hours,open at/above the 50,False,True,False,True,,23.0,True,149.036992,2026-09-22 11:00:00-04:00,0.009816408532990267,0.0322677741644168,False,False,0.032611991538840535,0.032611991538840535,time exit (36h),0.024675276739278607,-0.000824671493698026,flat at the close (red),-0.0008893244366999786,-0.00364344444096144,stopped,-0.003191107799108594,0.024675276739278607
ORCL,2026-09-22 05:00:00-04:00,2026-09-22,pre-market,open at/above the 50,False,True,False,True,,6.0,True,149.036992,2026-09-22 11:00:00-04:00,0.009816408532990267,0.0322677741644168,False,False,0.032611991538840535,-0.006327341872278205,stopped,-0.0068124428056124085,-0.006327341872278205,stopped,-0.0068124428056124085,-0.00364344444096144,stopped,-0.003191107799108594,0.024675276739278607
ORCL,2026-09-23 14:00:00-04:00,2026-09-23,regular hours,open at/above the 50,True,True,False,False,0.03920165963230571,,,,,,,,,,,,,,,,,,,
ORCL,2026-10-08 04:00:00-04:00,2026-10-08,pre-market,between 200 and 50,True,False,True,False,0.043806948850227734,,,,,,,,,,,,,,,,,,,
PLTR,2024-10-01 19:00:00-04:00,2024-10-02,after hours,below the 200,True,False,False,True,,15.0,False,36.771822,2024-10-02 10:00:00-04:00,0.07310429165027506,-0.004573556349750564,True,False,-0.068107594407402,-0.02143429281257812,stopped,-0.017954870607538403,-0.02143429281257812,stopped,-0.017954870607538403,-0.011508214088494175,stopped,-0.01013305337572107,-0.06683936638137666
PLTR,2024-10-08 07:00:00-04:00,2024-10-08,pre-market,open at/above the 50,True,False,False,True,,2.0,False,39.361934,2024-10-08 09:00:00-04:00,0.10106378411182758,-0.021291281063577947,True,False,-0.0846274737796795,-0.020021018276185326,stopped,-0.018250861166200255,-0.020021018276185326,stopped,-0.018250861166200255,-0.03170743592019644,stopped,-0.028069863999453673,-0.07202782040013012
PLTR,2024-10-15 11:00:00-04:00,2024-10-15,regular hours,open at/above the 50,True,False,False,False,0.019083100734333946,,,,,,,,,,,,,,,,,,,
PLTR,2024-10-30 08:00:00-04:00,2024-10-30,pre-market,between 200 and 50,True,False,False,False,0.06978662191321039,,,,,,,,,,,,,,,,,,,
PLTR,2024-11-19 08:00:00-05:00,2024-11-19,pre-market,between 200 and 50,True,False,False,True,,4.0,False,62.202636000000005,2024-11-19 12:00:00-05:00,0.018445584846275582,0.03605371322205709,True,False,0.02071933048900565,0.02071933048900565,time exit (36h),0.02017728362489124,-0.012264612941643493,flat at the close (red),-0.009789558307480628,-0.012979578550336558,stopped,-0.010589025554944743,0.02017728362489124
PLTR,2024-11-22 04:00:00-05:00,2024-11-22,pre-market,open at/above the 50,True,False,False,True,,5.0,False,61.695508,2024-11-22 09:00:00-05:00,0.04448447040909366,0.000899708938290874,True,False,-0.03930706729077338,-0.027627489508636544,stopped,-0.024837761087017924,-0.027627489508636544,stopped,-0.024837761087017924,-0.02163029438058934,stopped,-0.01884056595897072,-0.03415994682803547
PLTR,2024-12-10 10:00:00-05:00,2024-12-10,regular hours,between 200 and 50,True,False,False,False,0.019775964596874474,,,,,,,,,,,,,,,,,,,
PLTR,2024-12-17 09:00:00-05:00,2024-12-17,regular hours,between 200 and 50,True,False,False,True,,2.0,False,74.327914,2024-12-17 11:00:00-05:00,0.04402230365297198,0.054594751576103835,True,True,0.0267704655339136,0.021084077510906685,hit the 200,-0.008994380616331954,-0.000834601424922643,flat at the close (red),-0.00032983510690320905,-0.006216856832548795,stopped,-0.005695549426673602,-0.000644389353636754
PLTR,2024-12-19 15:00:00-05:00,2024-12-19,regular hours,open at/above the 50,False,False,False,True,,19.0,False,74.05829,2024-12-20 10:00:00-05:00,0.09506444180658243,-0.022707923717925373,True,False,-0.08230123915737297,-0.04782327542264336,stopped,-0.02702989700334385,-0.04782327542264336,stopped,-0.02702989700334385,-0.03297011043598226,stopped,-0.012176732016682748,-0.0653114397923793
PLTR,2024-12-27 12:00:00-05:00,2024-12-27,regular hours,open at/above the 50,True,False,False,False,-0.001142131979695482,,,,,,,,,,,,,,,,,,,
PLTR,2025-01-07 08:00:00-05:00,2025-01-07,pre-market,below the 200,True,True,False,False,0.10332103321033204,,,,,,,,,,,,,,,,,,,
PLTR,2025-01-27 12:00:00-05:00,2025-01-27,regular hours,between 200 and 50,True,False,False,True,,22.0,False,77.30128,2025-01-28 10:00:00-05:00,0.04810683600582022,-0.006581003574585009,True,False,-0.029488010043942192,-0.029488010043942192,time exit (36h),-0.02264806045352019,-0.03650405085379527,flat at the close (red),-0.027314651525435885,-0.025080050420898455,stopped,-0.016972315605119033,-0.02264806045352019
PLTR,2025-02-12 10:00:00-05:00,2025-02-12,regular hours,between 200 and 50,False,False,False,False,-0.012565873624967971,,,,,,,,,,,,,,,,,,,
PLTR,2025-02-20 04:00:00-05:00,2025-02-20,pre-market,below the 200,True,False,False,False,0.09793609843222861,,,,,,,,,,,,,,,,,,,
PLTR,2025-02-27 17:00:00-05:00,2025-02-28,after hours,below the 200,True,True,False,False,-0.012880562060890055,,,,,,,,,,,,,,,,,,,
PLTR,2025-03-07 04:00:00-05:00,2025-03-07,pre-market,below the 200,True,True,False,False,-0.03466277450745758,,,,,,,,,,,,,,,,,,,
PLTR,2025-03-14 08:00:00-04:00,2025-03-14,pre-market,open at/above the 50,False,True,False,False,-0.046332702099708634,,,,,,,,,,,,,,,,,,,
PLTR,2025-03-19 04:00:00-04:00,2025-03-19,pre-market,between 200 and 50,True,False,False,True,,7.0,False,85.817458,2025-03-19 11:00:00-04:00,0.046407130819465604,0.008127227445958576,True,False,-0.012002555836979067,-0.004106879977731295,stopped,-0.0001123944886719545,-0.004106879977731295,stopped,-0.0001123944886719545,-0.004574150867996949,stopped,-0.005177865488544707,-0.00818414259981326
PLTR,2025-03-26 16:00:00-04:00,2025-03-27,after hours,between 200 and 50,True,False,True,False,0.035553555355535726,,,,,,,,,,,,,,,,,,,
PLTR,2025-04-03 14:00:00-04:00,2025-04-03,regular hours,below the 200,False,True,True,False,0.16898169808724361,,,,,,,,,,,,,,,,,,,
PLTR,2025-04-17 06:00:00-04:00,2025-04-17,pre-market,open at/above the 50,False,False,True,True,,3.0,False,94.439248,2025-04-17 09:00:00-04:00,0.007102470786298437,0.02296977205917618,True,False,0.0031776894224671004,0.0031776894224671004,time exit (36h),-0.00010442023414447554,0.0031776894224671004,time exit (36h),-0.00010442023414447554,0.0031776894224671004,time exit (36h),-0.00010442023414447554,-0.00010442023414447554
PLTR,2025-05-06 08:00:00-04:00,2025-05-06,pre-market,between 200 and 50,True,False,False,False,0.027905754417761663,,,,,,,,,,,,,,,,,,,
PLTR,2025-05-16 10:00:00-04:00,2025-05-16,regular hours,open at/above the 50,True,False,False,True,,1.0,True,128.64813,2025-05-16 11:00:00-04:00,0.007399019325037878,0.03107802655196001,True,False,0.024268550955414137,0.024268550955414137,time exit (36h),0.020511644878066004,-0.00650142868175152,flat at the close (red),-5.676361924011886e-05,0.024268550955414137,time exit (36h),0.020511644878066004,0.020511644878066004
PLTR,2025-05-28 11:00:00-04:00,2025-05-28,regular hours,open at/above the 50,False,True,False,False,0.02212171052631584,,,,,,,,,,,,,,,,,,,
PLTR,2025-05-29 17:00:00-04:00,2025-05-30,after hours,open at/above the 50,True,True,False,True,,16.0,False,123.770228,2025-05-30 09:00:00-04:00,0.06600757009189637,0.008162124416543839,False,False,-0.049383809523809385,-0.02181277390876258,stopped,-0.020182034470348394,-0.02181277390876258,stopped,-0.020182034470348394,-0.05412506794444946,stopped,-0.05369988341436335,-0.048243600526848396
PLTR,2025-06-04 18:00:00-04:00,2025-06-05,after hours,between 200 and 50,True,False,False,True,,15.0,False,131.352442,2025-06-05 09:00:00-04:00,0.011401067062004054,0.10743950995597022,True,True,0.029085255405828958,0.03756723457033259,hit the 200,0.03324616388635923,0.03756723457033259,hit the 200,0.03324616388635923,0.03756723457033259,hit the 200,0.03324616388635923,0.03308705621619357
PLTR,2025-06-18 08:00:00-04:00,2025-06-18,pre-market,open at/above the 50,False,False,False,True,,1.0,False,139.64662800000002,2025-06-18 09:00:00-04:00,0.005108408346243724,0.01544275025387658,True,False,-0.00038705604195243826,-0.00038705604195243826,time exit (36h),-0.001709696635299074,-0.002239011146041636,flat at the close (red),-0.0032767375210290828,-0.00038705604195243826,time exit (36h),-0.001709696635299074,-0.001709696635299074
PLTR,2025-06-27 13:00:00-04:00,2025-06-27,regular hours,open at/above the 50,True,False,False,False,0.03545941123996421,,,,,,,,,,,,,,,,,,,
PLTR,2025-07-21 19:00:00-04:00,2025-07-22,after hours,between 200 and 50,True,False,False,False,0.006635700066357053,,,,,,,,,,,,,,,,,,,
PLTR,2025-07-29 14:00:00-04:00,2025-07-29,regular hours,open at/above the 50,True,False,False,True,,19.0,False,158.03977799999998,2025-07-30 09:00:00-04:00,0.018034839304823642,0.009363326238030921,True,False,0.004064663278271707,-0.01417441879727276,stopped,-0.006186650068139222,-0.004160189035916861,flat at the close (red),-0.006319403523142864,-0.005949274365596779,stopped,-0.0053520154695827485,-0.003509653765526144
PLTR,2025-08-01 09:00:00-04:00,2025-08-01,regular hours,open at the 200,True,False,False,True,,3.0,False,157.48682799999997,2025-08-01 12:00:00-04:00,0.004464957539179235,0.02290241060668248,True,True,0.01506173380599396,0.017352698855551095,hit the 200,0.013168598437141098,0.017352698855551095,hit the 200,0.013168598437141098,0.017352698855551095,hit the 200,0.013168598437141098,0.010602837744953852
PLTR,2025-08-12 09:00:00-04:00,2025-08-12,regular hours,open at/above the 50,True,False,False,True,,1.0,False,184.324616,2025-08-12 10:00:00-04:00,0.03079015772912289,0.003985447065843818,True,False,-0.0023024844384303966,-0.015491061703880154,stopped,-0.008139723822685357,-0.015491061703880154,stopped,-0.008139723822685357,-0.007136236214917679,stopped,-0.000341783978670151,0.009144345193037529
PLTR,2025-08-14 11:00:00-04:00,2025-08-14,regular hours,between 200 and 50,True,False,False,False,0.02404791426675268,,,,,,,,,,,,,,,,,,,
PLTR,2025-08-26 04:00:00-04:00,2025-08-26,pre-market,below the 200,True,True,False,True,,5.0,False,156.758416,2025-08-26 09:00:00-04:00,0.04747167131364722,0.023274131578364488,False,False,0.01292936368188946,-0.011684119084234636,stopped,-0.010887625461084707,-0.011684119084234636,stopped,-0.010887625461084707,-0.005879008116540267,stopped,-0.005082514493390337,0.017023375048474176
PLTR,2025-08-28 09:00:00-04:00,2025-08-28,regular hours,open at/above the 50,True,True,False,True,,24.0,True,158.213534,2025-08-29 09:00:00-04:00,0.0013049831754594243,0.032952515933308266,False,False,0.011208200951170255,0.011208200951170255,time exit (36h),0.006944304525090761,0.011208200951170255,time exit (36h),0.006944304525090761,0.011208200951170255,time exit (36h),0.006944304525090761,0.006944304525090761
PLTR,2025-09-04 09:00:00-04:00,2025-09-04,regular hours,below the 200,True,True,False,True,,1.0,False,156.151016,2025-09-04 10:00:00-04:00,0.01805293409041924,0.05194340842457283,False,False,0.025285725541693838,0.025285725541693838,time exit (36h),0.027004098196347415,0.025285725541693838,time exit (36h),0.027004098196347415,-0.0005698586040580781,stopped,0.006008277950045919,0.027004098196347415
PLTR,2025-09-17 09:00:00-04:00,2025-09-17,regular hours,open at/above the 50,True,False,True,False,-0.05484827975183315,,,,,,,,,,,,,,,,,,,
PLTR,2025-09-25 05:00:00-04:00,2025-09-25,pre-market,between 200 and 50,True,False,False,True,,5.0,False,180.29521,2025-09-25 10:00:00-04:00,0.022323332938240546,0.029868846765257938,True,False,0.016148396550752286,0.016148396550752286,time exit (36h),0.025920186736673068,0.016148396550752286,time exit (36h),0.025920186736673068,-0.020437536859686915,stopped,-0.015421943752523096,0.025920186736673068
PLTR,2025-09-30 10:00:00-04:00,2025-09-30,regular hours,open at/above the 50,False,False,False,False,-0.024037404333297374,,,,,,,,,,,,,,,,,,,
PLTR,2025-10-03 15:00:00-04:00,2025-10-03,regular hours,open at/above the 50,True,False,False,False,-0.013509661973436726,,,,,,,,,,,,,,,,,,,
PLTR,2025-10-10 16:00:00-04:00,2025-10-13,after hours,below the 200,True,False,False,False,-0.01410864225738273,,,,,,,,,,,,,,,,,,,
PLTR,2025-10-17 06:00:00-04:00,2025-10-17,pre-market,below the 200,True,True,False,True,,3.0,False,179.358126,2025-10-17 09:00:00-04:00,0.012443673725716808,0.03015266785291908,False,False,0.003426241862042101,0.003426241862042101,time exit (36h),0.011498031183831414,0.003426241862042101,time exit (36h),0.011498031183831414,0.003426241862042101,time exit (36h),0.011498031183831414,0.011498031183831414
PLTR,2025-10-22 11:00:00-04:00,2025-10-22,regular hours,open at/above the 50,True,True,False,True,,23.0,False,179.028966,2025-10-23 10:00:00-04:00,0.03988759003389424,0.0015582171211333308,False,False,-0.032014241686942335,-0.018768661156206512,stopped,-0.01027376697239707,-0.008149772853185633,flat at the close (red),-0.005663284757061349,-0.006146681314128838,stopped,-0.005714006938895749,-0.02117709418952629
PLTR,2025-11-04 11:00:00-05:00,2025-11-04,regular hours,between 200 and 50,True,False,False,False,0.025212765957446814,,,,,,,,,,,,,,,,,,,
PLTR,2025-11-12 16:00:00-05:00,2025-11-13,after hours,below the 200,True,True,False,False,0.07950405453049703,,,,,,,,,,,,,,,,,,,
PLTR,2025-12-12 17:00:00-05:00,2025-12-15,after hours,open at/above the 50,True,False,True,False,0.0009431880194259445,,,,,,,,,,,,,,,,,,,
PLTR,2025-12-17 19:00:00-05:00,2025-12-18,after hours,between 200 and 50,True,False,True,True,,14.0,False,183.48676799999998,2025-12-18 09:00:00-05:00,0.06274693333744925,0.007557863791028187,True,False,-0.05419191752577324,-0.023234547354390244,stopped,-0.018424450564063288,-0.011758668605590605,flat at the close (red),-0.011862145426782655,-0.0070480940620198705,stopped,-0.001930672771782692,-0.04700063950924804
PLTR,2025-12-26 12:00:00-05:00,2025-12-26,regular hours,open at/above the 50,True,False,False,False,0.014984059511158554,,,,,,,,,,,,,,,,,,,
PLTR,2026-01-09 06:00:00-05:00,2026-01-09,pre-market,below the 200,True,True,False,False,0.00010762327795710291,,,,,,,,,,,,,,,,,,,
PLTR,2026-01-14 12:00:00-05:00,2026-01-14,regular hours,open at/above the 50,True,True,False,False,-0.012282402372379764,,,,,,,,,,,,,,,,,,,
PLTR,2026-01-16 11:00:00-05:00,2026-01-16,regular hours,open at/above the 50,True,True,False,False,0.015906310085649578,,,,,,,,,,,,,,,,,,,
PLTR,2026-01-27 14:00:00-05:00,2026-01-27,regular hours,open at/above the 50,True,True,True,False,0.04133484256900788,,,,,,,,,,,,,,,,,,,
PLTR,2026-02-04 14:00:00-05:00,2026-02-04,regular hours,open at/above the 50,True,True,True,False,0.11067460317460309,,,,,,,,,,,,,,,,,,,
PLTR,2026-02-11 10:00:00-05:00,2026-02-11,regular hours,below the 200,True,True,True,False,0.05191406250000008,,,,,,,,,,,,,,,,,,,
PLTR,2026-02-20 08:00:00-05:00,2026-02-20,pre-market,below the 200,True,True,True,True,,2.0,True,134.69879600000002,2026-02-20 10:00:00-05:00,0.011219135173264594,0.01899568575208368,False,False,0.001105878855444109,-0.010847936606649258,stopped,-0.006197111811939684,-0.010847936606649258,stopped,-0.006197111811939684,-0.0013445109041655902,stopped,0.004057989930898405,0.007979528415327564
PLTR,2026-03-10 14:00:00-04:00,2026-03-10,regular hours,open at/above the 50,True,False,True,False,0.007749348653884658,,,,,,,,,,,,,,,,,,,
PLTR,2026-03-16 05:00:00-04:00,2026-03-16,pre-market,open at/above the 50,True,False,True,False,-0.025268191805609352,,,,,,,,,,,,,,,,,,,
PLTR,2026-03-19 08:00:00-04:00,2026-03-19,pre-market,open at/above the 50,True,False,True,True,,1.0,False,153.461566,2026-03-19 09:00:00-04:00,0.02077675917890738,0.028486389875625285,True,True,0.010014255627221358,0.00859535735481799,hit the 200,0.009885266042660724,0.00859535735481799,hit the 200,0.009885266042660724,0.00859535735481799,hit the 200,0.009885266042660724,0.0043964500920754546
PLTR,2026-03-25 19:00:00-04:00,2026-03-26,after hours,open at the 200,True,False,False,False,0.06289178204863277,,,,,,,,,,,,,,,,,,,
PLTR,2026-04-09 04:00:00-04:00,2026-04-09,pre-market,below the 200,True,True,False,False,0.10146723868954766,,,,,,,,,,,,,,,,,,,
PLTR,2026-04-23 17:00:00-04:00,2026-04-24,after hours,between 200 and 50,True,False,True,False,-0.0023885087516616332,,,,,,,,,,,,,,,,,,,
PLTR,2026-04-28 17:00:00-04:00,2026-04-29,after hours,below the 200,True,False,True,False,0.025917297612114032,,,,,,,,,,,,,,,,,,,
PLTR,2026-05-05 13:00:00-04:00,2026-05-05,regular hours,below the 200,True,True,True,False,0.01877388893052534,,,,,,,,,,,,,,,,,,,
PLTR,2026-05-11 17:00:00-04:00,2026-05-12,after hours,open at/above the 50,False,True,True,True,,16.0,True,136.22693800000002,2026-05-12 09:00:00-04:00,0.0276968862061627,0.0548858992925468,False,False,0.04628984639016931,-0.006702506959379561,stopped,-0.0098584972193405,-0.006702506959379561,stopped,-0.0098584972193405,0.001152033528053204,stopped,0.0012062730225412216,0.05454730701929644
PLTR,2026-05-26 09:00:00-04:00,2026-05-26,regular hours,open at/above the 50,True,False,True,True,,2.0,False,136.64237,2026-05-26 11:00:00-04:00,0.01491213889220457,0.03668239946365102,True,True,0.02800768283985211,0.012078438774151889,hit the 200,0.013473880331730536,0.012078438774151889,hit the 200,0.013473880331730536,-0.007483989043808244,stopped,-0.010648081269753737,0.026207802831852645
PLTR,2026-06-02 18:00:00-04:00,2026-06-03,after hours,between 200 and 50,True,False,True,False,0.05186634978330762,,,,,,,,,,,,,,,,,,,
PLTR,2026-06-18 05:00:00-04:00,2026-06-18,pre-market,below the 200,True,True,True,False,0.023047922577636104,,,,,,,,,,,,,,,,,,,
PLTR,2026-07-08 16:00:00-04:00,2026-07-09,after hours,between 200 and 50,False,False,True,False,0.011906590874174006,,,,,,,,,,,,,,,,,,,
PLTR,2026-07-17 08:00:00-04:00,2026-07-17,pre-market,between 200 and 50,True,False,True,True,,4.0,False,133.327136,2026-07-17 12:00:00-04:00,0.010820482936046925,0.015129223206294581,True,False,0.012508626974483406,0.012508626974483406,time exit (36h),0.006623105088961578,0.012508626974483406,time exit (36h),0.006623105088961578,-0.003546644848052654,stopped,-0.006622204223808086,0.006623105088961578
PLTR,2026-07-22 09:00:00-04:00,2026-07-22,regular hours,between 200 and 50,True,False,True,False,0.04356471144286722,,,,,,,,,,,,,,,,,,,
PLTR,2026-07-29 05:00:00-04:00,2026-07-29,pre-market,below the 200,True,True,True,True,,8.0,False,125.692914,2026-07-29 13:00:00-04:00,0.012626694293999733,0.0433828274519915,False,False,0.019834042470328273,-0.011910663476224251,stopped,-0.019258061044455023,-0.011910663476224251,stopped,-0.019258061044455023,-0.011432514007909822,stopped,-0.018779911576140597,0.031215259426458197
PLTR,2026-08-06 19:00:00-04:00,2026-08-07,after hours,open at/above the 50,True,False,False,False,-0.08680460974332116,,,,,,,,,,,,,,,,,,,
PLTR,2026-08-12 13:00:00-04:00,2026-08-12,regular hours,open at/above the 50,True,False,False,True,,20.0,False,173.20786,2026-08-13 09:00:00-04:00,0.04025302315957253,-0.0007051643037446551,True,False,-0.004380870264988124,-0.02732058464321415,stopped,-0.022956915550715294,-0.02732058464321415,stopped,-0.022956915550715294,-0.018169729710880204,stopped,-0.013780457956097218,-0.0022368257294794747
PLTR,2026-08-17 13:00:00-04:00,2026-08-17,regular hours,open at/above the 50,True,False,False,True,,21.0,False,174.87300600000003,2026-08-18 10:00:00-04:00,0.011133759546627571,0.03186887517676696,True,False,-0.00429882478875776,-0.00429882478875776,time exit (36h),-0.0022988507624465138,-0.00429882478875776,time exit (36h),-0.0022988507624465138,0.007393971371430645,stopped,0.010185097332327902,-0.0022988507624465138
PLTR,2026-08-25 10:00:00-04:00,2026-08-25,regular hours,open at/above the 50,True,False,False,True,,2.0,True,176.63820799999996,2026-08-25 12:00:00-04:00,0.016767561410043468,0.04380823428643456,True,True,-0.00848606230704485,0.014653386882185744,hit the 200,0.014130538403674604,0.014653386882185744,hit the 200,0.014130538403674604,0.014653386882185744,hit the 200,0.014130538403674604,-0.0016997594796350768
PLTR,2026-09-01 09:00:00-04:00,2026-09-01,regular hours,between 200 and 50,True,False,False,True,,1.0,True,185.102696,2026-09-01 10:00:00-04:00,0.007818924474228092,0.104767226080813,True,True,0.08884002872942864,0.040408622681541106,hit the 200,0.037757306892067466,0.040408622681541106,hit the 200,0.037757306892067466,0.040408622681541106,hit the 200,0.037757306892067466,0.09322352951989599
PLTR,2026-09-08 09:00:00-04:00,2026-09-08,regular hours,below the 200,True,True,False,False,0.011131397608810989,,,,,,,,,,,,,,,,,,,
PLTR,2026-09-28 08:00:00-04:00,2026-09-28,pre-market,between 200 and 50,True,False,False,False,-0.0066684449186449335,,,,,,,,,,,,,,,,,,,
PLTR,2026-10-05 13:00:00-04:00,2026-10-05,regular hours,open at/above the 50,True,False,False,False,-0.013526192337763865,,,,,,,,,,,,,,,,,,,
QQQ,2024-10-16 04:00:00-04:00,2024-10-16,pre-market,between 200 and 50,True,False,False,True,,30.0,False,493.49336800000003,2024-10-17 10:00:00-04:00,0.0042080241289077685,0.005291596948066842,True,False,-0.002197080351004743,-0.002197080351004743,time exit (36h),-0.002197080351004743,-0.002197080351004743,time exit (36h),-0.002197080351004743,-0.002911147531368597,stopped,-0.002911147531368597,-0.002197080351004743
QQQ,2024-10-22 08:00:00-04:00,2024-10-22,pre-market,open at/above the 50,True,False,False,True,,1.0,True,493.81125399999996,2024-10-22 09:00:00-04:00,0.007358572674408977,0.01774211083492227,True,True,0.007572442358702247,-0.004898118421578249,stopped,-0.004898118421578249,-0.004898118421578249,stopped,-0.004898118421578249,-0.0015365101419904672,stopped,-0.0015365101419904672,0.007572442358702247
QQQ,2024-10-23 13:00:00-04:00,2024-10-23,regular hours,open at/above the 50,True,False,False,False,-0.012430939226519389,,,,,,,,,,,,,,,,,,,
QQQ,2024-10-31 06:00:00-04:00,2024-10-31,pre-market,below the 200,True,False,False,False,0.007024226413548718,,,,,,,,,,,,,,,,,,,
QQQ,2024-11-12 11:00:00-05:00,2024-11-12,regular hours,open at/above the 50,True,False,False,True,,3.0,True,513.55686,2024-11-12 14:00:00-05:00,0.0027711439780981396,0.007023292415955733,True,False,0.0027078118593437672,0.0027078118593437672,time exit (36h),0.0027078118593437672,0.0027078118593437672,time exit (36h),0.0027078118593437672,-0.0010770764506971727,stopped,-0.0010770764506971727,0.0027078118593437672
QQQ,2024-11-27 16:00:00-05:00,2024-11-29,after hours,open at/above the 50,True,False,False,False,-0.004846717629442776,,,,,,,,,,,,,,,,,,,
QQQ,2024-12-10 07:00:00-05:00,2024-12-10,pre-market,open at/above the 50,True,False,False,True,,2.0,False,523.553962,2024-12-10 09:00:00-05:00,0.013477193397688506,0.008392567564983851,True,False,-0.010351091620513064,-0.005340496305899538,stopped,-0.005340496305899538,-0.005340496305899538,stopped,-0.005340496305899538,-0.0026664643977999153,stopped,-0.0026664643977999153,-0.010351091620513064
QQQ,2024-12-18 15:00:00-05:00,2024-12-18,regular hours,open at/above the 50,True,False,False,False,0.009439124487004014,,,,,,,,,,,,,,,,,,,
QQQ,2024-12-27 16:00:00-05:00,2024-12-30,after hours,below the 200,True,True,False,False,0.0009762073387824532,,,,,,,,,,,,,,,,,,,
QQQ,2025-01-08 05:00:00-05:00,2025-01-08,pre-market,below the 200,True,False,False,False,0.006712780590200751,,,,,,,,,,,,,,,,,,,
QQQ,2025-01-27 04:00:00-05:00,2025-01-27,pre-market,below the 200,True,False,False,True,,34.0,False,522.284048,2025-01-28 14:00:00-05:00,0.00462574342305025,0.010310956309352824,True,True,0.00044832487309642843,0.007557816508307321,hit the 200,0.007557816508307321,0.007557816508307321,hit the 200,0.007557816508307321,0.0010799640581784667,stopped,0.0010799640581784667,0.00044832487309642843
QQQ,2025-02-03 09:00:00-05:00,2025-02-03,regular hours,below the 200,True,False,False,True,,24.0,True,521.7179179999999,2025-02-04 09:00:00-05:00,0.011427788454833191,0.005420396544632294,False,False,-0.010360943131378253,-0.010360943131378253,time exit (36h),-0.010360943131378253,-0.005380108285354845,flat at the close (red),-0.005380108285354845,-0.001134869973931018,stopped,-0.001134869973931018,-0.010360943131378253
QQQ,2025-02-10 07:00:00-05:00,2025-02-10,pre-market,open at/above the 50,False,False,False,True,,26.0,True,527.28281,2025-02-11 09:00:00-05:00,0.006518683967717412,0.011308561339217545,True,True,-0.006101918872049916,0.007892974929336325,hit the 200,0.007892974929336325,-0.0012637370963159977,flat at the close (red),-0.0012637370963159977,-0.0019860120226563053,stopped,-0.0019860120226563053,-0.006101918872049916
QQQ,2025-02-20 10:00:00-05:00,2025-02-20,regular hours,open at/above the 50,True,False,False,False,0.014127940469106148,,,,,,,,,,,,,,,,,,,
QQQ,2025-03-13 16:00:00-04:00,2025-03-14,after hours,open at/above the 50,True,True,True,False,-0.020409866855878867,,,,,,,,,,,,,,,,,,,
QQQ,2025-03-19 04:00:00-04:00,2025-03-19,pre-market,open at/above the 50,True,True,True,True,,6.0,False,478.4138,2025-03-19 10:00:00-04:00,0.014456522784250797,0.005777007268603045,False,False,-0.0019947013788931267,-0.002500345934837233,stopped,-0.002500345934837233,-0.002500345934837233,stopped,-0.002500345934837233,-0.00876061685511588,stopped,-0.00876061685511588,-0.0019947013788931267
QQQ,2025-03-21 14:00:00-04:00,2025-03-21,regular hours,below the 200,False,True,True,False,-0.00581383276925318,,,,,,,,,,,,,,,,,,,
QQQ,2025-03-26 18:00:00-04:00,2025-03-27,after hours,between 200 and 50,True,False,True,False,0.0029329173166927625,,,,,,,,,,,,,,,,,,,
QQQ,2025-04-03 07:00:00-04:00,2025-04-03,pre-market,below the 200,True,True,True,False,0.08488867835149216,,,,,,,,,,,,,,,,,,,
QQQ,2025-04-16 09:00:00-04:00,2025-04-16,regular hours,open at the 200,True,False,True,False,0.004308410376088423,,,,,,,,,,,,,,,,,,,
QQQ,2025-05-06 08:00:00-04:00,2025-05-06,pre-market,between 200 and 50,True,False,True,True,,4.0,False,484.499254,2025-05-06 12:00:00-04:00,0.006193499732406177,0.01592830935504397,True,False,0.0023362103564557035,0.0023362103564557035,time exit (36h),0.0023362103564557035,0.0023362103564557035,time exit (36h),0.0023362103564557035,0.0023362103564557035,time exit (36h),0.0023362103564557035,0.0023362103564557035
QQQ,2025-05-19 08:00:00-04:00,2025-05-19,pre-market,between 200 and 50,True,False,False,True,,1.0,False,517.919272,2025-05-19 09:00:00-04:00,0.009578187698719227,0.0031264949723670906,True,False,-0.003694844567559308,-0.007299840350409026,stopped,-0.007299840350409026,-0.007299840350409026,stopped,-0.007299840350409026,-0.0010054230999924569,stopped,-0.0010054230999924569,-0.003694844567559308
QQQ,2025-05-21 14:00:00-04:00,2025-05-21,regular hours,between 200 and 50,True,False,False,False,-9.730087376180752e-05,,,,,,,,,,,,,,,,,,,
QQQ,2025-05-30 08:00:00-04:00,2025-05-30,pre-market,open at/above the 50,True,False,False,False,-0.0003085884009333961,,,,,,,,,,,,,,,,,,,
QQQ,2025-06-06 07:00:00-04:00,2025-06-06,pre-market,open at/above the 50,True,False,False,False,-0.007291019047080738,,,,,,,,,,,,,,,,,,,
QQQ,2025-06-12 13:00:00-04:00,2025-06-12,regular hours,open at/above the 50,False,False,False,False,0.012676002884359772,,,,,,,,,,,,,,,,,,,
QQQ,2025-06-18 06:00:00-04:00,2025-06-18,pre-market,open at/above the 50,True,False,False,True,,3.0,False,530.55176,2025-06-18 09:00:00-04:00,0.0037663431745095146,0.005940532550490395,True,True,0.003009225650332459,0.0021233300592574215,hit the 200,0.0021233300592574215,0.0021233300592574215,hit the 200,0.0021233300592574215,0.0021233300592574215,hit the 200,0.0021233300592574215,0.003009225650332459
QQQ,2025-07-01 19:00:00-04:00,2025-07-02,after hours,between 200 and 50,True,False,False,True,,15.0,False,548.96618,2025-07-02 10:00:00-04:00,0.014998774605750826,-0.001191002330963259,True,False,-0.012313236537665584,-0.0031765526976543943,stopped,-0.0031765526976543943,-0.0031765526976543943,stopped,-0.0031765526976543943,-0.0026322568723632475,stopped,-0.0026322568723632475,-0.012313236537665584
QQQ,2025-07-08 13:00:00-04:00,2025-07-08,regular hours,open at/above the 50,False,False,False,False,-0.00453351563343285,,,,,,,,,,,,,,,,,,,
QQQ,2025-07-11 16:00:00-04:00,2025-07-14,after hours,open at/above the 50,True,False,False,False,0.0005056910569105622,,,,,,,,,,,,,,,,,,,
QQQ,2025-07-16 18:00:00-04:00,2025-07-17,after hours,open at/above the 50,False,False,False,False,-0.010422224593604423,,,,,,,,,,,,,,,,,,,
QQQ,2025-07-22 18:00:00-04:00,2025-07-23,after hours,open at/above the 50,True,False,False,True,,15.0,False,562.412258,2025-07-23 09:00:00-04:00,0.0068592779498060485,0.005035910863806085,True,False,-0.006005093582651444,-0.0034454121019532814,stopped,-0.0034454121019532814,-0.0025144848624587546,flat at the close (red),-0.0025144848624587546,-0.0024674817809536486,stopped,-0.0024674817809536486,-0.006005093582651444
QQQ,2025-07-30 13:00:00-04:00,2025-07-30,regular hours,open at/above the 50,False,False,False,True,,22.0,True,569.840604,2025-07-31 11:00:00-04:00,0.002771645244149668,0.03186962085980106,True,True,0.030361501291385817,0.009922205368152349,hit the 200,0.009922205368152349,0.009922205368152349,hit the 200,0.009922205368152349,-0.0013326463482409862,stopped,-0.0013326463482409862,0.030361501291385817
QQQ,2025-08-01 05:00:00-04:00,2025-08-01,pre-market,below the 200,True,False,False,False,0.012170345784787262,,,,,,,,,,,,,,,,,,,
QQQ,2025-08-15 09:00:00-04:00,2025-08-15,regular hours,open at/above the 50,True,False,False,False,0.00039857207222815383,,,,,,,,,,,,,,,,,,,
QQQ,2025-08-29 17:00:00-04:00,2025-09-02,after hours,below the 200,True,False,False,False,3.510742873213957e-05,,,,,,,,,,,,,,,,,,,
QQQ,2025-09-17 18:00:00-04:00,2025-09-18,after hours,open at/above the 50,False,False,False,False,-0.006894527646871373,,,,,,,,,,,,,,,,,,,
QQQ,2025-09-24 10:00:00-04:00,2025-09-24,regular hours,open at/above the 50,True,False,False,False,0.007035773640074794,,,,,,,,,,,,,,,,,,,
QQQ,2025-10-08 05:00:00-04:00,2025-10-08,pre-market,open at/above the 50,True,False,False,True,,4.0,False,606.124786,2025-10-08 09:00:00-04:00,0.011192932803114234,-0.002235866328687054,True,False,-0.00892035600231067,-0.005914976722301643,stopped,-0.005914976722301643,-0.005914976722301643,stopped,-0.005914976722301643,-0.0027803086739303443,stopped,-0.0027803086739303443,-0.00892035600231067
QQQ,2025-10-10 14:00:00-04:00,2025-10-10,regular hours,open at/above the 50,True,False,False,False,0.006882172461139646,,,,,,,,,,,,,,,,,,,
QQQ,2025-10-17 08:00:00-04:00,2025-10-17,pre-market,below the 200,True,True,False,True,,1.0,False,600.8145579999999,2025-10-17 09:00:00-04:00,0.007815126876469713,0.007307675790372481,False,False,-0.006901671102001794,-0.006901671102001794,time exit (36h),-0.006901671102001794,-0.005076243624561272,flat at the close (red),-0.005076243624561272,-0.0035209566276854934,stopped,-0.0035209566276854934,-0.006901671102001794
QQQ,2025-10-22 15:00:00-04:00,2025-10-22,regular hours,open at/above the 50,True,False,False,True,,20.0,False,609.334726,2025-10-23 11:00:00-04:00,0.014910153011696091,0.0006477983006010254,True,False,-0.013255075139266603,-0.0055578220893978654,stopped,-0.0055578220893978654,-0.00207218146085808,flat at the close (red),-0.00207218146085808,-0.0015513213996602691,stopped,-0.0015513213996602691,-0.013255075139266603
QQQ,2025-10-30 18:00:00-04:00,2025-10-31,after hours,open at/above the 50,True,False,False,True,,16.0,True,633.24626,2025-10-31 10:00:00-04:00,0.0007954883144513059,0.01035341290448356,True,False,0.006670789285430523,-0.00040069719480063476,stopped,-0.00040069719480063476,-0.00040069719480063476,stopped,-0.00040069719480063476,-0.000763905024879281,stopped,-0.000763905024879281,0.006670789285430523
QQQ,2025-11-13 08:00:00-05:00,2025-11-13,pre-market,below the 200,True,True,False,False,0.010926459042135406,,,,,,,,,,,,,,,,,,,
QQQ,2025-11-21 04:00:00-05:00,2025-11-21,pre-market,below the 200,True,True,False,True,,10.0,False,596.7373540000001,2025-11-21 14:00:00-05:00,0.0004066211011820158,0.012228753489428852,False,False,0.007900135121440721,0.007900135121440721,time exit (36h),0.007900135121440721,0.007900135121440721,time exit (36h),0.007900135121440721,0.007900135121440721,time exit (36h),0.007900135121440721,0.007900135121440721
QQQ,2025-12-09 11:00:00-05:00,2025-12-09,regular hours,open at/above the 50,True,False,False,True,,27.0,False,624.8311900000001,2025-12-10 14:00:00-05:00,0.007007988829750848,0.011380977956622296,True,True,0.0012999423095416685,-0.006415828889719678,stopped,-0.006415828889719678,-0.006415828889719678,stopped,-0.006415828889719678,-0.005663625722653023,stopped,-0.005663625722653023,0.0012999423095416685
QQQ,2025-12-11 18:00:00-05:00,2025-12-12,after hours,open at/above the 50,False,False,True,False,0.019121501339012692,,,,,,,,,,,,,,,,,,,
QQQ,2025-12-29 13:00:00-05:00,2025-12-29,regular hours,open at/above the 50,True,False,False,False,0.003042268107968038,,,,,,,,,,,,,,,,,,,
QQQ,2026-01-08 18:00:00-05:00,2026-01-09,after hours,open at/above the 50,True,False,False,True,,16.0,False,622.6540960000001,2026-01-09 10:00:00-05:00,0.00840900916517843,-0.001792173226143664,True,False,-0.006725324229904017,-0.0012300633769537813,stopped,-0.0012300633769537813,-0.0012300633769537813,stopped,-0.0012300633769537813,-0.004313637406795339,stopped,-0.004313637406795339,-0.006725324229904017
QQQ,2026-01-14 08:00:00-05:00,2026-01-14,pre-market,open at the 200,True,False,False,False,-0.0002569290554644832,,,,,,,,,,,,,,,,,,,
QQQ,2026-01-20 04:00:00-05:00,2026-01-20,pre-market,below the 200,True,False,False,True,,31.0,False,616.5399140000001,2026-01-21 11:00:00-05:00,0.009856597864967943,0.013494526162989082,False,False,-0.00646214809443213,-0.00646214809443213,time exit (36h),-0.00646214809443213,-0.00646214809443213,time exit (36h),-0.00646214809443213,-0.006098690311232448,stopped,-0.006098690311232448,-0.00646214809443213
QQQ,2026-01-29 14:00:00-05:00,2026-01-29,regular hours,open at/above the 50,True,False,False,False,0.009044885850638451,,,,,,,,,,,,,,,,,,,
QQQ,2026-02-03 16:00:00-05:00,2026-02-04,after hours,below the 200,True,False,False,False,0.015035114906525093,,,,,,,,,,,,,,,,,,,
QQQ,2026-02-11 18:00:00-05:00,2026-02-12,after hours,open at/above the 50,True,True,True,False,0.020358482701125613,,,,,,,,,,,,,,,,,,,
QQQ,2026-02-23 18:00:00-05:00,2026-02-24,after hours,open at/above the 50,True,True,True,True,,15.0,False,604.298974,2026-02-24 09:00:00-05:00,0.024658367200868357,0.002579805803211631,False,False,-0.017160485132880265,-0.006141043026162654,stopped,-0.006141043026162654,-0.006141043026162654,stopped,-0.006141043026162654,-0.005843177221743879,stopped,-0.005843177221743879,-0.017160485132880265
QQQ,2026-02-27 07:00:00-05:00,2026-02-27,pre-market,below the 200,True,False,True,False,0.00024777825498034645,,,,,,,,,,,,,,,,,,,
QQQ,2026-03-06 12:00:00-05:00,2026-03-06,regular hours,below the 200,True,False,True,False,0.006513026052104465,,,,,,,,,,,,,,,,,,,
QQQ,2026-03-12 10:00:00-04:00,2026-03-12,regular hours,below the 200,True,False,True,False,0.009276422216230706,,,,,,,,,,,,,,,,,,,
QQQ,2026-03-19 04:00:00-04:00,2026-03-19,pre-market,below the 200,True,True,True,False,0.013431431260158888,,,,,,,,,,,,,,,,,,,
QQQ,2026-03-24 13:00:00-04:00,2026-03-24,regular hours,below the 200,True,True,True,False,-0.0034267594108019495,,,,,,,,,,,,,,,,,,,
QQQ,2026-03-26 07:00:00-04:00,2026-03-26,pre-market,below the 200,True,True,True,False,0.03786620962990739,,,,,,,,,,,,,,,,,,,
QQQ,2026-04-28 16:00:00-04:00,2026-04-29,after hours,open at/above the 50,True,False,False,True,,18.0,False,661.140774,2026-04-29 10:00:00-04:00,0.012643640097139185,0.008153746088575026,True,False,-0.010105443994453567,,skipped (already above yesterday's high),,,skipped (already above yesterday's high),,-0.0008761008589678398,stopped,-0.0008761008589678398,-0.010105443994453567
QQQ,2026-05-12 19:00:00-04:00,2026-05-13,after hours,open at/above the 50,False,False,False,True,,14.0,True,708.873164,2026-05-13 09:00:00-04:00,0.018560211710878082,0.0043634942851356155,True,False,-0.015070910909798285,-0.0018435399537849845,stopped,-0.0018435399537849845,-0.0018435399537849845,stopped,-0.0018435399537849845,-0.002788701985620729,stopped,-0.002788701985620729,-0.015070910909798285
QQQ,2026-05-15 17:00:00-04:00,2026-05-18,after hours,open at/above the 50,True,False,False,False,0.0022800980017279038,,,,,,,,,,,,,,,,,,,
QQQ,2026-06-04 07:00:00-04:00,2026-06-04,pre-market,between 200 and 50,True,False,False,True,,6.0,False,742.551404,2026-06-04 13:00:00-04:00,0.001275865879313471,0.057627530928485125,True,True,0.06033329144652311,0.019690654978547474,hit the 200,0.019690654978547474,0.019690654978547474,hit the 200,0.019690654978547474,0.019690654978547474,hit the 200,0.019690654978547474,0.06033329144652311
QQQ,2026-06-17 11:00:00-04:00,2026-06-17,regular hours,open at/above the 50,True,False,False,True,,3.0,True,735.190174,2026-06-17 14:00:00-04:00,0.012481567796361786,0.019505393988032183,True,True,-0.006269461098078799,0.012061896110162054,hit the 200,0.012061896110162054,0.012061896110162054,hit the 200,0.012061896110162054,0.012061896110162054,hit the 200,0.012061896110162054,-0.006269461098078799
QQQ,2026-06-23 08:00:00-04:00,2026-06-23,pre-market,below the 200,True,False,False,False,-0.011621166533248628,,,,,,,,,,,,,,,,,,,
QQQ,2026-06-26 06:00:00-04:00,2026-06-26,pre-market,below the 200,True,True,False,False,0.0015155807365438978,,,,,,,,,,,,,,,,,,,
QQQ,2026-07-02 09:00:00-04:00,2026-07-02,regular hours,open at/above the 50,False,False,False,False,0.0219540197698187,,,,,,,,,,,,,,,,,,,
QQQ,2026-07-13 17:00:00-04:00,2026-07-14,after hours,open at/above the 50,True,False,False,True,,16.0,False,719.433444,2026-07-14 09:00:00-04:00,0.009502694178337327,0.012792627416414617,True,True,0.002862561384839424,,skipped (already above yesterday's high),,,skipped (already above yesterday's high),,0.0012597505197436726,hit the 200,0.0012597505197436726,0.002862561384839424
QQQ,2026-07-16 09:00:00-04:00,2026-07-16,regular hours,below the 200,True,True,False,False,0.022455305651672308,,,,,,,,,,,,,,,,,,,
QQQ,2026-07-23 10:00:00-04:00,2026-07-23,regular hours,below the 200,True,True,True,False,0.011478286299166474,,,,,,,,,,,,,,,,,,,
QQQ,2026-08-06 17:00:00-04:00,2026-08-07,after hours,open at/above the 50,True,False,True,False,-0.01133802524784655,,,,,,,,,,,,,,,,,,,
QQQ,2026-08-11 16:00:00-04:00,2026-08-12,after hours,open at/above the 50,True,False,True,False,-0.007509351471126857,,,,,,,,,,,,,,,,,,,
QQQ,2026-08-18 06:00:00-04:00,2026-08-18,pre-market,open at the 200,True,False,True,False,0.0030589543937706853,,,,,,,,,,,,,,,,,,,
QQQ,2026-08-26 12:00:00-04:00,2026-08-26,regular hours,open at/above the 50,True,True,True,True,,1.0,False,710.1131399999999,2026-08-26 13:00:00-04:00,0.015908535363815462,-0.0006292800045919657,False,False,-0.012016500869565294,-0.005529907529946613,stopped,-0.005529907529946613,-0.0016545431539878308,flat at the close (red),-0.0016545431539878308,-0.0015868738888567516,stopped,-0.0015868738888567516,-0.012016500869565294
QQQ,2026-08-31 11:00:00-04:00,2026-08-31,regular hours,open at/above the 50,True,True,False,False,0.00865335019049085,,,,,,,,,,,,,,,,,,,
QQQ,2026-09-09 10:00:00-04:00,2026-09-09,regular hours,open at/above the 50,True,False,False,True,,1.0,False,718.2246640000001,2026-09-09 11:00:00-04:00,0.0010377477095383514,0.016324507619526796,True,True,0.016021328076195385,0.005904438698028295,hit the 200,0.005904438698028295,0.005904438698028295,hit the 200,0.005904438698028295,0.005904438698028295,hit the 200,0.005904438698028295,0.016021328076195385
QQQ,2026-09-24 07:00:00-04:00,2026-09-24,pre-market,between 200 and 50,True,False,False,True,,5.0,False,741.826214,2026-09-24 12:00:00-04:00,0.007055272382164558,0.005481356580909473,True,False,-0.004794453984437785,-0.004794453984437785,time exit (36h),-0.004794453984437785,-0.004794453984437785,time exit (36h),-0.004794453984437785,-0.0007869579006275426,stopped,-0.0007869579006275426,-0.004794453984437785
QQQ,2026-09-28 16:00:00-04:00,2026-09-29,after hours,open at/above the 50,True,False,False,True,,17.0,False,740.2146639999999,2026-09-29 09:00:00-04:00,0.006599890866253045,0.006585473426935279,True,False,-0.0034805277329026385,-0.001628360067181947,stopped,-0.001628360067181947,-0.001628360067181947,stopped,-0.001628360067181947,-0.002344368579004791,stopped,-0.002344368579004791,-0.0034805277329026385
QQQ,2026-10-08 06:00:00-04:00,2026-10-08,pre-market,open at/above the 50,True,False,False,True,,4.0,True,756.901694,2026-10-08 10:00:00-04:00,0.0003676910782550442,0.01806270762554272,True,True,0.011562571333110672,0.014349868795511,hit the 200,0.014349868795511,0.014349868795511,hit the 200,0.014349868795511,0.014349868795511,hit the 200,0.014349868795511,0.011562571333110672
SHOP,2024-10-15 15:00:00-04:00,2024-10-15,regular hours,open at/above the 50,True,False,False,False,0.006786440877863731,,,,,,,,,,,,,,,,,,,
SHOP,2024-10-22 16:00:00-04:00,2024-10-23,after hours,below the 200,True,False,False,False,0.020000000000000018,,,,,,,,,,,,,,,,,,,
SHOP,2024-10-31 07:00:00-04:00,2024-10-31,pre-market,open at/above the 50,True,True,False,True,,2.0,False,79.911532,2024-10-31 09:00:00-04:00,0.00598747124507645,0.03493152903137936,False,False,0.010259570164348863,0.010259570164348863,time exit (36h),0.0016826403551415403,0.010259570164348863,time exit (36h),0.0016826403551415403,0.010259570164348863,time exit (36h),0.0016826403551415403,0.0016826403551415403
SHOP,2024-11-15 08:00:00-05:00,2024-11-15,pre-market,between 200 and 50,True,False,False,False,-0.004608294930875556,,,,,,,,,,,,,,,,,,,
SHOP,2024-12-03 09:00:00-05:00,2024-12-03,regular hours,between 200 and 50,True,False,False,True,,24.0,False,113.243214,2024-12-04 09:00:00-05:00,0.022489524184645726,0.008858932597939156,True,False,-0.004464013503178044,-0.004464013503178044,time exit (36h),-0.004216578578563279,-0.001646707220312238,flat at the close (red),0.0008878132780336667,-0.019045609214164577,stopped,-0.018781682981546626,-0.004216578578563279
SHOP,2024-12-10 08:00:00-05:00,2024-12-10,pre-market,between 200 and 50,True,False,False,True,,2.0,False,116.314964,2024-12-10 10:00:00-05:00,0.013283209200838475,0.031208056772471692,True,False,-0.008397578857629928,-0.008397578857629928,time exit (36h),-0.005645255039316344,-0.008397578857629928,time exit (36h),-0.005645255039316344,-0.004084048893313528,stopped,0.00039103378054823525,-0.005645255039316344
SHOP,2024-12-13 13:00:00-05:00,2024-12-13,regular hours,open at/above the 50,True,False,False,False,-0.006254343293954134,,,,,,,,,,,,,,,,,,,
SHOP,2024-12-19 04:00:00-05:00,2024-12-19,pre-market,below the 200,True,False,False,False,0.003578309936691504,,,,,,,,,,,,,,,,,,,
SHOP,2024-12-27 11:00:00-05:00,2024-12-27,regular hours,open at/above the 50,True,True,False,False,-0.009699355165984969,,,,,,,,,,,,,,,,,,,
SHOP,2025-01-08 06:00:00-05:00,2025-01-08,pre-market,below the 200,True,False,False,False,-0.008857808857808847,,,,,,,,,,,,,,,,,,,
SHOP,2025-01-24 08:00:00-05:00,2025-01-24,pre-market,open at/above the 50,True,False,True,True,,1.0,False,106.133278,2025-01-24 09:00:00-05:00,0.03068521072156083,-0.0075068066775437065,True,False,-0.013814551198661928,-0.0032612014489931617,stopped,-0.001082052464017763,-0.0032612014489931617,stopped,-0.001082052464017763,-0.01830078215430216,stopped,-0.017431259735389244,-0.016300188822326533
SHOP,2025-01-28 06:00:00-05:00,2025-01-28,pre-market,open at/above the 50,False,False,True,False,-0.07228708791208793,,,,,,,,,,,,,,,,,,,
SHOP,2025-02-03 07:00:00-05:00,2025-02-03,pre-market,between 200 and 50,True,False,True,True,,26.0,True,116.994894,2025-02-04 09:00:00-05:00,0.04374213117369032,0.007478052845622456,True,False,-0.04173237775411587,-0.04278055074779586,stopped,-0.031184190119177176,-0.018828463602817758,flat at the close (red),-0.011732611435840923,-0.013377558169333443,stopped,-0.008646826738287145,-0.029743754544141354
SHOP,2025-02-07 08:00:00-05:00,2025-02-07,pre-market,between 200 and 50,True,False,True,True,,1.0,False,119.571598,2025-02-07 09:00:00-05:00,0.0007401590467997711,0.025521094064495136,True,False,0.019713440218318112,0.019713440218318112,time exit (36h),0.00881744853246591,0.019713440218318112,time exit (36h),0.00881744853246591,0.019713440218318112,time exit (36h),0.00881744853246591,0.00881744853246591
SHOP,2025-02-13 07:00:00-05:00,2025-02-13,pre-market,open at/above the 50,True,False,False,True,,2.0,False,121.374094,2025-02-13 09:00:00-05:00,0.059287000733451355,-0.013972553319326888,True,False,-0.05435065056486166,-0.009193938864746504,stopped,-0.008846733864994455,-0.009193938864746504,stopped,-0.008846733864994455,-0.021964374045090766,stopped,-0.01789578454435769,-0.04588858227793857
SHOP,2025-02-20 06:00:00-05:00,2025-02-20,pre-market,between 200 and 50,True,False,False,False,0.0942857142857143,,,,,,,,,,,,,,,,,,,
SHOP,2025-02-28 07:00:00-05:00,2025-02-28,pre-market,below the 200,True,True,False,False,-0.015892857142857153,,,,,,,,,,,,,,,,,,,
SHOP,2025-03-07 10:00:00-05:00,2025-03-07,regular hours,below the 200,True,True,False,False,0.005850585058505997,,,,,,,,,,,,,,,,,,,
SHOP,2025-03-13 18:00:00-04:00,2025-03-14,after hours,open at/above the 50,True,True,True,True,,15.0,False,93.765236,2025-03-14 09:00:00-04:00,0.022020570608919456,0.005601606975105429,False,False,-0.010889147920567499,-0.01882109057988186,stopped,-0.016385734946331176,-0.01882109057988186,stopped,-0.016385734946331176,-0.010715741172986484,stopped,-0.004383579140986884,-0.001993617035284223
SHOP,2025-03-19 07:00:00-04:00,2025-03-19,pre-market,open at/above the 50,False,True,True,False,-0.05994557113400023,,,,,,,,,,,,,,,,,,,
SHOP,2025-03-26 16:00:00-04:00,2025-03-27,after hours,between 200 and 50,True,False,True,False,0.02473248595920796,,,,,,,,,,,,,,,,,,,
SHOP,2025-04-03 07:00:00-04:00,2025-04-03,pre-market,below the 200,True,True,True,False,0.17795275590551185,,,,,,,,,,,,,,,,,,,
SHOP,2025-04-14 05:00:00-04:00,2025-04-14,pre-market,open at/above the 50,False,True,True,True,,28.0,False,83.826024,2025-04-15 09:00:00-04:00,0.018180225272285255,0.03979699669401007,False,False,0.00019119436821379843,-0.016508906589676742,stopped,-0.028658386569364702,-0.0018334841628959708,flat at the close (red),-0.002670350933705823,-0.0023140307835665943,stopped,-0.0031508975543764464,-0.023042953364460272
SHOP,2025-04-21 11:00:00-04:00,2025-04-21,regular hours,below the 200,True,True,True,True,,22.0,False,82.908156,2025-04-22 09:00:00-04:00,0.1512739470408677,0.00914452855518822,True,True,-0.09325183245729729,0.007040037170770146,hit the 200,0.017084446037295725,0.007040037170770146,hit the 200,0.017084446037295725,0.007040037170770146,hit the 200,0.017084446037295725,-0.06101780972578985
SHOP,2025-04-30 12:00:00-04:00,2025-04-30,regular hours,between 200 and 50,True,False,True,True,,22.0,True,97.43582999999998,2025-05-01 10:00:00-04:00,0.03134545064171993,0.017301951448455685,True,False,-0.018191738914886457,-0.024442445864114107,stopped,-0.009200155115215505,-0.024442445864114107,stopped,-0.009200155115215505,-0.0058928014468601925,stopped,-0.0031625112866117983,-0.004113443835232933
SHOP,2025-05-06 08:00:00-04:00,2025-05-06,pre-market,between 200 and 50,True,False,True,False,0.013544187677481778,,,,,,,,,,,,,,,,,,,
SHOP,2025-05-19 05:00:00-04:00,2025-05-19,pre-market,between 200 and 50,True,False,False,False,0.007695917409666908,,,,,,,,,,,,,,,,,,,
SHOP,2025-05-30 13:00:00-04:00,2025-05-30,regular hours,open at/above the 50,True,False,False,False,-0.02736016434774491,,,,,,,,,,,,,,,,,,,
SHOP,2025-06-10 16:00:00-04:00,2025-06-11,after hours,open at/above the 50,False,False,False,False,-0.029017463397424503,,,,,,,,,,,,,,,,,,,
SHOP,2025-06-13 05:00:00-04:00,2025-06-13,pre-market,below the 200,True,False,False,False,0.0028409090909091717,,,,,,,,,,,,,,,,,,,
SHOP,2025-06-18 11:00:00-04:00,2025-06-18,regular hours,below the 200,False,True,False,True,,1.0,False,107.01875399999999,2025-06-18 12:00:00-04:00,0.005431253666063121,0.016060306588880583,False,False,0.01199767375886518,0.01199767375886518,time exit (36h),0.007896985650911015,0.01199767375886518,time exit (36h),0.007896985650911015,0.01199767375886518,time exit (36h),0.007896985650911015,0.007896985650911015
SHOP,2025-06-26 17:00:00-04:00,2025-06-27,after hours,open at/above the 50,False,False,False,True,,16.0,True,113.518508,2025-06-27 09:00:00-04:00,0.01357921300375094,0.01416868516277537,True,False,0.0010450440917106896,-0.0021273359230550145,stopped,-0.0006298425966666374,-0.0021273359230550145,stopped,-0.0006298425966666374,-0.006003355858059778,stopped,-0.00377502515426531,0.0010287423131865037
SHOP,2025-07-01 19:00:00-04:00,2025-07-02,after hours,between 200 and 50,True,False,False,True,,14.0,False,114.05344600000001,2025-07-02 09:00:00-04:00,0.030481797104140042,0.0017837777562636184,True,False,-0.026764689819950394,-0.01811917195382239,stopped,-0.014854472726360191,-0.01811917195382239,stopped,-0.014854472726360191,-0.02548326334655418,stopped,-0.021362456314941852,-0.013500902040554874
SHOP,2025-07-08 15:00:00-04:00,2025-07-08,regular hours,open at/above the 50,True,False,False,False,-0.015832750174947452,,,,,,,,,,,,,,,,,,,
SHOP,2025-07-11 19:00:00-04:00,2025-07-14,after hours,below the 200,True,True,False,False,0.0,,,,,,,,,,,,,,,,,,,
SHOP,2025-07-22 13:00:00-04:00,2025-07-22,regular hours,open at/above the 50,True,False,False,False,0.01315491652646128,,,,,,,,,,,,,,,,,,,
SHOP,2025-07-30 10:00:00-04:00,2025-07-30,regular hours,between 200 and 50,False,False,False,True,,2.0,False,125.490594,2025-07-30 12:00:00-04:00,0.008681176535031756,0.03506712224184705,True,True,0.03174047521170764,0.02314882261215533,hit the 200,0.020493146399764284,0.02314882261215533,hit the 200,0.020493146399764284,-0.0003140155667762606,stopped,0.0004477725147743245,0.023667013843893914
SHOP,2025-08-11 06:00:00-04:00,2025-08-11,pre-market,open at/above the 50,True,False,False,True,,3.0,True,151.21402799999998,2025-08-11 09:00:00-04:00,0.013927094118543079,0.030513227251640906,True,False,0.01288785585102814,,skipped (already above yesterday's high),,,skipped (already above yesterday's high),,0.011665769527678982,stopped,0.019614593383328972,0.021238554075143967
SHOP,2025-08-14 13:00:00-04:00,2025-08-14,regular hours,between 200 and 50,True,False,False,False,0.030483061036848502,,,,,,,,,,,,,,,,,,,
SHOP,2025-08-27 06:00:00-04:00,2025-08-27,pre-market,open at/above the 50,True,True,False,True,,3.0,True,140.68378199999998,2025-08-27 09:00:00-04:00,0.024993769359996375,0.02419384773150309,False,False,-0.009478405970569703,-0.003527186950376607,stopped,-0.0033877277421949046,-0.003527186950376607,stopped,-0.0033877277421949046,0.0008798597694791657,stopped,0.0037696959863387303,-0.004252166858567885
SHOP,2025-09-02 09:00:00-04:00,2025-09-02,regular hours,below the 200,True,True,False,True,,24.0,True,140.368878,2025-09-03 09:00:00-04:00,0.03733820541046156,0.016073206768811,False,False,-0.035166639057882865,-0.01938550794713917,stopped,-0.013527961616810746,-0.01938550794713917,stopped,-0.013527961616810746,0.0009181379935229379,stopped,0.004732978654141706,-0.024280672254692437
SHOP,2025-09-09 14:00:00-04:00,2025-09-09,regular hours,open at/above the 50,True,False,False,True,,19.0,False,145.415776,2025-09-10 09:00:00-04:00,0.010824987792246226,0.02857857733400263,True,True,0.0028674206896550647,0.02507962753642357,hit the 200,0.022649484564289727,0.02507962753642357,hit the 200,0.022649484564289727,0.02507962753642357,hit the 200,0.022649484564289727,0.008736625610055948
SHOP,2025-09-15 04:00:00-04:00,2025-09-15,pre-market,open at/above the 50,False,False,False,False,-0.020379050336254312,,,,,,,,,,,,,,,,,,,
SHOP,2025-09-24 05:00:00-04:00,2025-09-24,pre-market,between 200 and 50,True,False,False,False,0.0532487398681063,,,,,,,,,,,,,,,,,,,
SHOP,2025-10-08 13:00:00-04:00,2025-10-08,regular hours,open at/above the 50,False,False,False,False,0.010366607209356893,,,,,,,,,,,,,,,,,,,
SHOP,2025-10-10 10:00:00-04:00,2025-10-10,regular hours,open at/above the 50,True,False,False,False,0.05516787360105324,,,,,,,,,,,,,,,,,,,
SHOP,2025-10-17 16:00:00-04:00,2025-10-20,after hours,open at/above the 50,False,True,False,False,0.000506329113924231,,,,,,,,,,,,,,,,,,,
SHOP,2025-10-23 07:00:00-04:00,2025-10-23,pre-market,open at/above the 50,False,False,False,True,,2.0,False,162.51,2025-10-23 09:00:00-04:00,0.07525690726724521,-0.010460894714171541,True,False,-0.0638824884792627,-0.005168912682296496,stopped,-0.0019597658675611094,-0.005168912682296496,stopped,-0.0019597658675611094,-0.023748692388160866,stopped,-0.01834980790939529,-0.04987097216448344
SHOP,2025-10-30 16:00:00-04:00,2025-10-31,after hours,open at/above the 50,True,False,False,True,,17.0,False,177.573982,2025-10-31 09:00:00-04:00,0.012310463365066568,0.03313538353833842,True,False,0.01996976403424977,-0.003694336256986054,stopped,-0.0065035305156952335,-0.003694336256986054,stopped,-0.0065035305156952335,0.01996976403424977,time exit (36h),0.014630710911998746,0.014630710911998746
SHOP,2025-11-13 06:00:00-05:00,2025-11-13,pre-market,below the 200,True,True,False,False,0.07265482410881652,,,,,,,,,,,,,,,,,,,
SHOP,2025-11-21 18:00:00-05:00,2025-11-24,after hours,open at/above the 50,False,True,False,False,0.002029495332160902,,,,,,,,,,,,,,,,,,,
SHOP,2025-12-01 11:00:00-05:00,2025-12-01,regular hours,between 200 and 50,True,False,True,True,,23.0,False,156.793766,2025-12-02 10:00:00-05:00,0.028261544531049718,0.010164728105325415,True,False,-0.01991645205650694,-0.026826538498985954,stopped,-0.024662194602289668,-0.00016728733579896016,flat at the close (red),-0.0014145726559844363,-0.010244246572915408,stopped,-0.01284504591463416,-0.01810244617561685
SHOP,2025-12-08 14:00:00-05:00,2025-12-08,regular hours,open at/above the 50,True,False,True,True,,19.0,False,160.31802,2025-12-09 09:00:00-05:00,0.05371810355442275,0.013772749937904526,True,False,-0.04242014096284796,-0.01766476407330889,stopped,-0.017050369690628817,-0.01766476407330889,stopped,-0.017050369690628817,-0.011177658007502986,stopped,-0.009241952643772875,-0.03871513341312571
SHOP,2025-12-15 05:00:00-05:00,2025-12-15,pre-market,open at/above the 50,False,False,True,True,,28.0,False,163.12619800000002,2025-12-16 09:00:00-05:00,0.04416091399371667,0.022290705261211366,True,True,0.000774220858895891,0.01765538911168637,hit the 200,0.01652136849312976,0.01765538911168637,hit the 200,0.01652136849312976,0.01765538911168637,hit the 200,0.01652136849312976,-0.009525404609268762
SHOP,2025-12-24 10:00:00-05:00,2025-12-24,regular hours,open at/above the 50,True,False,False,True,,1.0,True,169.43235199999998,2025-12-24 11:00:00-05:00,0.0025824347878970655,0.0048199295492278625,True,False,-0.00010414871643560364,-0.0011665304628481765,stopped,0.00013711830520371396,-0.0011665304628481765,stopped,0.00013711830520371396,-0.001284571673773527,stopped,-0.00011113480757433134,0.0005915538707084167
SHOP,2026-01-09 13:00:00-05:00,2026-01-09,regular hours,open at/above the 50,True,False,False,False,0.008253108295742217,,,,,,,,,,,,,,,,,,,
SHOP,2026-01-14 11:00:00-05:00,2026-01-14,regular hours,below the 200,True,True,False,False,-0.024936708860759493,,,,,,,,,,,,,,,,,,,
SHOP,2026-01-30 16:00:00-05:00,2026-02-02,after hours,below the 200,True,True,True,False,0.0027800525674310794,,,,,,,,,,,,,,,,,,,
SHOP,2026-02-12 07:00:00-05:00,2026-02-12,pre-market,below the 200,False,True,True,False,0.07881005383377793,,,,,,,,,,,,,,,,,,,
SHOP,2026-02-23 15:00:00-05:00,2026-02-23,regular hours,open at/above the 50,True,False,True,False,0.0006823027718549923,,,,,,,,,,,,,,,,,,,
SHOP,2026-03-02 07:00:00-05:00,2026-03-02,pre-market,below the 200,True,False,True,True,,30.0,False,120.140952,2026-03-03 13:00:00-05:00,0.08414323202632855,-0.0014903161413270184,True,False,-0.07583883076923081,-0.03149673726574098,stopped,-0.025797364152750135,-0.015238098360655705,flat at the close (red),-0.011048585373165443,-0.013184913001188767,stopped,-0.008995400013698505,-0.061994625391681435
SHOP,2026-03-09 09:00:00-04:00,2026-03-09,regular hours,between 200 and 50,True,False,True,True,,1.0,False,130.718886,2026-03-09 10:00:00-04:00,0.031144038360302384,0.018733987681014874,True,False,0.010426574940094246,0.010426574940094246,time exit (36h),0.030885310835071733,-0.02083231460674162,flat at the close (red),0.00014629399404553212,-0.00689352569910982,stopped,0.001113166461502075,0.030885310835071733
SHOP,2026-03-11 08:00:00-04:00,2026-03-11,pre-market,open at/above the 50,True,False,True,True,,1.0,False,130.944484,2026-03-11 09:00:00-04:00,0.026847377549710453,0.040814884573526555,True,False,0.03792393785668979,-0.026007326891295444,stopped,-0.022415593719246917,-0.026007326891295444,stopped,-0.022415593719246917,0.03792393785668979,time exit (36h),0.024457367216910608,0.024457367216910608
SHOP,2026-03-18 19:00:00-04:00,2026-03-19,after hours,below the 200,True,True,True,False,0.017672201216505146,,,,,,,,,,,,,,,,,,,
SHOP,2026-04-06 05:00:00-04:00,2026-04-06,pre-market,open at/above the 50,False,True,True,True,,6.0,True,118.145588,2026-04-06 11:00:00-04:00,0.04824989317417425,0.038559103874450225,False,False,-0.03554622040816324,-0.013156750296930251,stopped,0.009162952305300233,-0.0055922228768622295,flat at the close (red),-0.003497727756428759,-0.0018994530714088193,stopped,-0.0012306889171676,-0.011571121520121297
SHOP,2026-04-07 12:00:00-04:00,2026-04-07,regular hours,open at the 200,True,False,True,False,-0.03325,,,,,,,,,,,,,,,,,,,
SHOP,2026-04-09 14:00:00-04:00,2026-04-09,regular hours,open at/above the 50,True,False,True,False,0.014928057553956764,,,,,,,,,,,,,,,,,,,
SHOP,2026-04-22 13:00:00-04:00,2026-04-22,regular hours,open at/above the 50,True,False,True,False,0.05366849722624356,,,,,,,,,,,,,,,,,,,
SHOP,2026-05-05 13:00:00-04:00,2026-05-05,regular hours,below the 200,True,True,False,False,0.025904761904761875,,,,,,,,,,,,,,,,,,,
SHOP,2026-05-11 14:00:00-04:00,2026-05-11,regular hours,below the 200,True,True,False,False,0.026179831097863815,,,,,,,,,,,,,,,,,,,
SHOP,2026-05-26 09:00:00-04:00,2026-05-26,regular hours,open at the 200,True,False,True,True,,1.0,False,104.335574,2026-05-26 10:00:00-04:00,0.04566444422877283,0.008008524494243873,True,False,-0.026720391791044906,-0.03368387085309945,stopped,-0.03515116356465633,-0.005190942028985512,flat at the close (red),-0.005577356238368747,-0.003492825946402603,stopped,-0.0012734093738727167,-0.02769366023981512
SHOP,2026-06-03 04:00:00-04:00,2026-06-03,pre-market,between 200 and 50,True,False,True,True,,31.0,False,117.55884,2026-06-04 11:00:00-04:00,0.0037526739801106955,0.08118266563365205,True,True,0.08750083256244223,0.06030527351239608,hit the 200,0.050085337269796436,0.06030527351239608,hit the 200,0.050085337269796436,0.01121855234366049,stopped,0.011404142586916308,0.0618725687871875
SHOP,2026-06-05 13:00:00-04:00,2026-06-05,regular hours,between 200 and 50,True,False,True,False,0.011563367252543921,,,,,,,,,,,,,,,,,,,
SHOP,2026-06-18 04:00:00-04:00,2026-06-18,pre-market,below the 200,True,True,True,False,0.001010657846379992,,,,,,,,,,,,,,,,,,,
SHOP,2026-06-30 14:00:00-04:00,2026-06-30,regular hours,between 200 and 50,True,False,True,False,-0.058697444352844075,,,,,,,,,,,,,,,,,,,
SHOP,2026-07-06 18:00:00-04:00,2026-07-07,after hours,open at/above the 50,False,False,False,False,-0.0024937655860348684,,,,,,,,,,,,,,,,,,,
SHOP,2026-07-08 16:00:00-04:00,2026-07-09,after hours,between 200 and 50,True,False,False,True,,17.0,True,119.94941399999999,2026-07-09 09:00:00-04:00,0.09004284089291183,0.012083543817896353,True,False,-0.021460156632403415,-0.008258364646950319,stopped,-0.006254811679688362,-0.008258364646950319,stopped,-0.006254811679688362,-0.007341311396485924,stopped,-0.002983867763417143,-0.011338404138398372
SHOP,2026-07-14 17:00:00-04:00,2026-07-15,after hours,open at/above the 50,False,False,False,True,,17.0,True,124.59614400000001,2026-07-15 10:00:00-04:00,0.0264362595362501,0.022602176195757776,True,False,-0.006299395466798363,-0.012150103136418008,stopped,-0.0145156832482734,-0.012150103136418008,stopped,-0.0145156832482734,-0.0013150968781184397,stopped,-0.0034536654982767053,-0.013454743956298976
SHOP,2026-07-16 07:00:00-04:00,2026-07-16,pre-market,open at/above the 50,False,False,False,True,,2.0,False,124.61201000000001,2026-07-16 09:00:00-04:00,0.02630557038603252,0.02810331042730161,True,True,0.009004129554655904,-0.023898097783672623,stopped,-0.026037708303113295,-0.023898097783672623,stopped,-0.026037708303113295,-0.01153973842489167,stopped,-0.009237629795301764,-0.0021114345482529107
SHOP,2026-07-17 11:00:00-04:00,2026-07-17,regular hours,open at/above the 50,True,False,False,False,-0.00882591093117413,,,,,,,,,,,,,,,,,,,
SHOP,2026-07-21 05:00:00-04:00,2026-07-21,pre-market,below the 200,True,False,False,True,,4.0,True,123.93632399999998,2026-07-21 09:00:00-04:00,0.010438231167805326,0.0590248586040037,True,True,0.04711324771882386,0.010328719286526374,hit the 200,0.012350842113748735,0.010328719286526374,hit the 200,0.012350842113748735,0.010328719286526374,hit the 200,0.012350842113748735,0.04905517732722364
SHOP,2026-07-30 12:00:00-04:00,2026-07-30,regular hours,between 200 and 50,True,False,False,False,0.06309391319236379,,,,,,,,,,,,,,,,,,,
SHOP,2026-08-12 13:00:00-04:00,2026-08-12,regular hours,open at/above the 50,True,False,False,True,,20.0,False,152.224114,2026-08-13 09:00:00-04:00,0.043658562532346346,0.00278611573984904,True,False,-0.014730653721682918,-0.018235520818994645,stopped,-0.013871851726495788,-0.018235520818994645,stopped,-0.013871851726495788,-0.01166625939435597,stopped,-0.008577987181467538,-0.012586609186174269
SHOP,2026-08-17 13:00:00-04:00,2026-08-17,regular hours,between 200 and 50,True,False,False,False,0.016509755764769984,,,,,,,,,,,,,,,,,,,
SHOP,2026-08-27 13:00:00-04:00,2026-08-27,regular hours,open at/above the 50,False,False,False,False,0.00699849565046784,,,,,,,,,,,,,,,,,,,
SHOP,2026-08-31 12:00:00-04:00,2026-08-31,regular hours,open at the 200,True,False,False,False,0.04931959299205446,,,,,,,,,,,,,,,,,,,
SHOP,2026-09-08 12:00:00-04:00,2026-09-08,regular hours,below the 200,True,True,False,False,0.0681101496473393,,,,,,,,,,,,,,,,,,,
SHOP,2026-09-16 08:00:00-04:00,2026-09-16,pre-market,below the 200,True,True,False,True,,1.0,False,130.95521,2026-09-16 09:00:00-04:00,0.01320902009167874,0.025315602181845177,False,False,0.017443943749514412,0.017443943749514412,time exit (36h),0.020341939165997025,0.017443943749514412,time exit (36h),0.020341939165997025,-0.005992812351643094,stopped,-0.004914843665318723,0.020341939165997025
SHOP,2026-09-24 10:00:00-04:00,2026-09-24,regular hours,between 200 and 50,True,False,False,True,,2.0,False,142.554282,2026-09-24 12:00:00-04:00,0.02614244867088598,0.011377995646598695,True,False,0.0020432633505689246,0.0020432633505689246,time exit (36h),0.012088079681328967,-0.01795066133921186,flat at the close (red),-0.01408621037798663,-0.015542977516452361,stopped,-0.011678526555227131,0.012088079681328967
SHOP,2026-09-28 08:00:00-04:00,2026-09-28,pre-market,between 200 and 50,True,False,True,True,,4.0,False,142.3578,2026-09-28 12:00:00-04:00,0.04904683831865908,0.005463697809322601,True,False,-0.04200672947510087,-0.018374827371594724,stopped,-0.01940134688200383,-0.011678700361010819,flat at the close (red),-0.011606857527006964,-0.006056570135250765,stopped,-0.005984727301246911,-0.04127011204375364
SPY,2024-10-08 11:00:00-04:00,2024-10-08,regular hours,open at/above the 50,False,True,False,False,-0.008188908145580598,,,,,,,,,,,,,,,,,,,
SPY,2024-10-16 09:00:00-04:00,2024-10-16,regular hours,open at/above the 50,True,False,False,True,,3.0,False,581.3852919999999,2024-10-16 12:00:00-04:00,0.00845344398564527,0.0007745156373855953,True,False,-0.0025985726539715648,-0.006045402331918713,stopped,-0.006045402331918713,-0.0014679651003024485,flat at the close (red),-0.0014679651003024485,-2.529819760222188e-05,stopped,-2.529819760222188e-05,-0.0025985726539715648
SPY,2024-10-21 18:00:00-04:00,2024-10-22,after hours,between 200 and 50,False,False,False,True,,19.0,False,583.25531,2024-10-22 13:00:00-04:00,0.0021340397226730632,0.015156844435758408,True,True,0.008115510923672575,0.006935893134003423,hit the 200,0.006935893134003423,-0.00011089967770694376,flat at the close (red),-0.00011089967770694376,-0.0012424919029027093,stopped,-0.0012424919029027093,0.008115510923672575
SPY,2024-10-31 04:00:00-04:00,2024-10-31,pre-market,below the 200,True,True,False,False,0.007614746350173451,,,,,,,,,,,,,,,,,,,
SPY,2024-11-12 16:00:00-05:00,2024-11-13,after hours,open at/above the 50,True,False,False,True,,19.0,False,597.911032,2024-11-13 11:00:00-05:00,0.002205960300796124,0.010387886604507294,True,False,0.01010428935853902,0.01010428935853902,time exit (36h),0.01010428935853902,0.01010428935853902,time exit (36h),0.01010428935853902,-0.0007007196348236363,stopped,-0.0007007196348236363,0.01010428935853902
SPY,2024-12-09 14:00:00-05:00,2024-12-09,regular hours,open at/above the 50,True,False,False,False,0.003034020823662109,,,,,,,,,,,,,,,,,,,
SPY,2024-12-13 13:00:00-05:00,2024-12-13,regular hours,open at/above the 50,True,False,False,False,0.00041401010184638487,,,,,,,,,,,,,,,,,,,
SPY,2024-12-17 17:00:00-05:00,2024-12-18,after hours,open at/above the 50,True,True,False,True,,17.0,False,605.1165,2024-12-18 10:00:00-05:00,0.002129342035789801,0.03628309589971523,False,False,0.035608666632438224,-8.841272713599026e-05,stopped,-8.841272713599026e-05,-8.841272713599026e-05,stopped,-8.841272713599026e-05,-0.0018814558849412004,stopped,-0.0018814558849412004,0.035608666632438224
SPY,2024-12-27 17:00:00-05:00,2024-12-30,after hours,below the 200,True,True,False,False,-3.361175066796118e-05,,,,,,,,,,,,,,,,,,,
SPY,2025-01-08 05:00:00-05:00,2025-01-08,pre-market,below the 200,True,False,False,False,0.0044204906744649275,,,,,,,,,,,,,,,,,,,
SPY,2025-01-27 06:00:00-05:00,2025-01-27,pre-market,open at the 200,True,False,True,True,,30.0,False,603.617682,2025-01-28 12:00:00-05:00,0.003880466178921663,0.007285542042818948,True,False,0.0009247537558452201,0.0009247537558452201,time exit (36h),0.0009247537558452201,-0.001443064401396299,flat at the close (red),-0.001443064401396299,-0.0007659119568337889,stopped,-0.0007659119568337889,0.0009247537558452201
SPY,2025-02-03 07:00:00-05:00,2025-02-03,pre-market,below the 200,True,False,True,True,,28.0,False,601.369104,2025-02-04 11:00:00-05:00,0.0061541172890053515,0.006167766144500874,False,False,-0.00557412441710492,-0.00557412441710492,time exit (36h),-0.00557412441710492,-0.0006495878755650164,flat at the close (red),-0.0006495878755650164,0.001461837653701584,stopped,0.001461837653701584,-0.00557412441710492
SPY,2025-02-10 06:00:00-05:00,2025-02-10,pre-market,open at/above the 50,False,False,False,True,,4.0,False,603.943952,2025-02-10 10:00:00-05:00,0.003172559297356862,0.0033677827110685254,True,True,-0.0022567742148650316,0.001745877239946194,hit the 200,0.001745877239946194,-0.0013989120190479598,flat at the close (red),-0.0013989120190479598,-0.0011525042972862138,stopped,-0.0011525042972862138,-0.0022567742148650316
SPY,2025-02-13 04:00:00-05:00,2025-02-13,pre-market,open at/above the 50,False,False,False,False,-0.010918390766910369,,,,,,,,,,,,,,,,,,,
SPY,2025-02-20 16:00:00-05:00,2025-02-21,after hours,open at/above the 50,True,False,False,False,0.016260162601626105,,,,,,,,,,,,,,,,,,,
SPY,2025-03-04 06:00:00-05:00,2025-03-04,pre-market,below the 200,True,True,False,False,0.0015107036789068218,,,,,,,,,,,,,,,,,,,
SPY,2025-03-19 07:00:00-04:00,2025-03-19,pre-market,open at/above the 50,False,True,True,True,,2.0,False,562.872362,2025-03-19 09:00:00-04:00,0.014350745471493044,0.0015498398196356156,False,False,-0.004963297270541678,-0.0038154973400524313,stopped,-0.0038154973400524313,-0.0038154973400524313,stopped,-0.0038154973400524313,-0.0028028343662041323,stopped,-0.0028028343662041323,-0.004963297270541678
SPY,2025-03-21 13:00:00-04:00,2025-03-21,regular hours,below the 200,True,True,True,False,-0.0037079646017699197,,,,,,,,,,,,,,,,,,,
SPY,2025-03-26 18:00:00-04:00,2025-03-27,after hours,between 200 and 50,True,False,True,False,3.5293910036093834e-05,,,,,,,,,,,,,,,,,,,
SPY,2025-04-03 06:00:00-04:00,2025-04-03,pre-market,below the 200,True,True,True,False,0.07965162311955676,,,,,,,,,,,,,,,,,,,
SPY,2025-04-16 10:00:00-04:00,2025-04-16,regular hours,open at the 200,True,False,True,False,0.009808385505596595,,,,,,,,,,,,,,,,,,,
SPY,2025-05-06 09:00:00-04:00,2025-05-06,regular hours,between 200 and 50,True,False,True,True,,3.0,False,562.407402,2025-05-06 12:00:00-04:00,0.004716506202740016,0.011321689539214285,True,False,0.0024908682554678485,0.0024908682554678485,time exit (36h),0.0024908682554678485,0.0024908682554678485,time exit (36h),0.0024908682554678485,0.0024908682554678485,time exit (36h),0.0024908682554678485,0.0024908682554678485
SPY,2025-05-21 09:00:00-04:00,2025-05-21,regular hours,between 200 and 50,True,False,False,True,,2.0,False,591.834856,2025-05-21 11:00:00-04:00,0.0012590404104216798,0.01999688913219391,True,False,0.014962624547683934,0.014962624547683934,time exit (36h),0.014962624547683934,0.014962624547683934,time exit (36h),0.014962624547683934,0.014962624547683934,time exit (36h),0.014962624547683934,0.014962624547683934
SPY,2025-05-30 08:00:00-04:00,2025-05-30,pre-market,open at/above the 50,True,False,False,False,-0.0011402089969609897,,,,,,,,,,,,,,,,,,,
SPY,2025-06-06 04:00:00-04:00,2025-06-06,pre-market,open at/above the 50,True,False,False,False,-0.007203241458656473,,,,,,,,,,,,,,,,,,,
SPY,2025-06-12 13:00:00-04:00,2025-06-12,regular hours,open at/above the 50,False,False,False,True,,22.0,False,601.335308,2025-06-13 11:00:00-04:00,0.0008559151494227046,0.009737176450646793,True,True,0.006435769636311983,0.008965975269158776,hit the 200,0.008965975269158776,0.008965975269158776,hit the 200,0.008965975269158776,0.008965975269158776,hit the 200,0.008965975269158776,0.006435769636311983
SPY,2025-06-17 18:00:00-04:00,2025-06-18,after hours,open at/above the 50,True,False,False,True,,16.0,False,599.659172,2025-06-18 10:00:00-04:00,0.0026028585451203855,0.00531830771363568,True,True,0.003966535518759917,0.00228749440357095,hit the 200,0.00228749440357095,0.00228749440357095,hit the 200,0.00228749440357095,0.00228749440357095,hit the 200,0.00228749440357095,0.003966535518759917
SPY,2025-07-08 09:00:00-04:00,2025-07-08,regular hours,open at/above the 50,False,False,False,True,,1.0,False,621.361982,2025-07-08 10:00:00-04:00,0.007245724924316291,0.003012707655487044,True,False,-0.0037147615086483565,-0.004293822405117732,stopped,-0.004293822405117732,-0.004293822405117732,stopped,-0.004293822405117732,-0.0014935223378374505,stopped,-0.0014935223378374505,-0.0037147615086483565
SPY,2025-07-14 05:00:00-04:00,2025-07-14,pre-market,open at/above the 50,True,False,False,True,,5.0,False,623.650092,2025-07-14 10:00:00-04:00,0.006926813697960707,0.005323645490619012,True,True,0.0042027759886642535,-0.00194004300732155,stopped,-0.00194004300732155,-0.00194004300732155,stopped,-0.00194004300732155,-0.0011864152823696113,stopped,-0.0011864152823696113,0.0042027759886642535
SPY,2025-07-16 09:00:00-04:00,2025-07-16,regular hours,open at/above the 50,True,False,False,True,,4.0,False,623.514274,2025-07-16 13:00:00-04:00,0.008557824932809753,0.0012738665867334628,True,False,-0.008264105867570204,-0.006969729773981106,stopped,-0.006969729773981106,-0.0010665609279373323,flat at the close (red),-0.0010665609279373323,-0.0013562255673396795,stopped,-0.0013562255673396795,-0.008264105867570204
SPY,2025-07-22 17:00:00-04:00,2025-07-23,after hours,open at/above the 50,False,False,False,False,-0.009278366755407164,,,,,,,,,,,,,,,,,,,
SPY,2025-07-29 19:00:00-04:00,2025-07-30,after hours,open at/above the 50,True,False,False,True,,18.0,False,636.89253,2025-07-30 13:00:00-04:00,0.007265699913296231,0.010837825339229456,True,True,0.009210448754515932,-0.002790847617572142,stopped,-0.002790847617572142,-0.002790847617572142,stopped,-0.002790847617572142,-0.001990084575179431,stopped,-0.001990084575179431,0.009210448754515932
SPY,2025-08-01 04:00:00-04:00,2025-08-01,pre-market,below the 200,True,False,False,False,0.008805112438227347,,,,,,,,,,,,,,,,,,,
SPY,2025-08-18 05:00:00-04:00,2025-08-18,pre-market,open at/above the 50,True,False,False,True,,29.0,True,643.798502,2025-08-19 10:00:00-04:00,0.00047607752899063633,0.0168507723554783,True,True,0.009405147288358062,0.010081037746807412,hit the 200,0.010081037746807412,0.010081037746807412,hit the 200,0.010081037746807412,0.010081037746807412,hit the 200,0.010081037746807412,0.009405147288358062
SPY,2025-08-29 18:00:00-04:00,2025-09-02,after hours,below the 200,True,False,False,False,0.00010853554539091981,,,,,,,,,,,,,,,,,,,
SPY,2025-09-17 14:00:00-04:00,2025-09-17,regular hours,open at/above the 50,True,False,False,False,-0.00858443496480299,,,,,,,,,,,,,,,,,,,
SPY,2025-09-24 11:00:00-04:00,2025-09-24,regular hours,open at/above the 50,True,False,False,False,0.0038915829317605066,,,,,,,,,,,,,,,,,,,
SPY,2025-10-07 18:00:00-04:00,2025-10-08,after hours,open at/above the 50,True,False,False,True,,15.0,False,670.5808460000001,2025-10-08 09:00:00-04:00,0.0051715673370127295,0.002044266561112049,True,False,-0.0020524346687302852,-0.003592637657890908,stopped,-0.003592637657890908,-0.003592637657890908,stopped,-0.003592637657890908,-0.0023623609434259003,stopped,-0.0023623609434259003,-0.0020524346687302852
SPY,2025-10-10 11:00:00-04:00,2025-10-10,regular hours,open at/above the 50,True,False,False,False,0.014873878708886012,,,,,,,,,,,,,,,,,,,
SPY,2025-10-17 05:00:00-04:00,2025-10-17,pre-market,below the 200,True,True,False,True,,5.0,False,663.209892,2025-10-17 10:00:00-04:00,0.0038375603722147554,0.007644475845664832,False,False,-0.0031116341991341834,-0.0031116341991341834,time exit (36h),-0.0031116341991341834,-0.0016710440751446232,flat at the close (red),-0.0016710440751446232,-0.0028499393974661265,stopped,-0.0028499393974661265,-0.0031116341991341834
SPY,2025-10-22 18:00:00-04:00,2025-10-23,after hours,open at/above the 50,True,False,False,True,,15.0,False,670.177564,2025-10-23 09:00:00-04:00,0.012373490915610637,0.0030701773836164362,True,False,-0.010515924996308823,-0.0027193330512628724,stopped,-0.0027193330512628724,-0.0027193330512628724,stopped,-0.0027193330512628724,-0.0020180263748728116,stopped,-0.0020180263748728116,-0.010515924996308823
SPY,2025-10-30 13:00:00-04:00,2025-10-30,regular hours,open at/above the 50,True,False,False,False,0.0038845612197198065,,,,,,,,,,,,,,,,,,,
SPY,2025-11-13 12:00:00-05:00,2025-11-13,regular hours,open at/above the 50,True,False,False,False,0.00120295838655049,,,,,,,,,,,,,,,,,,,
SPY,2025-11-21 05:00:00-05:00,2025-11-21,pre-market,below the 200,True,True,False,True,,7.0,False,661.352654,2025-11-21 12:00:00-05:00,0.004834555332411087,0.006762888109616679,False,False,0.0018407589327980034,0.0018407589327980034,time exit (36h),0.0018407589327980034,0.0018407589327980034,time exit (36h),0.0018407589327980034,-0.004139011136409535,stopped,-0.004139011136409535,0.0018407589327980034
SPY,2025-12-02 17:00:00-05:00,2025-12-03,after hours,open at/above the 50,True,False,False,True,,17.0,True,681.6324840000001,2025-12-03 10:00:00-05:00,0.005996656696895238,0.0004290933998387004,True,False,-0.0045527798466592495,-0.0032092308558463,stopped,-0.0032092308558463,-0.0032092308558463,stopped,-0.0032092308558463,-0.0019182125715709933,stopped,-0.0019182125715709933,-0.0045527798466592495
SPY,2025-12-09 05:00:00-05:00,2025-12-09,pre-market,open at/above the 50,True,False,False,True,,5.0,True,684.8828080000001,2025-12-09 10:00:00-05:00,0.005967724627130601,0.005216670586948246,True,False,-0.0012217687495459373,-0.002565682740863774,stopped,-0.002565682740863774,-0.002565682740863774,stopped,-0.002565682740863774,-0.004639030156528439,stopped,-0.004639030156528439,-0.0012217687495459373
SPY,2025-12-15 04:00:00-05:00,2025-12-15,pre-market,open at/above the 50,True,False,False,False,0.010014010766167702,,,,,,,,,,,,,,,,,,,
SPY,2025-12-29 15:00:00-05:00,2025-12-29,regular hours,open at/above the 50,True,False,False,False,0.00290150907632869,,,,,,,,,,,,,,,,,,,
SPY,2026-01-08 15:00:00-05:00,2026-01-08,regular hours,open at/above the 50,True,False,False,False,-0.007257228429904283,,,,,,,,,,,,,,,,,,,
SPY,2026-01-14 08:00:00-05:00,2026-01-14,pre-market,open at/above the 50,True,False,False,False,-0.002970969870783713,,,,,,,,,,,,,,,,,,,
SPY,2026-01-20 06:00:00-05:00,2026-01-20,pre-market,below the 200,True,False,False,True,,32.0,False,685.9119660000001,2026-01-21 14:00:00-05:00,0.0076001502501851365,0.0018689949491275163,False,False,-0.004957043733833655,-0.004957043733833655,time exit (36h),-0.004957043733833655,-0.004957043733833655,time exit (36h),-0.004957043733833655,-0.004079290256907277,stopped,-0.004079290256907277,-0.004957043733833655
SPY,2026-01-29 11:00:00-05:00,2026-01-29,regular hours,open at/above the 50,True,False,False,False,-0.002585120711378841,,,,,,,,,,,,,,,,,,,
SPY,2026-02-04 06:00:00-05:00,2026-02-04,pre-market,open at/above the 50,False,False,False,False,0.028092810321506567,,,,,,,,,,,,,,,,,,,
SPY,2026-02-11 17:00:00-05:00,2026-02-12,after hours,open at/above the 50,True,False,False,True,,17.0,True,693.5887260000001,2026-02-12 10:00:00-05:00,0.0002036855483720089,0.023167513250496638,True,True,0.018560581329111203,0.0034097951874724726,hit the 200,0.0034097951874724726,0.0034097951874724726,hit the 200,0.0034097951874724726,0.0034097951874724726,hit the 200,0.0034097951874724726,0.018560581329111203
SPY,2026-02-23 19:00:00-05:00,2026-02-24,after hours,below the 200,True,True,False,True,,14.0,False,685.0180919999999,2026-02-24 09:00:00-05:00,0.014995090085883534,0.004362062892785521,False,False,-0.010301561096083045,-0.007272666310833861,stopped,-0.007272666310833861,-0.003407105446927572,flat at the close (red),-0.003407105446927572,-0.002229003901987524,stopped,-0.002229003901987524,-0.010301561096083045
SPY,2026-02-27 07:00:00-05:00,2026-02-27,pre-market,below the 200,True,False,False,False,0.0022817358744460225,,,,,,,,,,,,,,,,,,,
SPY,2026-03-06 07:00:00-05:00,2026-03-06,pre-market,below the 200,True,True,True,False,0.008498435870698762,,,,,,,,,,,,,,,,,,,
SPY,2026-03-12 08:00:00-04:00,2026-03-12,pre-market,below the 200,True,True,True,False,0.01370631564341851,,,,,,,,,,,,,,,,,,,
SPY,2026-03-18 18:00:00-04:00,2026-03-19,after hours,below the 200,True,True,True,False,0.008430827504047445,,,,,,,,,,,,,,,,,,,
SPY,2026-03-26 08:00:00-04:00,2026-03-26,pre-market,below the 200,True,True,True,False,0.029084647224240756,,,,,,,,,,,,,,,,,,,
SPY,2026-04-22 05:00:00-04:00,2026-04-22,pre-market,open at/above the 50,True,False,True,True,,4.0,False,708.5810980000001,2026-04-22 09:00:00-04:00,0.005332772791520102,0.008892133896577776,True,False,-0.0013514417791806732,-0.003801825941453304,stopped,-0.003801825941453304,-0.003801825941453304,stopped,-0.003801825941453304,-0.0012827070924772228,stopped,-0.0012827070924772228,-0.0013514417791806732
SPY,2026-04-28 19:00:00-04:00,2026-04-29,after hours,open at/above the 50,False,False,False,False,-0.002214546769958914,,,,,,,,,,,,,,,,,,,
SPY,2026-05-05 09:00:00-04:00,2026-05-05,regular hours,open at/above the 50,False,False,False,False,-0.014283765347885446,,,,,,,,,,,,,,,,,,,
SPY,2026-05-12 19:00:00-04:00,2026-05-13,after hours,open at/above the 50,False,False,False,True,,15.0,True,737.4709660000001,2026-05-13 10:00:00-04:00,0.016351876285255522,-0.0016529925328612393,True,False,-0.01361668370892044,-0.001856390370763345,stopped,-0.001856390370763345,-0.001856390370763345,stopped,-0.001856390370763345,-0.0020597882086654507,stopped,-0.0020597882086654507,-0.01361668370892044
SPY,2026-05-15 18:00:00-04:00,2026-05-18,after hours,open at/above the 50,True,False,False,False,0.0005560528385819552,,,,,,,,,,,,,,,,,,,
SPY,2026-06-03 16:00:00-04:00,2026-06-04,after hours,between 200 and 50,True,False,False,True,,20.0,False,756.4702260000001,2026-06-04 12:00:00-04:00,0.0024320507757826892,0.030391448612017303,True,True,0.02870187943683411,0.008963601959398389,hit the 200,0.008963601959398389,-0.0007790320450159482,flat at the close (red),-0.0007790320450159482,-0.0006077886269641643,stopped,-0.0006077886269641643,0.02870187943683411
SPY,2026-06-17 14:00:00-04:00,2026-06-17,regular hours,open at/above the 50,True,False,False,False,-0.0012584678822931128,,,,,,,,,,,,,,,,,,,
SPY,2026-07-08 06:00:00-04:00,2026-07-08,pre-market,open at the 200,True,False,False,False,-0.013432200005324857,,,,,,,,,,,,,,,,,,,
SPY,2026-07-14 05:00:00-04:00,2026-07-14,pre-market,open at/above the 50,True,False,False,True,,4.0,False,751.2573080000001,2026-07-14 09:00:00-04:00,0.00575394336130699,0.0034572815097328965,True,False,-0.004535289129167119,-0.003531668806075529,stopped,-0.003531668806075529,-0.0007883114983041617,flat at the close (red),-0.0007883114983041617,-0.0007090673119946322,stopped,-0.0007090673119946322,-0.004535289129167119
SPY,2026-07-17 04:00:00-04:00,2026-07-17,pre-market,below the 200,True,False,False,False,0.0012389225589224395,,,,,,,,,,,,,,,,,,,
SPY,2026-07-23 11:00:00-04:00,2026-07-23,regular hours,below the 200,True,True,False,False,-0.001103349308206658,,,,,,,,,,,,,,,,,,,
SPY,2026-07-28 10:00:00-04:00,2026-07-28,regular hours,open at/above the 50,True,True,False,True,,1.0,False,739.772564,2026-07-28 11:00:00-04:00,0.005214353961902279,0.01864433025932004,False,False,0.010066308028399806,0.010066308028399806,time exit (36h),0.010066308028399806,-0.0013330039418975037,flat at the close (red),-0.0013330039418975037,-0.0036192691244495206,stopped,-0.0036192691244495206,0.010066308028399806
SPY,2026-07-29 11:00:00-04:00,2026-07-29,regular hours,open at/above the 50,True,True,False,True,,3.0,True,740.0425220000001,2026-07-29 14:00:00-04:00,0.0056178906973672095,0.019002316193933593,False,False,-0.004422635975946054,-0.0037127299017555315,stopped,-0.0037127299017555315,-0.0037127299017555315,stopped,-0.0037127299017555315,0.001868165624137079,stopped,0.001868165624137079,-0.004422635975946054
SPY,2026-07-29 15:00:00-04:00,2026-07-29,regular hours,open at/above the 50,True,True,False,True,,18.0,False,737.980962,2026-07-30 09:00:00-04:00,0.01478905088611216,0.004594917991935875,False,False,-0.00835667562483211,-0.0065166152619531605,stopped,-0.0065166152619531605,-0.005027622655755071,flat at the close (red),-0.005027622655755071,-0.0009201294274038351,stopped,-0.0009201294274038351,-0.00835667562483211
SPY,2026-08-07 06:00:00-04:00,2026-08-07,pre-market,open at/above the 50,True,False,False,False,-0.004467431711653536,,,,,,,,,,,,,,,,,,,
SPY,2026-08-11 19:00:00-04:00,2026-08-12,after hours,open at/above the 50,True,False,False,True,,15.0,False,772.6564319999999,2026-08-12 10:00:00-04:00,0.008688943393148539,0.001419042092436676,True,False,-0.0070214979694650514,-0.0025283786157624744,stopped,-0.0025283786157624744,-0.0025283786157624744,stopped,-0.0025283786157624744,-0.0007035054359065556,stopped,-0.0007035054359065556,-0.0070214979694650514
SPY,2026-08-17 14:00:00-04:00,2026-08-17,regular hours,open at/above the 50,True,False,False,False,0.008467615769712111,,,,,,,,,,,,,,,,,,,
SPY,2026-08-31 11:00:00-04:00,2026-08-31,regular hours,open at/above the 50,True,True,False,False,0.004580342026170525,,,,,,,,,,,,,,,,,,,
SPY,2026-09-08 12:00:00-04:00,2026-09-08,regular hours,open at/above the 50,True,False,False,False,0.004979427103807943,,,,,,,,,,,,,,,,,,,
SPY,2026-09-14 18:00:00-04:00,2026-09-15,after hours,open at/above the 50,False,True,False,False,0.002252916545966821,,,,,,,,,,,,,,,,,,,
SPY,2026-09-23 19:00:00-04:00,2026-09-24,after hours,open at the 200,True,False,False,False,-0.0038427584774366474,,,,,,,,,,,,,,,,,,,
SPY,2026-09-29 04:00:00-04:00,2026-09-29,pre-market,open at/above the 50,True,False,False,True,,29.0,False,767.0163699999998,2026-09-30 09:00:00-04:00,0.003120702625942839,0.010725025334204764,True,True,0.0029897741686606416,0.0021808015648998036,hit the 200,0.0021808015648998036,0.0021808015648998036,hit the 200,0.0021808015648998036,-0.0012563356372696376,stopped,-0.0012563356372696376,0.0029897741686606416
SPY,2026-10-08 08:00:00-04:00,2026-10-08,pre-market,open at/above the 50,True,False,False,True,,4.0,False,776.72451,2026-10-08 12:00:00-04:00,0.0004705529377462577,0.008097478474060338,True,False,0.0035370236886438366,0.0035370236886438366,time exit (36h),0.0035370236886438366,0.0035370236886438366,time exit (36h),0.0035370236886438366,0.0035370236886438366,time exit (36h),0.0035370236886438366,0.0035370236886438366
TSLA,2024-10-01 19:00:00-04:00,2024-10-02,after hours,between 200 and 50,True,False,False,True,,14.0,True,258.6,2024-10-02 09:00:00-04:00,0.005413766434648017,0.08039443155452443,True,True,0.07227267073019039,0.04743879930394432,hit the 200,0.048072267542550534,0.04743879930394432,hit the 200,0.048072267542550534,0.04743879930394432,hit the 200,0.048072267542550534,0.07202628119979049
TSLA,2024-10-08 07:00:00-04:00,2024-10-08,pre-market,below the 200,True,True,False,True,,2.0,False,244.76545399999998,2024-10-08 09:00:00-04:00,0.010886119574701217,0.021471387869956463,False,False,0.013269804603410984,0.013269804603410984,time exit (36h),0.025869457982960364,0.013269804603410984,time exit (36h),0.025869457982960364,-0.0036138514873917983,stopped,0.0001282577332352118,0.025869457982960364
TSLA,2024-10-18 12:00:00-04:00,2024-10-18,regular hours,open at/above the 50,False,True,False,False,0.004442627418915324,,,,,,,,,,,,,,,,,,,
TSLA,2024-10-18 17:00:00-04:00,2024-10-21,after hours,below the 200,True,True,False,False,0.000772235849913816,,,,,,,,,,,,,,,,,,,
TSLA,2024-10-29 12:00:00-04:00,2024-10-29,regular hours,open at/above the 50,True,False,False,False,0.00022766171889654352,,,,,,,,,,,,,,,,,,,
TSLA,2024-11-13 09:00:00-05:00,2024-11-13,regular hours,open at/above the 50,False,False,False,False,0.09483465969675686,,,,,,,,,,,,,,,,,,,
TSLA,2024-11-21 11:00:00-05:00,2024-11-21,regular hours,open at/above the 50,True,False,False,True,,1.0,False,341.08539418,2024-11-21 12:00:00-05:00,0.059939845472277306,0.010482401888229659,True,False,-0.03503721905678003,-0.016167522603122247,stopped,-0.009671618212092264,-0.016167522603122247,stopped,-0.009671618212092264,-0.0025348661500988593,stopped,-2.382769244941999e-05,-0.027391984753820764
TSLA,2024-11-26 09:00:00-05:00,2024-11-26,regular hours,between 200 and 50,True,False,False,True,,1.0,False,346.15308400000004,2024-11-26 10:00:00-05:00,0.002331095799221434,0.05651570043501348,True,True,0.035146782296650914,0.02839203638295499,hit the 200,0.03125517184921337,0.02839203638295499,hit the 200,0.03125517184921337,0.02839203638295499,hit the 200,0.03125517184921337,0.03578074959728483
TSLA,2024-12-19 04:00:00-05:00,2024-12-19,pre-market,between 200 and 50,True,False,False,False,0.06823133762788935,,,,,,,,,,,,,,,,,,,
TSLA,2024-12-27 15:00:00-05:00,2024-12-27,regular hours,open at/above the 50,True,False,False,False,-0.0005435935142904524,,,,,,,,,,,,,,,,,,,
TSLA,2025-01-07 19:00:00-05:00,2025-01-08,after hours,below the 200,True,True,False,False,0.0032321278599241055,,,,,,,,,,,,,,,,,,,
TSLA,2025-01-22 09:00:00-05:00,2025-01-22,regular hours,between 200 and 50,True,False,False,True,,1.0,True,421.705806,2025-01-22 10:00:00-05:00,0.006151430601835215,0.030248115673323233,True,False,0.023915903596379184,0.023915903596379184,time exit (36h),0.028069133375368427,0.023915903596379184,time exit (36h),0.028069133375368427,0.023915903596379184,time exit (36h),0.028069133375368427,0.028069133375368427
TSLA,2025-01-30 09:00:00-05:00,2025-01-30,regular hours,open at/above the 50,True,True,False,True,,1.0,True,396.42497199999997,2025-01-30 10:00:00-05:00,0.05944385360264348,0.01880550552198801,False,False,-0.013917287697129521,-0.005461129224725106,stopped,-0.006950930977952988,-0.005461129224725106,stopped,-0.006950930977952988,-0.011994774133452013,stopped,-0.014662798597000648,-0.02386753645334838
TSLA,2025-02-03 13:00:00-05:00,2025-02-03,regular hours,below the 200,True,True,False,False,-0.022213671925099487,,,,,,,,,,,,,,,,,,,
TSLA,2025-02-19 11:00:00-05:00,2025-02-19,regular hours,open at/above the 50,False,True,True,False,0.02309614947949057,,,,,,,,,,,,,,,,,,,
TSLA,2025-02-20 19:00:00-05:00,2025-02-21,after hours,below the 200,True,True,True,False,0.04583486510524759,,,,,,,,,,,,,,,,,,,
TSLA,2025-03-04 09:00:00-05:00,2025-03-04,regular hours,below the 200,True,True,True,False,-0.04538110795964523,,,,,,,,,,,,,,,,,,,
TSLA,2025-03-17 17:00:00-04:00,2025-03-18,after hours,below the 200,True,True,True,False,0.02414010538135969,,,,,,,,,,,,,,,,,,,
TSLA,2025-03-27 06:00:00-04:00,2025-03-27,pre-market,between 200 and 50,True,False,True,True,,3.0,False,277.44490800000005,2025-03-27 09:00:00-04:00,0.051920549214044195,0.06287701629038386,True,False,0.06701372202138334,-0.026870530995652373,stopped,-0.022403291250165467,-0.026870530995652373,stopped,-0.022403291250165467,-0.00701037194742805,stopped,-0.0025431322019411435,0.04156934775448806
TSLA,2025-04-03 19:00:00-04:00,2025-04-04,after hours,below the 200,True,False,True,False,0.13968119022316694,,,,,,,,,,,,,,,,,,,
TSLA,2025-04-14 09:00:00-04:00,2025-04-14,regular hours,open at/above the 50,False,True,True,True,,24.0,False,251.57435999999998,2025-04-15 09:00:00-04:00,0.028522938506133997,0.07029476294802062,False,False,0.038104976479326425,-0.02450822094906661,stopped,-0.0200500463958088,-0.02450822094906661,stopped,-0.0200500463958088,-0.016598034871280268,stopped,-0.012139860318022458,0.014870828746652354
TSLA,2025-04-15 14:00:00-04:00,2025-04-15,regular hours,below the 200,False,True,True,True,,21.0,False,251.391764,2025-04-16 11:00:00-04:00,0.002300138997393741,0.0696194804536238,False,False,0.04359568267674052,0.04359568267674052,time exit (36h),0.033787297171143926,0.04359568267674052,time exit (36h),0.033787297171143926,0.04359568267674052,time exit (36h),0.033787297171143926,0.033787297171143926
TSLA,2025-04-16 09:00:00-04:00,2025-04-16,regular hours,below the 200,True,True,True,True,,2.0,False,251.391764,2025-04-16 11:00:00-04:00,0.002300138997393741,0.0696194804536238,False,False,0.04359568267674052,0.04359568267674052,time exit (36h),0.033787297171143926,0.04359568267674052,time exit (36h),0.033787297171143926,0.04359568267674052,time exit (36h),0.033787297171143926,0.033787297171143926
TSLA,2025-04-30 12:00:00-04:00,2025-04-30,regular hours,between 200 and 50,True,False,True,True,,21.0,True,283.7611,2025-05-01 09:00:00-04:00,0.0388316087018269,0.023121914878395985,True,False,-0.01499201610663703,-0.033686435526222566,stopped,-0.020641041079329667,-0.033686435526222566,stopped,-0.020641041079329667,-0.02124639353315173,stopped,-0.020300606745614746,-0.002677918405386226
TSLA,2025-05-05 18:00:00-04:00,2025-05-06,after hours,between 200 and 50,True,False,True,False,-0.0010766194150366726,,,,,,,,,,,,,,,,,,,
TSLA,2025-05-19 10:00:00-04:00,2025-05-19,regular hours,between 200 and 50,True,False,False,False,-0.014467676738302293,,,,,,,,,,,,,,,,,,,
TSLA,2025-05-21 18:00:00-04:00,2025-05-22,after hours,between 200 and 50,True,False,False,True,,16.0,False,341.440582,2025-05-22 10:00:00-04:00,0.01707300862086738,0.024105459145451043,True,False,0.004650685576413904,0.004650685576413904,time exit (36h),-0.004295773836366701,0.004650685576413904,time exit (36h),-0.004295773836366701,-0.007525227332233122,stopped,-0.005458229262570082,-0.004295773836366701
TSLA,2025-05-30 07:00:00-04:00,2025-05-30,pre-market,between 200 and 50,True,False,False,True,,3.0,False,360.55414599999995,2025-05-30 10:00:00-04:00,0.00866958273723487,0.04283197453510889,True,True,0.043505611798959176,0.04095027935138454,hit the 200,0.036355862808062495,0.04095027935138454,hit the 200,0.036355862808062495,-0.007227358300853041,stopped,-0.005713701373746675,0.045733514577489864
TSLA,2025-06-04 15:00:00-04:00,2025-06-04,regular hours,open at/above the 50,True,True,False,False,0.15792959219240155,,,,,,,,,,,,,,,,,,,
TSLA,2025-06-12 18:00:00-04:00,2025-06-13,after hours,below the 200,True,True,False,True,,18.0,False,323.31003799999996,2025-06-13 12:00:00-04:00,0.029940183917209668,0.00018569791513854323,False,False,-0.01104234063379439,-0.02861019118744479,stopped,-0.031061089850287882,-0.02861019118744479,stopped,-0.031061089850287882,-0.021774337857088214,stopped,-0.024225236519931307,-0.01733533298513079
TSLA,2025-06-17 17:00:00-04:00,2025-06-18,after hours,below the 200,True,True,False,True,,16.0,False,323.922552,2025-06-18 09:00:00-04:00,0.016662773143377795,0.011831692410227804,True,True,0.0044110139534883075,0.005077619603342635,hit the 200,0.009671188606737883,0.005077619603342635,hit the 200,0.009671188606737883,0.005077619603342635,hit the 200,0.009671188606737883,0.003088373360141672
TSLA,2025-06-25 12:00:00-04:00,2025-06-25,regular hours,open at/above the 50,True,False,False,False,-0.001561686621551206,,,,,,,,,,,,,,,,,,,
TSLA,2025-07-07 12:00:00-04:00,2025-07-07,regular hours,below the 200,True,True,False,False,-0.01918455800826535,,,,,,,,,,,,,,,,,,,
TSLA,2025-07-16 06:00:00-04:00,2025-07-16,pre-market,open at/above the 50,True,False,True,True,,3.0,False,313.652986,2025-07-16 09:00:00-04:00,0.03506108499155171,-0.002413539911270051,True,False,-0.018150546937998557,-0.024061667947902113,stopped,-0.024936641146632202,-0.024061667947902113,stopped,-0.024936641146632202,-0.015931664046074087,stopped,-0.018310435121503585,-0.010102321205943898
TSLA,2025-07-24 04:00:00-04:00,2025-07-24,pre-market,below the 200,True,False,True,True,,31.0,False,319.843602,2025-07-25 11:00:00-04:00,0.011838279635182511,0.022334672181436938,True,True,0.006747252124645886,0.009110427664580836,hit the 200,0.011161024754820306,0.009110427664580836,hit the 200,0.011161024754820306,0.009110427664580836,hit the 200,0.011161024754820306,0.009311805999258738
TSLA,2025-07-30 10:00:00-04:00,2025-07-30,regular hours,open at/above the 50,True,False,True,False,0.03999804490208225,,,,,,,,,,,,,,,,,,,
TSLA,2025-08-14 10:00:00-04:00,2025-08-14,regular hours,between 200 and 50,True,False,False,True,,23.0,False,338.65729200000004,2025-08-15 09:00:00-04:00,0.0018978123760582438,0.03436303388382394,True,False,0.025767649320718178,0.025767649320718178,time exit (36h),0.021258216138715147,0.025767649320718178,time exit (36h),0.021258216138715147,0.025767649320718178,time exit (36h),0.021258216138715147,0.021258216138715147
TSLA,2025-08-20 04:00:00-04:00,2025-08-20,pre-market,between 200 and 50,True,False,False,True,,5.0,False,331.27442799999994,2025-08-20 09:00:00-04:00,0.0002884979700276203,0.05033418395940879,True,True,0.03523258749999991,0.011077423096478632,hit the 200,0.001841261550487137,0.011077423096478632,hit the 200,0.001841261550487137,0.011077423096478632,hit the 200,0.001841261550487137,0.031053942574854165
TSLA,2025-08-28 14:00:00-04:00,2025-08-28,regular hours,open at/above the 50,True,False,False,True,,19.0,False,347.82769,2025-08-29 09:00:00-04:00,0.0026513415306297404,0.04636689505657249,True,True,0.04183696759120581,0.031652343434762246,hit the 200,0.025578934403866875,0.031652343434762246,hit the 200,0.025578934403866875,0.031652343434762246,hit the 200,0.025578934403866875,0.037573071165126315
TSLA,2025-09-09 14:00:00-04:00,2025-09-09,regular hours,open at/above the 50,True,False,False,True,,20.0,False,348.9339,2025-09-10 10:00:00-04:00,0.06166239508399727,0.005484993002972805,True,False,-0.05804767289651758,-0.027243268710778756,stopped,-0.022594064416253445,-0.027243268710778756,stopped,-0.022594064416253445,-0.018817604136485467,stopped,-0.019264715363247798,-0.05185474939384904
TSLA,2025-09-19 12:00:00-04:00,2025-09-19,regular hours,open at/above the 50,False,False,False,False,-0.003924794359577044,,,,,,,,,,,,,,,,,,,
TSLA,2025-09-24 10:00:00-04:00,2025-09-24,regular hours,open at/above the 50,False,False,False,True,,23.0,True,435.179448,2025-09-25 09:00:00-04:00,0.024519889551401892,0.04630146964109391,True,False,-0.010955800000000071,-0.013306124695484351,stopped,-0.016570111029447984,-0.013306124695484351,stopped,-0.016570111029447984,0.007168187777102877,stopped,0.01256623722142142,-0.00441610115841784
TSLA,2025-09-25 18:00:00-04:00,2025-09-26,after hours,between 200 and 50,True,False,False,True,,15.0,False,431.389166,2025-09-26 09:00:00-04:00,0.02155439851727758,0.02403668616935087,True,False,-0.019570077272727304,-0.009181579678336275,stopped,-0.007503194556993501,-0.009181579678336275,stopped,-0.007503194556993501,-0.0015550552792510637,stopped,0.00012332984209170988,-0.016745773154076327
TSLA,2025-10-03 08:00:00-04:00,2025-10-03,pre-market,between 200 and 50,True,False,False,False,0.026372093023255827,,,,,,,,,,,,,,,,,,,
TSLA,2025-10-08 10:00:00-04:00,2025-10-08,regular hours,open at the 200,True,False,False,True,,4.0,False,440.632636,2025-10-08 14:00:00-04:00,0.0015826426438371969,0.03279974023531018,True,True,0.01304174176935824,0.0025434248587978305,hit the 200,0.003182288572824713,0.0025434248587978305,hit the 200,0.003182288572824713,0.0025434248587978305,hit the 200,0.003182288572824713,0.01202977677144168
TSLA,2025-10-17 05:00:00-04:00,2025-10-17,pre-market,below the 200,True,True,False,True,,4.0,False,430.72142199999996,2025-10-17 09:00:00-04:00,0.024921857729193815,-0.00018243346159841104,False,False,-0.020546529230126898,-0.0200328508387959,stopped,-0.020533169223222222,-0.0200328508387959,stopped,-0.020533169223222222,-0.00796008237547102,stopped,-0.008460400759897345,-0.012474739908337584
TSLA,2025-10-22 12:00:00-04:00,2025-10-22,regular hours,open at/above the 50,True,False,False,True,,24.0,False,438.72574799999995,2025-10-23 12:00:00-04:00,0.029526992794596717,0.019501358283626286,True,True,0.01151810573398171,-0.02410219151304532,stopped,-0.020971404949399582,-0.02410219151304532,stopped,-0.020971404949399582,-0.015087904072591665,stopped,-0.011957117508945927,0.02192708255370701
TSLA,2025-10-30 11:00:00-04:00,2025-10-30,regular hours,between 200 and 50,True,False,False,True,,23.0,False,455.225556,2025-10-31 10:00:00-04:00,0.006094657831556401,0.02535019365213317,True,False,-0.0019172199079150465,-0.0019172199079150465,time exit (36h),-0.004439991815099353,-0.0028136163501347733,flat at the close (red),-0.004983736146612849,-0.004095648795253472,stopped,-0.005971958914135368,-0.004439991815099353
TSLA,2025-11-04 18:00:00-05:00,2025-11-05,after hours,between 200 and 50,True,False,False,True,,15.0,False,455.36547999999993,2025-11-05 09:00:00-05:00,0.026538067839485893,0.04452572909127842,True,True,0.005443762419960141,0.014784251981506992,hit the 200,0.01795595156992367,0.014784251981506992,hit the 200,0.01795595156992367,0.014784251981506992,hit the 200,0.01795595156992367,-0.00021167275089362114
TSLA,2025-11-07 07:00:00-05:00,2025-11-07,pre-market,below the 200,True,False,False,False,0.02673301701191999,,,,,,,,,,,,,,,,,,,
TSLA,2025-11-12 10:00:00-05:00,2025-11-12,regular hours,open at/above the 50,True,True,False,False,0.07405419580419603,,,,,,,,,,,,,,,,,,,
TSLA,2025-11-19 05:00:00-05:00,2025-11-19,pre-market,open at/above the 50,False,True,False,True,,4.0,False,405.47130999999996,2025-11-19 09:00:00-05:00,0.05788002608618607,0.03761378332785107,False,False,0.01979705734406423,-0.008456060676648164,stopped,-0.00667996221065425,-0.008456060676648164,stopped,-0.00667996221065425,-0.007296915779318756,stopped,-0.0055208173133248425,0.008498131689436361
TSLA,2025-11-21 08:00:00-05:00,2025-11-21,pre-market,below the 200,True,True,False,False,0.017774166518548684,,,,,,,,,,,,,,,,,,,
TSLA,2025-12-08 13:00:00-05:00,2025-12-08,regular hours,between 200 and 50,True,False,True,True,,21.0,False,447.86517,2025-12-09 10:00:00-05:00,0.020128446246445147,0.009501006742721172,True,False,-0.0014154515050167626,-0.0014154515050167626,time exit (36h),0.00045207296486193815,-0.0014154515050167626,time exit (36h),0.00045207296486193815,-0.0031367252782796306,stopped,-0.0033778564024621893,0.00045207296486193815
TSLA,2025-12-12 07:00:00-05:00,2025-12-12,pre-market,open at/above the 50,True,False,True,True,,5.0,False,447.26173400000005,2025-12-12 12:00:00-05:00,0.02700491699117709,-0.0063235143653043386,True,False,-0.01963326807224941,-0.0044899123876310865,stopped,-0.001456821728894061,-0.0044899123876310865,stopped,-0.001456821728894061,-0.00992319633586168,stopped,-0.007065383721401182,-0.01774439316416343
TSLA,2025-12-18 08:00:00-05:00,2025-12-18,pre-market,open at/above the 50,False,False,False,True,,1.0,False,477.691608,2025-12-18 09:00:00-05:00,0.027566722503527926,0.0062207665996928015,True,False,-0.01027326634206982,-0.01027326634206982,time exit (36h),-0.0030819883255446268,-0.011798616038643406,flat at the close (red),-0.011902092859835456,-0.009699546574408347,stopped,-0.004582125284171169,-0.0030819883255446268
TSLA,2025-12-24 08:00:00-05:00,2025-12-24,pre-market,open at/above the 50,False,False,False,False,0.007103622021228162,,,,,,,,,,,,,,,,,,,
TSLA,2026-01-06 13:00:00-05:00,2026-01-06,regular hours,below the 200,True,True,False,False,-0.0017831337910684253,,,,,,,,,,,,,,,,,,,
TSLA,2026-01-14 10:00:00-05:00,2026-01-14,regular hours,below the 200,True,True,False,True,,24.0,False,444.803378,2026-01-15 10:00:00-05:00,0.005500457327911729,0.021455048392190913,False,False,0.016832886795903557,0.016832886795903557,time exit (36h),0.013665492158779768,0.016832886795903557,time exit (36h),0.013665492158779768,0.016832886795903557,time exit (36h),0.013665492158779768,0.013665492158779768
TSLA,2026-01-26 17:00:00-05:00,2026-01-27,after hours,open at the 200,True,False,False,False,0.008378853809832387,,,,,,,,,,,,,,,,,,,
TSLA,2026-01-29 12:00:00-05:00,2026-01-29,regular hours,open at/above the 50,True,True,True,True,,22.0,False,430.99788800000005,2026-01-30 10:00:00-05:00,0.020608249477083167,0.005377956747667494,False,False,0.003183874496660133,-0.016849530362431718,stopped,-0.01622825081553244,-0.016849530362431718,stopped,-0.01622825081553244,0.003183874496660133,time exit (36h),0.0014459782201028393,0.0014459782201028393
TSLA,2026-02-12 19:00:00-05:00,2026-02-13,after hours,below the 200,True,False,True,True,,18.0,False,422.68317200000007,2026-02-13 13:00:00-05:00,0.003257352294119559,0.016828614128030807,True,True,0.012560300881564013,0.006865393969363052,hit the 200,0.00290877028823757,0.006865393969363052,hit the 200,0.00290877028823757,0.006865393969363052,hit the 200,0.00290877028823757,0.006465726229302415
TSLA,2026-02-20 14:00:00-05:00,2026-02-20,regular hours,below the 200,False,True,True,False,-0.003553026710921503,,,,,,,,,,,,,,,,,,,
TSLA,2026-02-23 04:00:00-05:00,2026-02-23,pre-market,below the 200,True,True,True,True,,30.0,False,406.472978,2026-02-24 10:00:00-05:00,0.03411548307154618,0.010364718512727359,False,False,-0.020840081113074005,-0.020240021957867952,stopped,-0.008422050540868479,-0.007052525894078565,flat at the close (red),-0.0009276422814156193,-0.0008291375275627556,stopped,0.00497030508560647,-0.007839543511522495
TSLA,2026-02-27 07:00:00-05:00,2026-02-27,pre-market,below the 200,True,True,True,False,0.009955201592832363,,,,,,,,,,,,,,,,,,,
TSLA,2026-03-06 16:00:00-05:00,2026-03-09,after hours,below the 200,True,True,True,False,0.004332514125009457,,,,,,,,,,,,,,,,,,,
TSLA,2026-03-12 18:00:00-04:00,2026-03-13,after hours,below the 200,True,False,True,False,0.015392508978963493,,,,,,,,,,,,,,,,,,,
TSLA,2026-03-19 06:00:00-04:00,2026-03-19,pre-market,below the 200,True,True,True,False,0.053538726704729145,,,,,,,,,,,,,,,,,,,
TSLA,2026-03-26 13:00:00-04:00,2026-03-26,regular hours,below the 200,True,True,True,False,0.039891117529378795,,,,,,,,,,,,,,,,,,,
TSLA,2026-04-02 19:00:00-04:00,2026-04-06,after hours,below the 200,True,True,True,False,0.0,,,,,,,,,,,,,,,,,,,
TSLA,2026-04-21 07:00:00-04:00,2026-04-21,pre-market,open at/above the 50,False,False,True,False,0.025110018120631628,,,,,,,,,,,,,,,,,,,
TSLA,2026-04-29 17:00:00-04:00,2026-04-30,after hours,below the 200,True,True,True,True,,16.0,False,374.57988,2026-04-30 09:00:00-04:00,0.06204609815134758,0.017112184455822847,False,False,-0.0428275157152348,-0.0048590970769705364,stopped,-0.005516807684303421,-0.0048590970769705364,stopped,-0.005516807684303421,-0.004512041597108683,stopped,-0.0051697522044415675,-0.03598029349301268
TSLA,2026-05-06 09:00:00-04:00,2026-05-06,regular hours,between 200 and 50,True,False,True,True,,1.0,False,391.403476,2026-05-06 10:00:00-04:00,0.06240752956419828,0.0007498042761377988,True,False,-0.0432104331671066,-0.027379736402749762,stopped,-0.02087128767380358,-0.017832736945120553,flat at the close (red),-0.012190795790294251,-0.010197977904519095,stopped,-0.00837167503920716,-0.040764433219879215
TSLA,2026-05-15 11:00:00-04:00,2026-05-15,regular hours,between 200 and 50,True,False,False,False,0.015457390639558533,,,,,,,,,,,,,,,,,,,
TSLA,2026-05-29 16:00:00-04:00,2026-06-01,after hours,open at the 200,True,False,False,False,0.001679519190147083,,,,,,,,,,,,,,,,,,,
TSLA,2026-06-04 18:00:00-04:00,2026-06-05,after hours,open at/above the 50,True,True,False,True,,15.0,True,420.4150440000001,2026-06-05 09:00:00-04:00,0.010144394357115095,0.07569910842676719,False,False,0.07435102729224186,0.07435102729224186,time exit (36h),0.05100734670090468,0.07435102729224186,time exit (36h),0.05100734670090468,0.07435102729224186,time exit (36h),0.05100734670090468,0.05100734670090468
TSLA,2026-06-09 18:00:00-04:00,2026-06-10,after hours,below the 200,True,True,False,False,0.025581184280472513,,,,,,,,,,,,,,,,,,,
TSLA,2026-06-17 05:00:00-04:00,2026-06-17,pre-market,below the 200,True,True,False,False,0.012668686312310662,,,,,,,,,,,,,,,,,,,
TSLA,2026-06-23 14:00:00-04:00,2026-06-23,regular hours,below the 200,True,True,False,False,0.005148226574907433,,,,,,,,,,,,,,,,,,,
TSLA,2026-07-02 16:00:00-04:00,2026-07-06,after hours,open at the 200,True,False,True,False,-0.0023050202839756118,,,,,,,,,,,,,,,,,,,
TSLA,2026-07-08 09:00:00-04:00,2026-07-08,regular hours,open at the 200,True,False,True,True,,28.0,False,403.647696,2026-07-09 13:00:00-04:00,0.023565857291552653,0.02221664111765422,True,True,-0.00967222944625723,0.013496534363966813,hit the 200,0.014588033977948618,-0.007163282172373053,flat at the close (red),-0.0055667732053144015,-0.004514590366942243,stopped,-0.003702527147174898,-0.003882693006623583
TSLA,2026-07-13 17:00:00-04:00,2026-07-14,after hours,open at the 200,True,False,True,True,,18.0,False,401.75837,2026-07-14 11:00:00-04:00,0.012024964159427403,0.027624489814611672,True,True,0.01749618842598455,0.0018959642334270962,hit the 200,0.002082171588617578,0.0018959642334270962,hit the 200,0.002082171588617578,0.0018959642334270962,hit the 200,0.002082171588617578,0.021431631262683437
TSLA,2026-07-22 17:00:00-04:00,2026-07-23,after hours,below the 200,True,True,True,False,0.1060171035164088,,,,,,,,,,,,,,,,,,,
TSLA,2026-08-06 08:00:00-04:00,2026-08-06,pre-market,below the 200,True,True,True,False,-0.024103343465045612,,,,,,,,,,,,,,,,,,,
TSLA,2026-08-12 16:00:00-04:00,2026-08-13,after hours,between 200 and 50,True,False,True,True,,17.0,False,330.14525399999997,2026-08-13 09:00:00-04:00,0.06395592771416919,-0.005557390202556274,True,False,-0.033617498463249795,-0.016219363856128717,stopped,-0.013188850144270688,-0.016219363856128717,stopped,-0.013188850144270688,-0.01000997579083788,stopped,-0.005620704036054894,-0.031473453927741146
TSLA,2026-08-18 08:00:00-04:00,2026-08-18,pre-market,between 200 and 50,True,False,True,True,,1.0,True,339.549646,2026-08-18 09:00:00-04:00,0.03631384731291989,0.015195556999638307,True,False,-0.03207056442417333,-0.017376999415278416,stopped,-0.013945245983524913,-0.017376999415278416,stopped,-0.013945245983524913,-0.024327382158425243,stopped,-0.022937723507848746,-0.03147316958514523
TSLA,2026-08-25 10:00:00-04:00,2026-08-25,regular hours,between 200 and 50,True,False,True,True,,1.0,False,353.480492,2026-08-25 11:00:00-04:00,0.009956724853715472,0.030979056122848365,True,False,0.016625233426871944,0.016625233426871944,time exit (36h),0.024345788268762658,0.016625233426871944,time exit (36h),0.024345788268762658,-0.00395215020805157,stopped,-0.0025940223350888253,0.024345788268762658
TSLA,2026-09-02 11:00:00-04:00,2026-09-02,regular hours,open at/above the 50,True,False,True,False,-0.05863140536105238,,,,,,,,,,,,,,,,,,,
TSLA,2026-09-04 19:00:00-04:00,2026-09-08,after hours,between 200 and 50,True,False,True,False,0.0,,,,,,,,,,,,,,,,,,,
TSLA,2026-09-11 06:00:00-04:00,2026-09-11,pre-market,open at/above the 50,True,False,True,True,,3.0,False,365.871916,2026-09-11 09:00:00-04:00,0.0076203826477898515,0.007630856258450881,True,False,0.0017027132101299358,0.0017027132101299358,time exit (36h),-2.395066596871942e-05,0.0017027132101299358,time exit (36h),-2.395066596871942e-05,0.0017027132101299358,time exit (36h),-2.395066596871942e-05,-2.395066596871942e-05
TSLA,2026-09-24 18:00:00-04:00,2026-09-25,after hours,open at/above the 50,True,False,False,False,0.013929520384336591,,,,,,,,,,,,,,,,,,,
TSLA,2026-10-08 04:00:00-04:00,2026-10-08,pre-market,between 200 and 50,True,False,False,False,-0.00013340448239063107,,,,,,,,,,,,,,,,,,,
UBER,2024-10-15 19:00:00-04:00,2024-10-16,after hours,between 200 and 50,True,False,False,False,0.04542032622333747,,,,,,,,,,,,,,,,,,,
UBER,2024-10-23 18:00:00-04:00,2024-10-24,after hours,below the 200,True,True,False,False,-0.019652592874350394,,,,,,,,,,,,,,,,,,,
UBER,2024-10-31 10:00:00-04:00,2024-10-31,regular hours,below the 200,True,True,False,False,-0.025529010238907857,,,,,,,,,,,,,,,,,,,
UBER,2024-11-08 07:00:00-05:00,2024-11-08,pre-market,below the 200,True,True,False,False,0.01821468298109008,,,,,,,,,,,,,,,,,,,
UBER,2024-11-18 14:00:00-05:00,2024-11-18,regular hours,open at/above the 50,True,True,True,False,-0.0004322766570605818,,,,,,,,,,,,,,,,,,,
UBER,2024-11-27 10:00:00-05:00,2024-11-27,regular hours,open at/above the 50,False,False,True,False,0.009970703124999813,,,,,,,,,,,,,,,,,,,
UBER,2024-12-04 05:00:00-05:00,2024-12-04,pre-market,open at the 200,True,False,True,True,,9.0,False,72.26132,2024-12-04 14:00:00-05:00,0.0026110787901467212,0.11045079165451166,True,True,0.11051667435069934,0.013407594131964249,hit the 200,0.016385431871973062,0.013407594131964249,hit the 200,0.016385431871973062,-0.0005352794551773948,stopped,0.0017695379573156038,0.11091240527346669
UBER,2024-12-19 19:00:00-05:00,2024-12-20,after hours,below the 200,True,True,True,True,,16.0,False,61.154694,2024-12-20 11:00:00-05:00,0.003847717723843101,0.011359618609161848,False,False,0.0033583921246922444,0.0033583921246922444,time exit (36h),0.009877340986409466,0.0033583921246922444,time exit (36h),0.009877340986409466,0.0033583921246922444,time exit (36h),0.009877340986409466,0.009877340986409466
UBER,2024-12-27 05:00:00-05:00,2024-12-27,pre-market,below the 200,True,True,True,False,0.005071989528795839,,,,,,,,,,,,,,,,,,,
UBER,2025-01-08 12:00:00-05:00,2025-01-08,regular hours,open at/above the 50,True,False,True,False,-0.005817761510306219,,,,,,,,,,,,,,,,,,,
UBER,2025-01-14 19:00:00-05:00,2025-01-15,after hours,open at/above the 50,True,False,True,False,-0.03711952487008163,,,,,,,,,,,,,,,,,,,
UBER,2025-01-21 10:00:00-05:00,2025-01-21,regular hours,open at/above the 50,True,False,True,True,,1.0,False,67.886692,2025-01-21 11:00:00-05:00,0.008003159146420191,0.015712829253780747,True,False,0.0021211342869373873,0.0021211342869373873,time exit (36h),0.01119882422042151,0.0021211342869373873,time exit (36h),0.01119882422042151,-0.0031421180457577437,stopped,-0.00016965225593450163,0.01119882422042151
UBER,2025-01-29 09:00:00-05:00,2025-01-29,regular hours,between 200 and 50,True,False,True,False,0.018045112781954975,,,,,,,,,,,,,,,,,,,
UBER,2025-02-05 16:00:00-05:00,2025-02-06,after hours,below the 200,True,True,False,True,,17.0,False,67.270106,2025-02-06 09:00:00-05:00,0.14129447038480966,0.011447967690135622,False,False,-0.09958364342122872,,skipped (already above yesterday's high),,,skipped (already above yesterday's high),,-0.022965535389523534,stopped,-0.023824812274975377,-0.10866366425991059
UBER,2025-02-12 11:00:00-05:00,2025-02-12,regular hours,between 200 and 50,False,False,False,False,-0.02362075401269137,,,,,,,,,,,,,,,,,,,
UBER,2025-02-21 12:00:00-05:00,2025-02-21,regular hours,open at/above the 50,True,False,False,False,0.010404770968151178,,,,,,,,,,,,,,,,,,,
UBER,2025-02-28 08:00:00-05:00,2025-02-28,pre-market,below the 200,True,True,False,True,,2.0,False,75.362706,2025-02-28 10:00:00-05:00,0.015090939011664431,0.012503611534331079,False,False,-0.009818604651162799,-0.009818604651162799,time exit (36h),0.0040969262254988426,-0.008385447368421062,flat at the close (red),0.005148311279549844,-0.009915965597095153,stopped,0.0025871938940163174,0.0040969262254988426
UBER,2025-03-04 07:00:00-05:00,2025-03-04,pre-market,below the 200,True,True,False,True,,6.0,False,75.070046,2025-03-04 13:00:00-05:00,0.024909455896696703,0.009646270897449623,False,False,-0.016764296005238877,-0.016764296005238877,time exit (36h),-0.007474039947497069,-0.0029214238278656435,flat at the close (red),-0.0022696305295488717,-0.011788376951307494,stopped,-0.0008154661104970706,-0.007474039947497069
UBER,2025-03-07 07:00:00-05:00,2025-03-07,pre-market,below the 200,True,True,False,True,,2.0,False,75.421608,2025-03-07 09:00:00-05:00,0.016944640055937252,0.01659481988238708,False,False,-0.012159685658153063,-0.012159685658153063,time exit (36h),-0.0070080439606010625,-0.01131797863275863,flat at the close (red),-0.0041968533397134244,-0.007668783725745992,stopped,-0.00913889284977611,-0.0070080439606010625
UBER,2025-03-19 06:00:00-04:00,2025-03-19,pre-market,open at/above the 50,True,True,False,True,,3.0,False,71.989082,2025-03-19 09:00:00-04:00,0.04932578526282652,0.003355814427526579,False,False,-0.031774944991096454,-0.009528083716916975,stopped,-0.00447458388064685,-0.009528083716916975,stopped,-0.00447458388064685,-0.006402609773521027,stopped,-0.0013491099372509013,-0.02544627860727533
UBER,2025-03-26 08:00:00-04:00,2025-03-26,pre-market,between 200 and 50,True,False,False,True,,26.0,False,75.39086999999999,2025-03-27 10:00:00-04:00,0.0030392274289978622,0.04192642955307438,True,True,0.04275062240663896,0.02711017925645367,hit the 200,0.010037575952886811,0.02711017925645367,hit the 200,0.010037575952886811,-0.002243375093031952,stopped,-0.0029300673492562604,0.017161882895676106
UBER,2025-04-03 09:00:00-04:00,2025-04-03,regular hours,below the 200,True,True,True,False,0.11636250194977382,,,,,,,,,,,,,,,,,,,
UBER,2025-04-21 19:00:00-04:00,2025-04-22,after hours,open at/above the 50,True,False,True,True,,14.0,False,73.833144,2025-04-22 09:00:00-04:00,0.050747615461153785,0.013043518775253707,True,False,0.0010445780077852351,-0.021763342490196454,stopped,-0.00629684060747043,-0.021763342490196454,stopped,-0.00629684060747043,-0.014720435039309681,stopped,-0.004676026172784103,0.033278600739292674
UBER,2025-05-07 13:00:00-04:00,2025-05-07,regular hours,between 200 and 50,True,False,False,False,0.01575694834277419,,,,,,,,,,,,,,,,,,,
UBER,2025-05-15 16:00:00-04:00,2025-05-16,after hours,open at/above the 50,False,False,False,True,,17.0,True,90.6,2025-05-16 09:00:00-04:00,0.02538631346578379,0.009273730684326666,True,False,0.0077864293659619666,-0.005666666666666715,stopped,-0.0070384784744097545,-0.005666666666666715,stopped,-0.0070384784744097545,-0.004746136865342239,stopped,-0.006117948673085278,0.0026525577127534117
UBER,2025-05-21 12:00:00-04:00,2025-05-21,regular hours,between 200 and 50,True,False,False,False,0.02155007949125598,,,,,,,,,,,,,,,,,,,
UBER,2025-05-29 09:00:00-04:00,2025-05-29,regular hours,below the 200,True,True,False,False,0.00702883011675004,,,,,,,,,,,,,,,,,,,
UBER,2025-06-11 13:00:00-04:00,2025-06-11,regular hours,open at/above the 50,True,False,False,False,0.008881617389272067,,,,,,,,,,,,,,,,,,,
UBER,2025-06-18 14:00:00-04:00,2025-06-18,regular hours,open at/above the 50,True,True,False,False,0.0009602688752849975,,,,,,,,,,,,,,,,,,,
UBER,2025-06-30 06:00:00-04:00,2025-06-30,pre-market,open at/above the 50,False,False,False,False,-0.0007598784194530195,,,,,,,,,,,,,,,,,,,
UBER,2025-07-02 13:00:00-04:00,2025-07-02,regular hours,open at/above the 50,True,False,False,True,,1.0,True,92.25830199999999,2025-07-02 14:00:00-04:00,0.020070800782784982,0.007135422891264486,True,False,-0.013280192513369093,-0.01064075512683952,stopped,-0.003189507670624571,-0.01064075512683952,stopped,-0.003189507670624571,-0.013675712349442655,stopped,-0.004192862745220911,-0.004336175617639437
UBER,2025-07-10 10:00:00-04:00,2025-07-10,regular hours,between 200 and 50,True,False,False,True,,1.0,True,96.77039400000001,2025-07-10 11:00:00-04:00,0.007022871065297022,0.017261415717704072,True,False,0.014481690760989263,0.014481690760989263,time exit (36h),0.011552504833922006,0.014481690760989263,time exit (36h),0.011552504833922006,-0.0030423147806962017,stopped,-0.0002972761985405117,0.011552504833922006
UBER,2025-07-21 11:00:00-04:00,2025-07-21,regular hours,open at/above the 50,False,True,False,True,,23.0,True,90.848996,2025-07-22 10:00:00-04:00,0.02169538560448146,0.017030413852894968,False,False,0.006079689922480647,-0.0035333797194632955,stopped,-0.0018294223980203895,-0.0035333797194632955,stopped,-0.0018294223980203895,-0.008266508525861912,stopped,-0.00671360220194955,0.01833744388346281
UBER,2025-07-24 05:00:00-04:00,2025-07-24,pre-market,open at/above the 50,True,True,False,True,,4.0,False,91.26713,2025-07-24 09:00:00-04:00,0.02567046865613069,0.01936217343527724,False,False,-0.0013990918540401909,-0.0156997376821207,stopped,-0.014290433122744764,-0.0156997376821207,stopped,-0.014290433122744764,-0.0012366993461939795,stopped,0.0035965686020210568,0.0037617041679207652
UBER,2025-07-25 11:00:00-04:00,2025-07-25,regular hours,below the 200,True,True,False,False,-0.009573827889928332,,,,,,,,,,,,,,,,,,,
UBER,2025-07-28 19:00:00-04:00,2025-07-29,after hours,below the 200,True,True,False,False,0.029259896729776136,,,,,,,,,,,,,,,,,,,
UBER,2025-08-01 11:00:00-04:00,2025-08-01,regular hours,below the 200,True,True,False,False,-0.0013802622498275685,,,,,,,,,,,,,,,,,,,
UBER,2025-08-07 08:00:00-04:00,2025-08-07,pre-market,open at/above the 50,False,True,False,False,0.0012258999219880717,,,,,,,,,,,,,,,,,,,
UBER,2025-08-11 11:00:00-04:00,2025-08-11,regular hours,between 200 and 50,False,False,False,False,-0.004255319148936176,,,,,,,,,,,,,,,,,,,
UBER,2025-08-14 08:00:00-04:00,2025-08-14,pre-market,between 200 and 50,True,False,False,True,,1.0,True,91.04292,2025-08-14 09:00:00-04:00,0.031381682397708804,0.008379783952447857,True,False,-0.015618127442224572,-0.01270917057581202,stopped,-0.01042680996283509,-0.01270917057581202,stopped,-0.01042680996283509,-0.0024942082261860763,stopped,-0.00021184761320914604,-0.014639627392320054
UBER,2025-08-21 06:00:00-04:00,2025-08-21,pre-market,open at/above the 50,True,False,False,True,,3.0,True,93.897998,2025-08-21 09:00:00-04:00,0.03878679074712546,0.011587020204626715,True,False,-0.030912406649795776,-0.011310166591624165,stopped,-0.011137096325095923,-0.011310166591624165,stopped,-0.011137096325095923,-0.0032162773055076387,stopped,-0.0016457388226013025,-0.015374064279540245
UBER,2025-08-26 15:00:00-04:00,2025-08-26,regular hours,open at/above the 50,False,False,False,True,,21.0,True,96.22220599999999,2025-08-27 12:00:00-04:00,0.0030948573346989195,0.02226311460786908,True,False,0.0028369567483061964,0.0028369567483061964,time exit (36h),0.0060870916438585665,0.0028369567483061964,time exit (36h),0.0060870916438585665,0.002309300620274552,stopped,0.005897384519977218,0.0060870916438585665
UBER,2025-08-28 10:00:00-04:00,2025-08-28,regular hours,open at/above the 50,True,False,False,True,,4.0,False,95.763902,2025-08-28 14:00:00-04:00,0.004031769716317575,0.04337649065302291,True,True,0.023009315244097772,0.018002900508377405,hit the 200,0.013556803623743584,-0.002043538974572656,flat at the close (red),-0.0012575814162808507,-0.0024654175014714665,stopped,-0.0017102585328028432,0.017691073519933154
UBER,2025-09-17 11:00:00-04:00,2025-09-17,regular hours,between 200 and 50,True,False,False,False,-0.021383315733896624,,,,,,,,,,,,,,,,,,,
UBER,2025-09-24 08:00:00-04:00,2025-09-24,pre-market,open at/above the 50,True,False,False,True,,1.0,False,98.700496,2025-09-24 09:00:00-04:00,0.011747701855520546,0.028373677068451564,True,True,0.01096482638533236,0.022971460042105474,hit the 200,0.012907304853440594,0.022971460042105474,hit the 200,0.012907304853440594,0.022971460042105474,hit the 200,0.012907304853440594,0.0009774436268690234
UBER,2025-09-30 19:00:00-04:00,2025-10-01,after hours,open at the 200,True,False,False,True,,14.0,False,98.542446,2025-10-01 09:00:00-04:00,0.005505789860340949,0.03838392645540779,True,True,0.01989697785137645,0.009746708540195973,hit the 200,0.013134487244170748,0.009746708540195973,hit the 200,0.013134487244170748,0.009746708540195973,hit the 200,0.013134487244170748,0.028711078979168025
UBER,2025-10-08 10:00:00-04:00,2025-10-08,regular hours,open at the 200,True,False,False,True,,1.0,False,98.43146,2025-10-08 11:00:00-04:00,0.017662442475200515,0.02642915181792491,True,True,0.021073236514522753,0.002898301010672851,hit the 200,0.0031289849513497854,-0.008796535924676552,flat at the close (red),-0.006850230191246087,-0.0070621730085075945,stopped,-0.005642552515430949,0.021370873278615976
UBER,2025-10-16 14:00:00-04:00,2025-10-16,regular hours,open at/above the 50,True,True,False,False,-0.0025814834867352587,,,,,,,,,,,,,,,,,,,
UBER,2025-10-22 14:00:00-04:00,2025-10-22,regular hours,open at/above the 50,True,True,False,True,,19.0,False,93.21829,2025-10-23 09:00:00-04:00,0.026622565163982377,0.004809034793493853,False,False,-0.009387821899073057,-0.014285930368385873,stopped,-0.007252743797057086,-0.014285930368385873,stopped,-0.007252743797057086,-0.008922176109430897,stopped,-0.005348642638328667,0.004623694415706203
UBER,2025-10-29 17:00:00-04:00,2025-10-30,after hours,between 200 and 50,True,False,True,True,,16.0,False,95.99199799999998,2025-10-30 09:00:00-04:00,0.025606321893623073,0.0014792691365793508,True,False,-0.005809271394230708,-0.009354967275501648,stopped,-0.00991102686167631,-0.009354967275501648,stopped,-0.00991102686167631,-0.004823339545448542,stopped,-0.003873616426265587,-0.008757419109940545
UBER,2025-11-04 14:00:00-05:00,2025-11-04,regular hours,below the 200,True,False,True,False,0.017199585937897277,,,,,,,,,,,,,,,,,,,
UBER,2025-11-13 10:00:00-05:00,2025-11-13,regular hours,open at/above the 50,True,True,True,False,0.018031674282323218,,,,,,,,,,,,,,,,,,,
UBER,2025-11-25 16:00:00-05:00,2025-11-26,after hours,open at/above the 50,False,True,True,False,-0.026193247962747357,,,,,,,,,,,,,,,,,,,
UBER,2025-12-09 17:00:00-05:00,2025-12-10,after hours,between 200 and 50,True,False,True,False,0.06560897053560777,,,,,,,,,,,,,,,,,,,
UBER,2025-12-15 11:00:00-05:00,2025-12-15,regular hours,below the 200,True,True,True,False,0.02663986143758512,,,,,,,,,,,,,,,,,,,
UBER,2026-01-05 16:00:00-05:00,2026-01-06,after hours,open at the 200,True,False,True,True,,17.0,False,82.085308,2026-01-06 09:00:00-05:00,0.06888799150269373,-0.01893995451658661,True,False,-0.04904924976135083,-0.009193996080273046,stopped,-0.005766832366184025,-0.009193996080273046,stopped,-0.005766832366184025,-0.037030889863993714,stopped,-0.03500652492686517,-0.045571543308756346
UBER,2026-01-12 04:00:00-05:00,2026-01-12,pre-market,between 200 and 50,True,False,True,True,,33.0,False,85.71856800000002,2026-01-13 13:00:00-05:00,0.007016356129514133,0.02588200026860013,True,True,0.014422123576477874,0.022999468446556523,hit the 200,0.015980241869410258,0.022999468446556523,hit the 200,0.015980241869410258,-0.0023499225978668085,stopped,-0.0023787859587166486,0.009607878049955998
UBER,2026-01-14 18:00:00-05:00,2026-01-15,after hours,open at/above the 50,True,False,True,False,0.0009464581852640652,,,,,,,,,,,,,,,,,,,
UBER,2026-01-22 19:00:00-05:00,2026-01-23,after hours,below the 200,True,True,True,False,0.004019488428745666,,,,,,,,,,,,,,,,,,,
UBER,2026-02-02 04:00:00-05:00,2026-02-02,pre-market,below the 200,True,True,True,True,,5.0,False,80.46662799999999,2026-02-02 09:00:00-05:00,0.01768897287456876,0.039353308057099017,False,False,0.03760964539007072,0.03760964539007072,time exit (36h),0.036564303694003764,-0.004803314575474893,flat at the close (red),0.003780931822592648,-0.011102391416228026,stopped,-0.0021049066875180444,0.036564303694003764
UBER,2026-02-03 11:00:00-05:00,2026-02-03,regular hours,open at/above the 50,True,True,True,True,,22.0,True,79.37,2026-02-04 09:00:00-05:00,0.00012599218848419937,0.09436688925286639,False,False,0.06852450188476045,0.06852450188476045,time exit (36h),0.04451536119831845,0.06852450188476045,time exit (36h),0.04451536119831845,0.06852450188476045,time exit (36h),0.04451536119831845,0.04451536119831845
UBER,2026-02-09 08:00:00-05:00,2026-02-09,pre-market,open at/above the 50,False,True,True,True,,1.0,True,74.681374,2026-02-09 09:00:00-05:00,0.004935983100685747,0.022781771529806094,False,False,0.023032520547945357,0.023032520547945357,time exit (36h),0.028798785017665307,0.023032520547945357,time exit (36h),0.028798785017665307,-0.0007850150159260544,stopped,0.006255210732007893,0.028798785017665307
UBER,2026-02-23 14:00:00-05:00,2026-02-23,regular hours,open at/above the 50,True,False,True,False,-0.024300747715314208,,,,,,,,,,,,,,,,,,,
UBER,2026-03-03 07:00:00-05:00,2026-03-03,pre-market,between 200 and 50,True,False,True,True,,2.0,True,74.85843,2026-03-03 09:00:00-05:00,0.032682625056389886,0.011200208179626563,True,False,-0.024645863192182427,-0.02186220042285159,stopped,-0.025253140070074735,-0.02186220042285159,stopped,-0.025253140070074735,-0.010173470108844201,stopped,-0.006099188274826944,-0.00678378117509193
UBER,2026-03-06 07:00:00-05:00,2026-03-06,pre-market,between 200 and 50,True,False,True,False,0.00507558484366899,,,,,,,,,,,,,,,,,,,
UBER,2026-03-13 11:00:00-04:00,2026-03-13,regular hours,open at/above the 50,False,True,True,False,0.0047794619691381435,,,,,,,,,,,,,,,,,,,
UBER,2026-03-19 10:00:00-04:00,2026-03-19,regular hours,between 200 and 50,True,False,True,False,0.02163978494623664,,,,,,,,,,,,,,,,,,,
UBER,2026-03-24 13:00:00-04:00,2026-03-24,regular hours,open at the 200,True,True,True,False,-0.004528846153846189,,,,,,,,,,,,,,,,,,,
UBER,2026-04-02 17:00:00-04:00,2026-04-06,after hours,open at/above the 50,False,True,True,False,-0.00013947001394709613,,,,,,,,,,,,,,,,,,,
UBER,2026-04-09 12:00:00-04:00,2026-04-09,regular hours,open at the 200,True,False,True,True,,21.0,True,72.344992,2026-04-10 09:00:00-04:00,0.007395232001684243,0.03186111348246467,True,True,0.02474127563978179,0.007215855383604138,hit the 200,0.007890975731144386,0.007215855383604138,hit the 200,0.007890975731144386,0.007215855383604138,hit the 200,0.007890975731144386,0.024373979672691615
UBER,2026-04-20 10:00:00-04:00,2026-04-20,regular hours,between 200 and 50,True,False,True,True,,3.0,False,77.121268,2026-04-20 13:00:00-04:00,0.021248768886943152,0.0028690918308033383,True,False,-0.007448288288288363,-0.020730105215593684,stopped,-0.020800626280051946,-0.005015249645207165,flat at the close (red),-0.0035335016312658674,-0.004651531403762752,stopped,-0.0016644653532668285,-0.008353380226053475
UBER,2026-04-22 14:00:00-04:00,2026-04-22,regular hours,open at/above the 50,True,False,True,True,,19.0,False,76.828294,2026-04-23 09:00:00-04:00,0.0045426753846701685,0.04293072028906432,True,True,0.029334528422214623,0.029554495899648692,hit the 200,0.025511107162889225,0.029554495899648692,hit the 200,0.025511107162889225,0.029554495899648692,hit the 200,0.025511107162889225,0.035661890784086214
UBER,2026-04-29 06:00:00-04:00,2026-04-29,pre-market,below the 200,True,True,False,True,,32.0,False,74.782726,2026-04-30 14:00:00-04:00,0.011730971133627838,0.0037806324417753467,False,False,-0.003559951445638143,-0.003559951445638143,time exit (36h),0.0005232429988062393,-0.003559951445638143,time exit (36h),0.0005232429988062393,-0.00036470989303071904,stopped,0.003552470748187213,0.0005232429988062393
UBER,2026-05-05 04:00:00-04:00,2026-05-05,pre-market,below the 200,True,True,False,True,,5.0,False,74.620328,2026-05-05 09:00:00-04:00,0.07892851931714913,0.02613668489905323,False,False,-0.057455216056789826,-0.0093951878635537,stopped,0.0036562592071739952,-0.0093951878635537,stopped,0.0036562592071739952,-0.07316601449406651,stopped,-0.06143773783826939,-0.04149341523823591
UBER,2026-05-08 11:00:00-04:00,2026-05-08,regular hours,open at/above the 50,True,False,False,False,0.0018445609321728895,,,,,,,,,,,,,,,,,,,
UBER,2026-05-13 16:00:00-04:00,2026-05-14,after hours,below the 200,True,False,False,False,0.009362812707272683,,,,,,,,,,,,,,,,,,,
UBER,2026-05-19 17:00:00-04:00,2026-05-20,after hours,below the 200,True,True,False,True,,18.0,False,74.74425000000001,2026-05-20 11:00:00-04:00,0.002083772330313002,0.024674138813353563,False,False,0.01375627288756287,0.01375627288756287,time exit (36h),0.020382927787485627,0.01375627288756287,time exit (36h),0.020382927787485627,-0.00044485027276339433,stopped,0.003207883886366306,0.020382927787485627
UBER,2026-06-03 08:00:00-04:00,2026-06-03,pre-market,below the 200,True,True,False,False,-0.010530691423028982,,,,,,,,,,,,,,,,,,,
UBER,2026-06-05 16:00:00-04:00,2026-06-08,after hours,below the 200,True,True,True,False,0.0026958002270147663,,,,,,,,,,,,,,,,,,,
UBER,2026-06-18 05:00:00-04:00,2026-06-18,pre-market,between 200 and 50,True,False,True,False,0.0034646585256046247,,,,,,,,,,,,,,,,,,,
UBER,2026-06-30 15:00:00-04:00,2026-06-30,regular hours,open at/above the 50,True,False,True,False,-0.008524680324487943,,,,,,,,,,,,,,,,,,,
UBER,2026-07-07 08:00:00-04:00,2026-07-07,pre-market,open at/above the 50,True,False,True,True,,1.0,False,73.350984,2026-07-07 09:00:00-04:00,0.020436208463133876,0.010510888306556304,True,True,-0.0015818759936407911,-0.016482614602688978,stopped,-0.017924190725917017,-0.016482614602688978,stopped,-0.017924190725917017,-0.0055761487807717515,stopped,-0.00701772490399979,-0.008178433579923539
UBER,2026-07-08 18:00:00-04:00,2026-07-09,after hours,below the 200,False,False,True,True,,15.0,True,73.39073400000001,2026-07-09 09:00:00-04:00,0.038414467962672026,0.004915252653012134,True,True,-0.016449954568724445,0.002518063111345957,hit the 200,0.004601591218941557,0.002518063111345957,hit the 200,0.004601591218941557,-0.004622736161761169,stopped,-0.002539208054165569,-0.006328202074719402
UBER,2026-07-14 09:00:00-04:00,2026-07-14,regular hours,below the 200,True,False,True,True,,26.0,False,73.866514,2026-07-15 11:00:00-04:00,0.020760232437664658,0.019041293866934095,False,False,0.0009012737127371828,0.0009012737127371828,time exit (36h),-0.00493340569828149,0.0009012737127371828,time exit (36h),-0.00493340569828149,0.002254255561593069,stopped,0.00018524418382601972,-0.00493340569828149
UBER,2026-07-20 04:00:00-04:00,2026-07-20,pre-market,below the 200,True,True,False,True,,5.0,True,73.042014,2026-07-20 09:00:00-04:00,0.005038004565427262,0.022069681704011995,False,False,0.018859171432556776,0.018859171432556776,time exit (36h),0.02127876344389268,0.018859171432556776,time exit (36h),0.02127876344389268,0.018859171432556776,time exit (36h),0.02127876344389268,0.02127876344389268
UBER,2026-07-31 08:00:00-04:00,2026-07-31,pre-market,below the 200,False,True,False,True,,1.0,True,70.29599,2026-07-31 09:00:00-04:00,0.002902157007817895,0.010469871752286312,False,False,-0.0021860894251242158,-0.0021860894251242158,time exit (36h),-0.0006945548913966926,-0.0010517265880346516,flat at the close (red),0.003929460059171386,-0.0021860894251242158,time exit (36h),-0.0006945548913966926,-0.0006945548913966926
UBER,2026-08-05 13:00:00-04:00,2026-08-05,regular hours,below the 200,True,False,True,True,,24.0,False,70.38542000000001,2026-08-06 13:00:00-04:00,0.07152873421796717,0.0012136036127938623,True,False,-0.06134500849498692,-0.027059297223771563,stopped,-0.024361254073497898,-0.0013419409761633583,flat at the close (red),-0.0019014506895121963,-0.003830054576643722,stopped,-0.003830054576643722,-0.05563626435404634
UBER,2026-08-12 18:00:00-04:00,2026-08-13,after hours,between 200 and 50,True,False,True,False,-0.011773940345368827,,,,,,,,,,,,,,,,,,,
UBER,2026-08-18 07:00:00-04:00,2026-08-18,pre-market,between 200 and 50,True,False,True,True,,2.0,False,75.866558,2026-08-18 09:00:00-04:00,0.04538814058231039,0.02500255778046494,True,True,-0.03231431122448991,0.022494641183009634,hit the 200,0.02306607717568492,0.022494641183009634,hit the 200,0.02306607717568492,-0.01250145024372926,stopped,-0.01462406718299378,-0.03171691638546181
UBER,2026-08-27 08:00:00-04:00,2026-08-27,pre-market,open at the 200,True,False,False,True,,27.0,False,78.750162,2026-08-28 11:00:00-04:00,0.0031090475724989803,0.005335379500552707,True,False,-0.0008860441512305028,-0.0008860441512305028,time exit (36h),-0.008207110671899609,-0.0007592691282831687,flat at the close (red),-0.008064361805123044,-0.0007293699281531706,stopped,-0.008067196436150474,-0.008207110671899609
UBER,2026-08-31 15:00:00-04:00,2026-08-31,regular hours,open at/above the 50,True,True,False,False,0.004395808709278803,,,,,,,,,,,,,,,,,,,
UBER,2026-09-04 11:00:00-04:00,2026-09-04,regular hours,open at/above the 50,True,True,False,True,,2.0,True,76.18825,2026-09-04 13:00:00-04:00,0.00881697637102838,0.008221083959796979,False,False,0.006449801849405468,0.006449801849405468,time exit (36h),0.0045783352173955905,0.006449801849405468,time exit (36h),0.0045783352173955905,-0.0013223823883604757,stopped,-0.00215328144710759,0.0045783352173955905
UBER,2026-09-14 11:00:00-04:00,2026-09-14,regular hours,open at/above the 50,False,True,False,False,0.015126050420168013,,,,,,,,,,,,,,,,,,,
UBER,2026-09-15 13:00:00-04:00,2026-09-15,regular hours,open at/above the 50,True,True,False,True,,23.0,False,71.883608,2026-09-16 12:00:00-04:00,0.0010627179425940676,0.022864851191108836,False,False,0.011963431493176468,0.011963431493176468,time exit (36h),0.013785422272341474,0.011963431493176468,time exit (36h),0.013785422272341474,0.011963431493176468,time exit (36h),0.013785422272341474,0.013785422272341474
UBER,2026-09-15 15:00:00-04:00,2026-09-15,regular hours,open at/above the 50,True,True,False,True,,21.0,False,71.883608,2026-09-16 12:00:00-04:00,0.0010627179425940676,0.022864851191108836,False,False,0.011963431493176468,0.011963431493176468,time exit (36h),0.013785422272341474,0.011963431493176468,time exit (36h),0.013785422272341474,0.011963431493176468,time exit (36h),0.013785422272341474,0.013785422272341474
UBER,2026-09-22 15:00:00-04:00,2026-09-22,regular hours,open at/above the 50,True,True,False,False,0.007202535292422985,,,,,,,,,,,,,,,,,,,
UBER,2026-09-28 10:00:00-04:00,2026-09-28,regular hours,open at/above the 50,True,True,True,True,,23.0,False,69.047872,2026-09-29 09:00:00-04:00,0.013354908316363476,0.007934668862785491,False,False,0.006382043433901696,-0.009010096647149439,stopped,-0.010984314151006284,-0.009010096647149439,stopped,-0.010984314151006284,-0.006953552457054834,stopped,-0.008927769960911679,0.005297841432699846
UBER,2026-10-01 10:00:00-04:00,2026-10-01,regular hours,open at/above the 50,True,True,True,False,-0.008675194824290577,,,,,,,,,,,,,,,,,,,
UBER,2026-10-07 13:00:00-04:00,2026-10-07,regular hours,open at/above the 50,True,True,True,True,,20.0,False,69.031676,2026-10-08 09:00:00-04:00,0.018662794743676638,0.010743995263855367,False,False,-0.01523999999999981,-0.013158075431921908,stopped,-0.013649101288309847,-0.013158075431921908,stopped,-0.013649101288309847,-0.00214863680841245,stopped,-0.00519299373659151,-0.015605768464556413
WMT,2024-10-03 08:00:00-04:00,2024-10-03,pre-market,open at the 200,True,False,False,True,,26.0,True,80.684842,2024-10-04 10:00:00-04:00,0.005331335965186516,0.002414852593997871,True,False,-0.0019193221177634667,-0.003782098253349639,stopped,-0.0021361825461584465,-0.003782098253349639,stopped,-0.0021361825461584465,-0.003162403168614923,stopped,-0.0015164874614237308,0.0019247484034574658
WMT,2024-10-07 16:00:00-04:00,2024-10-08,after hours,below the 200,True,False,False,False,-0.007150922092585499,,,,,,,,,,,,,,,,,,,
WMT,2024-10-11 10:00:00-04:00,2024-10-11,regular hours,open at/above the 50,True,True,False,True,,3.0,False,79.828876,2024-10-11 13:00:00-04:00,0.003772118750613519,0.0002364557907591193,False,False,-0.0016398699349674528,-0.0016398699349674528,time exit (36h),-0.0020719398957355084,-0.0032603820701712083,flat at the close (red),-0.0020698031727508504,-0.0003898839813303332,stopped,0.0010591413766134453,-0.0020719398957355084
WMT,2024-10-17 16:00:00-04:00,2024-10-18,after hours,open at/above the 50,True,False,False,True,,18.0,False,81.20365,2024-10-18 10:00:00-04:00,0.005989262797916123,0.0025078921945010614,True,False,-0.0006934531134630273,-0.0036494664956563394,stopped,-0.0026133035526110238,-0.0036494664956563394,stopped,-0.0026133035526110238,-0.001186523019593344,stopped,-0.00015036007654802832,0.0017692640845121677
WMT,2024-10-22 08:00:00-04:00,2024-10-22,pre-market,open at/above the 50,True,False,False,True,,1.0,False,81.031104,2024-10-22 09:00:00-04:00,0.028864175415899623,-0.0007268320076202377,True,False,-0.026887186261558726,-0.006398728073604908,stopped,-0.003600561841485538,-0.006398728073604908,stopped,-0.003600561841485538,-0.003441838827717356,stopped,-0.0016205016913403568,-0.03098356347394815
WMT,2024-10-28 04:00:00-04:00,2024-10-28,pre-market,open at/above the 50,True,False,False,True,,9.0,False,82.987786,2024-10-28 13:00:00-04:00,0.0011111755650403598,0.01593952632981429,True,False,0.014396601882410431,0.014396601882410431,time exit (36h),0.017878292989519595,0.014396601882410431,time exit (36h),0.017878292989519595,0.014396601882410431,time exit (36h),0.017878292989519595,0.017878292989519595
WMT,2024-11-12 12:00:00-05:00,2024-11-12,regular hours,open at/above the 50,False,False,False,False,-0.009274381707886192,,,,,,,,,,,,,,,,,,,
WMT,2024-11-15 06:00:00-05:00,2024-11-15,pre-market,between 200 and 50,True,False,False,False,0.0021324487619951427,,,,,,,,,,,,,,,,,,,
WMT,2024-12-09 16:00:00-05:00,2024-12-10,after hours,between 200 and 50,True,False,False,True,,18.0,False,95.09214,2024-12-10 10:00:00-05:00,0.006287165269390269,0.009749912032687394,True,False,-0.00018778256755336287,-0.00018778256755336287,time exit (36h),0.0025645412507602217,-0.00018778256755336287,time exit (36h),0.0025645412507602217,-0.0015538613391180935,stopped,0.0012285387566004133,0.0025645412507602217
WMT,2024-12-13 07:00:00-05:00,2024-12-13,pre-market,open at the 200,True,False,False,False,-0.001399569722570826,,,,,,,,,,,,,,,,,,,
WMT,2024-12-19 05:00:00-05:00,2024-12-19,pre-market,open at/above the 50,True,False,False,False,0.01725634903407869,,,,,,,,,,,,,,,,,,,
WMT,2024-12-30 07:00:00-05:00,2024-12-30,pre-market,below the 200,True,True,False,False,0.007402496961661731,,,,,,,,,,,,,,,,,,,
WMT,2025-01-08 07:00:00-05:00,2025-01-08,pre-market,open at/above the 50,True,True,False,True,,2.0,False,91.166016,2025-01-08 09:00:00-05:00,0.010244870193735298,0.0037954493920191257,False,False,-0.007662827909001857,-0.008489830245516033,stopped,-0.008880349126254966,-0.00658149722131407,flat at the close (red),-0.006191283112529367,-0.003389245396003652,stopped,-0.005805156381593339,-0.009397020404368961
WMT,2025-01-14 05:00:00-05:00,2025-01-14,pre-market,open at/above the 50,True,False,False,False,-0.0005465078150617142,,,,,,,,,,,,,,,,,,,
WMT,2025-02-03 07:00:00-05:00,2025-02-03,pre-market,between 200 and 50,True,False,False,True,,2.0,False,97.96842199999999,2025-02-03 09:00:00-05:00,0.03043407190941601,0.0010046298387860646,True,False,-0.02722250024823758,-0.010529699049352968,stopped,-0.0024942405105881065,-0.010529699049352968,stopped,-0.0024942405105881065,-0.006957119305239152,stopped,0.001974438866969324,-0.014131227763227616
WMT,2025-02-10 04:00:00-05:00,2025-02-10,pre-market,open at/above the 50,True,False,False,True,,5.0,False,102.183464,2025-02-10 09:00:00-05:00,0.01190540966589276,0.00884158712803081,True,False,-0.00279629159754069,-0.00906737708559184,stopped,-0.010774399078001415,-0.007059916431833568,flat at the close (red),-0.0064481338296079604,-0.002202274137036526,stopped,-0.0013592013848172388,-0.0013259706049914
WMT,2025-02-18 11:00:00-05:00,2025-02-18,regular hours,between 200 and 50,True,False,False,False,-0.006280193236715026,,,,,,,,,,,,,,,,,,,
WMT,2025-03-04 10:00:00-05:00,2025-03-04,regular hours,below the 200,True,True,False,False,-0.007033447952485172,,,,,,,,,,,,,,,,,,,
WMT,2025-03-19 09:00:00-04:00,2025-03-19,regular hours,open at/above the 50,True,True,True,True,,2.0,False,86.200118,2025-03-19 11:00:00-04:00,0.010207433822770347,0.007947993760286995,False,False,0.003961309107850086,0.003961309107850086,time exit (36h),0.007779722345015894,-0.0015044827985636333,flat at the close (red),0.0046506114678513955,-0.0026668408968999724,stopped,0.0034882533695150563,0.007779722345015894
WMT,2025-03-25 19:00:00-04:00,2025-03-26,after hours,below the 200,True,True,True,False,0.000929766674522714,,,,,,,,,,,,,,,,,,,
WMT,2025-03-31 06:00:00-04:00,2025-03-31,pre-market,below the 200,True,True,True,True,,3.0,False,85.15533800000001,2025-03-31 09:00:00-04:00,0.04644056488860374,-0.010212653961868967,False,False,-0.04136735337160846,-0.007922721180438312,stopped,-0.009869095830272583,-0.007922721180438312,stopped,-0.009869095830272583,-0.013559478796267446,stopped,-0.012127281551887295,-0.021840136311549352
WMT,2025-04-03 07:00:00-04:00,2025-04-03,pre-market,open at the 200,True,False,True,True,,2.0,False,87.585,2025-04-03 09:00:00-04:00,0.026203116972084283,0.056345264600102626,True,True,0.05766211810167854,0.014426288748073274,hit the 200,-0.027505485878220222,0.014426288748073274,hit the 200,-0.027505485878220222,-0.017640006850488117,stopped,-0.018081637941316737,-0.017867060928984158
WMT,2025-04-08 18:00:00-04:00,2025-04-09,after hours,open at/above the 50,True,True,True,True,,15.0,False,83.40839799999999,2025-04-09 09:00:00-04:00,0.10144784221847798,-0.00961056703187133,False,False,-0.07529492239467861,-0.04264081417796818,stopped,0.03874344741830758,-0.04264081417796818,stopped,0.03874344741830758,-0.02939274771828142,stopped,-0.025604491070584424,-0.01637594166736045
WMT,2025-04-16 13:00:00-04:00,2025-04-16,regular hours,open at/above the 50,True,False,True,True,,23.0,False,93.343708,2025-04-17 12:00:00-04:00,0.0056382161291471085,0.004860616850575573,True,False,0.004235696611081252,0.004235696611081252,time exit (36h),0.004880735503132172,0.004235696611081252,time exit (36h),0.004880735503132172,-0.0011387162806945302,stopped,0.004167475535307252,0.004880735503132172
WMT,2025-04-28 06:00:00-04:00,2025-04-28,pre-market,open at/above the 50,True,False,True,True,,3.0,False,95.19083200000001,2025-04-28 09:00:00-04:00,0.010496473021687457,0.00893817169283709,True,False,-0.007394869655891423,-0.007394869655891423,time exit (36h),-0.0037420007070858574,-0.007394869655891423,time exit (36h),-0.0037420007070858574,0.00011379247110696252,stopped,-0.0006490810190394027,-0.0037420007070858574
WMT,2025-05-07 10:00:00-04:00,2025-05-07,regular hours,open at/above the 50,True,False,False,True,,1.0,True,98.914848,2025-05-07 11:00:00-04:00,0.004197064529685088,0.015769604175098186,True,False,0.012963245911376431,0.012963245911376431,time exit (36h),0.021593101312567198,0.012963245911376431,time exit (36h),0.021593101312567198,-0.00298389984888808,stopped,-0.0033057479723349018,0.021593101312567198
WMT,2025-05-16 06:00:00-04:00,2025-05-16,pre-market,open at/above the 50,True,True,False,False,-0.012966965112689133,,,,,,,,,,,,,,,,,,,
WMT,2025-05-21 11:00:00-04:00,2025-05-21,regular hours,below the 200,True,False,False,False,0.009244458320324611,,,,,,,,,,,,,,,,,,,
WMT,2025-05-30 11:00:00-04:00,2025-05-30,regular hours,open at the 200,False,False,False,False,-0.005888324873096429,,,,,,,,,,,,,,,,,,,
WMT,2025-06-05 10:00:00-04:00,2025-06-05,regular hours,open at/above the 50,True,False,False,False,0.005178956004512347,,,,,,,,,,,,,,,,,,,
WMT,2025-06-26 08:00:00-04:00,2025-06-26,pre-market,between 200 and 50,True,False,False,True,,27.0,False,97.25645,2025-06-27 11:00:00-04:00,0.005177548635591821,0.004203834295823064,True,False,0.0010957282552752634,0.0010957282552752634,time exit (36h),-0.0011539171810417415,0.0010957282552752634,time exit (36h),-0.0011539171810417415,-0.002092920315310633,stopped,-0.00020971171748920435,-0.0011539171810417415
WMT,2025-07-03 11:00:00-04:00,2025-07-03,regular hours,open at/above the 50,False,False,True,False,-0.0020358306188923425,,,,,,,,,,,,,,,,,,,
WMT,2025-07-09 06:00:00-04:00,2025-07-09,pre-market,open at the 200,True,False,True,False,0.024390243902439046,,,,,,,,,,,,,,,,,,,
WMT,2025-07-17 04:00:00-04:00,2025-07-17,pre-market,open at/above the 50,True,True,True,True,,5.0,True,95.240026,2025-07-17 09:00:00-04:00,0.004094643989282354,0.008505100576095952,False,False,0.0005255383968905125,0.0005255383968905125,time exit (36h),0.0046026207348423,0.0005255383968905125,time exit (36h),0.0046026207348423,-0.0018896886903411955,stopped,0.0023142668496441204,0.0046026207348423
WMT,2025-07-24 07:00:00-04:00,2025-07-24,pre-market,open at/above the 50,True,True,True,True,,2.0,False,95.76411,2025-07-24 09:00:00-04:00,0.019693077082844537,-0.004186223836884235,False,False,-0.01765790809915324,-0.005491514514153621,stopped,-0.0040822099547776864,-0.005491514514153621,stopped,-0.0040822099547776864,-0.006118054039242802,stopped,-0.004009511294046018,-0.012497112077192285
WMT,2025-07-31 06:00:00-04:00,2025-07-31,pre-market,open at/above the 50,True,False,True,True,,3.0,False,97.75411199999999,2025-07-31 09:00:00-04:00,0.011006063867676545,0.005463831536825717,True,False,-0.006563902439024494,-0.006563902439024494,time exit (36h),-0.03740594161936017,-0.0023054500918555654,flat at the close (red),-0.015628867342674324,-0.0043567272136850336,stopped,-0.010294428475053866,-0.03740594161936017
WMT,2025-08-13 10:00:00-04:00,2025-08-13,regular hours,between 200 and 50,True,False,False,False,0.007138142301682304,,,,,,,,,,,,,,,,,,,
WMT,2025-08-21 12:00:00-04:00,2025-08-21,regular hours,below the 200,True,True,False,False,0.006449655849830593,,,,,,,,,,,,,,,,,,,
WMT,2025-09-10 17:00:00-04:00,2025-09-11,after hours,between 200 and 50,True,False,False,True,,16.0,False,101.561352,2025-09-11 09:00:00-04:00,0.023765418168123588,0.0008010133618543738,True,False,-0.01702137049941921,-0.008748879199638855,stopped,-0.003578641520771482,-0.008748879199638855,stopped,-0.003578641520771482,-0.002842104740787568,stopped,0.0008737256102365064,-0.012396037673249594
WMT,2025-09-19 06:00:00-04:00,2025-09-19,pre-market,open at/above the 50,True,False,False,False,0.011923377638780375,,,,,,,,,,,,,,,,,,,
WMT,2025-09-30 04:00:00-04:00,2025-09-30,pre-market,open at/above the 50,False,True,False,True,,5.0,True,102.96680199999999,2025-09-30 09:00:00-04:00,0.009403011273478371,0.0234716622547915,False,False,0.01046910696761505,-0.0033330937091744896,stopped,-0.0030918464609008102,-0.0033330937091744896,stopped,-0.0030918464609008102,-0.006780806885699133,stopped,-0.006871304623255561,0.018297277758355435
WMT,2025-10-01 10:00:00-04:00,2025-10-01,regular hours,below the 200,True,True,False,False,-0.007965384993607993,,,,,,,,,,,,,,,,,,,
WMT,2025-10-09 12:00:00-04:00,2025-10-09,regular hours,open at/above the 50,True,False,False,True,,21.0,False,102.448982,2025-10-10 09:00:00-04:00,0.011519079808913993,0.016290859776429988,False,False,0.011133754240240767,-0.00791631096929791,stopped,-0.01166728233638504,-0.00791631096929791,stopped,-0.01166728233638504,-0.007037824934170657,stopped,-0.010788796301257788,-0.018798009924445136
WMT,2025-10-17 08:00:00-04:00,2025-10-17,pre-market,open at/above the 50,True,False,False,True,,1.0,False,107.40728200000001,2025-10-17 09:00:00-04:00,0.007380486548388717,0.0070971165623575985,True,False,-0.0035912626258877145,-0.0035912626258877145,time exit (36h),0.004480526695901599,-0.0030881566734730637,flat at the close (red),0.0035502103785501893,-0.004028758497026246,stopped,0.0026993188081304307,0.004480526695901599
WMT,2025-10-24 07:00:00-04:00,2025-10-24,pre-market,open at/above the 50,False,False,False,False,0.005273069679849307,,,,,,,,,,,,,,,,,,,
WMT,2025-11-06 11:00:00-05:00,2025-11-06,regular hours,open at/above the 50,True,True,False,True,,3.0,False,101.69311599999999,2025-11-06 14:00:00-05:00,0.01255624815351326,0.0023906829642233243,False,False,-0.009707702794819473,-0.009655363495794623,stopped,-0.02404412440066269,-0.009655363495794623,stopped,-0.02404412440066269,-0.0009527095226388488,stopped,-0.007186413481640317,-0.008443480291658867
WMT,2025-11-14 04:00:00-05:00,2025-11-14,pre-market,below the 200,True,False,False,False,0.0014209813359566947,,,,,,,,,,,,,,,,,,,
WMT,2025-11-19 05:00:00-05:00,2025-11-19,pre-market,below the 200,True,False,True,False,-0.04838345205489725,,,,,,,,,,,,,,,,,,,
WMT,2025-11-24 17:00:00-05:00,2025-11-25,after hours,between 200 and 50,True,False,True,True,,16.0,False,105.618378,2025-11-25 09:00:00-05:00,0.03760351252506449,-0.0005834401281943549,True,False,-0.032887299697829775,-0.0061695891599470405,stopped,-0.004639293028983592,-0.0061695891599470405,stopped,-0.004639293028983592,-0.0012462035726395365,stopped,0.0002840925583239124,-0.015853462339207036
WMT,2025-12-08 16:00:00-05:00,2025-12-09,after hours,between 200 and 50,True,False,False,True,,17.0,False,114.43763799999999,2025-12-09 09:00:00-05:00,0.01566234703306277,0.012650016422044623,True,False,0.009422630798081366,-0.004826751142836435,stopped,-0.005017073959614101,-0.004826751142836435,stopped,-0.005017073959614101,0.00011043569424244396,stopped,0.0007686865024282669,0.013127638347803616
WMT,2025-12-11 09:00:00-05:00,2025-12-11,regular hours,between 200 and 50,True,False,False,True,,1.0,False,114.033888,2025-12-11 10:00:00-05:00,0.02557232811355163,-0.0009331612020454106,True,False,-0.02209169024954971,-0.019258415533459663,stopped,-0.012174676133613806,-0.013078125405686092,flat at the close (red),-0.0036098712646853715,-0.005402885149368941,stopped,-0.0012015722390844698,-0.023166061179413
WMT,2025-12-16 19:00:00-05:00,2025-12-17,after hours,between 200 and 50,True,False,False,True,,16.0,False,116.155776,2025-12-17 11:00:00-05:00,0.0027912860743145563,0.013307784194907394,True,True,0.013133676406454464,0.012722350544151979,hit the 200,0.015486864241060756,0.012722350544151979,hit the 200,0.015486864241060756,-0.0012416429467958109,stopped,-0.0023695740836315467,0.01589819010336324
WMT,2025-12-31 12:00:00-05:00,2025-12-31,regular hours,open at/above the 50,True,True,False,False,-0.0007623318385650002,,,,,,,,,,,,,,,,,,,
WMT,2026-01-08 09:00:00-05:00,2026-01-08,regular hours,below the 200,True,False,False,True,,4.0,False,113.19875199999998,2026-01-08 13:00:00-05:00,0.019931739176771258,0.010148097745812495,True,True,-0.011623574609272769,0.005915771933598563,hit the 200,0.007969249106741311,0.005915771933598563,hit the 200,0.007969249106741311,-0.0001877052496127709,stopped,0.0029037527917896576,-0.00530229825862194
WMT,2026-01-16 05:00:00-05:00,2026-01-16,pre-market,between 200 and 50,True,False,False,False,-0.009159034138218058,,,,,,,,,,,,,,,,,,,
WMT,2026-01-22 14:00:00-05:00,2026-01-22,regular hours,open at/above the 50,True,False,False,True,,22.0,False,118.460498,2026-01-23 12:00:00-05:00,0.0012620409547830726,0.0081081712150155,True,False,0.0076599013269820215,0.0076599013269820215,time exit (36h),0.005104486277344611,0.0076599013269820215,time exit (36h),0.005104486277344611,0.0076599013269820215,time exit (36h),0.005104486277344611,0.005104486277344611
WMT,2026-02-06 08:00:00-05:00,2026-02-06,pre-market,open at/above the 50,True,False,False,True,,1.0,False,127.605808,2026-02-06 09:00:00-05:00,0.032084683794330056,-0.006152478576837127,True,False,-0.025786412629386524,-0.015627752617655134,stopped,-0.007074527702750955,-0.015627752617655134,stopped,-0.007074527702750955,-0.011004138620398805,stopped,-0.004850741128418733,-0.012702155410977745
WMT,2026-02-10 12:00:00-05:00,2026-02-10,regular hours,open at/above the 50,True,False,False,True,,23.0,False,128.791296,2026-02-11 11:00:00-05:00,0.04424758642074711,0.0022617677517585387,True,False,-0.03266264082920234,-0.02328266034375491,stopped,-0.0225898496975646,-0.02328266034375491,stopped,-0.0225898496975646,-0.0006110971971274837,stopped,-4.835378630827555e-06,-0.04985209208902752
WMT,2026-02-17 17:00:00-05:00,2026-02-18,after hours,between 200 and 50,True,False,False,False,0.03228827818283797,,,,,,,,,,,,,,,,,,,
WMT,2026-02-26 10:00:00-05:00,2026-02-26,regular hours,open at/above the 50,True,True,False,True,,23.0,False,125.79222,2026-02-27 09:00:00-05:00,0.022320776276942993,-0.004911114534746236,False,False,-0.015325088062622338,-0.012781235596287317,stopped,-0.011642333322863258,-0.012781235596287317,stopped,-0.011642333322863258,-0.011270808321850059,stopped,-0.00962170292504321,-0.01591014854324957
WMT,2026-03-04 06:00:00-05:00,2026-03-04,pre-market,open at/above the 50,False,True,False,True,,4.0,True,127.29231599999999,2026-03-04 10:00:00-05:00,0.005873755961828888,0.04432566063139255,True,True,0.029457492484830095,0.004071911143481711,hit the 200,0.00922209440064048,-0.003348606326338932,flat at the close (red),0.0022807357251526383,-0.0030456198157320156,stopped,0.003482712885717353,0.0306553753796458
WMT,2026-03-05 09:00:00-05:00,2026-03-05,regular hours,below the 200,True,False,False,False,0.009220963035176943,,,,,,,,,,,,,,,,,,,
WMT,2026-03-12 07:00:00-04:00,2026-03-12,pre-market,below the 200,True,True,False,True,,4.0,False,124.12913400000001,2026-03-12 11:00:00-04:00,0.020590379692812442,-0.0009737117798629963,False,False,-0.016897054234587316,-0.010963308581529193,stopped,-0.01325726483143544,-0.009660651029200551,flat at the close (red),-0.013339053551533864,-0.004921213741811711,stopped,-0.00442781482130867,-0.02511360436941834
WMT,2026-03-17 12:00:00-04:00,2026-03-17,regular hours,open at/above the 50,False,False,False,True,,1.0,False,125.735838,2026-03-17 13:00:00-04:00,0.0009079511602729622,0.031938690383564325,True,True,0.02944029801866721,0.0027681089619014205,hit the 200,0.0029765758155969975,0.0027681089619014205,hit the 200,0.0029765758155969975,0.0027681089619014205,hit the 200,0.0029765758155969975,0.01425127268183668
WMT,2026-03-27 19:00:00-04:00,2026-03-30,after hours,open at/above the 50,True,True,True,False,0.0,,,,,,,,,,,,,,,,,,,
WMT,2026-04-07 16:00:00-04:00,2026-04-08,after hours,below the 200,True,False,True,True,,18.0,False,125.21426000000001,2026-04-08 10:00:00-04:00,0.035744650808941306,0.0005930634418157288,True,False,-0.028971206691580598,-0.00915023576388176,stopped,-0.011661603790748893,-0.00915023576388176,stopped,-0.011661603790748893,-0.0030806395373816384,stopped,-0.0013345866526952052,-0.022125723238512696
WMT,2026-04-13 10:00:00-04:00,2026-04-13,regular hours,between 200 and 50,True,False,True,False,0.0037038016242889604,,,,,,,,,,,,,,,,,,,
WMT,2026-04-27 05:00:00-04:00,2026-04-27,pre-market,between 200 and 50,True,False,False,False,0.01767833267793928,,,,,,,,,,,,,,,,,,,
WMT,2026-05-05 04:00:00-04:00,2026-05-05,pre-market,between 200 and 50,True,False,False,True,,5.0,False,131.151344,2026-05-05 09:00:00-04:00,0.0044121240572265515,0.012591132882328637,True,True,0.006610975516156303,0.012161564276458998,hit the 200,0.02388984093225612,0.012161564276458998,hit the 200,0.02388984093225612,-0.004183380690326696,stopped,-0.0016389218026976989,0.02257277633471022
WMT,2026-05-11 13:00:00-04:00,2026-05-11,regular hours,open at/above the 50,True,False,False,True,,20.0,False,129.458914,2026-05-12 09:00:00-04:00,0.023722476151777454,0.007677447379173825,False,False,-0.011613116506336785,-0.015071082706595266,stopped,-0.01579031191001498,-0.007140777666998943,flat at the close (red),-0.006070635974820382,-0.00448857465311349,stopped,-0.011232694026756765,-0.003355655877209651
WMT,2026-05-18 12:00:00-04:00,2026-05-18,regular hours,open at/above the 50,False,False,False,False,-0.01586474005660654,,,,,,,,,,,,,,,,,,,
WMT,2026-05-20 18:00:00-04:00,2026-05-21,after hours,below the 200,True,False,False,False,0.07859724047306171,,,,,,,,,,,,,,,,,,,
WMT,2026-06-10 09:00:00-04:00,2026-06-10,regular hours,open at/above the 50,True,False,True,True,,1.0,True,119.2546,2026-06-10 10:00:00-04:00,0.021847375279444175,0.0032250328289222543,True,False,-0.005714523928631032,-0.010443203029484847,stopped,-0.02464187414414951,-0.010443203029484847,stopped,-0.02464187414414951,-0.004824132570148226,stopped,-0.01174937823844822,-0.0006298698473847786
WMT,2026-06-15 11:00:00-04:00,2026-06-15,regular hours,between 200 and 50,True,False,True,True,,1.0,False,120.34117,2026-06-15 12:00:00-04:00,0.021595518807071532,0.0038321881032069892,True,False,-0.004375196492098943,-0.010543606980055072,stopped,-0.014806951514075625,-0.004128020523005649,flat at the close (red),-0.006089168589684668,-0.008299985782089356,stopped,-0.009538060212210828,-0.011554683671586186
WMT,2026-06-16 04:00:00-04:00,2026-06-16,pre-market,open at/above the 50,False,False,True,True,,6.0,False,120.510068,2026-06-16 10:00:00-04:00,0.020163726071418312,0.02539263358477236,True,True,0.019414355200270794,-0.008131536362588319,stopped,-0.009672184231580203,-0.008131536362588319,stopped,-0.009672184231580203,-0.004397408521917043,stopped,-0.009328177855197115,0.008028230861566676
WMT,2026-06-17 14:00:00-04:00,2026-06-17,regular hours,between 200 and 50,True,False,True,False,0.0036293766011956663,,,,,,,,,,,,,,,,,,,
WMT,2026-06-25 10:00:00-04:00,2026-06-25,regular hours,below the 200,True,True,True,False,0.009900562040639826,,,,,,,,,,,,,,,,,,,
WMT,2026-07-09 19:00:00-04:00,2026-07-10,after hours,open at/above the 50,True,True,True,True,,14.0,False,112.28973199999999,2026-07-10 09:00:00-04:00,0.016655734827116787,-0.004944957923668501,False,False,-0.015001486843409628,-0.004187987553483685,stopped,-0.002504929040902581,-0.004187987553483685,stopped,-0.002504929040902581,-0.00801736707324238,stopped,-0.008586973922049183,-0.010812088186794022
WMT,2026-07-15 09:00:00-04:00,2026-07-15,regular hours,open at the 200,True,False,True,True,,1.0,False,114.247714,2026-07-15 10:00:00-04:00,0.012624200078086427,0.019061335441687775,True,True,-0.00947014045430905,0.011573596999936413,hit the 200,0.011957835280668832,0.011573596999936413,hit the 200,0.011957835280668832,0.011573596999936413,hit the 200,0.011957835280668832,-0.016625488943809663
WMT,2026-07-20 12:00:00-04:00,2026-07-20,regular hours,open at/above the 50,True,False,True,False,0.024749772520473057,,,,,,,,,,,,,,,,,,,
WMT,2026-07-30 14:00:00-04:00,2026-07-30,regular hours,below the 200,True,False,True,False,-0.002605883673927778,,,,,,,,,,,,,,,,,,,
WMT,2026-08-07 11:00:00-04:00,2026-08-07,regular hours,below the 200,True,False,True,False,-0.001203530954010712,,,,,,,,,,,,,,,,,,,
WMT,2026-08-17 07:00:00-04:00,2026-08-17,pre-market,between 200 and 50,True,False,True,True,,27.0,False,115.199322,2026-08-18 10:00:00-04:00,0.014502498547691188,0.010497648588591523,True,False,0.004091540217502132,-0.01085664375698329,stopped,-0.008882592145923388,-0.0001360760317667964,flat at the close (red),-0.0015173454965902167,-0.008599686029402176,stopped,-0.008755864854156558,0.0060915142438133785
WMT,2026-08-20 07:00:00-04:00,2026-08-20,pre-market,below the 200,True,False,True,False,0.03717204611201197,,,,,,,,,,,,,,,,,,,
WMT,2026-08-26 17:00:00-04:00,2026-08-27,after hours,below the 200,True,True,True,False,0.006540801545147357,,,,,,,,,,,,,,,,,,,
WMT,2026-09-08 10:00:00-04:00,2026-09-08,regular hours,between 200 and 50,True,False,True,False,0.0006614381555325455,,,,,,,,,,,,,,,,,,,
WMT,2026-09-16 14:00:00-04:00,2026-09-16,regular hours,open at/above the 50,True,False,True,False,0.01143057897695332,,,,,,,,,,,,,,,,,,,
WMT,2026-09-24 19:00:00-04:00,2026-09-25,after hours,below the 200,True,False,True,False,-0.003314562856695402,,,,,,,,,,,,,,,,,,,
WMT,2026-09-29 13:00:00-04:00,2026-09-29,regular hours,open at the 200,True,True,True,False,0.01048962703019285,,,,,,,,,,,,,,,,,,,
XOM,2024-10-08 14:00:00-04:00,2024-10-08,regular hours,open at/above the 50,True,False,True,False,0.0004922194922194478,,,,,,,,,,,,,,,,,,,
XOM,2024-10-15 05:00:00-04:00,2024-10-15,pre-market,open at the 200,True,False,False,False,-0.001988071570576455,,,,,,,,,,,,,,,,,,,
XOM,2024-10-23 19:00:00-04:00,2024-10-24,after hours,open at/above the 50,False,True,False,False,0.006510851419031738,,,,,,,,,,,,,,,,,,,
XOM,2024-11-01 14:00:00-04:00,2024-11-01,regular hours,open at/above the 50,True,True,False,False,0.007042253521126751,,,,,,,,,,,,,,,,,,,
XOM,2024-11-11 04:00:00-05:00,2024-11-11,pre-market,open at/above the 50,False,False,False,True,,5.0,True,121.00439600000001,2024-11-11 09:00:00-05:00,0.005087451533578916,0.009651682406645896,True,False,0.004269200763548975,-0.0034346190199568256,stopped,-0.0037347791053357455,-0.0034346190199568256,stopped,-0.0037347791053357455,-0.0029387692658701865,stopped,-0.0032389293512491064,-0.0020128064726363526
XOM,2024-11-15 07:00:00-05:00,2024-11-15,pre-market,open at/above the 50,True,False,False,True,,2.0,False,120.777006,2024-11-15 09:00:00-05:00,0.003833461478586369,0.01363675135315082,True,True,0.01221091183372458,0.01044473233588848,hit the 200,0.0021333190881857988,0.01044473233588848,hit the 200,0.0021333190881857988,0.01044473233588848,hit the 200,0.0021333190881857988,0.005172358438978897
XOM,2024-11-25 17:00:00-05:00,2024-11-26,after hours,below the 200,True,False,False,False,0.015476995940460148,,,,,,,,,,,,,,,,,,,
XOM,2024-12-04 07:00:00-05:00,2024-12-04,pre-market,open at/above the 50,True,True,False,False,0.021393164623010774,,,,,,,,,,,,,,,,,,,
XOM,2024-12-30 15:00:00-05:00,2024-12-30,regular hours,open at/above the 50,True,True,True,True,,18.0,False,106.39416,2024-12-31 09:00:00-05:00,0.014153408420161466,-0.004331440748251639,False,False,-0.010747001394700084,-0.010747001394700084,time exit (36h),-0.016697282557803672,-0.011482300473845575,flat at the close (red),-0.018291058003580662,-0.004848386415194191,stopped,-0.007124742885822485,-0.016697282557803672
XOM,2025-01-08 14:00:00-05:00,2025-01-08,regular hours,open at the 200,True,False,True,False,-0.00602550329300755,,,,,,,,,,,,,,,,,,,
XOM,2025-01-22 08:00:00-05:00,2025-01-22,pre-market,between 200 and 50,True,False,True,False,0.008082826264644405,,,,,,,,,,,,,,,,,,,
XOM,2025-01-28 11:00:00-05:00,2025-01-28,regular hours,open at/above the 50,True,True,True,False,-0.003511662784742131,,,,,,,,,,,,,,,,,,,
XOM,2025-01-28 17:00:00-05:00,2025-01-29,after hours,below the 200,True,True,True,False,-0.005705346461765015,,,,,,,,,,,,,,,,,,,
XOM,2025-01-31 19:00:00-05:00,2025-02-03,after hours,below the 200,True,True,True,False,0.0,,,,,,,,,,,,,,,,,,,
XOM,2025-02-07 05:00:00-05:00,2025-02-07,pre-market,open at the 200,True,False,True,True,,4.0,False,109.38248599999999,2025-02-07 09:00:00-05:00,0.003180710301281845,0.007610779663574193,True,True,0.004522784461382878,0.0027750100687966126,hit the 200,-0.002793343123891612,0.0027750100687966126,hit the 200,-0.002793343123891612,-0.0018971410103077887,stopped,-0.007465494202996014,-0.0057504440223379305
XOM,2025-02-12 15:00:00-05:00,2025-02-12,regular hours,open at/above the 50,True,False,True,False,-0.007623851778051582,,,,,,,,,,,,,,,,,,,
XOM,2025-02-24 09:00:00-05:00,2025-02-24,regular hours,open at/above the 50,True,False,False,True,,1.0,False,111.098514,2025-02-24 10:00:00-05:00,0.009284426612582785,0.019877079544016237,True,True,0.010353892324481695,-0.006764140877707868,stopped,-0.004747373372665885,-0.006764140877707868,stopped,-0.004747373372665885,-0.0035237735042972806,stopped,-0.0015070059992552975,0.005672448627651372
XOM,2025-03-03 18:00:00-05:00,2025-03-04,after hours,below the 200,True,False,False,False,0.006094260382641048,,,,,,,,,,,,,,,,,,,
XOM,2025-03-12 09:00:00-04:00,2025-03-12,regular hours,open at the 200,True,False,False,True,,4.0,True,110.041802,2025-03-12 13:00:00-04:00,0.007071839845007164,0.021962581092592467,True,True,0.01141362132352941,0.007609676366441218,hit the 200,0.007323404873714243,0.007609676366441218,hit the 200,0.007323404873714243,0.007609676366441218,hit the 200,0.007323404873714243,0.0020615839153796944
XOM,2025-03-31 06:00:00-04:00,2025-03-31,pre-market,open at/above the 50,True,False,False,True,,3.0,False,117.830342,2025-03-31 09:00:00-04:00,0.01760716267801378,-0.0008457753606452668,True,False,-0.009854020486878445,-0.005343767906571909,stopped,-0.007290142556406179,-0.005343767906571909,stopped,-0.007290142556406179,-0.012302926185175627,stopped,-0.010870728940795476,0.009673196573180665
XOM,2025-04-02 17:00:00-04:00,2025-04-03,after hours,below the 200,True,False,False,False,0.058759815867857945,,,,,,,,,,,,,,,,,,,
XOM,2025-04-11 04:00:00-04:00,2025-04-11,pre-market,below the 200,True,True,False,True,,8.0,False,101.36896800000001,2025-04-11 12:00:00-04:00,0.025264457659271003,-0.001933846263483596,False,False,-0.017742558139534848,-0.02378471486461213,stopped,-0.010600700482051015,-0.02378471486461213,stopped,-0.010600700482051015,-0.0046467080536914795,stopped,0.009866102868320807,-0.00398598399440786
XOM,2025-04-22 08:00:00-04:00,2025-04-22,pre-market,open at/above the 50,False,False,True,True,,28.0,True,107.08382800000001,2025-04-23 12:00:00-04:00,0.016773513176984896,0.004424832477972413,True,False,-0.01350688162137248,,skipped (already above yesterday's high),,,skipped (already above yesterday's high),,-0.004820261001502329,stopped,-0.0030927923931360728,0.006443152114973483
XOM,2025-04-28 04:00:00-04:00,2025-04-28,pre-market,open at/above the 50,True,False,True,True,,8.0,True,108.083364,2025-04-28 12:00:00-04:00,0.008527084704728401,0.005201207467968982,True,False,-0.0009459290830488021,-0.00621405529161724,stopped,6.612040809604591e-05,-0.00621405529161724,stopped,6.612040809604591e-05,-0.000894087641461675,stopped,0.001383899711152522,0.009143392147920593
XOM,2025-04-29 13:00:00-04:00,2025-04-29,regular hours,between 200 and 50,False,False,True,False,0.03553396208440507,,,,,,,,,,,,,,,,,,,
XOM,2025-04-30 04:00:00-04:00,2025-04-30,pre-market,between 200 and 50,True,False,True,False,0.01412429378531077,,,,,,,,,,,,,,,,,,,
XOM,2025-05-05 10:00:00-04:00,2025-05-05,regular hours,below the 200,True,True,True,True,,24.0,False,105.171396,2025-05-06 10:00:00-04:00,0.0076884403055751255,0.01047239118134372,False,False,0.004982283803153242,0.004982283803153242,time exit (36h),0.011417106711835823,0.004982283803153242,time exit (36h),0.011417106711835823,-0.0014129697394146194,stopped,0.0038870998574589495,0.011417106711835823
XOM,2025-05-14 16:00:00-04:00,2025-05-15,after hours,open at the 200,True,False,True,False,-0.001197273899428919,,,,,,,,,,,,,,,,,,,
XOM,2025-05-19 09:00:00-04:00,2025-05-19,regular hours,open at/above the 50,True,False,True,False,0.006250000000000089,,,,,,,,,,,,,,,,,,,
XOM,2025-05-28 17:00:00-04:00,2025-05-29,after hours,below the 200,True,True,True,False,-0.0050608154130582506,,,,,,,,,,,,,,,,,,,
XOM,2025-06-05 04:00:00-04:00,2025-06-05,pre-market,open at/above the 50,True,True,True,True,,29.0,False,102.94052599999999,2025-06-06 09:00:00-04:00,0.015149271726083942,-0.0038806290925695497,False,False,-0.011992264132834274,-0.011992264132834274,time exit (36h),-0.008674104294240204,-0.0125609016786572,flat at the close (red),-0.010407420216960839,-0.008834946112476665,stopped,-0.006231909236121007,-0.008674104294240204
XOM,2025-06-20 13:00:00-04:00,2025-06-20,regular hours,open at/above the 50,False,False,True,False,-0.00457396759017259,,,,,,,,,,,,,,,,,,,
XOM,2025-06-23 19:00:00-04:00,2025-06-24,after hours,open at the 200,True,False,False,False,0.014399113900683158,,,,,,,,,,,,,,,,,,,
XOM,2025-06-30 12:00:00-04:00,2025-06-30,regular hours,below the 200,True,True,False,True,,23.0,False,108.965046,2025-07-01 11:00:00-04:00,0.02197910328051436,0.0037172103795560154,False,False,-0.019002825097816034,-0.010415762133482633,stopped,-0.007586971191307048,-0.0026082745995422707,flat at the close (red),-0.0008936233915625147,-0.003165730779391414,stopped,-0.0022114129327238624,-0.012319339483075842
XOM,2025-07-15 05:00:00-04:00,2025-07-15,pre-market,between 200 and 50,True,False,False,False,0.011316047402655238,,,,,,,,,,,,,,,,,,,
XOM,2025-07-31 10:00:00-04:00,2025-07-31,regular hours,below the 200,True,False,False,True,,2.0,False,111.795234,2025-07-31 12:00:00-04:00,0.015427902767304038,0.026255448420994355,True,True,0.02001368591910535,-0.007288020882893862,stopped,-0.027074638922786984,-0.007288020882893862,stopped,-0.027074638922786984,-0.00451509408710575,stopped,-0.010940023444454813,-0.006240680418643896
XOM,2025-08-18 06:00:00-04:00,2025-08-18,pre-market,below the 200,True,True,True,True,,4.0,False,106.82500199999998,2025-08-18 10:00:00-04:00,0.0059442825940692265,0.006318764215890003,False,False,-0.005353798882681726,-0.005353798882681726,time exit (36h),-0.010876327042881995,-0.005353798882681726,time exit (36h),-0.010876327042881995,-0.0015782634855463626,stopped,-0.001920670607614485,-0.010876327042881995
XOM,2025-09-03 13:00:00-04:00,2025-09-03,regular hours,open at/above the 50,True,False,True,False,-0.004714090961235318,,,,,,,,,,,,,,,,,,,
XOM,2025-09-15 15:00:00-04:00,2025-09-15,regular hours,open at/above the 50,True,False,False,False,-0.019371727748691114,,,,,,,,,,,,,,,,,,,
XOM,2025-09-19 10:00:00-04:00,2025-09-19,regular hours,between 200 and 50,True,False,False,False,0.00460217718382161,,,,,,,,,,,,,,,,,,,
XOM,2025-09-29 19:00:00-04:00,2025-09-30,after hours,below the 200,True,False,False,False,0.0135915430398863,,,,,,,,,,,,,,,,,,,
XOM,2025-10-09 14:00:00-04:00,2025-10-09,regular hours,open at/above the 50,True,False,False,False,0.01588658865886594,,,,,,,,,,,,,,,,,,,
XOM,2025-10-16 12:00:00-04:00,2025-10-16,regular hours,open at/above the 50,True,True,False,True,,21.0,False,111.721614,2025-10-17 09:00:00-04:00,0.010637028569959562,0.004847889147036451,False,False,-0.0060354626334520045,-0.0060354626334520045,time exit (36h),0.002036326688337309,-0.0044411513099269495,flat at the close (red),0.0021972157420963034,-0.0027603074191176534,stopped,-4.008254719484834e-05,0.002036326688337309
XOM,2025-10-27 11:00:00-04:00,2025-10-27,regular hours,open at/above the 50,True,False,False,True,,22.0,True,115.75225200000001,2025-10-28 09:00:00-04:00,0.011211427661899694,0.008658596119581438,True,False,-0.006762021378012517,-0.006200726012656635,stopped,-0.002628000720375825,-0.006200726012656635,stopped,-0.002628000720375825,-0.0027450697028337757,stopped,0.0005381437786799491,-0.005830068499879992
XOM,2025-10-31 05:00:00-04:00,2025-10-31,pre-market,open at the 200,True,False,False,False,0.0004359958144402043,,,,,,,,,,,,,,,,,,,
XOM,2025-11-13 09:00:00-05:00,2025-11-13,regular hours,open at/above the 50,True,False,False,True,,1.0,False,118.67720000000001,2025-11-13 10:00:00-05:00,0.009123909226034921,0.017027702035437374,True,False,-0.005053655264922741,-0.0050793244195177145,stopped,-0.008508841921882802,-0.0050793244195177145,stopped,-0.008508841921882802,-0.0050793244195177145,stopped,-0.011976899143243812,-0.013162485870560126
XOM,2025-11-17 19:00:00-05:00,2025-11-18,after hours,between 200 and 50,True,False,False,True,,17.0,False,118.611278,2025-11-18 12:00:00-05:00,0.007324109601112344,0.0226055906757871,True,True,0.005180322033898399,0.014655022939724089,hit the 200,0.021415129298730788,-0.0034340615022685483,flat at the close (red),-0.004994336595430582,-0.0025184957538354653,stopped,0.00025672633934568576,0.018429382734818978
XOM,2025-12-03 07:00:00-05:00,2025-12-03,pre-market,open at/above the 50,False,True,False,True,,2.0,False,115.98110199999999,2025-12-03 09:00:00-05:00,0.02033864103136398,-0.005853522585084627,False,False,-0.010059756042393508,-0.0053361969262889185,stopped,-0.008738314804885485,-0.0053361969262889185,stopped,-0.008738314804885485,-0.01055256398581215,stopped,-0.01182777901438479,-0.007776294925197491
XOM,2025-12-08 09:00:00-05:00,2025-12-08,regular hours,below the 200,True,False,False,True,,24.0,False,116.964372,2025-12-09 09:00:00-05:00,0.029971759263581577,-0.009025209830562752,True,False,-0.022854035087719327,-0.015480166900738015,stopped,-0.01363924585579597,-0.015480166900738015,stopped,-0.01363924585579597,-0.029031301942099106,stopped,-0.027095596578368995,-0.019149027537997076
XOM,2025-12-15 05:00:00-05:00,2025-12-15,pre-market,open at/above the 50,True,False,False,False,0.04130718954248369,,,,,,,,,,,,,,,,,,,
XOM,2026-01-02 06:00:00-05:00,2026-01-02,pre-market,between 200 and 50,True,False,False,True,,4.0,False,120.728778,2026-01-02 10:00:00-05:00,0.01674184095526913,-0.003737485026146801,True,False,-0.015664264166326936,-0.004400127366484233,stopped,-0.011787547025359248,-0.004400127366484233,stopped,-0.011787547025359248,-0.004151636488857681,stopped,-0.011539056147732697,-0.020379113239470614
XOM,2026-01-07 05:00:00-05:00,2026-01-07,pre-market,open at the 200,True,False,False,True,,32.0,False,121.90904400000001,2026-01-08 13:00:00-05:00,0.024206210656528407,-0.0023866646021766377,True,False,-0.020810891566265033,-0.020810891566265033,time exit (36h),-0.014489615215614204,-0.008143812545765128,flat at the close (red),-0.009086606697540356,-0.010466458911776829,stopped,-0.012252017661014743,-0.014489615215614204
XOM,2026-02-03 04:00:00-05:00,2026-02-03,pre-market,between 200 and 50,True,False,False,True,,5.0,False,139.345608,2026-02-03 09:00:00-05:00,0.06203562583759375,-0.010293772588799516,True,False,-0.05579612413606194,-0.0069926279987238245,stopped,-0.011866596966826817,-0.0069926279987238245,stopped,-0.011866596966826817,-0.014599613358463347,stopped,-0.019966494508014652,-0.06882127314027764
XOM,2026-02-13 04:00:00-05:00,2026-02-13,pre-market,between 200 and 50,True,False,False,False,0.008473436449226712,,,,,,,,,,,,,,,,,,,
XOM,2026-02-20 16:00:00-05:00,2026-02-23,after hours,below the 200,True,False,False,False,-0.0013548299688390664,,,,,,,,,,,,,,,,,,,
XOM,2026-02-25 14:00:00-05:00,2026-02-25,regular hours,open at/above the 50,True,True,False,True,,20.0,True,149.45837600000002,2026-02-26 10:00:00-05:00,0.028045427176326267,0.008085033655122918,False,False,-0.022508986265532993,-0.008441306762225112,stopped,-0.014882108219419946,-0.008441306762225112,stopped,-0.014882108219419946,-0.0016835724215282018,stopped,-0.008124373878723036,-0.032718291652477305
XOM,2026-03-04 05:00:00-05:00,2026-03-04,pre-market,open at the 200,True,False,False,True,,28.0,False,152.235544,2026-03-05 09:00:00-05:00,0.010276548819637068,0.018166217476780624,True,True,0.005872235157928785,0.0123759764014112,hit the 200,0.011980140013784786,0.0123759764014112,hit the 200,0.011980140013784786,0.0123759764014112,hit the 200,0.011980140013784786,-0.010618156619220054
XOM,2026-03-10 07:00:00-04:00,2026-03-10,pre-market,below the 200,True,False,False,True,,27.0,False,150.312422,2026-03-11 10:00:00-04:00,0.03118556628673046,-0.00011694309602711696,False,False,-0.024641995976899755,-0.023800281789086025,stopped,-0.037846654264777874,-0.008166136588584672,flat at the close (red),-0.010443064214813558,-0.006636696999001216,stopped,-0.009002545969117596,-0.0417617895190916
XOM,2026-03-19 12:00:00-04:00,2026-03-19,regular hours,open at/above the 50,False,False,False,True,,21.0,False,158.573972,2026-03-20 09:00:00-04:00,0.024379965710892328,-0.004326233311479347,True,False,-0.006179669089997564,-0.010127942055963693,stopped,-0.015410036521247297,-0.010127942055963693,stopped,-0.015410036521247297,-0.018672850043763796,stopped,-0.024270565012099517,-0.011261716604080485
XOM,2026-04-01 04:00:00-04:00,2026-04-01,pre-market,between 200 and 50,True,False,False,False,0.03264797507788164,,,,,,,,,,,,,,,,,,,
XOM,2026-04-08 06:00:00-04:00,2026-04-08,pre-market,below the 200,True,True,False,False,0.0042144848602736484,,,,,,,,,,,,,,,,,,,
XOM,2026-04-17 15:00:00-04:00,2026-04-17,regular hours,below the 200,True,True,False,False,0.0006827496700725355,,,,,,,,,,,,,,,,,,,
XOM,2026-04-24 19:00:00-04:00,2026-04-27,after hours,open at/above the 50,True,True,False,False,0.0,,,,,,,,,,,,,,,,,,,
XOM,2026-05-04 04:00:00-04:00,2026-05-04,pre-market,between 200 and 50,True,False,True,True,,7.0,False,153.78379800000002,2026-05-04 11:00:00-04:00,0.01115983622670043,0.00895281569258686,True,False,-0.0022461688185296813,-0.007973544781355785,stopped,-0.0044350428393263586,-0.007973544781355785,stopped,-0.0044350428393263586,-0.003551752571489968,stopped,-0.0071432768581652754,0.005393618643959708
XOM,2026-05-06 08:00:00-04:00,2026-05-06,pre-market,below the 200,True,False,True,False,0.007778153533987142,,,,,,,,,,,,,,,,,,,
XOM,2026-05-20 19:00:00-04:00,2026-05-21,after hours,between 200 and 50,True,False,True,False,0.0036139155038261705,,,,,,,,,,,,,,,,,,,
XOM,2026-06-05 14:00:00-04:00,2026-06-05,regular hours,open at/above the 50,True,True,True,False,0.0006323216187433811,,,,,,,,,,,,,,,,,,,
XOM,2026-06-11 18:00:00-04:00,2026-06-12,after hours,below the 200,True,False,True,False,-0.002174593454446594,,,,,,,,,,,,,,,,,,,
XOM,2026-06-24 14:00:00-04:00,2026-06-24,regular hours,below the 200,True,True,True,True,,21.0,False,137.92483199999998,2026-06-25 11:00:00-04:00,0.0010525153295094275,0.014571937270875118,False,False,0.0051365107127239185,0.0051365107127239185,time exit (36h),-0.0003741521614586407,0.0051365107127239185,time exit (36h),-0.0003741521614586407,0.0051365107127239185,time exit (36h),-0.0003741521614586407,-0.0003741521614586407
XOM,2026-07-01 15:00:00-04:00,2026-07-01,regular hours,open at/above the 50,False,True,True,False,-0.0016777785918383747,,,,,,,,,,,,,,,,,,,
XOM,2026-07-01 18:00:00-04:00,2026-07-02,after hours,open at/above the 50,True,True,True,False,-0.0013913107187341067,,,,,,,,,,,,,,,,,,,
XOM,2026-07-06 18:00:00-04:00,2026-07-07,after hours,open at/above the 50,True,True,True,False,-0.05137124210233979,,,,,,,,,,,,,,,,,,,
XOM,2026-07-09 14:00:00-04:00,2026-07-09,regular hours,open at/above the 50,True,False,True,False,-0.008507570295601896,,,,,,,,,,,,,,,,,,,
XOM,2026-07-16 08:00:00-04:00,2026-07-16,pre-market,open at/above the 50,False,False,True,False,-0.01836832383636189,,,,,,,,,,,,,,,,,,,
XOM,2026-07-27 07:00:00-04:00,2026-07-27,pre-market,between 200 and 50,True,False,True,True,,26.0,False,155.591376,2026-07-28 09:00:00-04:00,0.022371574116035922,0.023885488357658056,True,False,-0.007702365638578401,-0.02004368159839406,stopped,-0.026929721717062396,-0.02004368159839406,stopped,-0.026929721717062396,0.001101449221710137,stopped,0.005180005170613743,-0.017915364000129497
XOM,2026-07-31 17:00:00-04:00,2026-08-03,after hours,open at the 200,False,False,False,False,-0.0020366598778003286,,,,,,,,,,,,,,,,,,,
XOM,2026-08-13 11:00:00-04:00,2026-08-13,regular hours,between 200 and 50,True,False,False,True,,22.0,False,159.35104800000002,2026-08-14 09:00:00-04:00,0.011948161144192632,-0.0027859998761976604,True,False,-0.005423492697540722,-0.005515821897826299,stopped,-0.00613255858980478,-0.005515821897826299,stopped,-0.00613255858980478,-0.007900494008674442,stopped,-0.010513981147227914,-0.008980147895282897
XOM,2026-08-21 16:00:00-04:00,2026-08-24,after hours,between 200 and 50,True,False,False,False,-0.000605326876513268,,,,,,,,,,,,,,,,,,,
XOM,2026-09-04 04:00:00-04:00,2026-09-04,pre-market,below the 200,True,False,False,False,0.01085780203836495,,,,,,,,,,,,,,,,,,,
XOM,2026-09-16 17:00:00-04:00,2026-09-17,after hours,below the 200,True,False,False,False,0.008563331690488063,,,,,,,,,,,,,,,,,,,
XOM,2026-09-25 17:00:00-04:00,2026-09-28,after hours,open at/above the 50,True,True,False,False,0.0,,,,,,,,,,,,,,,,,,,
XOM,2026-09-29 19:00:00-04:00,2026-09-30,after hours,open at/above the 50,True,True,False,False,-0.0019800754903781526,,,,,,,,,,,,,,,,,,,
