date,symbol,n_history_days,vr_q1,vr_q2,vr_q3,vr_q5,vr_q10,vr_q20,status,trend_T_diagnostic,trend_n_obs,sector_etf_used,used_real_sector_adjustment,atr_14,atr_pct,iv_rank,iv_rank_status,iv_history_days
2026-10-02,A,298,1.0,1.0085346412561182,1.010684622354284,1.0512183024328663,1.0223174623306257,0.9019071061134708,scored,0.8808937847330766,19.0,XLV,True,4.889766411982804,0.0291439171056312,,no_data,0.0
2026-10-02,AA,298,1.0,1.0093879916526272,0.9796197627652236,1.0254382068229746,1.112151466988221,1.2974499126352954,scored,-1.024461599080532,19.0,XLB,True,1.601167373196381,0.0381684713515227,,no_data,0.0
2026-10-02,AADX,85,1.0,0.9050368571127094,0.9018565172583596,1.1269063025773218,1.083508283423873,1.0127125400327506,scored,-0.2754343898105767,19.0,XLI,True,0.7772200603361077,0.0615376136449808,,no_data,0.0
2026-10-02,AAL,298,1.0,0.9776761732496956,0.968560317174202,1.0121531799850394,1.0754432874643096,1.1365913209077032,scored,1.0572473480989926,19.0,XLI,True,0.472663915535677,0.0365273505050755,,no_data,0.0
2026-10-02,AAMI,298,1.0,0.9618030471377552,0.9191512568189096,0.8892919929466832,0.7933444308119613,0.6252266247119301,scored,1.108912828860073,19.0,XLF,True,3.2656361006556613,0.0346780938797457,,no_data,0.0
2026-10-02,AAOI,298,1.0,0.9556128797549168,0.9222713878267756,0.8578407822951151,0.8098853956153342,0.8049419970957038,scored,-0.7072999600975906,19.0,SPY,False,8.50742459388411,0.0736000051378502,,insufficient_history,1.0
2026-10-02,AAON,298,1.0,1.1056972764154758,1.0682248030633188,1.0655138288656567,1.010407546786976,1.2340884230145093,scored,0.9848328387573396,19.0,SPY,False,4.053681900961711,0.0486811805087271,,no_data,0.0
2026-10-02,AAP,298,1.0,0.9787536625010916,0.9607138012985236,0.9042209658853814,0.8093985151985879,0.792788151403566,scored,-0.9575346859339936,19.0,XLY,True,1.8073500531999425,0.0467256994105465,,no_data,0.0
2026-10-02,AAPL,298,1.0,1.0849019413730985,1.1199341093162458,1.1004095406277237,0.9618042049309355,0.9021973016033116,scored,-1.5589908127525354,19.0,XLK,True,7.034704377346444,0.0210815558672613,,no_data,0.0
2026-10-02,ABBV,298,1.0,1.0522952018635643,0.9847325391132458,0.910546659943038,0.8239000434450938,0.710322430520534,scored,-0.5977666211580664,19.0,XLV,True,5.154496078838456,0.019612267250736,,no_data,0.0
2026-10-02,ABCB,298,1.0,0.9415641355332544,0.8236780202472898,0.7342303317538077,0.658705038161102,0.743355523251387,scored,0.1524417420362873,19.0,XLF,True,1.4862897166804294,0.018250119310909,,no_data,0.0
2026-10-02,ABCL,298,1.0,1.036601424786766,1.1393912375907522,1.291157648027473,1.4896704740293742,1.3882942769327666,scored,1.270458622770318,19.0,XLV,True,0.7796768717053861,0.0567450416088345,,no_data,0.0
2026-10-02,ABG,298,1.0,0.9802261133691236,0.9173805476227974,0.8763635617154678,0.912944741976384,0.9094433107887472,scored,-1.2707994639334894,19.0,XLY,True,7.177297723923605,0.0408079242888537,,no_data,0.0
2026-10-02,ABM,298,1.0,0.9261008504743968,0.958939571722588,0.961554998072676,0.9518836657865534,0.9248703361022578,scored,0.8512801639770048,19.0,SPY,False,1.1492778661105918,0.0234690191160014,,no_data,0.0
2026-10-02,ABNB,298,1.0,0.9903876416725964,0.9967688485392588,0.9600772992703324,0.9912684056317468,1.028140720668359,scored,-1.8660349808147585,19.0,XLY,True,5.312236312539341,0.0327047732102403,,no_data,0.0
2026-10-02,ABSI,296,1.0,0.8627739755887235,0.8618891431075127,0.8628993287127802,1.057482328299978,1.081403020824121,scored,0.7948516864391697,19.0,SPY,False,0.7459477384236012,0.0673846195504608,,no_data,0.0
2026-10-02,ABT,298,1.0,1.0406448386282618,0.9973108333960852,1.0187508115062478,1.0794642975833149,1.3193973620959285,scored,-1.718779024594672,19.0,XLV,True,2.2979499740699074,0.0235687176827682,,no_data,0.0
2026-10-02,ABVX,298,1.0,0.9084845484790258,0.8315964078167685,0.7733348433296253,0.5755847181442733,0.4575433168276345,scored,-0.390569329862417,19.0,XLV,True,4.638669881890889,0.0499426128541224,,no_data,0.0
2026-10-02,ACA,298,1.0,0.9618860494534792,0.8541575266115821,0.8337770067993723,0.7692590109810336,0.8041727674448433,scored,-0.4574994580558033,19.0,XLI,True,0.4562007934331958,0.0031139985899876,,no_data,0.0
2026-10-02,ACAD,298,1.0,1.0495915548701429,1.0884923744350403,1.185818930741951,1.2104116649810064,1.2043225104321762,scored,-2.03987678637819,19.0,XLV,True,0.9496175790471424,0.0475998786489795,,no_data,0.0
2026-10-02,ACGL,298,1.0,0.9990816977774424,0.973630806533378,0.9246976266340416,0.9116381109767716,0.7629441014760038,scored,0.1398651846283428,19.0,XLF,True,1.8921658149072784,0.0202154467404623,,no_data,0.0
2026-10-02,ACHC,298,1.0,0.973603478536535,1.0551977084558954,1.1252607134914645,1.0897887137261544,1.337999024562036,scored,0.3841557600540081,19.0,XLV,True,1.283121381077916,0.0457277755195265,,no_data,0.0
2026-10-02,ACI,298,1.0,1.0584001527424745,1.0384081098945652,0.9244375433871764,0.7920214623105387,0.4776264289014191,scored,-0.7113749501750388,19.0,XLY,True,0.3573004999461896,0.0304085531869097,,no_data,0.0
2026-10-02,ACIW,298,1.0,1.0348309144827728,1.0031635529175014,0.9479739669814712,0.8798629852548702,1.0430401375364715,scored,-1.4158578512718956,19.0,XLK,True,1.3245385287799754,0.0264115359676964,,no_data,0.0
2026-10-02,ACLS,298,1.0,0.9859209880565716,0.9763993369388246,0.9491805219974212,0.858183947703826,0.8859848715426168,scored,0.5357596892683416,19.0,XLK,True,6.384020322692972,0.0432024113331053,,no_data,0.0
2026-10-02,ACM,298,1.0,1.1041015205246536,1.1183045770031592,1.0366835245709196,0.8988009842916282,0.7977749063204224,scored,-1.449029970205323,19.0,XLI,True,2.123800065750945,0.035598391983757,,no_data,0.0
2026-10-02,ACMR,298,1.0,1.013381124023316,0.981336312808844,0.9449082784406244,0.9237503026365196,1.0344138259920843,scored,-0.2229802319906484,19.0,XLK,True,4.89567874435416,0.0587152643841947,,insufficient_history,1.0
2026-10-02,ACN,298,1.0,1.033112517162169,1.0745340652065791,0.9943443191038908,1.0018296302000684,1.134814549265717,scored,0.3738308337473699,19.0,XLK,True,9.964022398267607,0.0500956380003399,,insufficient_history,2.0
2026-10-02,ACT,298,1.0,0.956219864028426,0.9134585138092484,0.8822309651523732,0.8304264393742093,0.7392291131526162,scored,0.1606409939544323,19.0,XLF,True,1.1837039457056897,0.026153423457925,,no_data,0.0
2026-10-02,ACVA,298,1.0,1.056212283511213,1.105534006870016,1.0885125587725484,1.0256827794072243,0.9278087298845444,scored,0.7159274665875455,19.0,SPY,False,0.2315901871299474,0.0221617403952102,,no_data,0.0
2026-10-02,ADBE,298,1.0,1.0462455372307362,1.0565435833235304,1.0916760028535235,1.0935965282922064,1.0467689933730546,scored,-0.8866089127659801,19.0,XLK,True,9.16464162477102,0.0385571190406454,,no_data,0.0
2026-10-02,ADC,298,1.0,1.0343299908841408,1.0313027890118331,1.0946983064061466,1.1933558214168491,1.2311620482446923,scored,-0.2827477305080786,19.0,XLRE,True,1.1408516203763732,0.0173171162777227,,no_data,0.0
2026-10-02,ADEA,298,1.0,1.0492282052169115,1.0425105797370595,0.9145120278290456,0.7997595320243225,0.9425296958502678,scored,-0.6818487984331976,19.0,XLK,True,1.116630567707492,0.043381140936577,,no_data,0.0
2026-10-02,ADI,298,1.0,0.9590145390176342,0.8644652095249988,0.8786083848106769,0.9021024788305873,0.9687665503807636,scored,0.9148561653887156,19.0,XLK,True,11.305884320977755,0.0271026832577676,,no_data,0.0
2026-10-02,ADM,298,1.0,0.9509009579457368,0.966324191006455,0.9700912414185316,0.9913176228527874,0.7343885319647658,scored,0.4193061453130379,19.0,XLP,True,2.2270480924796816,0.0276823877250426,,no_data,0.0
2026-10-02,ADMA,298,1.0,1.1551157709537698,1.2775072604440527,1.316514921218188,1.393479131944111,1.314497788798004,scored,0.2152588878033221,19.0,XLV,True,0.3888573698794115,0.0400059022509682,,no_data,0.0
2026-10-02,ADP,298,1.0,0.9991034141851348,0.9768612340502448,0.941006227412639,1.011353077670415,1.2352025299850085,scored,-1.5464531551429008,19.0,SPY,False,5.942877109427658,0.0230630126879372,,no_data,0.0
2026-10-02,ADPT,298,1.0,0.9236245492210846,0.8992228541611041,0.9176460005184488,0.8404944167587246,0.5884889844293608,scored,1.698777857854203,19.0,XLV,True,1.2597628396795906,0.0444360790010437,,no_data,0.0
2026-10-02,ADSK,298,1.0,1.041101181447849,1.091585830063836,1.1170804487966313,1.0544315641560762,1.098991820339521,scored,-1.3646022437993803,19.0,XLK,True,7.936993431112879,0.0374386482599664,,no_data,0.0
2026-10-02,ADUS,298,1.0,0.9273197841942206,0.908369890739249,0.8492493425541504,0.8003177012932161,0.7603287692507003,scored,-0.8171105112557795,19.0,XLV,True,2.876379082346665,0.0258504456039064,,no_data,0.0
2026-10-02,AEE,298,1.0,0.985465631999456,0.9682262989170174,0.8801652480516008,0.8064003995501763,0.7744120370822514,scored,0.9858169898679584,19.0,XLU,True,1.5573699104677223,0.0155830489340376,,no_data,0.0
2026-10-02,AEHR,298,1.0,1.0042218762262063,0.97629837432775,0.9534045557460722,0.9340157762369898,0.8439317699815896,scored,0.4464258092329659,19.0,XLK,True,8.495998385110797,0.079246323898058,,no_data,0.0
2026-10-02,AEIS,298,1.0,1.0068009986895263,0.9423581701822832,0.8707299946797,0.7704998815254547,0.6777578351336082,scored,1.0096032684683365,19.0,SPY,False,13.821901585549297,0.045424942768336,,no_data,0.0
2026-10-02,AEM,298,1.0,1.000362711821288,1.0879045639434233,1.1773082538802884,1.138851364982891,1.2249776325328463,scored,0.9840079505466176,19.0,XLB,True,6.658196476547941,0.0362469185940875,,insufficient_history,2.0
2026-10-02,AEO,298,1.0,0.9196837176366188,0.8772139678684044,0.8959888531826818,1.0749877516289752,1.1569678195833344,scored,0.5540731042105249,19.0,XLY,True,0.7176059583779694,0.0405198169609243,,no_data,0.0
2026-10-02,AEP,298,1.0,0.9698642949656916,0.9759346556745904,0.9250847813415176,0.9650690056033656,1.049514311617392,scored,1.7220822640972206,19.0,XLU,True,2.021144323646935,0.0169034400238097,,no_data,0.0
2026-10-02,AER,298,1.0,0.9435754874474152,0.8450536529202752,0.7910018411513398,0.80867745481831,0.6551602890743939,scored,-0.6507731659862184,19.0,SPY,False,2.881611157000604,0.0199640512470597,,no_data,0.0
2026-10-02,AES,298,1.0,0.7214675308350287,0.6069089686912913,0.5208412128793526,0.5159141493829351,0.4688805280189418,scored,-0.3554881616252445,19.0,XLU,True,0.0477685349026383,0.003203791743973,,no_data,0.0
2026-10-02,AESI,298,1.0,1.0227744059697186,1.0955948966094924,1.165911921879045,1.3355542238489242,1.0971316214605509,scored,-0.3317066864757628,19.0,XLE,True,0.8457830869662952,0.0702477646981972,,no_data,0.0
2026-10-02,AEVA,298,1.0,1.067434250869722,1.0691853811491738,1.088865391602398,1.1222602078646655,0.8185025131828378,scored,-0.1149843552609944,19.0,SPY,False,1.0915505377246035,0.0739532884637265,,no_data,0.0
2026-10-02,AFG,298,1.0,0.9800094549714062,0.9599709971047,0.9523963028966158,1.0057674256103957,0.8260155392380969,scored,1.1714226385205344,19.0,XLF,True,2.1206334675195126,0.0152453879764163,,no_data,0.0
2026-10-02,AFL,298,1.0,0.9622161077103042,0.9088874870462637,0.8886742539108382,0.9357534665315694,0.7799049522299606,scored,0.7758844201790613,19.0,XLF,True,1.7630060847595437,0.0158060434351761,,no_data,0.0
2026-10-02,AFRM,298,1.0,0.8987285994432658,0.8492617669579331,0.8386167959796778,0.8337456461493845,1.017853196685499,scored,0.0555036257754024,19.0,XLF,True,3.349390296790314,0.0473278267173988,,no_data,0.0
2026-10-02,AG,298,1.0,1.0766877070625012,1.1091283219664043,1.1282758157391442,0.9504069470069972,0.9590780367437156,scored,-0.4202913885399639,19.0,XLB,True,0.9134973481420432,0.0516976427924189,,insufficient_history,1.0
2026-10-02,AGCO,298,1.0,0.951130028083755,0.9620271461861472,0.923190626070681,0.9454439777605136,0.8786393266164422,scored,-0.8158371165598278,19.0,XLI,True,4.119491782695453,0.0359435632378976,,no_data,0.0
2026-10-02,AGI,298,1.0,1.0061629120615274,1.0743090051253603,1.0790852674253042,0.919922241152569,1.0053718660861006,scored,-0.322436105023466,19.0,XLB,True,1.2601518856349037,0.0388216847084073,,no_data,0.0
2026-10-02,AGIO,298,1.0,0.9428137512954156,0.87199124716201,0.7421867313603444,0.6170114947401889,0.5673378381807526,scored,-0.1302752375139822,19.0,XLV,True,1.3236317303869536,0.0416236393203444,,no_data,0.0
2026-10-02,AGM,298,1.0,0.9831683883017356,0.9748960272963176,1.026921538917832,1.2623217075592368,1.4933312055805752,scored,0.9671145020752084,19.0,XLF,True,5.703621275034132,0.0265544079102105,,no_data,0.0
2026-10-02,AGO,298,1.0,0.839304056988876,0.7728952198706648,0.7586422305191773,0.8045224426078932,0.9240747988526218,scored,-1.146409941966222,19.0,XLF,True,1.5103872678792123,0.022059110090247,,no_data,0.0
2026-10-02,AGX,298,1.0,0.8723287321311998,0.8099995760148713,0.7487753206430432,0.706466578522161,0.7804643628312767,scored,0.2487723945568968,19.0,XLI,True,20.4176316289571,0.0531944653334994,,no_data,0.0
2026-10-02,AGYS,298,1.0,0.9960325677986218,0.990078868631475,0.9063589091921403,0.8893892144803248,1.069066866192378,scored,-1.9480692815774885,19.0,XLK,True,3.9739085097578233,0.0400353466628835,,no_data,0.0
2026-10-02,AHR,298,1.0,0.9558011487377972,0.957351713085627,0.9852601452791888,1.1556145959929522,1.265025227440267,scored,-1.0237753806434795,19.0,XLRE,True,1.0535458436556158,0.0207595240129185,,no_data,0.0
2026-10-02,AI,298,1.0,0.956496511121949,0.8910130169374124,0.8192705024071466,0.7369130539902582,0.7203946054388575,scored,0.3557674167319699,19.0,XLK,True,0.4993412629253558,0.0453534298751458,,no_data,0.0
2026-10-02,AIG,298,1.0,1.0130011951051885,0.9730967258120772,0.9798831557770618,1.086068907446938,0.9514972046320735,scored,0.952103248333774,19.0,XLF,True,1.445365151218577,0.0192895389192389,,insufficient_history,2.0
2026-10-02,AIR,298,1.0,1.0229432607425633,1.0097702561116202,0.9330363283628186,0.8438906078529668,0.8933427185463363,scored,0.152140797739213,19.0,XLI,True,5.800585669324238,0.0565855591583673,,insufficient_history,1.0
2026-10-02,AIT,298,1.0,0.9415904294330176,0.910471810515348,0.8440503606528091,0.7358969394083289,0.6986385213479577,scored,0.8867324691962298,19.0,SPY,False,7.7342710054902755,0.0225193507220564,,no_data,0.0
2026-10-02,AIZ,298,1.0,0.92011077881878,0.8952875352883922,0.9064834398936512,0.8816560490691612,0.644240664413924,scored,0.3887953357831596,19.0,XLF,True,5.5987816122912655,0.0209441179570973,,no_data,0.0
2026-10-02,AJG,298,1.0,1.0960508262358282,1.1217107954050487,1.1697185845770497,1.1795064995180908,1.2066204215730272,scored,-1.3550469728446253,19.0,XLF,True,6.446099227253922,0.0285086870428283,,no_data,0.0
2026-10-02,AKAM,298,1.0,1.0146018312187297,1.0396583115225182,1.1079208627518229,1.0057512381416205,0.9944637769025372,scored,-0.3252058848638559,19.0,XLK,True,6.361891918801761,0.0584088497870158,,no_data,0.0
2026-10-02,AKR,298,1.0,0.9980726577782604,1.0315116622033071,1.0301713563488877,0.9107579397562467,0.7394688043670868,scored,-0.7876617601523008,19.0,XLRE,True,0.3670757409087268,0.0197034750890352,,no_data,0.0
2026-10-02,ALAB,298,1.0,1.0128308560862045,1.0154985261380975,1.0041988027187314,0.9871274882589288,0.9669152432305134,scored,0.82533029331038,19.0,XLK,True,21.92432057110613,0.0625819101164791,,no_data,0.0
2026-10-02,ALB,298,1.0,0.9837961043149116,0.9644457979254232,0.9493253651288744,0.8867886218887363,1.0407509539056627,scored,-1.1112522586433982,19.0,XLB,True,4.55567705432953,0.0435574821142511,,no_data,0.0
2026-10-02,ALC,298,1.0,0.996306702990152,0.9487072946053294,0.9045379263686424,0.8478579075197898,0.86062050057536,scored,-2.1184463848568296,19.0,XLV,True,1.19642265816172,0.0187644707992741,,no_data,0.0
2026-10-02,ALG,298,1.0,1.023443038040616,1.0155654473542712,1.0268316609656811,1.0583272375128563,1.159120224359682,scored,-1.6027305465163226,19.0,XLI,True,5.054535805238852,0.0313926824746217,,no_data,0.0
2026-10-02,ALGM,298,1.0,1.0483869496893214,1.0052750549713785,0.9859761280597517,1.0225545247802272,1.108159683158782,scored,-0.9358843525307404,19.0,XLK,True,1.83816739387596,0.0465005665033129,,insufficient_history,1.0
2026-10-02,ALGN,298,1.0,0.9147986000981652,0.6839218274785679,0.5288881917807876,0.4224498276430826,0.3708574731315613,scored,-0.945124992305201,19.0,XLV,True,4.602585517966807,0.0320202137050703,,no_data,0.0
2026-10-02,ALGT,298,1.0,0.97945351928595,0.9929467751983204,0.9703597933641978,0.9897080529463173,1.008808961903411,scored,0.3559956407646439,19.0,XLI,True,3.577247522708679,0.046092610780939,,no_data,0.0
2026-10-02,ALH,247,1.0,0.9006913440306334,0.9143941787387934,0.8633969855576378,1.0795163050945458,1.2460724267618453,scored,-1.0058878449881212,19.0,XLI,True,0.6948159895921286,0.0326204689949356,,no_data,0.0
2026-10-02,ALK,298,1.0,1.019463508187697,1.0232159116836648,1.069820727508635,1.2417002025763264,1.3727371337829983,scored,-0.0684713386380021,19.0,XLI,True,1.5593401450157154,0.0394470059452495,,no_data,0.0
2026-10-02,ALKS,298,1.0,0.9944916701045872,1.0089370852684385,1.0051626614231903,1.132239604594179,1.2824799511731726,scored,-1.2321554046753764,19.0,XLV,True,1.4691792615291324,0.0351899224318355,,no_data,0.0
2026-10-02,ALKT,298,1.0,1.1034966323890842,1.1418703765118148,1.1230214549402815,1.030208864369482,0.8337799845057589,scored,-1.957403498890768,19.0,XLK,True,0.8854591379734623,0.0637479580974414,,no_data,0.0
2026-10-02,ALL,298,1.0,1.003025751412424,0.9546935455458307,0.9445634714212068,0.9696753196518298,0.8491185013200497,scored,-0.7570518011675763,19.0,XLF,True,5.364495330886897,0.0239764697009336,,no_data,0.0
2026-10-02,ALLE,298,1.0,0.9547064990652268,0.9833279369212444,0.9756124890253812,0.941979712934156,1.1384705304274727,scored,-0.5412933645822832,19.0,SPY,False,3.25665791700663,0.0211183316062942,,no_data,0.0
2026-10-02,ALLY,298,1.0,0.9954808893509984,0.9724843856516374,0.9447243127619503,0.9771520806435136,1.0566895988454763,scored,-1.521143110637022,19.0,XLF,True,0.9161185470298424,0.0241656171730372,,no_data,0.0
2026-10-02,ALM,298,1.0,0.9330387665164728,0.9710657777213244,1.0074834090851723,1.0717940597005389,1.0845905404197396,scored,0.3170941936546869,19.0,XLB,True,1.0717342645515022,0.0799801689963807,,no_data,0.0
2026-10-02,ALNT,298,1.0,0.9391417974068828,0.9159454312949636,0.9740859603359028,0.977054245381127,0.723453122752491,scored,1.4801448261835115,19.0,SPY,False,5.594223456712225,0.0472884484929182,,no_data,0.0
2026-10-02,ALNY,298,1.0,1.0232882395521286,0.944765983580755,0.7850869358842354,0.6143625977978594,0.5516080248451228,scored,-0.8595243351163531,19.0,XLV,True,10.505127006756782,0.0478114282120734,,no_data,0.0
2026-10-02,ALRM,298,1.0,0.989301425964426,0.941691262606916,0.8677473828693602,0.7741510296207699,0.7719447214958126,scored,-1.138733222005945,19.0,XLK,True,1.2666947136729954,0.0231655946172822,,no_data,0.0
2026-10-02,ALSN,298,1.0,1.0286106886918536,1.019491063680814,0.963280058705476,1.0129102543080688,1.100342204094196,scored,-1.384549296582761,19.0,XLI,True,3.828564793225192,0.0324537152939322,,no_data,0.0
2026-10-02,ALV,298,1.0,1.024562101010162,0.9661589083584146,0.862532304004562,0.8711562996600825,0.9306377752753472,scored,-1.073702732329026,19.0,SPY,False,2.7522004747343,0.0246061732206911,,no_data,0.0
2026-10-02,AM,298,1.0,1.0790189844619964,1.145609050893537,1.1952584860758575,1.2430630126629567,1.4163404450738963,scored,-0.5973287546098399,19.0,XLE,True,0.4987224491347075,0.0244952087001329,,no_data,0.0
2026-10-02,AMAT,298,1.0,0.946876313979212,0.8947771637984867,0.8706772083848188,0.8271200360766038,0.8150286323731915,scored,0.6346104326957597,19.0,XLK,True,19.529983305485526,0.0361639569392739,,no_data,0.0
2026-10-02,AMBA,298,1.0,0.9386019848435488,0.9146291716591338,0.823126094734493,0.7488337985059706,0.7000250009852512,scored,-0.5424888864160624,19.0,XLK,True,3.9605915091035984,0.0576925201617421,,no_data,0.0
2026-10-02,AMBQ,297,1.0,0.9224104450109412,0.9113246675190444,0.8886830663521541,1.0091676056986474,1.2852556002522408,scored,0.3550764263817272,19.0,XLK,True,3.9532150378072592,0.0579820334087307,,no_data,0.0
2026-10-02,AMCR,298,1.0,0.9781820434424836,0.9711834183203306,0.9299418859005728,0.9020867386909166,1.0396187602461489,scored,-1.464326336014962,19.0,SPY,False,0.9274045596414504,0.0221549106459973,,no_data,0.0
2026-10-02,AMD,298,1.0,0.97796671965307,0.938803542515178,0.938948028586964,0.9183285549932236,1.2380822653066588,scored,1.2505139598008772,19.0,XLK,True,24.207578432424175,0.0381877213365054,,no_data,0.0
2026-10-02,AME,298,1.0,0.9328921780096132,0.8379543070575888,0.7356976951567458,0.7601325585611863,0.7125198140430424,scored,1.375886467574844,19.0,SPY,False,5.083124825117838,0.0201767349069893,,no_data,0.0
2026-10-02,AMG,298,1.0,1.0341066367970868,0.9714705233593748,0.849454786176027,0.6671702322917596,0.6319834273175292,scored,1.4032621702384676,19.0,XLF,True,10.798223655096104,0.0290720287943787,,no_data,0.0
2026-10-02,AMGN,298,1.0,1.0464632960247775,1.0327694282480084,0.9783054117497983,0.922107095764259,0.875917960393298,scored,-0.6979518088883877,19.0,XLV,True,10.338776266949896,0.0256519855769896,,no_data,0.0
2026-10-02,AMH,298,1.0,0.8923107955192228,0.8678597104873021,0.8665135962232492,0.8077843454652543,0.8725291640944626,scored,-0.034125106435856,19.0,XLRE,True,0.5057709790100431,0.0167141764378732,,no_data,0.0
2026-10-02,AMKR,298,1.0,1.097303896991365,1.0864838089292637,1.0641199343943573,0.945075630499105,0.8614393205897236,scored,0.5490774077592692,19.0,XLK,True,2.7096341053871056,0.0483690486502517,,no_data,0.0
2026-10-02,AMLX,298,1.0,1.0234365158113927,1.04290016413165,1.030457580379918,1.0622118576138209,1.0978044784471457,scored,-0.8020034313487661,19.0,XLV,True,1.6082694354902056,0.0578722358938541,,no_data,0.0
2026-10-02,AMN,296,1.0,1.0640213824135143,1.0155304793688409,0.9744459171281992,0.8455729005923095,0.7065751897792468,scored,1.3428269272488127,19.0,SPY,False,1.2013071076704769,0.0327957168351208,,no_data,0.0
2026-10-02,AMP,298,1.0,1.0397202286281315,1.0597775811813754,1.0274011346926053,0.9820274385891036,1.008086223474853,scored,-0.5526674415716534,19.0,XLF,True,13.479428133894086,0.0274580434985925,,no_data,0.0
2026-10-02,AMPL,298,1.0,1.095259936186991,1.1859875056955147,1.206876003456822,1.2813863227978983,1.1022228870305133,scored,0.2928704105726046,19.0,XLK,True,0.6684149638758705,0.0460340884212032,,no_data,0.0
2026-10-02,AMR,298,1.0,1.0398609782549224,1.0649195501752686,1.161198675713429,1.28592618654791,1.3483219358809293,scored,-1.6735626144422324,19.0,XLB,True,9.638864008271463,0.0561901830959045,,no_data,0.0
2026-10-02,AMRX,298,1.0,1.0489011070476362,1.0802200159034212,1.106164358665856,1.123901805666455,1.1719806532319073,scored,0.4187072696102065,19.0,XLV,True,0.7855284676541461,0.038695983628283,,no_data,0.0
2026-10-02,AMRZ,298,1.0,0.963076560937158,0.9301179286842294,0.8563017619199816,0.867679015704973,0.855666700165335,scored,-0.9346135457427592,19.0,XLI,True,1.1095971021338102,0.0297798470782021,,no_data,0.0
2026-10-02,AMSC,298,1.0,0.8591734724114586,0.8053116546298639,0.8414877067410408,0.8505577822418171,0.9878831111588734,scored,0.5059106409007867,19.0,SPY,False,1.3560577074884113,0.0451868612958484,,no_data,0.0
2026-10-02,AMT,298,1.0,0.9622475759828478,0.8411131940804771,0.8380425296244894,0.7097562731265553,0.5785779087411134,scored,0.0983067643080975,19.0,XLRE,True,3.916420452376947,0.0241456254770465,,no_data,0.0
2026-10-02,AMTM,298,1.0,0.9910460965372526,0.9553977466046784,0.9603575669241384,0.980863870712506,1.0583885311151593,scored,-1.2043779187373342,19.0,SPY,False,0.6407329283820298,0.0353215506274547,,no_data,0.0
2026-10-02,AMX,298,1.0,0.9712984302323482,0.9228284982055333,0.8842721762458529,0.9513540252279208,1.0677066355274163,scored,-1.2406360432880357,19.0,XLC,True,0.4964089917035098,0.0233165331941526,,no_data,0.0
2026-10-02,AMZN,298,1.0,1.117068100235555,1.1271020941191454,1.107975552914201,1.0815625183621789,0.9724874659090628,scored,1.6446533745401457,19.0,XLY,True,5.634690651988633,0.02240255507311,,no_data,0.0
2026-10-02,AN,298,1.0,1.0797092589900117,1.0326193390812766,1.005863634335746,1.1334124700982553,0.920777387153079,scored,-0.7115501542088725,19.0,XLY,True,7.413549821141544,0.0456330778107936,,no_data,0.0
2026-10-02,ANAB,298,1.0,0.9745859821516272,0.9632877633804012,0.9590854808598064,0.8671057178061796,0.7332219009660775,scored,0.2120794501409829,19.0,XLV,True,2.381097121258504,0.0490644368691222,,no_data,0.0
2026-10-02,ANDE,298,1.0,0.9877265932952812,1.014893451412242,0.9961831668123472,0.8224588668911127,0.70755986038389,scored,-0.7435886266601278,19.0,XLY,True,2.082343573604718,0.0307493144359822,,no_data,0.0
2026-10-02,ANET,298,1.0,0.989356594065352,0.979858095256192,0.94739937338771,0.8014629214771257,0.5522035435614218,scored,0.9812180178259372,19.0,SPY,False,6.860098858984248,0.0330846339955835,,no_data,0.0
2026-10-02,ANF,298,1.0,1.0215900495602093,1.0622233202805802,1.0616543325401506,1.04868513979054,1.2393787682543187,scored,0.3868839497343042,19.0,XLY,True,5.553774268607894,0.040863617604355,,no_data,0.0
2026-10-02,ANIP,298,1.0,1.0531120817882524,1.121584869912026,1.190256620298474,1.12062152673611,0.9010398893847548,scored,0.3985443763540172,19.0,XLV,True,2.2379973741217563,0.0310057824067852,,no_data,0.0
2026-10-02,AON,298,1.0,0.9138968014180836,0.9056784809540516,0.8865856739845159,0.8293743457162601,0.8091565367286316,scored,-1.708956106536652,19.0,XLF,True,7.681270043816188,0.0285072185704813,,no_data,0.0
2026-10-02,AOS,298,1.0,0.9595606142125156,0.9423853044097252,0.8813981635060351,0.8988732707097331,1.0893599857438436,scored,-1.3007335004897105,19.0,SPY,False,1.3061941720655057,0.0230166373932247,,no_data,0.0
2026-10-02,APA,298,1.0,0.9479431583953456,0.9212056796738024,0.8352210608979614,0.8028644532566818,0.8410426864986057,scored,-0.7260444456184694,19.0,XLE,True,1.5260171021210016,0.0349362889679716,,no_data,0.0
2026-10-02,APAM,298,1.0,1.01831890097142,0.953922242943012,0.913239892301515,0.9882657419948476,1.1757755305467676,scored,0.1533251355719216,19.0,XLF,True,0.989276737211898,0.028362291777864,,no_data,0.0
2026-10-02,APD,298,1.0,1.0425444128473436,1.0186089279975592,0.8986900279953296,0.7539938913393406,0.7576250295070228,scored,-0.9250117310493472,19.0,XLB,True,5.861816477545969,0.0211183358343695,,no_data,0.0
2026-10-02,APG,298,1.0,0.9093464836997582,0.834911221665739,0.7580521381749221,0.8510298470940836,0.8529254764427597,scored,0.8214510383289024,19.0,XLI,True,1.1345677896465127,0.0280278604161687,,no_data,0.0
2026-10-02,APH,298,1.0,0.9443485220287816,0.8897195519750135,0.8761706178662284,0.8817519428356708,0.6529317520800356,scored,1.208286918529165,19.0,SPY,False,2.77187095417178,0.0318752409633369,,no_data,0.0
2026-10-02,APLD,298,1.0,1.0260912867472711,0.9955719148446364,0.9978141323978378,0.9392042788110796,0.9795896440100514,scored,-0.2613023877394234,19.0,XLK,True,1.716931055653637,0.0676489777641307,,insufficient_history,1.0
2026-10-02,APLE,298,1.0,0.934501203564829,0.9463726343801004,0.9582385159444712,0.9676430879094244,1.1145401879795758,scored,2.3453727538517315,19.0,XLRE,True,0.3020340180199858,0.0182940047256199,,no_data,0.0
2026-10-02,APO,298,1.0,0.975335234786763,0.9807486633093356,0.9300031652068582,0.9927898253105176,1.050256921012075,scored,-1.139333295386798,19.0,XLF,True,3.918711586908617,0.0343686334582408,,no_data,0.0
2026-10-02,APP,298,1.0,1.0411399838602036,1.0776309972169136,1.036550673700542,1.0053449795307838,1.0334061689526215,scored,-1.4768405353364595,19.0,XLK,True,15.6520202368284,0.0583551570980105,,insufficient_history,1.0
2026-10-02,APPF,298,1.0,1.1000363217344684,1.122207209509842,1.0879489396517272,1.0451385315587218,0.8934200769832555,scored,-1.0641953514924871,19.0,XLK,True,7.768945698967318,0.0382763250675829,,no_data,0.0
2026-10-02,APPN,298,1.0,1.159152458261681,1.1999165062192956,1.2203613326972351,1.104159718380777,1.1631399015400936,scored,-1.0955341314747349,19.0,XLK,True,2.0516610965790254,0.0559340538871053,,no_data,0.0
2026-10-02,APPS,298,1.0,1.1756784069155697,1.2980399540960488,1.362431647585915,1.4705141604471488,1.5094011734409194,scored,0.5697101319209984,19.0,XLK,True,0.8463725830763758,0.0757719411885743,,no_data,0.0
2026-10-02,APTV,298,1.0,0.9800765997037084,1.0087148682372442,1.0578324609568888,1.0760716571471978,0.9397404098464692,scored,0.9358185748101862,19.0,SPY,False,1.4320859930891112,0.0328912722344766,,no_data,0.0
2026-10-02,AR,298,1.0,0.9124529316191616,0.8732110190006258,0.835872994054734,0.8166360778107697,0.7155221319037496,scored,-1.4730774329211116,19.0,XLE,True,1.1175503115104608,0.0327919692344618,,no_data,0.0
2026-10-02,ARCB,298,1.0,1.0003408432213057,1.012101238531333,1.0414041769556313,1.1019093292032944,1.0625648192928356,scored,-0.2903600660814653,19.0,SPY,False,4.958359253126758,0.0373905380674666,,no_data,0.0
2026-10-02,ARCC,298,1.0,0.926952399624464,0.9061206003535144,0.8406154020921952,0.7761057726936591,0.7732745991119306,scored,-0.1709031684609997,19.0,XLF,True,0.2905649877796423,0.0154064150466406,,no_data,0.0
2026-10-02,ARE,298,1.0,1.0312217312138288,1.0972688442716307,1.1614396929010198,1.0777675687845607,1.13199028339484,scored,-0.2099614786261029,19.0,XLRE,True,1.7565714878711791,0.0370819397903985,,no_data,0.0
2026-10-02,ARES,298,1.0,0.99712233773902,1.0305623697474615,0.9976795494282488,1.0646700247685812,1.227506661061432,scored,-1.648053745491146,19.0,XLF,True,4.454335248449199,0.0378931114287469,,no_data,0.0
2026-10-02,ARGX,298,1.0,1.014341638871878,0.9993253731897398,0.9640173502578604,1.0309611089019095,1.0248021728648116,scored,-1.734822249759673,19.0,XLV,True,24.533382412205476,0.0266896382896242,,no_data,0.0
2026-10-02,ARIS,298,1.0,0.9704904814671574,0.99895601731002,0.9986914504939582,0.9436679895588376,0.953643992883034,scored,-0.4347918308250761,19.0,XLB,True,0.880628324754258,0.0503216185573861,,no_data,0.0
2026-10-02,ARM,298,1.0,1.1050022680920888,1.1535137023519602,1.1621026157288408,1.052140980792712,1.193383195498233,scored,1.077633577504725,19.0,XLK,True,19.02341097467313,0.0618667630644025,,no_data,0.0
2026-10-02,ARMK,298,1.0,1.0142846952830709,0.9924823705813698,0.9118360717878088,0.7330374491018732,0.7141714264172869,scored,-0.3653505347650579,19.0,XLY,True,1.235961535704147,0.0222495325959342,,no_data,0.0
2026-10-02,AROC,298,1.0,1.0537356779250764,1.0801583714737568,1.0392559919455076,0.9345081080989956,1.04000601085266,scored,-0.5193642569240796,19.0,XLE,True,0.9896850332424656,0.0326305648942454,,no_data,0.0
2026-10-02,ARQT,298,1.0,0.9481820241272464,0.8680436565908203,0.8038246620260787,0.7498758053941974,0.7851451940688489,scored,0.7584855588000377,19.0,XLV,True,1.233206129507466,0.0490145520471965,,no_data,0.0
2026-10-02,ARR,298,1.0,1.0351282235290602,1.0417389976016618,1.0351174634614535,1.072893801972874,0.8391933868044223,scored,-1.1827286423416,19.0,XLRE,True,0.3572399593919003,0.0262869727293524,,no_data,0.0
2026-10-02,ARW,298,1.0,1.0413586609784968,0.9637576357036886,0.9720332377635664,1.0441896398652268,1.2714158518136895,scored,1.5794077651092064,19.0,SPY,False,7.949611418292101,0.0328482765930833,,insufficient_history,1.0
2026-10-02,ARWR,298,1.0,0.9715978186110268,0.9726679368778344,0.999983788475909,1.096650208836444,1.310972507986535,scored,-1.346552889516089,19.0,XLV,True,3.2548419542508475,0.0507063709962743,,no_data,0.0
2026-10-02,ARX,298,1.0,1.1076548650141806,1.1040067352733267,1.1483069640221404,1.274965128716073,1.4149082712749614,scored,1.9696761267302867,19.0,XLF,True,0.1636609904644306,0.0082950324614511,,no_data,0.0
2026-10-02,ARXS,118,1.0,0.884513927592935,0.9452822685146526,1.036564785103901,0.9938082772088696,0.8586671132317211,scored,-0.1670314190554883,19.0,XLI,True,2.428957641698789,0.0485500228202836,,insufficient_history,1.0
2026-10-02,AS,298,1.0,1.0044876290569391,0.977542478734987,0.8427240444335963,0.8220590576491408,0.8843863944701917,scored,-0.3662761606414792,19.0,SPY,False,0.9272368224473913,0.0341272293870957,,no_data,0.0
2026-10-02,ASB,298,1.0,0.944315981647024,0.8596658611908574,0.782672727939801,0.7178493761500114,0.8118919661085453,scored,0.1723584520670748,19.0,XLF,True,0.5635344855540362,0.0194322236397943,,no_data,0.0
2026-10-02,ASH,298,1.0,0.8781164232378124,0.8392609139210206,0.7991555075433574,0.8375750045449178,0.8760661545947135,scored,0.0117825230178299,19.0,XLB,True,1.747830594886261,0.0251414067158553,,no_data,0.0
2026-10-02,ASML,298,1.0,0.9685406489053648,0.8833513954650358,0.8063639933261034,0.7408725576714985,0.6750640752991601,scored,-0.0570244974486095,19.0,XLK,True,51.01457483887896,0.0273198209396827,,no_data,0.0
2026-10-02,ASND,298,1.0,0.8799549081311299,0.8746781156539514,0.8155321372538782,0.8571179133166732,0.5285430910057266,scored,-1.022687066522496,19.0,XLV,True,8.29817274764334,0.0364162581631778,,no_data,0.0
2026-10-02,ASO,298,1.0,1.000218839677493,0.9868837731409184,0.9376846996088964,0.8533925363500305,0.6325334895059777,scored,0.9976785254697468,19.0,XLY,True,1.845400740956076,0.0378699105470157,,no_data,0.0
2026-10-02,ASST,298,1.0,1.2384563279765932,1.3657302775996747,1.4096741946353435,1.5714865708146677,1.884589524330158,scored,1.2643324215544098,19.0,XLV,True,1.8861096117678573,0.0628075128793825,,no_data,0.0
2026-10-02,ASTS,298,1.0,1.0346026354986009,1.0138652764490026,0.9973425861727088,1.0399576470393994,1.006713652248491,scored,0.0930311280982,19.0,XLC,True,4.103878178069749,0.070211773790757,,insufficient_history,1.0
2026-10-02,ASX,298,1.0,1.010217776532695,0.9706460687557656,0.9737454399946972,0.8469534961001255,0.7528016332063246,scored,1.226836931739112,19.0,XLK,True,1.7968719167218947,0.0378687442934013,,no_data,0.0
2026-10-02,ATAT,298,1.0,0.9121999130118102,0.8953677122898279,0.8154567946530731,0.6822042718231229,0.6320874475140033,scored,-0.1424002238799782,19.0,XLY,True,0.9393093918303218,0.0291168441360918,,no_data,0.0
2026-10-02,ATEC,298,1.0,0.9991812757146532,0.969393705019864,0.8270665797944663,0.7811344408871121,0.862134628253426,scored,1.0277179231502298,19.0,XLV,True,0.4491342018634485,0.0447790829375322,,no_data,0.0
2026-10-02,ATEN,298,1.0,0.9830719404201804,0.9750894764609652,0.9415296264495682,1.029814103091483,1.4203403633626204,scored,0.691085117251958,19.0,XLK,True,1.0408982589243112,0.0376727563852447,,no_data,0.0
2026-10-02,ATEX,298,1.0,1.010047707023334,0.9897148938793484,0.9649891226908364,0.8235806130074002,1.1402026154845073,scored,-0.9836909312237286,19.0,XLC,True,4.641618052739304,0.0550411247804969,,no_data,0.0
2026-10-02,ATI,298,1.0,1.0488640078155624,0.998738602560676,0.9404929076732648,0.8933658244821333,0.7975962225135986,scored,0.498818550236436,19.0,XLI,True,7.618823538647654,0.0395947590616757,,no_data,0.0
2026-10-02,ATKR,298,1.0,0.9408850541543904,0.9484608747702,0.9322186334368048,0.6842928409004596,0.6735502377193303,scored,0.3772514226905634,19.0,SPY,False,0.3795805414132754,0.00401163117114,,insufficient_history,1.0
2026-10-02,ATMU,298,1.0,1.0334570758723989,0.965369534516817,0.9246721589021304,0.7997061185151948,0.9072312010710792,scored,-1.4783635259184356,19.0,XLI,True,1.4045255737414246,0.0307336011759611,,no_data,0.0
2026-10-02,ATO,298,1.0,0.944755431387582,0.8965718947069592,0.9220022447531664,1.017370837548787,1.1603173483057228,scored,-0.2628580598901757,19.0,XLU,True,2.2131640603727543,0.0140813390619886,,no_data,0.0
2026-10-02,ATR,298,1.0,0.9833497196204272,1.0544424631625484,0.9800594008225092,1.043468411138481,1.1105648887538968,scored,-1.582100264325008,19.0,SPY,False,2.342134061748681,0.0195324331727852,,no_data,0.0
2026-10-02,ATRC,298,1.0,1.0019414542887697,0.9323360034965318,0.8389100438489063,0.8457048961052146,1.1482752642376113,scored,0.8247447105513827,19.0,XLV,True,2.401646231938353,0.0435554267671083,,no_data,0.0
2026-10-02,ATRO,298,1.0,0.9706775705737122,0.8781946592677715,0.7683272752323147,0.6730226307001473,0.7275485478460397,scored,-0.0962935713132305,19.0,XLI,True,3.07677915085843,0.0451206797310225,,no_data,0.0
2026-10-02,AU,298,1.0,1.0321506132068072,1.0818139803824582,1.0939070831740356,0.9649709002867316,0.9138572468481708,scored,-0.6151887107087703,19.0,XLB,True,3.582360275688388,0.0377408372912809,,no_data,0.0
2026-10-02,AUB,298,1.0,0.9052645813389548,0.7834780899674633,0.7357615208545649,0.7747013845595198,1.0011171366537088,scored,0.461055250464851,19.0,XLF,True,0.75217836066232,0.0193760525672931,,no_data,0.0
2026-10-02,AUGO,298,1.0,0.9609972528269478,1.0032715018151042,1.0826561971630395,1.147209375700178,1.1508899267035442,scored,0.2831517894673222,19.0,XLB,True,4.3103995829220985,0.0525979204749493,,no_data,0.0
2026-10-02,AVA,298,1.0,0.9005360864814291,0.9350053010468912,0.9303452884535836,0.8813404513582498,0.9572349104237404,scored,0.764998927776498,19.0,XLU,True,0.618316241444108,0.017511080188165,,no_data,0.0
2026-10-02,AVAH,298,1.0,1.1647794935503444,1.2432188365598735,1.3495562181938776,1.3263356695506945,1.160207329640426,scored,-0.9306379447337436,19.0,XLV,True,0.5037584947589163,0.0400125889403428,,no_data,0.0
2026-10-02,AVAV,298,1.0,1.0247585629441704,1.108861445724338,1.1904363933047692,1.247635773569059,1.1574992448034145,scored,-0.3344974453273761,19.0,XLI,True,7.905074375861919,0.0561360202802295,,no_data,0.0
2026-10-02,AVEX,117,1.0,0.9614459707215774,1.0335462532433333,1.0720365165920092,0.9829579082790852,0.7059680908212551,scored,-0.4339174951996264,19.0,SPY,False,1.0600439361004828,0.0732074541505858,,insufficient_history,1.0
2026-10-02,AVGO,298,1.0,1.0399699261240638,1.02584508077808,1.0610636942610718,0.8624654903238318,0.6857605436955647,scored,-1.2354422826862983,19.0,XLK,True,10.876293274284416,0.0306253682330472,,no_data,0.0
2026-10-02,AVNT,298,1.0,1.060430241610059,1.067772666735758,1.118908624440939,1.230683478690885,1.3327670716835638,scored,-0.0113184988754949,19.0,XLB,True,1.137720367290424,0.027634694371883,,no_data,0.0
2026-10-02,AVPT,298,1.0,0.9780413312477172,0.9106836000417828,0.8076020063930943,0.6880294903932878,0.6402099063525896,scored,-0.1943892258323084,19.0,XLK,True,0.48225458151246,0.0342753789276801,,no_data,0.0
2026-10-02,AVT,298,1.0,1.0026296650856985,0.919739207966334,0.9456440674445372,1.0212758009842748,1.2005007340836378,scored,1.5563617568421162,19.0,SPY,False,4.014581301501888,0.0375422574601569,,insufficient_history,1.0
2026-10-02,AVTR,298,1.0,1.0554007645140957,1.0706587872702409,1.0343333954169618,0.9259591083214366,1.1141393633436252,scored,0.7599518709398805,19.0,XLV,True,0.4525554750907545,0.0295016606969201,,no_data,0.0
2026-10-02,AVY,298,1.0,0.9913177045733949,1.0107101287357685,0.9472876845693488,0.9615891063257016,0.9719249597409388,scored,-0.631347644725318,19.0,SPY,False,3.964744023254207,0.0233398718034626,,no_data,0.0
2026-10-02,AWI,298,1.0,1.030457938043599,1.0068277452152916,1.0236247634938742,1.1874920825043591,1.0954997449358796,scored,0.6504990543950667,19.0,SPY,False,3.809353232925548,0.0233530727864489,,no_data,0.0
2026-10-02,AWK,298,1.0,0.8997045326164916,0.8126466376595597,0.7462981597044243,0.6986686836269748,0.6087294250579435,scored,0.1943149116256084,19.0,XLU,True,2.5939791736409723,0.0199153871296811,,no_data,0.0
2026-10-02,AWR,295,1.0,0.9316439699990604,0.8859377513130794,0.8833933287622083,0.6849467856402349,0.5877915973659849,scored,-1.4363928126618837,19.0,SPY,False,1.5597952475345178,0.0188335576857584,,insufficient_history,1.0
2026-10-02,AX,298,1.0,0.9554119831410832,0.8715481529644634,0.8101846075891964,0.8456994630073208,0.9726093633217118,scored,-0.4156976822108492,19.0,XLF,True,2.318377012874859,0.0260696841659154,,no_data,0.0
2026-10-02,AXGN,298,1.0,0.9897934190690468,0.934020456614448,0.8780831634234587,0.896678841673843,0.9511199502686472,scored,-1.1513227525923335,19.0,XLV,True,2.1973140091785885,0.0587674246905212,,insufficient_history,1.0
2026-10-02,AXON,298,1.0,1.1095509521920426,1.1974800900961309,1.3241203626761393,1.4256771238800316,1.2189563421946696,scored,-0.8424622835462028,19.0,XLI,True,22.54654264260286,0.0545458876076033,,no_data,0.0
2026-10-02,AXP,298,1.0,0.9730980775423131,0.9089424477262804,0.839981579371927,0.8838292657935253,1.013976682046651,scored,0.3588982948039734,19.0,XLF,True,5.805094580908552,0.0191726487248449,,no_data,0.0
2026-10-02,AXS,298,1.0,0.931273006939125,0.877257518406817,0.8496223648780529,0.8771041449336807,0.8430855757187463,scored,-0.0358257020541334,19.0,XLF,True,1.9495235025937896,0.0205472544539817,,no_data,0.0
2026-10-02,AXSM,298,1.0,0.946786616032026,0.8600890193156195,0.7853711383098311,0.8305643630876905,0.9751218178009148,scored,-0.56170491427925,19.0,XLV,True,7.673939943424979,0.0428113804375173,,no_data,0.0
2026-10-02,AXTA,298,1.0,1.0353027823040903,1.031852314623504,1.0206880052683365,1.1683149299127655,1.3390473107574272,scored,-0.4765975808269156,19.0,XLB,True,0.8288580716179196,0.0257409339011776,,no_data,0.0
2026-10-02,AXTI,298,1.0,0.9649058743242356,0.96837566277631,0.9168309019431318,0.8666920276661968,0.8696590641625769,scored,0.7226786159514182,19.0,XLK,True,7.094236803292711,0.0826160102863946,,no_data,0.0
2026-10-02,AYA,106,1.0,1.0363604738883416,1.1145689428309868,1.1754562905485422,0.522200570883275,0.5844328222485197,scored,0.3645663672406071,19.0,XLB,True,1.4757746207480118,0.0544164683166671,,no_data,0.0
2026-10-02,AYI,298,1.0,0.9903331731860002,0.9485248945984224,0.8617817641536085,0.8278880653668366,0.7343996906632164,scored,-0.5587171711802413,19.0,SPY,False,10.543182049500524,0.0341468520841447,,insufficient_history,1.0
2026-10-02,AZN,298,1.0,0.981479133842374,0.99035043755785,0.9953791517824278,1.0930155828935095,1.1474498339979795,scored,-0.0534126458413624,19.0,XLV,True,3.2938114156087965,0.0209930619222995,,no_data,0.0
2026-10-02,AZO,298,1.0,0.9560596615582876,0.896079138889598,0.8436078275639277,0.7902789998337054,0.8095022284784396,scored,0.3551263143868725,19.0,XLY,True,82.07092188149034,0.0293947134814061,,no_data,0.0
2026-10-02,AZTA,298,1.0,1.00838453838515,1.0148968688093924,1.0059090662532546,1.1216009156017948,1.050270129940584,scored,0.3405192982408152,19.0,XLV,True,1.6199597550317444,0.0418054130330772,,insufficient_history,1.0
2026-10-02,AZZ,298,1.0,0.9261386021096348,0.8725134889224747,0.8162345138952969,0.8397333235033626,0.9127130815641848,scored,-0.3143507208142684,19.0,SPY,False,3.57798393293796,0.0256688710304753,,no_data,0.0
2026-10-02,B,298,1.0,1.002259333188213,1.0363799248568286,1.0483081027987848,0.8925438865322863,1.0264840650686895,scored,0.4436128226145128,19.0,XLB,True,1.3019321862710374,0.0323622218809604,,no_data,0.0
2026-10-02,BA,298,1.0,0.9752025065645432,1.023662787407888,0.9880687111346436,0.9993215386387116,1.0219820369948434,scored,-0.8011092336693371,19.0,XLI,True,6.463770673772951,0.0333941448324702,,insufficient_history,4.0
2026-10-02,BABA,298,1.0,1.0167490602365792,1.008271931713407,0.9900574894562588,1.1884518262430748,1.4329544143272228,scored,0.6361944582456689,19.0,XLY,True,2.8158707878811917,0.026602463749468,,no_data,0.0
2026-10-02,BAC,298,1.0,1.015747724379717,1.0236686142585356,1.045241317481212,1.2360131277144832,1.271238608821402,scored,-1.2318136179512702,19.0,XLF,True,1.1506207426186204,0.0214068975370906,,no_data,0.0
2026-10-02,BAH,298,1.0,0.9927833349848948,1.0246329424812193,1.0285789794707838,1.005178031972217,0.9691780978382236,scored,-0.302444570370532,19.0,SPY,False,2.525701785125948,0.0375011400909569,,insufficient_history,1.0
2026-10-02,BALL,298,1.0,1.0767904040137852,1.158446771312097,1.23250195983567,1.2649479849836185,1.4507925935589296,scored,-1.951032462135692,19.0,SPY,False,1.2435925529583116,0.0220612480567378,,no_data,0.0
2026-10-02,BAM,298,1.0,0.9067726583095956,0.9225254417819786,0.8972484032447572,0.8220202222217132,0.8129040809038556,scored,0.1004911851251251,19.0,XLF,True,1.1500833213519164,0.0256428834192177,,no_data,0.0
2026-10-02,BANC,298,1.0,0.892454088889272,0.8034000382883244,0.7417313599097006,0.7657061115304552,0.8357733498500227,scored,0.0492717388637652,19.0,XLF,True,0.4359788129047343,0.0245760322945171,,no_data,0.0
2026-10-02,BAND,298,1.0,1.1686735572055444,1.221217971529243,1.2721818567543075,1.409872484453754,1.5823244942391612,scored,1.279470345634642,19.0,XLC,True,4.4352361014312764,0.0695832460218273,,no_data,0.0
2026-10-02,BANR,298,1.0,0.9163542592912732,0.8256193345339625,0.7369388682059994,0.6031297400102842,0.5575078669725643,scored,0.1801020628578407,19.0,XLF,True,1.347346771845099,0.0198489506753844,,no_data,0.0
2026-10-02,BAP,298,1.0,0.8295664564098827,0.7337448827067329,0.6703859502629389,0.6544854126566206,0.702882908069988,scored,1.5255075424638551,19.0,XLF,True,9.3537104813002,0.0250561476555682,,no_data,0.0
2026-10-02,BATRK,298,1.0,1.0065320082834508,0.9847357470763242,0.9661572516481604,0.9491173409329124,0.9747157492274112,scored,0.2582680462671567,19.0,XLC,True,1.256821702434953,0.0241557121359783,,no_data,0.0
2026-10-02,BAX,298,1.0,1.0234252552133212,0.9184974433063692,0.8615537536445866,0.7912901416959572,0.833614148674273,scored,-0.2723606099665545,19.0,XLV,True,0.7050864392911351,0.0300164512256762,,no_data,0.0
2026-10-02,BBIO,298,1.0,0.9446613590349096,0.8325129935359128,0.7177795738763394,0.6136152382022573,0.7082857417923919,scored,-0.5964904840506983,19.0,XLV,True,2.499540814288093,0.0371678931492653,,no_data,0.0
2026-10-02,BBNX,298,1.0,1.1760511666474762,1.2217291602830849,1.2423908377578912,1.2595417942421616,1.345903362243212,scored,-0.2665225038729175,19.0,XLV,True,1.368241228873391,0.0721646217760227,,no_data,0.0
2026-10-02,BBT,298,1.0,1.001852642230574,1.0171410778874148,0.9891071165553504,0.8961594697068745,0.8560994581175086,scored,-0.5788553853059711,19.0,XLF,True,0.6579130140734357,0.0232149969680111,,no_data,0.0
2026-10-02,BBVA,298,1.0,0.8758680978519489,0.790114732764451,0.7404591941599508,0.6796209637193353,0.6123455540338371,scored,0.6769043637040539,19.0,XLF,True,0.6063566941131999,0.022474302969355,,no_data,0.0
2026-10-02,BBWI,298,1.0,1.0130167834225556,0.9836514705033444,0.9180966690303752,0.7261678674379028,0.7014669921591148,scored,-0.0143143209848529,19.0,XLY,True,0.7527303904138847,0.046869887323405,,no_data,0.0
2026-10-02,BBY,298,1.0,0.9999656454116028,0.9884351601078746,0.9516880176606376,0.8663241653599252,0.8560951566017635,scored,0.5235355337570734,19.0,XLY,True,2.935819818167253,0.0333729659903064,,no_data,0.0
2026-10-02,BC,298,1.0,0.9988730036882886,0.98489960993546,0.9309368521026756,0.9460262029926834,0.9343425772324528,scored,-2.405044317586609,19.0,SPY,False,2.222166604018148,0.0339625035002009,,no_data,0.0
2026-10-02,BCC,298,1.0,0.9877813182519364,0.9132568972927896,0.864223708460177,0.894099600548688,0.9465305137267194,scored,0.8363915749887688,19.0,SPY,False,2.3537260762008323,0.0313871993092523,,no_data,0.0
2026-10-02,BCE,298,1.0,0.9870938216875402,1.018848770006031,1.0859591369791457,1.2545602401247344,1.3280064185452596,scored,-2.2380636863874277,19.0,XLC,True,0.4639085481112687,0.0235128508926137,,no_data,0.0
2026-10-02,BCO,298,1.0,0.8655083641303848,0.9151300848501518,0.9680380633536358,1.0688136384310425,1.1041267345099803,scored,-1.554741399104537,19.0,SPY,False,3.491452897352472,0.0342971797382364,,no_data,0.0
2026-10-02,BCPC,298,1.0,1.0071323114795383,1.0512068477697638,1.0951187228052248,1.175488173260304,1.149426104353699,scored,-0.4560063412571697,19.0,XLB,True,3.33580715271248,0.020027660619071,,no_data,0.0
2026-10-02,BCS,298,1.0,0.9863379029081748,0.9168255268828448,0.8832791853499868,0.996220423778488,1.1547252150646417,scored,0.1031632355683241,19.0,XLF,True,0.5509127759603762,0.0232354608165489,,no_data,0.0
2026-10-02,BDC,298,1.0,1.0439436109829692,1.0604212821220975,1.2031524458285947,1.4746089995873248,1.373391739812476,scored,-0.4792867917006716,19.0,SPY,False,4.319273626529095,0.0384071992399884,,no_data,0.0
2026-10-02,BDX,298,1.0,0.9348875384894264,0.871571512575204,0.8586590030069384,0.7584652663010728,0.8746923921956195,scored,-0.7689745405085309,19.0,XLV,True,3.7696693617632255,0.0213216592859911,,no_data,0.0
2026-10-02,BE,298,1.0,0.946608131327886,0.922432478978246,0.8883945703854113,0.8524380349217527,0.8548199893935824,scored,1.2351134450338428,19.0,SPY,False,20.923732934936165,0.0723629013831442,,no_data,0.0
2026-10-02,BEAM,298,1.0,0.9466650134204092,0.894207828590205,0.8751611037176502,0.900029744045927,0.8192861485988547,scored,0.00931157985715,19.0,XLV,True,1.376677115392283,0.0561909026690727,,no_data,0.0
2026-10-02,BEKE,298,1.0,0.9631015787473336,0.9771334658879018,0.9758078216099084,0.9727409707198252,0.8461601749273092,scored,-0.1599696762407244,19.0,XLRE,True,0.4732466467217155,0.0288038129471525,,insufficient_history,2.0
2026-10-02,BELFB,298,1.0,0.928921037429291,0.9206393729614168,0.8839512083480928,0.7393632088808644,0.694271698196772,scored,-0.005713383348671,19.0,SPY,False,10.125763320978775,0.0392562740210079,,no_data,0.0
2026-10-02,BEN,298,1.0,0.97228625865923,0.921571893682108,0.8811150854798975,0.9611258966810916,1.2389197721048677,scored,1.280562320943159,19.0,XLF,True,0.7826306526962378,0.0238534182473708,,no_data,0.0
2026-10-02,BEP,298,1.0,0.89472091212634,0.8701626357333324,0.798616534431848,0.8534074321986269,0.9315270666539937,scored,-0.3482307273558581,19.0,XLU,True,0.7967353939589011,0.0281035412331182,,no_data,0.0
2026-10-02,BEPC,298,1.0,0.8791459322778509,0.8717980810867114,0.7847241687061054,0.8230077698405421,0.9096486572475608,scored,-0.3205523136200511,19.0,XLU,True,0.8122406465955166,0.0284796860657614,,no_data,0.0
2026-10-02,BETA,229,1.0,0.9718855173251566,1.0501070539463395,1.156055277210699,1.1751647495892927,0.8800988406866479,scored,0.9527484111788032,19.0,XLI,True,1.538576023664378,0.0693990087354252,,no_data,0.0
2026-10-02,BF.B,298,1.0,0.9868205673377556,0.9520307415594984,0.9424514588970953,1.0305349806142896,0.9520022699484548,scored,0.5323806840535351,19.0,XLP,True,0.6951302526246699,0.0265722573633283,,no_data,0.0
2026-10-02,BFAM,298,1.0,0.924272450369476,0.8269396738138086,0.7321687795679197,0.7356244291698472,0.8135402018605646,scored,-1.2119017378965262,19.0,SPY,False,2.1637172090244707,0.033671291768199,,no_data,0.0
2026-10-02,BFH,298,1.0,0.9558060372052758,0.9533428026424646,0.9104654442905412,0.892772759997157,0.7640464748661917,scored,-0.5672942701979354,19.0,XLF,True,3.547112924019641,0.0361765724020361,,no_data,0.0
2026-10-02,BG,298,1.0,1.0647236243504123,1.1362612052873668,1.251276976473969,1.2625847159738652,1.0580375791921008,scored,-0.640751105127868,19.0,XLP,True,3.686144135509348,0.0345403311048477,,no_data,0.0
2026-10-02,BGC,298,1.0,0.9970787945023866,1.0058531788745622,0.9940052210303136,0.9951608647765228,0.6529850529207721,scored,0.6203365687249845,19.0,XLF,True,0.3980418709654231,0.0337896325097982,,no_data,0.0
2026-10-02,BHE,298,1.0,1.0304285308361991,0.9723892014763434,0.9740643868596102,0.9643504053588896,1.0621670954009883,scored,1.6741728442975845,19.0,SPY,False,3.0983682926378795,0.0354544947092102,,no_data,0.0
2026-10-02,BHF,298,1.0,0.8470763911227003,0.7899705514949761,0.7203159331479272,0.7974616190460118,0.8127817922672413,scored,-0.3031033472545789,19.0,XLF,True,1.601903259180158,0.0320252550815705,,no_data,0.0
2026-10-02,BHP,298,1.0,1.04382865426139,1.0468137254908654,1.026212328917229,0.8478639076997516,0.827175964626784,scored,-0.3445018932790258,19.0,XLB,True,2.1997113008339344,0.0255572359804105,,no_data,0.0
2026-10-02,BHVN,298,1.0,0.9206960046925928,0.9109668679439206,0.9783371785077996,0.930122289256696,0.8622528965616209,scored,-0.8070886256262694,19.0,XLV,True,0.94395443320466,0.0733453328053349,,no_data,0.0
2026-10-02,BIDU,298,1.0,0.9898385605599606,1.006071164920263,1.0079700963192393,1.1047858069569874,1.3127631130777846,scored,-0.0213898339274044,19.0,XLC,True,2.342031449815197,0.0277755152966697,,no_data,0.0
2026-10-02,BIIB,298,1.0,0.9113918205450094,0.8289545014400237,0.7400555990331056,0.551500723964823,0.3924109467583781,scored,0.8374183021605047,19.0,XLV,True,5.467336207886302,0.0248650909945711,,insufficient_history,1.0
2026-10-02,BILI,298,1.0,0.9760885804040688,0.9625491314076474,1.0123983151066278,1.0895733117732571,1.073244818412884,scored,0.0490070477784078,19.0,XLC,True,0.4595693184780711,0.031826130088509,,no_data,0.0
2026-10-02,BILL,298,1.0,1.018559704595207,0.9975137830995748,0.8229578433367354,0.6557934915890824,0.7369510069848522,scored,-1.270337111925358,19.0,XLK,True,1.8422932213524987,0.0422350578026707,,no_data,0.0
2026-10-02,BIO,298,1.0,0.9120393805335844,0.890921469256269,0.8280629455898934,0.8541601625572615,0.7026094346887811,scored,0.1412344809356265,19.0,XLV,True,11.084741318452297,0.0300285564242626,,no_data,0.0
2026-10-02,BIP,298,1.0,1.0148797873270732,0.9651181097679202,0.9705348633509948,1.0471076004644622,1.1265314368990955,scored,1.332352883848476,19.0,XLU,True,0.8596228924701219,0.0235384143611752,,no_data,0.0
2026-10-02,BIPC,298,1.0,1.0053794746400706,0.9845471357964496,1.044346369461579,1.0906646264249913,0.9986599422381438,scored,0.90918718259728,19.0,XLU,True,0.8942606900503326,0.0244000188281127,,no_data,0.0
2026-10-02,BIRK,298,1.0,1.0281496429320078,1.0079302573061757,0.9859299269873506,0.780096934416421,0.7491103988621522,scored,0.0107418439957241,19.0,SPY,False,1.2321808921495627,0.0369691236768545,,no_data,0.0
2026-10-02,BJ,298,1.0,1.0305342512640063,0.9897062424361872,0.8177744830255278,0.563026713013535,0.3882802392758148,scored,0.6672551783724872,19.0,XLY,True,2.770124516833817,0.0291714881722179,,no_data,0.0
2026-10-02,BJRI,298,1.0,1.0088434463957483,0.9980711187841412,0.917227606631281,0.8627702298739243,1.13134929062148,scored,-0.0835489989809319,19.0,XLY,True,2.401832618444925,0.0387830230654759,,no_data,0.0
2026-10-02,BKD,298,1.0,1.0283717545246285,1.0868830620644268,1.149475488326673,1.3329714472137344,1.590982365655444,scored,0.1825817738651681,19.0,XLV,True,0.3646155068032966,0.0335741718971728,,insufficient_history,1.0
2026-10-02,BKE,298,1.0,0.9955735852695308,0.9964055215893344,1.0168504799272626,1.02634402273907,0.9374602102430588,scored,1.229575535896264,19.0,XLY,True,1.0329171324929545,0.0240773224357332,,no_data,0.0
2026-10-02,BKH,298,1.0,0.9552859881070608,0.9667367669141238,0.9041047847928786,0.6645252759413807,0.6224703755782364,scored,1.205621246305135,19.0,XLU,True,1.5454328643583544,0.0217789298810365,,no_data,0.0
2026-10-02,BKNG,298,1.0,0.994586176583182,1.000024205930738,0.9478025805542898,1.051144090602208,1.201382915455706,scored,-1.905991487840652,19.0,XLY,True,6.007408057351404,0.0377776887017444,,no_data,0.0
2026-10-02,BKR,298,1.0,1.012097260548279,1.0542719395494795,1.1663430840378202,1.1391118003922929,1.1239541790047256,scored,-1.2345586810947884,19.0,XLE,True,1.5824927334602483,0.0282587988117901,,no_data,0.0
2026-10-02,BKSY,298,1.0,0.9864074814670862,0.964498910611356,0.9739517532394704,1.02591608626164,1.1089451559409484,scored,-0.5252448017115935,19.0,SPY,False,1.4944838970979182,0.0681790099041021,,no_data,0.0
2026-10-02,BKU,298,1.0,0.94232638157924,0.8455070749350423,0.7908096830414402,0.6803863828401636,0.668929280903952,scored,-0.484675648844018,19.0,XLF,True,0.932597268869646,0.0214983233948742,,no_data,0.0
2026-10-02,BKV,298,1.0,1.0114242588322535,1.0344152835610625,1.0324042369279802,0.9644360968092788,0.7313908054121667,scored,0.1056332759783365,19.0,XLE,True,0.9393577023613984,0.043549267610635,,no_data,0.0
2026-10-02,BL,298,1.0,1.040788981766242,1.0177013094238032,0.8980448078681468,0.740296664008944,0.7744628515809727,scored,0.49566481240157,19.0,XLK,True,1.2535550296134057,0.0457334925068736,,no_data,0.0
2026-10-02,BLBD,298,1.0,1.01140639195598,0.9629145952412534,0.9310671224243956,0.8763349500960623,0.8395663659262378,scored,-1.3288264872322788,19.0,XLI,True,2.202267298123042,0.0389574968710957,,no_data,0.0
2026-10-02,BLDR,298,1.0,0.9916934688750864,0.9793826013901312,0.944884873912277,0.9390297862033994,0.8526899799465089,scored,0.7871203065625689,19.0,SPY,False,2.5833754299258413,0.0459266743097927,,no_data,0.0
2026-10-02,BLFS,298,1.0,0.971749221364178,0.9506957606039286,0.924653805525216,0.8491626489291572,0.8244172257684601,scored,1.806938998611221,19.0,XLV,True,1.076785691204694,0.0288682490939596,,insufficient_history,1.0
2026-10-02,BLK,298,1.0,0.9787063257443748,0.9291093963760222,0.8998948730687978,0.8807577024909617,0.860792597340187,scored,1.0002255333380774,19.0,XLF,True,23.235841442377968,0.02192825933805,,no_data,0.0
2026-10-02,BLLN,227,1.0,0.94610040694449,0.9024084674017648,0.8099458682443608,0.5844174743246229,0.530447782991995,scored,1.3436382779807492,19.0,XLV,True,6.9619447302258655,0.0657407434393377,,no_data,0.0
2026-10-02,BLSH,287,1.0,1.0053082473156,1.001459021584589,0.942733585294042,0.915702281771505,1.007820826889073,scored,0.6523481726906228,19.0,XLF,True,2.422234329283711,0.0707634919451858,,no_data,0.0
2026-10-02,BLZE,298,1.0,1.1414015736905572,1.2742876766879674,1.474478632366125,1.72539180509992,1.7549073191243605,scored,0.1412592098790117,19.0,XLK,True,0.852980125511937,0.0593997301888535,,no_data,0.0
2026-10-02,BMI,298,1.0,1.033705148192837,0.9708956585013138,0.8444593533818552,0.687813613680369,0.5683997900604378,scored,0.3468007102745012,19.0,SPY,False,4.260363519849395,0.0333440050078218,,insufficient_history,1.0
2026-10-02,BMNR,298,1.0,0.9634976996328032,0.97942955782591,1.0516565205142971,0.9567959124261785,0.777620378685803,scored,0.8323407992311909,19.0,XLK,True,1.6469955411858184,0.0626949197253832,,no_data,0.0
2026-10-02,BMO,298,1.0,0.9550846445199734,0.8456021199195054,0.7985497519341617,0.8934527355443848,0.9898688259821534,scored,1.3141935722221707,19.0,XLF,True,3.052505650675878,0.0184218808127693,,insufficient_history,1.0
2026-10-02,BMRN,298,1.0,0.9733870016660344,0.9511636347442528,0.8185444644146318,0.6863814632554022,0.5564450612880573,scored,-1.2071837609910143,19.0,XLV,True,1.5980201944849484,0.0279471877314611,,no_data,0.0
2026-10-02,BMY,298,1.0,0.9869289849524848,0.9032427796199812,0.7807679003625163,0.7141187601682754,0.7299024805844392,scored,-1.773621432905932,19.0,XLV,True,1.4076908053002155,0.0230202911741654,,no_data,0.0
2026-10-02,BN,298,1.0,0.9517018961393784,0.9226895592347863,0.8765263481080227,0.8897572360734191,0.8978345384394467,scored,-0.0525553809070403,19.0,XLF,True,0.7753994700896374,0.0210021524943022,,no_data,0.0
2026-10-02,BNL,298,1.0,1.068404803297602,1.077335706832055,1.1110720490673498,1.1732865580901235,1.0254225188592,scored,-1.4862998405971246,19.0,XLRE,True,0.3682090442904286,0.0198388493690963,,no_data,0.0
2026-10-02,BNS,298,1.0,0.9436848157577432,0.9432820769230584,0.8602085426279614,0.8560218638716424,0.978808753018716,scored,1.5632636292325228,19.0,XLF,True,1.5554765927796217,0.0170575347382346,,no_data,0.0
2026-10-02,BNTX,298,1.0,0.8441995164746219,0.8336879635551006,0.8099536772919438,0.7874094212580067,0.7300328056920631,scored,-0.2621538914416307,19.0,XLV,True,3.242007423636185,0.0334572489539337,,no_data,0.0
2026-10-02,BNY,298,1.0,1.0367158516426458,1.0042526231412423,0.864355699326504,0.8541949074132352,0.7663572406847399,scored,-0.2131041950012281,19.0,XLF,True,2.9681956033877728,0.0204140000232996,,no_data,0.0
2026-10-02,BOH,298,1.0,0.9259405909410172,0.8324366921791031,0.7922690640065001,0.7762888161524296,0.8231375857416793,scored,-0.935998696850106,19.0,XLF,True,1.5107295815530613,0.0218061429208005,,no_data,0.0
2026-10-02,BOKF,298,1.0,0.9773361646084971,0.8924052819131401,0.8503113232360039,0.8040693416471065,0.947490605508286,scored,0.2346023704614457,19.0,XLF,True,2.386437259783005,0.0185917517901449,,no_data,0.0
2026-10-02,BOOT,298,1.0,0.9023507969549476,0.9311204256871214,0.9313024285603098,0.9729637508390548,0.839160526182097,scored,-0.9743972115281442,19.0,XLY,True,5.464934462042059,0.0448386483593867,,no_data,0.0
2026-10-02,BOX,298,1.0,1.0379897454907772,1.0236883776500734,0.9108089972135632,0.7744527085114358,0.783258992817057,scored,-0.7965704109823575,19.0,XLK,True,1.1101751067781298,0.0321883185496703,,no_data,0.0
2026-10-02,BP,298,1.0,0.9946874699569522,0.9815861130829806,0.9064484882241504,0.9206416043657936,0.9210663094876672,scored,0.5904400654933847,19.0,XLE,True,1.0605529518817296,0.0236783423059104,,no_data,0.0
2026-10-02,BPOP,298,1.0,0.9403268752419628,0.8539879977922659,0.8586397444400218,1.0282471296319726,1.228375772381219,scored,-0.5445578106069034,19.0,XLF,True,2.9361400596210365,0.0185667134160935,,no_data,0.0
2026-10-02,BR,298,1.0,1.0392912736469295,1.0107528707781288,1.0263276639397,1.134458892363848,1.2532713054747675,scored,-0.8805926709456161,19.0,SPY,False,4.017313797347454,0.025599399715462,,no_data,0.0
2026-10-02,BRC,298,1.0,1.0817159879393528,1.0498836384698345,0.9486001298073118,0.8507948430720395,0.7137952604448786,scored,-2.40959914749155,19.0,SPY,False,2.2197991264180845,0.0261830517388309,,insufficient_history,1.0
2026-10-02,BRK.B,298,1.0,0.9775109476255082,0.9632038866562632,0.8825275005053221,0.8160246955280087,0.520436057235704,scored,0.9116753809542844,19.0,XLF,True,5.754015684177438,0.011447360358455,,no_data,0.0
2026-10-02,BRKR,298,1.0,1.0313754532386097,1.0436580118990844,1.054231702071267,0.844354878522285,0.7996491225018032,scored,0.6219720567325421,19.0,XLV,True,2.9443168231486307,0.0465578245279669,,no_data,0.0
2026-10-02,BRO,298,1.0,1.0156831623329192,1.0113099091769175,1.055702917549697,1.11366168032959,1.1831427199085929,scored,-1.302793375282983,19.0,XLF,True,1.7523969835448785,0.0292504921306105,,no_data,0.0
2026-10-02,BROS,298,1.0,0.9676305975910174,1.0050737727127772,0.9954988744364436,0.9149781720486526,1.047173241705592,scored,-1.7144654083215602,19.0,XLY,True,1.560209435967926,0.0403467658641822,,no_data,0.0
2026-10-02,BRUN,298,1.0,1.0352822589213737,1.0561506070214943,1.0024659319100382,0.8424795740858714,1.2381428088240551,scored,0.136445602229684,19.0,SPY,False,1.492788457112762,0.0904172293829655,,no_data,0.0
2026-10-02,BRX,298,1.0,0.9856852296695844,1.030311814780557,1.053219480898862,1.032781113187292,1.162839135966211,scored,0.4593174754483566,19.0,XLRE,True,0.4477094147135487,0.0163457252542369,,no_data,0.0
2026-10-02,BRZE,298,1.0,1.0700322270951372,1.1221138030276168,1.0830423312025617,1.1193068972425633,1.1118845752547586,scored,-1.5558118973293,19.0,XLK,True,1.5175894099529992,0.0597006062137293,,no_data,0.0
2026-10-02,BSP,66,1.0,1.1394905400001514,1.218655415854684,1.3440051874655594,1.2051359251405656,1.5863441925638326,scored,-1.481422651129375,19.0,XLK,True,2.5304837647075367,0.0790035518172818,,no_data,0.0
2026-10-02,BSX,298,1.0,0.9704051570701674,0.9881143042648036,0.9889124291205164,0.8644294519249155,0.8218912565203897,scored,-1.0333677697726356,19.0,XLV,True,1.374679631728199,0.0322694749231971,,no_data,0.0
2026-10-02,BSY,298,1.0,1.022612336000645,1.0674646058227868,1.0370159844163096,0.9622436185824031,0.824910992285879,scored,-1.032501082777632,19.0,XLK,True,1.1660485650111485,0.0361789812290148,,no_data,0.0
2026-10-02,BTDR,298,1.0,0.9723743632421245,1.0311110931426857,1.0823897132358702,1.1140725202156814,1.290531288890513,scored,-0.1503888503687915,19.0,XLK,True,0.8924723006627303,0.0809865971563276,,insufficient_history,1.0
2026-10-02,BTI,298,1.0,1.05924869572642,1.1368595558601935,1.0966784808505712,0.948555535396602,0.8531929686914348,scored,-0.1231252903859529,19.0,SPY,False,1.044170620957076,0.0198360680273,,no_data,0.0
2026-10-02,BTSG,298,1.0,0.8680831093969895,0.7967978707111741,0.6623722677614491,0.6053947405135706,0.6305480136327186,scored,0.2887550821074564,19.0,XLV,True,2.106359819107155,0.0349603289478365,,no_data,0.0
2026-10-02,BTU,298,1.0,0.96111615411707,0.964672183651772,1.0276819557738686,1.2781256137617407,1.440626405569445,scored,-1.4044509336802569,19.0,XLE,True,1.1546799330307915,0.046540908223732,,no_data,0.0
2026-10-02,BUD,298,1.0,1.0882100803442103,1.0251611176600608,0.959598624142035,0.9444171802694368,0.8730578797626601,scored,0.2572929439114255,19.0,XLP,True,1.443649798562951,0.0196602178750231,,no_data,0.0
2026-10-02,BURL,298,1.0,0.9626440867268112,0.9643228519945988,1.014843843046911,1.1085462559757042,1.2319641865633435,scored,1.2190500101765744,19.0,XLY,True,9.497451760250874,0.0344935416584981,,no_data,0.0
2026-10-02,BUSE,298,1.0,0.942222419888209,0.8283721836844047,0.8031837357051735,0.6950321887900004,0.7271246279527885,scored,0.8684313975148344,19.0,XLF,True,0.5373737557367494,0.018075134737193,,no_data,0.0
2026-10-02,BVN,298,1.0,1.0099734697273142,0.9845893736760516,1.0121457206791555,0.8788506457296892,0.8290807580968911,scored,0.6475801221048465,19.0,XLB,True,1.3338059028086675,0.0424914272955931,,no_data,0.0
2026-10-02,BWA,298,1.0,0.992737681757832,0.9659327745455518,0.9671836844649891,0.9953221463747024,0.9451576719755448,scored,-1.135500713015965,19.0,SPY,False,1.88105299164308,0.0310815101064619,,no_data,0.0
2026-10-02,BWIN,298,1.0,1.0865497653136686,1.1037331436628968,1.2104283085227814,1.2461838271342076,1.1956877502257786,scored,0.5703778394345504,19.0,XLF,True,0.5865485175721467,0.0184623392373983,,no_data,0.0
2026-10-02,BWXT,298,1.0,0.9041020706730716,0.837089775550258,0.7783730948673983,0.7426249937917281,0.7062774936558162,scored,-1.677517514649388,19.0,XLI,True,5.205531283853672,0.0385995201234885,,no_data,0.0
2026-10-02,BX,298,1.0,1.0072516073232654,1.0040349328683893,0.966388561945502,1.0106844449812544,1.3124270392340844,scored,-1.7998339973346058,19.0,XLF,True,3.8160596053224394,0.0341481843876728,,insufficient_history,2.0
2026-10-02,BXDC,98,1.0,0.9614088603563516,0.9278606048947872,0.6875399807940874,0.4161729389326534,0.3324353776912554,scored,-0.5133252578647558,19.0,XLRE,True,0.6551504917937622,0.0379357551704552,,no_data,0.0
2026-10-02,BXMT,298,1.0,0.9181261608897276,0.9262202976899352,0.8516159437788681,0.8895195704134115,0.9462836036062569,scored,-1.721766395654714,19.0,XLRE,True,0.3834311545273727,0.0351771701401259,,no_data,0.0
2026-10-02,BXP,298,1.0,1.0065088922730827,0.943012532924462,0.8734247643521881,0.8834637861456863,1.127125965428857,scored,-0.512909079741118,19.0,XLRE,True,1.4713112083190532,0.0243393086570562,,no_data,0.0
2026-10-02,BXSL,298,1.0,0.914530658553476,0.8262270228276538,0.7744978906880324,0.5988195543549208,0.6656446380407545,scored,1.2936058639512495,19.0,XLF,True,0.4371683237945194,0.0185162356541516,,no_data,0.0
2026-10-02,BYD,298,1.0,0.9145052049139948,0.8821334877066074,0.8031265778774958,0.7344253506088207,0.6727303761326552,scored,0.1252261859680437,19.0,XLY,True,1.7796204399349709,0.0264627574711519,,no_data,0.0
2026-10-02,BZ,298,1.0,0.9464817621479228,0.9035697825075908,0.8310755695226769,0.8549438045197356,0.9209853935082164,scored,-0.8545109072631722,19.0,SPY,False,0.5326592317582277,0.0359176825190982,,no_data,0.0
2026-10-02,BZH,298,1.0,0.9375471271635352,0.9258005257465768,0.9434099726207856,0.8748898198896194,0.8190769510143808,scored,1.9740440199267684,19.0,XLP,True,0.1269657527046658,0.003801369841457,,no_data,0.0
2026-10-02,C,298,1.0,1.009771587732328,0.9116531266689344,0.7952815369542102,0.853313240950229,0.8629921670135264,scored,1.073721303373015,19.0,XLF,True,3.285624630016676,0.0255690632686122,,no_data,0.0
2026-10-02,CACC,298,1.0,0.9800314521195964,0.980149436456874,0.8986722182720406,0.8586366295386215,0.7634467486181493,scored,-0.6648440870511138,19.0,XLF,True,18.64472917201659,0.035345458146003,,no_data,0.0
2026-10-02,CACI,298,1.0,1.0061312142446983,0.9756146724838612,1.1019255980042482,1.157240149084076,1.1390336306081423,scored,-0.8941283877303211,19.0,SPY,False,18.381758252642623,0.0298870939331468,,no_data,0.0
2026-10-02,CAE,298,1.0,0.9132437590335696,0.8466988384445712,0.74099103584748,0.7498825146538176,0.7429555708152144,scored,0.8964560844556372,19.0,XLI,True,0.6139583244945312,0.0255762684646753,,no_data,0.0
2026-10-02,CAG,298,1.0,1.0261112836271955,0.9890914027018484,0.9682629822977662,0.970897779922875,1.0354976019374906,scored,-1.3438029554876796,19.0,XLP,True,0.4483220072869111,0.0335570364735711,,insufficient_history,2.0
2026-10-02,CAH,298,1.0,1.0042524672516624,0.9438705775361804,0.9935199495018868,1.1744847402125604,1.27805741989051,scored,-1.6701866540992616,19.0,XLV,True,5.731220936845867,0.0251039024828991,,no_data,0.0
2026-10-02,CAI,298,1.0,1.0104821655369245,1.0323180676965582,1.038019199149847,1.0538273672595972,1.1203155794301094,scored,1.4336285593554272,19.0,XLV,True,1.494849653737537,0.0528215425348953,,no_data,0.0
2026-10-02,CAKE,298,1.0,1.0339487375819574,1.0330428231196724,1.1126241361284603,1.2606238707231685,1.5936572751117413,scored,-0.9617816590041516,19.0,XLY,True,3.555162330003295,0.0324228210670615,,no_data,0.0
2026-10-02,CALM,298,1.0,0.9075704626632828,0.8630007569263792,0.8952959217011845,1.0284029275569302,1.0170594397240706,scored,-1.7033020042951958,19.0,XLP,True,2.49379232089365,0.0374050145626766,,no_data,0.0
2026-10-02,CALX,298,1.0,1.159113695382316,1.1528790051572693,1.036424568906129,0.8292251429522941,0.5903032688489872,scored,-1.291309645193824,19.0,SPY,False,1.125594533011373,0.0323353787133402,,no_data,0.0
2026-10-02,CALY,298,1.0,0.977686717777244,0.9429599645737552,0.7921056505522296,0.5645777803622167,0.6079983695856704,scored,-2.857303714918939,19.0,SPY,False,0.4208482273577455,0.0291244447998439,,no_data,0.0
2026-10-02,CAMT,298,1.0,1.018194416891162,0.9535140245207246,0.9531330684715597,0.8327935159303297,0.6822450725698258,scored,0.0103372486219321,19.0,XLK,True,7.849291109875434,0.0475167450201309,,insufficient_history,1.0
2026-10-02,CAR,298,1.0,1.3658013974457288,1.527422081075258,1.66357517697297,1.9159969075296008,1.8821278385146571,scored,-2.169792164184454,19.0,SPY,False,5.877763340006399,0.0528480789426937,,no_data,0.0
2026-10-02,CARG,298,1.0,1.1972437277689414,1.2408996160416363,1.3156093649821576,1.4006634996255969,1.5865354897187764,scored,-1.1518930780452832,19.0,XLC,True,1.293479205970153,0.0430872486998718,,no_data,0.0
2026-10-02,CARR,298,1.0,0.9710021783849856,0.9017411168101238,0.8021339576708993,0.7687813121179958,0.8467758643508279,scored,0.620600457821392,19.0,SPY,False,1.537181219968233,0.0278879031198881,,no_data,0.0
2026-10-02,CART,298,1.0,0.9582229635583488,0.871156588167239,0.7131065837666474,0.7656279863116132,0.7760922326387072,scored,-1.3256970064655342,19.0,XLY,True,1.5577537261231929,0.0352034740366823,,no_data,0.0
2026-10-02,CASY,298,1.0,1.0862805284110078,1.080501496892438,1.1122357809203025,1.2629283343800093,1.2763903041592422,scored,-0.8298138573413456,19.0,XLY,True,22.468410751333227,0.0363707762744969,,no_data,0.0
2026-10-02,CAT,298,1.0,0.9481093289016104,0.8454055573686675,0.8102659595502979,0.7819011343149954,0.8294078449323576,scored,0.7237384335172711,19.0,XLI,True,23.3068731615734,0.0275683957814735,,no_data,0.0
2026-10-02,CATY,298,1.0,0.9238434391306108,0.7745871301522388,0.6780181893592755,0.6548414121601072,0.760905133346194,scored,0.6390747437400277,19.0,XLF,True,1.128291533086295,0.0185452257246268,,no_data,0.0
2026-10-02,CAVA,298,1.0,1.0576768995681165,1.076181716302208,1.111046198925333,1.1346324206663505,1.161617573545127,scored,-1.1038993617394677,19.0,XLY,True,2.3657214954860124,0.0434795349289838,,no_data,0.0
2026-10-02,CB,298,1.0,0.9461777097882504,0.8919554691151765,0.8904828119942988,0.7807849818557807,0.693933427502831,scored,0.6834756772281411,19.0,XLF,True,5.0859947524648,0.0153706511301786,,no_data,0.0
2026-10-02,CBC,217,1.0,0.8998673885819782,0.7444852086021002,0.6219117967212937,0.5159946293524947,0.5525341722380076,scored,1.2440322796319156,19.0,XLF,True,0.7629281141237299,0.0238191730915931,,no_data,0.0
2026-10-02,CBOE,298,1.0,1.0985225987438485,1.147606462144778,1.236356822780674,1.3305870926742505,1.4681091683964982,scored,-0.6490581615348081,19.0,XLF,True,11.03812144493163,0.0406920351136608,,insufficient_history,2.0
2026-10-02,CBRE,298,1.0,1.0281059344594912,1.0188512485423469,0.8909329033889876,0.8108456459573516,0.8337971438874207,scored,0.2781784417589595,19.0,XLRE,True,4.1901409337509605,0.0323363245389023,,no_data,0.0
2026-10-02,CBRL,298,1.0,1.0753458150961075,1.1602450914054527,1.1640625554785136,1.1040599201044596,1.4371935140879102,scored,-0.4363584772592658,19.0,XLY,True,2.678675122214411,0.048039367328092,,no_data,0.0
2026-10-02,CBRS,98,1.0,0.8859710943287346,0.901574361776931,0.6391365440248646,0.527964867814469,0.3924555558524852,scored,-0.9632882377520094,19.0,XLK,True,13.921367440112808,0.0836469833570438,,insufficient_history,4.0
2026-10-02,CBSH,298,1.0,0.8827979865670845,0.7838001299668357,0.7434140660829919,0.7517978671455725,0.8795317211911352,scored,0.3598930622886923,19.0,XLF,True,0.9325492883161828,0.0168695602083245,,no_data,0.0
2026-10-02,CBT,298,1.0,0.9278863139032608,0.8579205145039303,0.8967834986924083,0.7876397716976486,0.7851216592199581,scored,0.713434259680705,19.0,XLB,True,2.059283202083272,0.0267613151667741,,no_data,0.0
2026-10-02,CBZ,298,1.0,1.0140306343148024,0.980117485030698,1.0668183240472806,1.183812872627842,1.5495374432152629,scored,0.4441680339382728,19.0,SPY,False,0.2230793595427743,0.0040789789640295,,no_data,0.0
2026-10-02,CC,298,1.0,0.9992185186873738,0.9257120143868548,0.8924329670951784,0.8576875235689022,0.8979181963082331,scored,-0.6699215464923507,19.0,XLB,True,0.5398850275563523,0.0393789225059337,,no_data,0.0
2026-10-02,CCEP,298,1.0,0.9700242537727364,0.9924399820525832,1.017878853272989,1.0002802413022722,1.0863246171870289,scored,0.499094738656259,19.0,XLP,True,2.052524130863466,0.0203099557773942,,no_data,0.0
2026-10-02,CCI,298,1.0,0.9684268400150684,0.880279128458213,0.909831568260563,0.7596229062713896,0.6285376598415927,scored,0.2939363958752022,19.0,XLRE,True,1.8941348759468049,0.0285089535813787,,no_data,0.0
2026-10-02,CCJ,298,1.0,0.9321589606094765,0.8985367252538345,0.8456110465762862,0.7045671193894857,0.6974443360458441,scored,0.6175472577333373,19.0,XLE,True,3.247311850982165,0.0381229379077502,,no_data,0.0
2026-10-02,CCK,298,1.0,1.0016451332198193,1.0274878314995812,1.0219463866323204,0.9937480062539892,1.0642462641686037,scored,-1.5329266158101351,19.0,SPY,False,2.310052504579113,0.0217826733105055,,no_data,0.0
2026-10-02,CCL,298,1.0,0.8693149241290561,0.8577453782431385,0.7981794216266478,0.8806207107862567,0.8841486503458733,scored,1.034217742640572,19.0,XLY,True,0.9162231630392847,0.035567669372643,,insufficient_history,1.0
2026-10-02,CCXI,164,1.0,1.1407040415001068,1.2417721245555768,1.4990954520782187,1.5263378232152152,1.415345064050329,scored,-0.2401237400984251,19.0,SPY,False,0.7336074121240963,0.0611849384590572,,no_data,0.0
2026-10-02,CDE,298,1.0,0.96827898192716,0.9806121623533448,1.0022729759678823,0.9299825096120627,1.0367812629518358,scored,-1.1237233235042106,19.0,XLB,True,0.9181703246809312,0.0519915246138692,,no_data,0.0
2026-10-02,CDNA,298,1.0,0.9424214370820736,0.8472573009076105,0.7314723631673321,0.5539421202736158,0.6166137072204617,scored,2.5963157594218003,19.0,XLV,True,2.9314467332100747,0.0436552007924061,,no_data,0.0
2026-10-02,CDNS,298,1.0,0.9386072599085424,0.9450168204445226,0.9587346856462072,0.902360500733876,0.7156155988851625,scored,0.3156767672652649,19.0,XLK,True,12.374363847400785,0.0352194787175203,,no_data,0.0
2026-10-02,CDP,298,1.0,1.0727891163211891,1.1437382625297412,1.2310978966501052,1.1793704211736993,1.3679307533670906,scored,0.8458776843311892,19.0,XLRE,True,0.7224405399607156,0.0215204212082429,,no_data,0.0
2026-10-02,CDW,298,1.0,0.9806692066304596,1.0521273807935811,1.1434178634093302,1.0674898422274912,0.6982426118756375,scored,-1.1164371414055465,19.0,SPY,False,5.935091015784673,0.0445276541059694,,no_data,0.0
2026-10-02,CE,298,1.0,0.9513225336920512,0.9143117282113208,0.8387270749424751,0.6822769777587403,0.5975658039395089,scored,0.5679914930586586,19.0,XLB,True,1.8526398775199144,0.0419244145173096,,no_data,0.0
2026-10-02,CECO,298,1.0,0.9438452915697416,0.8806092752168906,0.8627975063271472,0.8347717101278828,0.6881900676291968,scored,0.5398237533533947,19.0,XLI,True,3.730027285706417,0.0506384372211025,,no_data,0.0
2026-10-02,CEG,298,1.0,0.9521597338148164,0.9632948713742852,0.9480634978224616,0.8249804856220845,0.7668219042848694,scored,-0.9487016913515652,19.0,XLU,True,10.589584100081671,0.041126195580728,,no_data,0.0
2026-10-02,CELC,298,1.0,0.9038172577142656,0.8671248089998935,0.9308091232390768,1.0326333407104202,0.9888019566276413,scored,-1.4875689121000355,19.0,XLV,True,4.43423851854326,0.0615012277190466,,no_data,0.0
2026-10-02,CELH,298,1.0,1.0286947621312257,1.027796156677765,1.068220044830799,1.0947704356312105,1.0115267925636175,scored,-0.4100238551550135,19.0,XLP,True,1.2794085591178437,0.0478283573501997,,no_data,0.0
2026-10-02,CENX,298,1.0,1.0352845965989703,0.9392821595828492,0.9176032469099888,0.9594458150237238,1.0118946685321235,scored,-1.1897037016109493,19.0,XLB,True,1.7940465989008312,0.0503662717265814,,no_data,0.0
2026-10-02,CEVA,296,1.0,0.9792809230722744,0.9320154612702972,0.923212283663902,0.9276268623272218,1.2158286420398432,scored,2.2244094296025385,19.0,SPY,False,1.7588624853728176,0.0474086923281082,,no_data,0.0
2026-10-02,CF,298,1.0,1.0132175702055843,0.916919341011368,0.7948546760283258,0.8794488544736734,0.9417372925189256,scored,-1.2016484037465598,19.0,XLB,True,4.510468130610175,0.0392180517399371,,no_data,0.0
2026-10-02,CFG,298,1.0,0.935170951030536,0.8752036100573856,0.8160301267832727,0.8596743772247877,1.0156680128475852,scored,-0.7374779571366458,19.0,XLF,True,1.4239259970304052,0.0221347115969284,,no_data,0.0
2026-10-02,CFR,298,1.0,0.9583892655271384,0.8513143969911348,0.8045800157038261,0.7852473196237022,0.8595812264893664,scored,0.1084044138721399,19.0,XLF,True,2.9879837229584925,0.0192723408343556,,no_data,0.0
2026-10-02,CG,298,1.0,1.0098880247116562,1.0064288253916718,0.9356193412433884,0.9251281180857596,1.0535136948323265,scored,-1.294258527067723,19.0,XLF,True,1.3992257855789425,0.0351387691004254,,no_data,0.0
2026-10-02,CGAU,298,1.0,0.9685361671815066,0.9664492263763076,0.9154411520047796,0.7847510833009766,0.8960265868461712,scored,0.9087053895623204,19.0,XLB,True,0.822721755532722,0.0383911225166925,,no_data,0.0
2026-10-02,CGEM,298,1.0,1.0314140679898014,1.0480783498170494,1.0897649701134728,0.969234251015011,0.75187601487397,scored,-1.031027552693475,19.0,XLV,True,1.1875367415832454,0.0765658763109765,,no_data,0.0
2026-10-02,CGNX,298,1.0,0.9757768533307496,0.8843535875436526,0.8635097180616965,0.8051010700719722,0.6996595387511044,scored,0.8957678755011909,19.0,SPY,False,2.182873305719777,0.0335981730909616,,no_data,0.0
2026-10-02,CGON,298,1.0,0.939438705352566,0.9277364551827988,0.874690783086879,0.9053959460096698,0.9107534506706336,scored,0.2250603640340487,19.0,XLV,True,3.363042614164616,0.0499115852502911,,no_data,0.0
2026-10-02,CHD,298,1.0,0.9506925546612098,0.865554875335546,0.8312695950609588,0.7407568256473883,0.8577814549453663,scored,0.256138215305878,19.0,XLP,True,1.6045471569443344,0.0170135421158343,,no_data,0.0
2026-10-02,CHDN,298,1.0,0.9665991438346244,0.9041619771963588,0.9044247738730764,0.8707209396394743,0.8570837054924247,scored,-1.7188978066441063,19.0,XLY,True,2.734264007521172,0.035953504372402,,no_data,0.0
2026-10-02,CHE,298,1.0,0.9285715452493492,0.8593192152056629,0.7787084019026006,0.7720918167326283,0.8315177868135544,scored,0.1203093003268789,19.0,XLV,True,12.72928922549142,0.0250823433014609,,no_data,0.0
2026-10-02,CHEF,298,1.0,0.985311703829497,1.0048631047192975,1.0444643472689144,1.027804344563655,0.9464779987028624,scored,0.3020115686293164,19.0,XLY,True,3.820554282781581,0.0328169926368457,,no_data,0.0
2026-10-02,CHH,298,1.0,0.9149967772886856,0.9200698936005144,0.9291872473988636,0.8914131130916354,0.7657781797026945,scored,0.987473842217431,19.0,XLY,True,3.0167950258461285,0.0294321465936207,,no_data,0.0
2026-10-02,CHKP,298,1.0,0.9147315522679506,0.84824697308434,0.7413654562471427,0.6608329373687306,0.4993900248648428,scored,-0.1723221883498066,19.0,XLK,True,4.714735099132311,0.0361698128050043,,no_data,0.0
2026-10-02,CHPT,295,1.0,1.065812050176219,1.028303182010157,0.943326899632875,0.8145814441355899,0.7294395127347946,scored,1.2085451740174853,19.0,SPY,False,0.8101198565151109,0.087203429118957,,no_data,0.0
2026-10-02,CHRD,298,1.0,0.912892223980702,0.9160294457976104,0.8816172429637084,0.9454629120468728,0.9948184034778488,scored,0.1540572266877663,19.0,XLE,True,4.364506678707367,0.0318553877724791,,no_data,0.0
2026-10-02,CHRW,298,1.0,0.9810349129524972,0.9696140267443794,0.9804951745989476,0.9697019271546352,0.896116734226067,scored,0.3698100656930492,19.0,SPY,False,4.310893878513977,0.0273325759479709,,no_data,0.0
2026-10-02,CHTR,298,1.0,1.0061525554895014,0.9937035672619724,1.0611232296536472,1.0923115934491288,1.14255799112749,scored,-2.7179759948709057,19.0,XLC,True,5.898655731872509,0.0539725110428448,,no_data,0.0
2026-10-02,CHWY,298,1.0,0.95041267127443,0.9724912300285002,0.898077552226145,0.8271668198329349,0.7508114876595583,scored,-1.7213025790607688,19.0,XLY,True,0.9104219053916291,0.0501057735493466,,no_data,0.0
2026-10-02,CHYM,298,1.0,0.9702745728632262,0.9815844534487512,1.051609914087683,1.2281219886363683,1.3548237627977304,scored,-1.041220002275663,19.0,XLF,True,1.2692002697224891,0.0465761566870638,,no_data,0.0
2026-10-02,CI,298,1.0,1.05191002966306,0.9702015956465028,0.8171041269753087,0.6047383924000899,0.4278114627230434,scored,0.3332030947699321,19.0,XLV,True,7.337411306854634,0.0271223572500448,,insufficient_history,1.0
2026-10-02,CIB,298,1.0,1.039709052677799,1.041892729455384,1.0918225062512104,1.2272680958897093,1.4032500412466788,scored,0.452655232269593,19.0,XLF,True,2.880217490745381,0.0313373679767749,,no_data,0.0
2026-10-02,CIEN,298,1.0,0.9981816642322048,0.9583064018322892,0.8886106711856856,0.8231222597164839,0.8976414722375943,scored,-0.6901828535678948,19.0,SPY,False,22.022723753423563,0.0562751667435569,,no_data,0.0
2026-10-02,CIFR,298,1.0,1.0511315277054143,1.0217880531045327,0.944296651722622,0.824717326157802,0.8145727285551246,scored,-0.3842803503260195,19.0,XLK,True,1.400310512010531,0.0891349784857117,,no_data,0.0
2026-10-02,CIGI,298,1.0,1.0548792006374663,1.088960117822869,1.0327503363075314,1.0421880531017147,0.9234436779471732,scored,0.0556087614266588,19.0,XLRE,True,2.954647826870925,0.0329098666392395,,no_data,0.0
2026-10-02,CINF,298,1.0,1.085069141373995,1.0598992654083097,1.039113254694828,0.9232528571791356,0.6857215784091483,scored,-0.1288691725961439,19.0,XLF,True,2.7070450354708004,0.0167153135873467,,no_data,0.0
2026-10-02,CL,298,1.0,0.911824759914116,0.797257642076671,0.8061817044015614,0.82817677364638,1.0841215573020655,scored,-0.0537898663971593,19.0,XLP,True,1.4654740711603709,0.0173922866266362,,no_data,0.0
2026-10-02,CLBK,298,1.0,0.9626515518792138,0.9400940464820404,0.8874717670758298,0.8373863446286038,0.7905203478133722,scored,-0.4308269968924852,19.0,XLF,True,0.2844059823982058,0.0249260282557586,,no_data,0.0
2026-10-02,CLBT,298,1.0,1.0637088946267823,1.1279733684409283,1.0769101911265315,0.8517880646872572,0.7024972784590998,scored,-1.055486779747996,19.0,XLK,True,0.4744008546148439,0.0428546390799317,,no_data,0.0
2026-10-02,CLDX,298,1.0,1.0037432432279183,0.9692181372454948,0.9266091346515328,0.8070207071966203,0.6776972424595943,scored,-0.803637446222912,19.0,XLV,True,1.8118223375388256,0.0572455714862188,,no_data,0.0
2026-10-02,CLF,298,1.0,0.9700712990815982,0.9836839944146984,1.0514301065191125,1.0749337557385588,1.1172774886732322,scored,-0.1807201812368943,19.0,XLB,True,0.6054270777070707,0.0534829573946175,,insufficient_history,2.0
2026-10-02,CLH,298,1.0,0.9055608995015032,0.8811075235964949,0.8387543684557105,0.8181337666066513,0.8004585987951062,scored,0.5041543822595946,19.0,SPY,False,5.934665438495793,0.0186325874807566,,no_data,0.0
2026-10-02,CLMT,298,1.0,1.0313380712250686,1.0996965365949531,1.076067636504975,1.0578420707576055,0.7169165656249572,scored,0.8442712709365797,19.0,XLE,True,2.4747369985348984,0.0447673118403563,,no_data,0.0
2026-10-02,CLS,298,1.0,0.9510223289407972,0.8962010606566072,0.7482738095255402,0.6225688920400969,0.5513624502509912,scored,1.7792083902451488,19.0,SPY,False,19.888396368096465,0.0513487461739555,,no_data,0.0
2026-10-02,CLSK,298,1.0,0.9875248892125624,0.9768156243695664,1.08039920472789,1.1536985115089369,1.1282575808231408,scored,0.3779664182877982,19.0,XLK,True,0.9025905821976946,0.0708469844739163,,no_data,0.0
2026-10-02,CLX,298,1.0,1.0482412582622167,1.057262079843806,1.0335675460294529,1.1383140365496316,1.392022333940805,scored,-1.804423451572667,19.0,XLP,True,2.444089420345799,0.0303953416284765,,no_data,0.0
2026-10-02,CLYM,298,1.0,1.1721887330996403,1.2401742411122705,1.3012898510300368,1.306911157030319,1.1457378023188212,scored,-1.2886631436179774,19.0,XLV,True,0.9288420350056088,0.0849032938761982,,no_data,0.0
2026-10-02,CM,298,1.0,0.9946481080402554,0.95101794088277,0.8794460929174023,0.8474508195555182,0.7751147597911178,scored,0.558776061806926,19.0,XLF,True,2.2086824317377736,0.0198944553390179,,no_data,0.0
2026-10-02,CMBT,298,1.0,1.083678667646501,1.01475662285857,0.9736656591639504,0.9226648491621676,0.8023809694647023,scored,0.8299843325192818,19.0,XLE,True,0.5144880851525003,0.0259187952217884,,no_data,0.0
2026-10-02,CMC,298,1.0,1.006523129288234,0.965530808323824,0.8994984439703665,1.0173062407697813,1.1562394632968316,scored,0.2177446771598703,19.0,XLB,True,1.9620205121402217,0.0308590832359267,,no_data,0.0
2026-10-02,CMCSA,298,1.0,0.9545499020349308,0.8776891847316353,0.8455641575976983,0.8896371202442884,0.9681193104961118,scored,-1.7643101018254297,19.0,XLC,True,0.6429750529040064,0.0298087646223461,,no_data,0.0
2026-10-02,CME,298,1.0,1.1108141556674749,1.157539468566159,1.2610698223844068,1.236329485484576,1.2800791284848974,scored,0.7096872868169413,19.0,XLF,True,5.838564593252306,0.0221880542420472,,no_data,0.0
2026-10-02,CMG,298,1.0,1.0696561080485565,1.1361054997888669,1.1563917153041712,1.1607533720351235,1.0775455452102023,scored,-1.0244295287971097,19.0,XLY,True,1.1224048424821254,0.03468494568857,,insufficient_history,2.0
2026-10-02,CMI,298,1.0,0.9165300172147453,0.7883451015633988,0.7414953331840225,0.7454895886449936,0.8941723021923681,scored,-1.122232607355003,19.0,XLI,True,14.349087804688482,0.0271598421500009,,no_data,0.0
2026-10-02,CMPS,298,1.0,0.9993880001182924,0.9473051957564304,0.870926947003241,0.8379389152353184,0.8266184386064686,scored,0.6855742611180624,19.0,XLV,True,0.746152892188613,0.0627019237133288,,no_data,0.0
2026-10-02,CMS,298,1.0,0.9315748368256744,0.926057983740458,0.9298314519907076,0.9001905914203644,0.9678419027918927,scored,-0.3495783395134239,19.0,XLU,True,1.0351838083964866,0.0162407249513098,,no_data,0.0
2026-10-02,CNA,298,1.0,0.9795213715510346,1.0148886294173372,1.0773564235347362,1.1737806468358445,1.281123429892838,scored,0.3580068079428673,19.0,XLF,True,0.9831446388151618,0.0212158963922132,,no_data,0.0
2026-10-02,CNC,298,1.0,1.027994819106908,1.0610129330084108,1.0585838404939811,1.1606721662699948,1.3044436480875563,scored,-0.0564516604943378,19.0,XLV,True,2.2088524934255984,0.0350667168348245,,no_data,0.0
2026-10-02,CNH,298,1.0,1.0383710958834087,1.0332937417739283,0.9130143846604468,0.9314092246117772,0.9278452145141464,scored,-0.5591145183536618,19.0,XLI,True,0.5047142817970709,0.0374695086709035,,no_data,0.0
2026-10-02,CNI,298,1.0,0.8828336388067828,0.8446801632295151,0.8291846224948836,0.8453930945462853,0.7575759329644639,scored,-0.7009622912374812,19.0,SPY,False,2.1290208468151097,0.0177759108859907,,no_data,0.0
2026-10-02,CNK,298,1.0,0.9738309549886056,1.008506773639676,1.0925800610089962,1.170455089700598,1.191042967000005,scored,0.1233078297399809,19.0,XLC,True,1.2222216454870285,0.0339035130509577,,no_data,0.0
2026-10-02,CNM,298,1.0,1.034555289156132,1.015694523007284,0.9740791552717918,0.931588161502154,0.724759892106311,scored,-0.7441839635599264,19.0,SPY,False,1.182760021116836,0.0286036280802136,,no_data,0.0
2026-10-02,CNO,298,1.0,0.7993920061837402,0.7477744605046396,0.6950500291792049,0.677518934292813,0.6205497110387687,scored,0.7001569599957418,19.0,XLF,True,1.117319997915564,0.0207448941313695,,no_data,0.0
2026-10-02,CNP,298,1.0,0.942680972555289,0.89855736962418,0.8835927201241217,0.8391875286203401,0.8918148716712726,scored,-0.0568853650932769,19.0,XLU,True,0.6531356382951607,0.0172832928895252,,no_data,0.0
2026-10-02,CNQ,298,1.0,1.0451601480484138,1.0523422829761049,1.0210421724855812,1.07301533422477,1.2556097780032147,scored,-1.907823722736058,19.0,XLE,True,1.2005491611894048,0.0247842518825228,,no_data,0.0
2026-10-02,CNR,298,1.0,0.978521422875208,0.9234434846192772,0.9428513578071406,1.0992896085868054,0.9309168879283616,scored,-1.5483175110787644,19.0,XLE,True,3.1234236925412,0.0351104281985296,,no_data,0.0
2026-10-02,CNS,298,1.0,1.0449446391838573,0.9996017232798856,0.9760675103400664,0.9253016977349936,0.9891733286197976,scored,0.1591981483083513,19.0,XLF,True,2.1790735045849723,0.029850321980616,,no_data,0.0
2026-10-02,CNX,298,1.0,1.0117050461937611,0.9876953899465986,0.8996239672888071,0.9567837131928066,1.0802144407885683,scored,-1.5129048082494658,19.0,XLE,True,0.8500663448247265,0.0269862331690389,,no_data,0.0
2026-10-02,CNXC,298,1.0,0.9721042683792692,0.936817896362236,0.7916246302462873,0.697968266577391,0.6516242289639369,scored,-1.143640429017148,19.0,SPY,False,2.305167620356885,0.0925398482680403,,no_data,0.0
2026-10-02,COCO,298,1.0,1.0122313970328949,1.0194977169425865,1.0759406392071915,1.1406465187096988,1.1253236625162577,scored,0.2889246127493212,19.0,XLP,True,2.417068711165153,0.0431850761330204,,no_data,0.0
2026-10-02,COF,298,1.0,0.9497873271490204,0.9167236699053062,0.8179370293985836,0.8755756076771685,0.9507038507284048,scored,-0.6610923969727066,19.0,XLF,True,4.6506224341574605,0.0238836402740214,,no_data,0.0
2026-10-02,COGT,298,1.0,1.0068958301322326,1.0498407156196792,1.0317173194132874,0.962142166027848,1.085863901454858,scored,0.1317670178399658,19.0,XLV,True,1.353601056322157,0.0436363976893022,,no_data,0.0
2026-10-02,COHR,298,1.0,0.9708656863454436,0.918697368247447,0.8690937394241859,0.6617387708795364,0.521298853921872,scored,-0.0827722685879956,19.0,SPY,False,21.48233582520285,0.0637382382660896,,insufficient_history,1.0
2026-10-02,COHU,298,1.0,1.0732573306298347,1.059440303163624,1.0571570619609416,0.8990978874188861,0.7969974876825333,scored,1.7320028420103517,19.0,XLK,True,3.5784162231461725,0.0486991864881079,,no_data,0.0
2026-10-02,COIN,298,1.0,0.9225292518372954,0.8706875269150433,0.8125380125476791,0.7604292288075698,0.6954461609262272,scored,1.0124180046805356,19.0,XLF,True,11.55375663300478,0.0631352821475671,,no_data,0.0
2026-10-02,COKE,298,1.0,1.138111164177413,1.2225863272112871,1.3482253420088994,1.307242693346863,1.2848300819240135,scored,0.1592156541396292,19.0,XLP,True,5.862393909553421,0.0305269418327089,,no_data,0.0
2026-10-02,COLB,298,1.0,0.9757384344066432,0.84562692614405,0.7681504434475712,0.7304264481447228,0.7501032207896658,scored,0.1535478839356262,19.0,XLF,True,0.636731128909257,0.0220169823274293,,no_data,0.0
2026-10-02,COLD,298,1.0,1.0187670301685432,0.991120895676767,0.9223091719205784,0.8847625765773548,0.9099717274338658,scored,-0.6931003012676036,19.0,XLRE,True,0.487909860113198,0.0349255447468287,,no_data,0.0
2026-10-02,COLL,298,1.0,1.0663505754635505,1.1490987720884511,1.2965503675668073,1.3255877049543574,1.5365393835927963,scored,-1.8530179023153552,19.0,XLV,True,0.9894322883760692,0.0449333464294309,,no_data,0.0
2026-10-02,COLM,298,1.0,0.8460062643361694,0.8221474280510841,0.738383394098037,0.6450212852245394,0.55700603942981,scored,0.0790781510865189,19.0,SPY,False,1.5158880312624197,0.0264691466956944,,no_data,0.0
2026-10-02,CON,298,1.0,1.034511740786291,1.0350561276429513,1.1538676812896056,1.1685135512685263,1.168424753392919,scored,1.2314749537831144,19.0,XLV,True,0.9678669655256936,0.0271491434930068,,no_data,0.0
2026-10-02,COO,298,1.0,1.0172876013034464,1.0900316919082371,1.1725984667350176,1.2062385223426626,1.381610541116161,scored,-0.1547913949847292,19.0,XLV,True,1.859965978557296,0.0326825861633684,,no_data,0.0
2026-10-02,COP,298,1.0,0.975408128024075,0.9273640945006236,0.9176395167961152,0.9085771855746247,0.8582826711930897,scored,-0.4669638606638159,19.0,XLE,True,3.1620981043785408,0.0249475195611719,,no_data,0.0
2026-10-02,COR,298,1.0,0.9749964857542872,0.8683916737447127,0.809178522208981,0.7932397067936086,0.9326950528355156,scored,-1.936903304860144,19.0,XLV,True,8.19351821139698,0.0265119502067528,,no_data,0.0
2026-10-02,CORT,298,1.0,1.013563513626522,1.0767216738530874,1.091916035644762,1.1299562247821402,1.2659970188929517,scored,0.5855549750171435,19.0,XLV,True,5.103822124401265,0.0439114008810226,,no_data,0.0
2026-10-02,CORZ,298,1.0,1.0069497432006658,1.0565332630772055,1.0219511270276735,0.8574066285729591,0.8235973191128523,scored,-1.1402893742965463,19.0,XLK,True,1.04051461705837,0.0632531682102352,,no_data,0.0
2026-10-02,COST,298,1.0,1.0328135151088411,0.9910560468560696,0.986960966472872,0.8887212930513544,0.7360572421722444,scored,0.8443865668082375,19.0,XLY,True,15.65545100672137,0.017004780325554,,no_data,0.0
2026-10-02,CP,298,1.0,0.8792080868394971,0.8432239103642408,0.8231666225759279,0.9200527554620014,1.0200428731931346,scored,-0.5728541607165577,19.0,SPY,False,1.6765262806584864,0.0195081019392423,,no_data,0.0
2026-10-02,CPA,298,1.0,0.9188362457894304,0.8536847527406506,0.7458490506915063,0.8036829929752356,0.8491522861867935,scored,1.1433005269147052,19.0,XLI,True,3.833506941440013,0.0289364956328503,,no_data,0.0
2026-10-02,CPAY,298,1.0,1.0351288345314418,1.0254924128326632,0.8956937785418551,0.7328503180967579,0.6812449461573917,scored,0.3948187696903681,19.0,XLF,True,8.233288506205643,0.020864897380146,,no_data,0.0
2026-10-02,CPB,298,1.0,0.944636058019227,0.9180675908317474,0.9114135434563568,0.8588934111487637,0.9391919218043472,scored,-1.024556774323519,19.0,XLP,True,0.6908889368618666,0.0352135034078423,,no_data,0.0
2026-10-02,CPK,298,1.0,0.877262992017524,0.8387474721047139,0.8591713532819066,0.852120496317699,0.8820443543791083,scored,1.6395145620045593,19.0,XLU,True,2.9954185156133004,0.0235156108934942,,no_data,0.0
2026-10-02,CPNG,298,1.0,0.9470794890816014,0.9446062658598682,0.945178343339425,0.938802866646036,0.9267373036957628,scored,-1.3890861170853894,19.0,XLY,True,0.4527927963471703,0.0328586934939891,,no_data,0.0
2026-10-02,CPRI,298,1.0,0.8923854898161575,0.8797231755338684,0.7942216335957605,0.858904089964087,0.8321993382387995,scored,0.5183426969938704,19.0,SPY,False,0.7188830507058604,0.0497841447857244,,no_data,0.0
2026-10-02,CPRT,298,1.0,1.017497256285803,0.991014106557241,0.8913186639899713,0.9103984189051236,0.8828805659394444,scored,-1.2030243539624974,19.0,SPY,False,0.8507021976390192,0.0312528360631528,,no_data,0.0
2026-10-02,CPT,298,1.0,0.9652768073317082,0.9425290997548648,0.8555828095126049,0.8078797474556375,0.8628385025846483,scored,-0.3466287102985312,19.0,XLRE,True,1.741190883090956,0.0181449654344618,,no_data,0.0
2026-10-02,CR,298,1.0,0.9525099575921302,0.9404296609240114,0.9221918625621812,0.9883706480046708,0.9085475021641578,scored,1.4899704678949737,19.0,XLI,True,5.061347222064494,0.024310025081962,,no_data,0.0
2026-10-02,CRAI,298,1.0,1.0885094982692245,1.0975920262138927,1.1291852685041943,1.0886621094925923,1.0367028842551391,scored,-1.180262605874942,19.0,SPY,False,6.181515608992726,0.0362807583577457,,no_data,0.0
2026-10-02,CRBG,298,1.0,0.9122423804310048,0.8737335462619084,0.762516070553982,0.8113249426446579,0.909521817660968,scored,1.2383145997630232,19.0,XLF,True,0.8788079985483843,0.0258245077445896,,no_data,0.0
2026-10-02,CRC,298,1.0,0.8718436257908062,0.877185038911843,0.8738366331930996,0.8773213456967125,0.9935868609810444,scored,0.1012188720185681,19.0,XLE,True,1.585324551326046,0.030236974085944,,no_data,0.0
2026-10-02,CRCL,298,1.0,0.9314392756312329,0.8944881191584246,0.9473482693166112,1.1296364009848694,1.3032899436976668,scored,0.651147071920895,19.0,XLK,True,6.1292992105199176,0.0754375287448605,,no_data,0.0
2026-10-02,CRDO,298,1.0,1.0314987554463986,1.055187243373792,1.0865895071899327,1.0834140641687382,0.9071755692984868,scored,1.020016518724071,19.0,XLK,True,14.25812913804494,0.0652128116449183,,no_data,0.0
2026-10-02,CRGY,298,1.0,0.9688687127678008,0.9500826490081123,0.8679820542148181,0.906945382226877,0.9736083368600182,scored,0.1932002721777561,19.0,XLE,True,0.4769375095140478,0.0356189327493687,,no_data,0.0
2026-10-02,CRH,298,1.0,0.9757750921573776,0.9437384194014056,0.9055806939456018,0.9502374474519804,0.980241251212464,scored,-1.109242535545794,19.0,XLI,True,2.420595925479876,0.0295410779287268,,insufficient_history,1.0
2026-10-02,CRI,298,1.0,0.9555606614984816,0.874241888575774,0.8589150217850824,0.7572787420262406,0.6779440287994136,scored,-0.2253340717224404,19.0,SPY,False,1.1709104186130763,0.0370658568728419,,no_data,0.0
2026-10-02,CRK,298,1.0,1.0683243983202697,1.100304384805333,1.0760143405792182,1.169150662466382,1.0403573030108069,scored,-1.3754012852286817,19.0,XLE,True,0.644225344429757,0.0504088688912173,,no_data,0.0
2026-10-02,CRL,298,1.0,1.0640298140964086,1.1396231487312685,1.248888398515772,1.2937605547555873,1.20649316257741,scored,0.4337152674105448,19.0,XLV,True,9.515847048891033,0.0327917814152487,,no_data,0.0
2026-10-02,CRM,298,1.0,1.0540380450402187,1.0579009832573305,1.0275473908425603,1.0304237109441112,1.0924168674755987,scored,-0.3112438104190398,19.0,XLK,True,8.80679251871628,0.0375252141919821,,no_data,0.0
2026-10-02,CROX,298,1.0,0.9403459901975292,0.9284903688212864,0.8717319734256116,0.7892766300458899,0.6691757916244075,scored,-0.995894960512817,19.0,SPY,False,4.304932083424635,0.0364546708732715,,no_data,0.0
2026-10-02,CRS,298,1.0,1.0021289083760194,0.9796635053729558,0.8917754042210827,0.8892512938067093,1.0673539302364885,scored,-1.847365019623337,19.0,XLI,True,15.072399606396829,0.0387993914752666,,no_data,0.0
2026-10-02,CRSP,298,1.0,0.9096912536017596,0.8535816028373563,0.8274691619013121,0.8615271578013644,0.7346693624862716,scored,-0.0477644562899577,19.0,XLV,True,2.760625358867712,0.0498038130771732,,no_data,0.0
2026-10-02,CRUS,298,1.0,0.9219970050115898,0.8560931356966622,0.8316784038599138,0.8584142027858409,1.022510691143186,scored,0.3817499509520333,19.0,XLK,True,3.385933766049652,0.0279436639931472,,no_data,0.0
2026-10-02,CRWD,298,1.0,1.0518034995702608,1.0629288839641853,1.080328938504525,0.96915059855314,0.9692374321325422,scored,1.0424318711528453,19.0,XLK,True,11.442983143899273,0.0423751412527746,,no_data,0.0
2026-10-02,CRWV,298,1.0,1.1048548314752125,1.161587905279455,1.1169781312183729,0.9466882835608132,0.8497415130702576,scored,0.9909223343606768,19.0,XLK,True,5.162951689850446,0.0576093694471149,,no_data,0.0
2026-10-02,CSCO,298,1.0,0.987779737812044,1.019254006367002,0.942337143105552,0.8638527709618021,1.0406362162765703,scored,-0.4869571293688606,19.0,SPY,False,2.6189691261098136,0.023341970820943,,no_data,0.0
2026-10-02,CSGP,298,1.0,0.9558691621076988,0.9444349745488716,0.8975780146122677,0.7339328675714816,0.6468869782452527,scored,-0.7063490914930387,19.0,XLRE,True,1.1099318662112774,0.040538052089528,,no_data,0.0
2026-10-02,CSIQ,298,1.0,0.9343277528173708,0.8839645561891898,0.8810823957579462,0.8601516936872028,0.9072210004344988,scored,-1.0015462578987235,19.0,XLK,True,0.727564125664876,0.0650482007746871,,insufficient_history,1.0
2026-10-02,CSL,298,1.0,1.0023522179231446,0.9416740506836246,0.9075820004100548,0.9104279908650016,0.8438215637576776,scored,-0.6040280035466383,19.0,SPY,False,10.619003927035983,0.0322432863516001,,no_data,0.0
2026-10-02,CSQR,56,1.0,1.078588622204648,1.1474473368566769,1.1989646975516608,0.7047328277074343,0.90333927584162,scored,-0.3911334793606426,19.0,SPY,False,0.9973966508887656,0.0572887220499003,,no_data,0.0
2026-10-02,CSR,298,1.0,0.9331176136715712,0.906734734738531,0.8924033870040113,0.9584483876721184,0.9343400128621416,scored,0.929812071600014,19.0,XLRE,True,1.2201066530375442,0.0223872780373861,,no_data,0.0
2026-10-02,CSTM,298,1.0,0.9434342470096724,0.8252995919520857,0.6818036998122703,0.7225880209260126,0.7859012480920718,scored,-0.6087137456264949,19.0,XLB,True,0.8880771196594277,0.0363966032647306,,insufficient_history,1.0
2026-10-02,CSW,298,1.0,0.9726689265552572,0.9793002839256332,0.9536505217905896,0.9038008226453806,0.8043602908776752,scored,0.5962140840928137,19.0,SPY,False,9.713911280823211,0.0320919464826165,,no_data,0.0
2026-10-02,CSX,298,1.0,1.007106017122735,0.9533863202330788,0.9101055538407088,1.067632902711531,1.1808800482207238,scored,-0.647415931867158,19.0,SPY,False,0.8923331319818996,0.0188136861054585,,no_data,0.0
2026-10-02,CTAS,298,1.0,1.024155708722671,1.0263669125471064,1.0321431699594832,1.1520582737546348,1.238406823270254,scored,-0.5313453283521438,19.0,SPY,False,3.951692062873204,0.0204729668576997,,no_data,0.0
2026-10-02,CTRE,298,1.0,0.920099873383292,0.921507987379263,0.9226275053811684,0.9382453253539595,0.7832645265419286,scored,-0.8957079919208354,19.0,XLRE,True,0.7327584576563079,0.0201861834065098,,insufficient_history,1.0
2026-10-02,CTRI,298,1.0,0.9598269105998204,0.90900135435498,0.8380157451107381,0.8534157650729026,0.7829102107934264,scored,-0.3668627849801515,19.0,XLI,True,0.7777670166409325,0.0371959357551856,,no_data,0.0
2026-10-02,CTSH,298,1.0,1.0547498412693022,1.1632530708591142,1.2507044400561915,1.4732144512074443,1.7948087931928316,scored,0.2834323440239064,19.0,XLK,True,2.4346918769296786,0.0416115514771779,,no_data,0.0
2026-10-02,CTVA,298,1.0,1.0339452242248095,0.7027103656596022,0.4486306717276985,0.2730245847612211,0.2213669184154226,scored,-1.68896801888316,19.0,XLB,True,6.3917884783849255,0.5362238656363193,,insufficient_history,1.0
2026-10-02,CUBE,298,1.0,0.94367425956407,0.9390149665631996,0.9557519917926396,0.9477035156089616,0.8161218784047909,scored,-0.8204977727971404,19.0,XLRE,True,0.753038555854632,0.0200703239833324,,no_data,0.0
2026-10-02,CUBI,298,1.0,0.9000597530356297,0.782605239290687,0.7020456298563477,0.6012577647550404,0.6572848200996705,scored,0.1070525267681715,19.0,XLF,True,1.8147531081826056,0.0240460197188632,,no_data,0.0
2026-10-02,CURB,298,1.0,0.9799534866201514,0.9081983008143446,0.8498464337950032,0.8692332017533494,0.8363713856302882,scored,-0.4650013695229612,19.0,XLRE,True,0.59275436673573,0.0209676111332058,,no_data,0.0
2026-10-02,CUZ,298,1.0,0.9991300628690029,0.9981769913061512,0.934364801055272,0.8215076367293906,1.10243648177138,scored,0.7284347810815653,19.0,XLRE,True,0.6348030605791384,0.0226634437907582,,no_data,0.0
2026-10-02,CVBF,298,1.0,0.9498885124287028,0.8510669324415608,0.7245285576467656,0.6083567525721841,0.6278850664434101,scored,0.817631898364662,19.0,XLF,True,0.4301662211803397,0.0193072810224568,,no_data,0.0
2026-10-02,CVCO,298,1.0,1.1234636161249048,1.1296540167298663,1.1942513077920702,1.12691352425895,0.8548058839115306,scored,1.1247188463301985,19.0,XLP,True,18.10894639649275,0.0309485864619704,,no_data,0.0
2026-10-02,CVE,298,1.0,1.0425297750703322,1.0503504727655928,0.9982717447144324,0.9439655508849596,0.9724637783719376,scored,-0.256236216090118,19.0,XLE,True,0.9544153693498332,0.0294572644861059,,no_data,0.0
2026-10-02,CVI,298,1.0,1.005001845326642,0.9761835581390936,0.9884915419458448,1.1557014673095192,1.4765415994636015,scored,2.1252491523105426,19.0,XLE,True,2.674872517453049,0.0487848352626855,,no_data,0.0
2026-10-02,CVLT,298,1.0,0.9173171572077348,0.9150129085272408,0.853741194326064,0.9467794104202968,1.0566913360118446,scored,0.3183938276001666,19.0,XLK,True,5.766286589083257,0.0383702860599098,,no_data,0.0
2026-10-02,CVNA,298,1.0,0.913741944565932,0.8212870657223104,0.7199847921089217,0.7460059917395679,0.8495656923545781,scored,-1.211532178682694,19.0,XLY,True,3.296186347134452,0.0516886678239681,,insufficient_history,2.0
2026-10-02,CVS,298,1.0,0.9620926892984768,0.9769314280865584,0.9752149285756706,0.981270744740548,0.9631934295775187,scored,-1.019025048189202,19.0,XLV,True,2.202202062936137,0.0254707617734922,,no_data,0.0
2026-10-02,CVSA,298,1.0,0.9815255255949348,1.0443492928689426,1.0973338721277723,1.1303049129086349,1.121497844347226,scored,-1.0043955807338771,19.0,SPY,False,4.095780093197813,0.0326408996907699,,no_data,0.0
2026-10-02,CVX,298,1.0,0.9983539464686376,0.9633858797411792,0.9545841758774688,1.010285604676265,1.0530910331411587,scored,1.014762348808541,19.0,XLE,True,4.09084967912687,0.0197921993281091,,no_data,0.0
2026-10-02,CW,298,1.0,0.9391156707669194,0.8561966982077617,0.7225941673784383,0.7438410754828613,0.8781850691913374,scored,0.013028791218464,19.0,XLI,True,16.074517331975084,0.0294599320650522,,no_data,0.0
2026-10-02,CWEN,298,1.0,0.9222889258669033,0.9412347074738476,1.0116190467665305,1.046502132915012,0.9855807346573888,scored,0.4802073550526073,19.0,XLU,True,0.7929139034829322,0.0270250137519745,,no_data,0.0
2026-10-02,CWK,298,1.0,0.9955379069285784,1.0080642738483985,0.9229807609153304,0.8697228373932666,0.8306493420756397,scored,0.1699640600241136,19.0,XLRE,True,0.5067344791850134,0.0425112818108232,,insufficient_history,1.0
2026-10-02,CWST,298,1.0,0.939493599075618,0.9664255274817692,0.9814265673550552,0.9015022054988858,0.7637921083095118,scored,-1.1217815829262712,19.0,SPY,False,2.946957074974708,0.0356041690826955,,insufficient_history,1.0
2026-10-02,CWT,298,1.0,0.918479582879956,0.8643131852511222,0.7716651488974585,0.6619791226294596,0.6301669898599119,scored,-0.5450897793811849,19.0,XLU,True,0.9584352594763124,0.0208536827562295,,no_data,0.0
2026-10-02,CXT,298,1.0,1.0168912417065996,1.0617384076331615,1.1628896683328025,1.2044232909636978,1.3675362364011452,scored,0.0802516545220358,19.0,SPY,False,1.7661249728681736,0.0362059240030375,,no_data,0.0
2026-10-02,CXW,298,1.0,0.9806199982130832,0.9166227159918418,0.8722182641933043,0.9115556237283056,0.980019102451365,scored,-0.1090932883000586,19.0,SPY,False,1.6743512467422772,0.0500852900610911,,no_data,0.0
2026-10-02,CYTK,298,1.0,0.9622577340001608,0.8990689392261356,0.9140544923478514,0.7987828198418137,0.6795643198012917,scored,0.9956137546898932,19.0,XLV,True,2.3145840120808363,0.0352832928670859,,no_data,0.0
2026-10-02,CZR,298,1.0,1.0542999252023326,0.9330880129216876,0.7826557126608717,0.8582890228306453,0.9220543422475056,scored,0.0129734663544143,19.0,XLY,True,0.1069021877369309,0.0036054700754445,,no_data,0.0
2026-10-02,D,298,1.0,0.962013837076232,0.912483941767626,0.8753539039131809,0.7630013941860774,0.6681134806624925,scored,-0.9445332115825008,19.0,XLU,True,1.098936152192139,0.0179242562745414,,no_data,0.0
2026-10-02,DAC,296,1.0,1.0020987089538036,1.0195984784675505,0.9863181248367304,0.9470635574281492,0.9261402742950502,scored,0.3095759969312311,19.0,SPY,False,3.9026998271889854,0.0236312432769541,,insufficient_history,1.0
2026-10-02,DAL,298,1.0,0.9285716097465324,0.8898762909965281,0.8752485766450955,0.8942496400146336,0.7908154413495799,scored,1.6389020755778194,19.0,XLI,True,2.3556083174943327,0.0280129422939033,,no_data,0.0
2026-10-02,DAN,298,1.0,1.0211530703078198,1.0200971254190727,1.0138534515932962,1.0429776419338022,1.1908311538843792,scored,-1.4050440290123116,19.0,SPY,False,1.053234369351866,0.0377774164042993,,no_data,0.0
2026-10-02,DAR,298,1.0,1.0451422182567005,1.0282022186880213,1.0218297346066776,0.9458241074181354,0.821094454181634,scored,-0.7243329808642776,19.0,XLP,True,2.4353239614267403,0.0386927861682036,,no_data,0.0
2026-10-02,DASH,298,1.0,0.9989369187558494,0.9899163324491728,0.9680260372341276,1.074978142002038,1.1651773419777185,scored,-1.042182022098142,19.0,XLY,True,8.019367350808745,0.0423968667766785,,insufficient_history,2.0
2026-10-02,DAVE,298,1.0,1.1047317961056216,1.1519567616918158,1.120355236373537,1.1022565573360743,0.98236225474055,scored,-0.8019761659558701,19.0,XLF,True,19.302472502014734,0.0556957396832234,,no_data,0.0
2026-10-02,DB,298,1.0,1.0149284507387106,0.9871253023444426,1.006976632688887,1.0285108677891324,0.9053891998285106,scored,-1.09843550260453,19.0,XLF,True,0.8118750692607487,0.0232163302619602,,no_data,0.0
2026-10-02,DBRG,295,1.0,1.0863344038474034,1.1252044172769375,1.154703573235603,1.0817204850923483,0.9767039016095808,scored,1.3545338944285623,19.0,XLF,True,0.0340109484804501,0.0021256842800281,,no_data,0.0
2026-10-02,DBX,298,1.0,0.9585319106772292,0.9265015128672032,0.8730914465828675,0.7340501150887199,0.7468574183207168,scored,0.086484256955447,19.0,XLK,True,1.2730612035741586,0.0375534278340459,,no_data,0.0
2026-10-02,DCI,298,1.0,0.9727954502922612,0.8787390404787888,0.8571380346501619,1.0458358467126128,1.3261657805078606,scored,-0.1136740724355823,19.0,XLI,True,1.7621687378089717,0.0198778199414435,,no_data,0.0
2026-10-02,DCO,298,1.0,0.9684789432337017,0.8894622257993297,0.8452265923074793,0.7525287260384071,0.7358745113092506,scored,1.4164437834675312,19.0,XLI,True,6.208803174480472,0.0353999838900762,,no_data,0.0
2026-10-02,DD,298,1.0,0.9167113321677914,0.8585915521284883,0.8122665259051968,0.7520350393039744,0.7555276171260138,scored,1.396613467476407,19.0,XLB,True,2.551379625473185,0.0196290169677887,,no_data,0.0
2026-10-02,DDOG,298,1.0,1.077487397564549,1.0452423771071782,1.0538041273926877,0.9987802675600352,1.1239259662312544,scored,1.7000410329241895,19.0,XLK,True,11.848423670278605,0.0427401474290404,,no_data,0.0
2026-10-02,DE,298,1.0,0.9223626350635372,0.9002267758780567,0.7977052530320338,0.7513645999472208,0.7326926390965479,scored,0.1138002785984281,19.0,XLI,True,17.703017365297676,0.0257685842289631,,no_data,0.0
2026-10-02,DECK,298,1.0,0.9735309858438614,0.9615484339806548,0.9815540177031634,1.0868581530110546,1.1628002288659196,scored,-1.0021226816429722,19.0,SPY,False,2.1952775995911598,0.0277461779523655,,no_data,0.0
2026-10-02,DELL,298,1.0,1.020153533858223,0.9856849198510916,0.9724719664998972,0.9017907378771044,0.9698867357635228,scored,-0.2211029068793694,19.0,XLK,True,28.95781543043529,0.0514787304103592,,no_data,0.0
2026-10-02,DEO,298,1.0,1.054467635918271,1.0048370160301436,0.9106699052204308,0.9322468206493122,1.0711455246226893,scored,0.1109962976667072,19.0,XLP,True,1.5861329536261697,0.0187154330811347,,no_data,0.0
2026-10-02,DFTX,298,1.0,0.9358175716163504,0.9207186885539808,0.9288678470602834,0.9380936567840036,0.9597971353273648,scored,-0.6004490917278205,19.0,XLV,True,2.0124078948265947,0.0538076977226362,,no_data,0.0
2026-10-02,DG,298,1.0,1.053456931073414,1.007246971006886,0.9774674509218586,1.0643291436049376,1.2978290080158263,scored,0.0184932641577121,19.0,XLY,True,3.675599152183396,0.0309029691624633,,no_data,0.0
2026-10-02,DGII,298,1.0,0.9587917294604608,0.904418156317578,0.903133558084793,0.882477297187718,0.7053664431481226,scored,0.1835918297092175,19.0,SPY,False,2.8390884306945083,0.0375491129572081,,no_data,0.0
2026-10-02,DGX,298,1.0,1.0824195735148372,1.1193009555184752,1.0960786340274669,0.9277209135216832,0.7733999328582399,scored,-0.1182089205333888,19.0,XLV,True,5.456140114855758,0.023383791689263,,no_data,0.0
2026-10-02,DHI,298,1.0,0.956662609972974,0.976316735731008,0.9956553947778054,0.9691113907416116,0.8256753939930058,scored,0.7045591755328816,19.0,XLP,True,3.940750948987367,0.0291907477702767,,no_data,0.0
2026-10-02,DHR,298,1.0,1.0858439861675857,1.0455533144986298,0.9626022500326832,0.836822850578564,0.8130931176915037,scored,1.388643274226835,19.0,XLV,True,5.963996918302991,0.0278613328893907,,no_data,0.0
2026-10-02,DHT,298,1.0,1.037487453395597,1.0219922977127025,1.0182186721740558,1.0653207385671717,0.9468828295380728,scored,2.02356260266737,19.0,XLE,True,0.8163840921170293,0.0344756795657529,,no_data,0.0
2026-10-02,DINO,298,1.0,1.0095813395655406,1.021897444447878,1.1281197723399607,1.1687013177066403,0.9926015609765072,scored,1.4265545194052212,19.0,XLE,True,4.697163355526812,0.0414358094171384,,no_data,0.0
2026-10-02,DIOD,298,1.0,0.9120946381015212,0.8159718746298876,0.8344223074156608,0.8336722610591144,0.7717630990651156,scored,-0.2311041640124501,19.0,XLK,True,4.448649826093061,0.0428413889261658,,insufficient_history,1.0
2026-10-02,DIS,298,1.0,0.9099801784675338,0.7762791305596535,0.6767553840827544,0.6190939280030224,0.6139329924532003,scored,-0.7893616319539726,19.0,XLC,True,2.1131011656664085,0.0206781599536785,,no_data,0.0
2026-10-02,DK,298,1.0,0.9659051120001386,0.9595437806905278,0.9985551155068572,0.984132180768534,1.0108129770197871,scored,0.4217946352087337,19.0,XLE,True,4.172670253045784,0.0562430280771773,,no_data,0.0
2026-10-02,DKNG,298,1.0,1.0053342523532744,0.973394854855856,0.9892720024159188,0.973079099699454,0.94202341648862,scored,-0.5831668710153144,19.0,XLY,True,1.1568052119301733,0.0622272841274972,,insufficient_history,1.0
2026-10-02,DKS,298,1.0,0.9176422766998392,0.8223307436056827,0.8034601846345751,0.7980187389287661,0.8302415132410603,scored,0.1309842449450947,19.0,XLY,True,5.620287241056979,0.0413013465686138,,no_data,0.0
2026-10-02,DLB,298,1.0,0.9354938824248056,0.9050282893145438,0.9253801614526848,0.9918829249174268,1.1023839739126562,scored,-0.6519086762032605,19.0,XLK,True,1.5770880664720612,0.0267802354639507,,no_data,0.0
2026-10-02,DLO,298,1.0,1.036692681379532,1.061674566330998,0.9612031739488436,0.915786625159692,0.6678186286457359,scored,-0.3283356238365954,19.0,XLF,True,0.4079165030869314,0.0296774465687109,,no_data,0.0
2026-10-02,DLR,298,1.0,0.9647475608862812,0.9581847173156326,0.9238532699541424,0.7689877371642357,0.7606026444169036,scored,-0.0305620689352851,19.0,XLRE,True,4.524675669135108,0.0253412246941198,,no_data,0.0
2026-10-02,DLTR,298,1.0,1.01971354116456,1.0034997212523635,1.0505536230173698,1.1777458750620624,1.1971544371818983,scored,-0.9909533127467236,19.0,XLY,True,3.86960100891435,0.0345007222620751,,no_data,0.0
2026-10-02,DNA,294,1.0,0.9605940355235192,0.956482347816944,0.9395079649785706,0.9251462557750598,0.7303645550213522,scored,1.5596772947365425,19.0,SPY,False,0.9202790157137524,0.0745165194909921,,no_data,0.0
2026-10-02,DNLI,298,1.0,0.954982198273052,0.938333548289468,0.8395597753027916,0.762649268728376,0.6960258436866931,scored,-0.8851850603216719,19.0,XLV,True,0.8385044436869816,0.041925222184349,,no_data,0.0
2026-10-02,DNOW,298,1.0,1.0574187143232072,1.110097411477261,1.2015864117675363,1.2185373192793698,1.05305775959807,scored,0.06365719712274,19.0,SPY,False,0.4609570276988127,0.0292485423666759,,no_data,0.0
2026-10-02,DNTH,298,1.0,1.1024781743589025,1.1248729143470977,1.1538441110499915,1.2553571133553083,1.2809804338380026,scored,-0.6892189614312364,19.0,XLV,True,4.686847351131064,0.05313283472544,,no_data,0.0
2026-10-02,DOC,298,1.0,1.0535256912608095,1.0609470531164746,1.101322963931895,1.019003473477096,0.8942352714580952,scored,0.7796697937327853,19.0,XLRE,True,0.3910846015188373,0.0200659108013769,,no_data,0.0
2026-10-02,DOCN,298,1.0,1.079541653519538,1.05993887123756,0.9994037639928997,0.8139621293490884,0.7843617907710617,scored,0.826169429233442,19.0,XLK,True,9.093073076764366,0.0649180629454156,,no_data,0.0
2026-10-02,DOCS,298,1.0,0.9473653478310464,0.9352329361776986,0.9777219999967588,1.0227672325906092,1.031512389894555,scored,0.9697726767103882,19.0,XLV,True,1.2021261441827025,0.0430406782736377,,no_data,0.0
2026-10-02,DOCU,298,1.0,0.9999334843569132,1.0218064129746312,0.9434075646396508,0.9023151748950377,1.0728823083146046,scored,0.0701509378828638,19.0,XLK,True,2.6482328647133166,0.0383746249052791,,no_data,0.0
2026-10-02,DOO,298,1.0,0.9273816668582416,0.8351198488312743,0.7290617413032475,0.7394278132838296,0.6121048726293019,scored,-1.0544472755725804,19.0,SPY,False,2.0519343145101825,0.0366384129008156,,no_data,0.0
2026-10-02,DORM,298,1.0,0.9962792326175366,0.9815626914910042,0.9180075750599296,0.9033865339855748,0.90818909909719,scored,-0.729353511678812,19.0,SPY,False,3.607898858879344,0.0293182094821984,,insufficient_history,1.0
2026-10-02,DOV,298,1.0,0.8506696522802645,0.7686991301932362,0.7914388564099972,0.836950031710167,0.9097956166808068,scored,0.740315912126787,19.0,XLI,True,3.987450679923384,0.021020879750769,,no_data,0.0
2026-10-02,DOW,298,1.0,1.0178441068838695,1.0007537041947825,0.9649544439139608,0.9610813610020036,0.8965892134548874,scored,-0.6578101297428922,19.0,XLB,True,0.8925602158032373,0.031911341287209,,no_data,0.0
2026-10-02,DOX,298,1.0,0.9399166007921008,0.9046182234752924,0.8509591115312414,0.9558345450067588,1.150276616346274,scored,-1.3226815426259009,19.0,XLK,True,1.5183175347303546,0.0261238392073357,,no_data,0.0
2026-10-02,DPC,70,1.0,0.9225884274868862,0.735988103592638,0.7016495162104552,0.6320538252698994,0.7029395890630745,scored,0.8858542236033413,19.0,SPY,False,2.638630599734517,0.0638121064022857,,no_data,0.0
2026-10-02,DPZ,298,1.0,0.9301553132587196,0.9310722721586232,0.924293745751285,0.8994244439658101,0.8560997458067475,scored,-0.6609539987921623,19.0,XLY,True,9.006171911091398,0.0302611491728958,,no_data,0.0
2026-10-02,DRH,298,1.0,0.9724624455842028,0.986236373127243,1.0081434652910517,0.9273914693619456,0.8413320359679315,scored,2.237849799353715,19.0,XLRE,True,0.2845629530619609,0.0226382619778807,,no_data,0.0
2026-10-02,DRI,298,1.0,0.9680576553277912,0.9623430208938324,0.9794048949106532,0.852477257654312,0.8016003681249039,scored,0.2385665222659034,19.0,XLY,True,5.295225848334641,0.0264325155909481,,no_data,0.0
2026-10-02,DRS,298,1.0,0.9523961840396816,0.9051710427966342,0.9131126745112242,1.0248320400535245,1.1684679162501896,scored,0.587849212874241,19.0,XLI,True,1.0054272862043467,0.0273213936468572,,no_data,0.0
2026-10-02,DSGX,298,1.0,1.0714576996894971,1.0846467829587032,1.0520250834467555,0.920424378441824,0.8325665260490666,scored,-0.4107964882404137,19.0,XLK,True,2.820666832184164,0.035223112290012,,no_data,0.0
2026-10-02,DT,298,1.0,1.0133507522242506,0.9839775194392564,0.9012116714227414,0.6810366774514817,0.6472928626857234,scored,0.5889874988255699,19.0,XLK,True,1.7232916520200274,0.0290507695890092,,no_data,0.0
2026-10-02,DTE,298,1.0,0.9598302597739802,0.9993308511960493,1.0018053310421242,1.0355724187090547,1.1107067623211777,scored,-1.5659365793932116,19.0,XLU,True,2.2596571665532226,0.0181571487870889,,no_data,0.0
2026-10-02,DTM,298,1.0,0.9523416206081968,0.9644545627328864,0.9399165314714288,0.9715441135672128,1.09848697503671,scored,-1.030314141684524,19.0,XLE,True,2.9984937214723364,0.0247809398468788,,no_data,0.0
2026-10-02,DUK,298,1.0,0.8804049469830105,0.861081511662317,0.8511258050230216,0.7839284847771275,0.8354203182486493,scored,0.0124488383314517,19.0,XLU,True,1.5976716636858437,0.0139987002863913,,no_data,0.0
2026-10-02,DUOL,298,1.0,0.9317018438770378,0.8911900037701639,0.7996403874523677,0.855318503495172,1.1099264942383515,scored,-1.4817966703090375,19.0,SPY,False,6.957211519334645,0.0482235497285273,,no_data,0.0
2026-10-02,DV,298,1.0,0.9611603344987072,0.9271595607578716,0.9411351410384036,1.0124028454389662,0.9352501589203044,scored,0.101916002458894,19.0,XLC,True,0.0779699051842621,0.0057798298876398,,no_data,0.0
2026-10-02,DVA,298,1.0,1.1413171880711328,1.2342149598794534,1.276421824295065,1.340877925018298,1.5005241608729052,scored,0.17747098346619,19.0,XLV,True,5.2880264715749865,0.0295932982907548,,no_data,0.0
2026-10-02,DVN,298,1.0,0.9731292309493592,0.9645214067358856,0.8629817134387494,0.7972846429856459,0.7421955349856658,scored,0.475660698842638,19.0,XLE,True,1.4435693605862443,0.0302952646502884,,no_data,0.0
2026-10-02,DX,298,1.0,1.0228507160777125,0.9866594553504529,0.9758342567444154,1.1061312194962083,1.0883512207980204,scored,-1.5533493462920458,19.0,XLRE,True,0.2664822720281094,0.0241816943764164,,no_data,0.0
2026-10-02,DXC,298,1.0,0.882661686943309,0.8831719125097252,0.8369654886555106,0.6833097609265161,0.601597884715008,scored,-0.3255076187499097,19.0,XLK,True,0.519210558798413,0.046775726017875,,no_data,0.0
2026-10-02,DXCM,298,1.0,1.0434014428561829,1.0096277130665776,0.9796889165308524,0.953127419502078,0.8978762623905882,scored,-0.2014059825641571,19.0,XLV,True,2.1410595950553226,0.0250827037846218,,no_data,0.0
2026-10-02,DXPE,298,1.0,0.8943296803560999,0.8528128240023195,0.8317943627164754,0.9046277738173488,0.8297338212984084,scored,0.0086574405646512,19.0,SPY,False,6.643123480507588,0.0342464350990183,,insufficient_history,1.0
2026-10-02,DY,298,1.0,1.0526779106589832,1.041718312288015,1.067892828535027,1.0692842118057162,1.1436235228553735,scored,-0.6659738652844874,19.0,XLI,True,12.426015288124296,0.0453918366689472,,no_data,0.0
2026-10-02,DYN,298,1.0,0.9543545031659272,0.9508271270365568,0.8903126962634649,0.9031501402377468,0.9797038083802914,scored,-1.8136664825704352,19.0,XLV,True,1.0147815323069287,0.0667619429149295,,no_data,0.0
2026-10-02,EAT,298,1.0,1.0151168107800166,1.004323722828053,1.0177189714079988,1.1802857726899645,1.250362782286269,scored,-1.5323847340201824,19.0,XLY,True,9.075252466016334,0.0449269924060214,,no_data,0.0
2026-10-02,EBAY,298,1.0,0.9695294952540746,0.9056121047170076,0.8214459129151392,0.7280592808252979,0.5981042057896039,scored,0.4539910378987465,19.0,XLY,True,3.288256330398972,0.0309046647593888,,no_data,0.0
2026-10-02,EBC,298,1.0,0.8995456218086649,0.7937292843262844,0.7736928762459093,0.7704530685174685,0.9454939841053472,scored,0.7972472033290652,19.0,XLF,True,0.4330077560604816,0.0201727349667123,,no_data,0.0
2026-10-02,EC,298,1.0,0.9987874170416772,0.9436060715962764,0.888629146708581,0.97094006220235,0.8456174176145732,scored,-0.5694443293762101,19.0,XLE,True,0.5275405300450974,0.0317795500027167,,no_data,0.0
2026-10-02,ECG,298,1.0,0.905061192431732,0.7635181427036011,0.7073534133392122,0.5654854239240324,0.4913868250964585,scored,1.468854022250166,19.0,XLI,True,4.928125386311029,0.0399523744330038,,no_data,0.0
2026-10-02,ECHO,298,1.0,1.0817626907260454,1.1314235620484985,1.2663712791617,1.5055165636294083,1.7172019570394894,scored,0.787483331050908,19.0,XLC,True,3.0738369577771603,0.0326136547244261,,insufficient_history,1.0
2026-10-02,ECL,298,1.0,1.0248039892493288,1.047144179668217,1.0059843337230758,1.0885663694458176,1.050546452485685,scored,1.4708359517856724,19.0,XLB,True,5.153800197959771,0.0188301066786984,,no_data,0.0
2026-10-02,ECO,298,1.0,1.0331124089224697,1.0421801246275375,1.0308096272505205,1.000320476162043,0.7628557758022926,scored,1.80474507239368,19.0,XLE,True,3.409880914368706,0.039068296452437,,no_data,0.0
2026-10-02,ECPG,298,1.0,1.048735038740917,0.9870716263974804,0.9805270940218213,0.7689934818420902,0.6526461170978947,scored,0.4320981137847194,19.0,XLF,True,3.292988291472365,0.0343305701779854,,no_data,0.0
2026-10-02,ED,298,1.0,0.9292377926440752,0.9107878687266968,0.8978664506897307,0.8200771241658295,0.7680771870591818,scored,0.3131569128600376,19.0,XLU,True,1.6460914500373165,0.0159211862853014,,no_data,0.0
2026-10-02,EDU,298,1.0,0.9803253936216956,0.9762094212369424,0.9113736714360868,0.9304429020711442,0.8346292469180725,scored,-1.1374119833005056,19.0,SPY,False,1.3991594400481395,0.0252373636372319,,insufficient_history,1.0
2026-10-02,EEFT,298,1.0,0.9970968936111412,0.9366490509556348,0.8643613636779112,0.8809642931709186,0.8036177932447792,scored,-1.4184570181169611,19.0,XLF,True,2.168036327752001,0.0341423043740472,,no_data,0.0
2026-10-02,EFOR,298,1.0,1.0196814011269772,0.9842465551747208,0.8936798119279867,0.8997254836446303,1.066243496068807,scored,0.1867873687959096,19.0,XLK,True,1.8487667808955792,0.0539785921429366,,no_data,0.0
2026-10-02,EFX,298,1.0,1.006270406175064,0.9832894428479269,0.8805960922736878,0.8188330767156016,0.7427965314219195,scored,-2.178031853565587,19.0,SPY,False,5.888141633183581,0.0420581545227398,,insufficient_history,1.0
2026-10-02,EG,298,1.0,1.0154718260892734,0.9757947154792292,0.9351557096658306,0.8590458397990766,0.8174716823267524,scored,0.5296638583795615,19.0,XLF,True,6.832940717877445,0.0185541605829349,,no_data,0.0
2026-10-02,EGO,298,1.0,1.0526423670494784,1.1516678947891752,1.1615411516229073,0.902508950564932,0.9976249505551312,scored,0.0452401961180854,19.0,XLB,True,1.8396584357120855,0.0482596651550914,,no_data,0.0
2026-10-02,EGP,298,1.0,0.9639924933757844,0.9146785176805105,0.8469964924573055,0.7041609069795131,0.6074107061672297,scored,1.8978176180794344,19.0,XLRE,True,3.158768111787265,0.0161342737347393,,no_data,0.0
2026-10-02,EHC,298,1.0,1.0361031046765867,1.06871707102253,1.136133269076352,1.0845097478046566,0.9237224622911916,scored,0.5870953239035938,19.0,XLV,True,2.846564761818319,0.0237609746395519,,no_data,0.0
2026-10-02,EIX,298,1.0,0.8825286954221239,0.930946581190956,0.9318582556656592,0.9038811744565172,0.833765116321373,scored,0.0907145193246355,19.0,XLU,True,2.079012182830245,0.0385788120770132,,no_data,0.0
2026-10-02,EL,298,1.0,0.9692323144732194,0.9705770336932132,1.0002047535897851,0.9582652405228438,1.0470651127523607,scored,0.3475230316902387,19.0,XLP,True,3.238687340489196,0.0352146062899771,,no_data,0.0
2026-10-02,ELAN,298,1.0,0.9811025668379076,0.9354582484890756,0.9178970807400478,0.7097381728792226,0.4768607233261538,scored,-1.0910596207726866,19.0,XLV,True,0.7317739492438771,0.033052120562054,,no_data,0.0
2026-10-02,ELF,298,1.0,1.0134474861638123,1.0127318299823025,1.033172036691709,1.085117807632297,1.236392975223218,scored,0.6463933697802656,19.0,XLP,True,4.114576066315952,0.039306229139434,,no_data,0.0
2026-10-02,ELS,298,1.0,0.916367915960486,0.8650880196024326,0.8339552349907352,0.73194004445248,0.693670021052753,scored,-0.4427873150800421,19.0,XLRE,True,0.9555624546534228,0.0164045056592862,,no_data,0.0
2026-10-02,ELV,298,1.0,0.9812736934719336,0.9630726300244612,0.9065090106256068,0.969588824692434,0.981546194807782,scored,0.912252793687913,19.0,XLV,True,9.870882803544449,0.0255437797364191,,no_data,0.0
2026-10-02,ELVN,298,1.0,1.090090473632226,1.1303258745208449,1.1740446676201486,1.1509429107884714,1.0868209256633523,scored,-1.196565492047038,19.0,XLV,True,2.0447931254401803,0.0435340243866336,,no_data,0.0
2026-10-02,EMBJ,298,1.0,0.9393816391274828,0.8337219191286102,0.7550624773594964,0.8319391089717575,0.7966323947559203,scored,1.8471309503255615,19.0,XLI,True,2.3675932994931967,0.0314797673114372,,no_data,0.0
2026-10-02,EME,298,1.0,0.8529615447263837,0.7313705288745332,0.6471159594410676,0.6438904867415097,0.6578214260958033,scored,1.5508435936129852,19.0,XLI,True,22.996068612332664,0.0292343964764402,,no_data,0.0
2026-10-02,EMN,298,1.0,0.9200487529096556,0.8916736946985274,0.7518932264420649,0.6117820670853217,0.5862819225901237,scored,-0.5647350605731184,19.0,XLB,True,1.6918771789807197,0.0260810417601467,,no_data,0.0
2026-10-02,EMR,298,1.0,0.946130960528095,0.91157931181894,0.8284018495496666,0.8135975104289244,0.7242674762714779,scored,1.3199888163520948,19.0,SPY,False,3.962199211998901,0.0245170423364822,,insufficient_history,1.0
2026-10-02,ENB,298,1.0,1.0288512414541977,1.0341723971497845,0.9598904642211156,0.9508347301365814,1.1112561862811536,scored,-0.7831132824344107,19.0,XLE,True,0.7656113379589947,0.0166545864250379,,no_data,0.0
2026-10-02,ENOV,298,1.0,0.9570720465884264,0.8756398454907465,0.7805041477419511,0.7514087263452726,0.7227037044015446,scored,-0.3756615978978947,19.0,XLV,True,0.9946746036795968,0.0559749354912547,,no_data,0.0
2026-10-02,ENPH,298,1.0,0.9645688996676548,0.9233339152285902,0.9263510610876612,1.0685580766274465,1.1748640852300705,scored,0.9603797346127638,19.0,XLK,True,1.753830410419742,0.0524000720173212,,no_data,0.0
2026-10-02,ENR,298,1.0,1.0413523374901488,1.0968337473982843,1.101161445134703,1.0958814451682433,1.0414813920155208,scored,0.6548896108807507,19.0,XLP,True,0.7970361384455162,0.0360486720237682,,no_data,0.0
2026-10-02,ENS,298,1.0,0.9043758185639944,0.8035057650652502,0.7187383601842104,0.6654444240776008,0.8839883696999179,scored,-0.2793793868585112,19.0,SPY,False,5.806670117818366,0.029580591532442,,no_data,0.0
2026-10-02,ENSG,298,1.0,1.0312323157766228,1.0657048334271346,1.0725875683642143,1.1767112279929812,1.2408518115865417,scored,0.3493897099486469,19.0,XLV,True,3.843575110583748,0.0223749860902535,,no_data,0.0
2026-10-02,ENTG,298,1.0,0.9592711532188626,0.953344891549088,0.9817552782034294,0.9486976372099348,0.7501821388549972,scored,0.6392923648118779,19.0,XLK,True,6.917740313589137,0.0415554773448016,,no_data,0.0
2026-10-02,ENVA,298,1.0,1.0281661023570778,0.9798118601504752,1.030467519139096,1.288352764481728,1.5173653569271963,scored,-0.8559031271134598,19.0,XLF,True,7.598341375994306,0.0439489928624808,,no_data,0.0
2026-10-02,EOG,298,1.0,0.9805718921552422,0.9531314210131252,0.8854933693297744,0.7597782280525354,0.7982886517024537,scored,-0.9904789088084468,19.0,XLE,True,3.4730528264665814,0.0245653757707354,,no_data,0.0
2026-10-02,EPAM,298,1.0,1.049574993880653,1.1146133503496616,1.119920642805334,1.1758520888300132,1.383563711884218,scored,-0.374578014914923,19.0,XLK,True,5.429621158162176,0.0501396357758073,,no_data,0.0
2026-10-02,EPD,298,1.0,0.9492215823624828,0.8989320425353794,0.8353784776877103,0.7397894002671194,0.7564233116880695,scored,-1.0747504679019104,19.0,XLE,True,0.6499858525362705,0.0179653358909969,,insufficient_history,2.0
2026-10-02,EPR,298,1.0,1.0707600688072223,1.1172086792157403,1.2416891403245671,1.276154076441694,1.2479693798183664,scored,-0.2014104977294292,19.0,XLRE,True,1.1097146901975472,0.0196583647510637,,no_data,0.0
2026-10-02,EPRT,298,1.0,1.0633026472047666,1.1394480452172864,1.2569184896581675,1.309790849228193,1.205819789837891,scored,-1.5716356450908413,19.0,XLRE,True,0.5199380148841831,0.0200748268295051,,no_data,0.0
2026-10-02,EQH,298,1.0,0.9631670372919208,0.9190218323124802,0.747416772465573,0.7250799836365226,0.7749226504517756,scored,1.2106806173335742,19.0,XLF,True,1.4009052894193854,0.0266129424281798,,no_data,0.0
2026-10-02,EQIX,298,1.0,0.9699512830071988,0.9547237392605226,0.8875694858177697,0.8277134848483317,0.9873509215847952,scored,1.1497233384831334,19.0,XLRE,True,26.284729354126597,0.0256256379461515,,no_data,0.0
2026-10-02,EQNR,298,1.0,0.9727260738658728,0.9482272752567956,0.9185923159013002,1.0573495221895064,1.2455074648019178,scored,-0.1441807027923634,19.0,XLE,True,1.1062166121690156,0.0259919316769035,,no_data,0.0
2026-10-02,EQPT,175,1.0,0.8996799730896554,0.878133206417377,0.8333327409476625,0.697687346192308,0.5991602334737465,scored,-0.4069702906730627,19.0,SPY,False,1.1975029930750405,0.0647298915175697,,no_data,0.0
2026-10-02,EQT,298,1.0,0.9739152666541782,0.9734373213201172,0.9782731296156104,0.9433957673789484,0.8356655362207505,scored,-1.1282146318067594,19.0,XLE,True,1.368198398553339,0.0272712457355658,,no_data,0.0
2026-10-02,EQX,298,1.0,1.015536736795834,1.0419721398620367,1.0801629123393337,1.0509214052671765,1.168890063460969,scored,-0.1031810240340315,19.0,XLB,True,0.5304670483369096,0.0477468090312249,,no_data,0.0
2026-10-02,ERAS,298,1.0,1.0745308959330562,1.1021107525302718,1.1800517249675218,1.2967138125892244,1.4290676424991673,scored,-0.6803511884448327,19.0,XLV,True,0.9871668056799838,0.0669719678208944,,no_data,0.0
2026-10-02,ERIE,298,1.0,0.9288842830289968,0.901225351117521,0.8629947864440805,0.8121933302349522,0.6384776525054665,scored,-1.252452339122674,19.0,XLF,True,7.203273949101047,0.0325807315984488,,no_data,0.0
2026-10-02,ERO,298,1.0,1.0452494834504351,1.0887972420360803,1.157568276279069,0.9489641298968692,0.927692996682983,scored,1.3315137223211426,19.0,XLB,True,1.9432785119490996,0.0512603142165418,,no_data,0.0
2026-10-02,EROC,80,1.0,1.2343031522040402,1.3084585647004252,1.14148014766011,0.9304664600991178,0.8597568236439996,scored,0.6612723525270272,19.0,SPY,False,1.07531341351113,0.085005012925781,,no_data,0.0
2026-10-02,ES,298,1.0,0.9787421421793774,0.9421216591687848,0.8826151731358508,0.8427099197755028,0.8222211784272686,scored,-0.4490061880697124,19.0,XLU,True,1.2341415961111146,0.0191339782342808,,no_data,0.0
2026-10-02,ESAB,298,1.0,0.9026776207440872,0.8208482361478454,0.8073239388960869,0.7661967773317503,0.7318644916154661,scored,-1.232372015633132,19.0,XLI,True,3.049132809272149,0.0436213563558247,,no_data,0.0
2026-10-02,ESE,298,1.0,1.0170638303940696,1.0141703831604547,0.9679478082476578,1.0344166732203022,1.2861297799048486,scored,1.131972280606033,19.0,XLI,True,8.00479344665426,0.0291136331938689,,no_data,0.0
2026-10-02,ESI,298,1.0,0.953406731981768,0.9393279507418452,0.9248931559257404,0.845031061562368,0.7366264410235068,scored,1.0421312338181412,19.0,XLB,True,1.3650545664105809,0.035988783717653,,no_data,0.0
2026-10-02,ESLT,298,1.0,0.9410329380231526,0.99118470580226,0.9939887130157572,0.9635950325410731,1.115942718617756,scored,-0.9925223086238094,19.0,XLI,True,16.679824128300393,0.0239573476125711,,no_data,0.0
2026-10-02,ESNT,298,1.0,0.9754022935760864,0.943257763016784,0.9643463514547348,0.967268360138834,0.8824581310920235,scored,-1.2093003502639612,19.0,XLF,True,1.616385577390365,0.0268413413714773,,no_data,0.0
2026-10-02,ESS,298,1.0,0.8656758467118074,0.7751932562465386,0.6452021336169583,0.5156920061395627,0.5143487275489746,scored,0.1763464669408762,19.0,XLRE,True,4.450475637612628,0.016566073469617,,no_data,0.0
2026-10-02,ESTA,298,1.0,1.0469987785496808,1.0437098472112314,1.0063483579339474,0.9026213145067856,1.035735139529316,scored,-1.6981379916225925,19.0,XLV,True,2.8853236714836634,0.0450409564702413,,no_data,0.0
2026-10-02,ESTC,298,1.0,1.0892391898148834,1.0643745072609332,0.967372819511087,0.8821527505043173,0.9810786361934009,scored,0.1105220945934662,19.0,XLK,True,3.871928069429134,0.0412170328872592,,no_data,0.0
2026-10-02,ET,298,1.0,0.9156965699939338,0.8670237167975112,0.8361577896872515,0.8188161915223484,0.835152326985953,scored,0.5102922869334472,19.0,XLE,True,0.3731390226544319,0.0182285795141393,,no_data,0.0
2026-10-02,ETN,298,1.0,0.9183816311970536,0.8618750566649831,0.8309231507384631,0.6809660157402101,0.5805511506425464,scored,1.1020525266601895,19.0,SPY,False,13.975313372829303,0.0320453861934587,,no_data,0.0
2026-10-02,ETON,298,1.0,1.0523459600783218,1.02908744541416,0.9614912546616192,0.9184424988277612,0.793205939935485,scored,-1.081047004689403,19.0,XLV,True,3.61773028610276,0.0653491742431856,,no_data,0.0
2026-10-02,ETOR,298,1.0,1.1061341257623614,1.0933148059049338,1.0529492918629006,1.0520013425353911,0.9152265279592712,scored,-1.4583048059166903,19.0,XLF,True,1.0576003894879713,0.0416050507273002,,no_data,0.0
2026-10-02,ETR,298,1.0,0.9860266800918448,0.9678825301358748,0.910913058934836,0.8719406620136076,0.8890966095460431,scored,0.8395120826555159,19.0,XLU,True,1.9984302710701805,0.0198040855323573,,no_data,0.0
2026-10-02,ETSY,298,1.0,1.0081676048776125,1.065456208667123,1.1137307650658572,1.0074351620836892,0.9693107043049348,scored,-1.2153886930727904,19.0,XLY,True,3.036913145521337,0.0417330375913334,,no_data,0.0
2026-10-02,EVER,294,1.0,0.9384427287484932,0.9138752212154914,0.8481932176852439,0.8303415867433978,0.9166629993400892,scored,-1.3283134003854906,19.0,SPY,False,1.233840334502108,0.0632738633078004,,no_data,0.0
2026-10-02,EVR,298,1.0,0.9714725898804668,0.9612778022064672,0.9021648360730706,0.9785111742065294,1.1045847557161594,scored,0.8686490101653629,19.0,XLF,True,8.162322735529752,0.0311920006707801,,no_data,0.0
2026-10-02,EVRG,298,1.0,0.9590439123126964,0.96638636243695,0.850265594964907,0.8077213996903684,0.8643307604362062,scored,2.8276298145814724,19.0,XLU,True,1.194961242094644,0.0150936117480692,,no_data,0.0
2026-10-02,EW,298,1.0,0.9867197498373288,0.926474748704837,0.950598926073482,1.0595535590605023,0.7365736848633541,scored,-0.1607378105900952,19.0,XLV,True,2.092556805587518,0.0245749478049033,,no_data,0.0
2026-10-02,EWBC,298,1.0,0.9500724972501262,0.8809578355882441,0.7951170734500849,0.7923505998847484,0.915494399880415,scored,1.594837958119141,19.0,XLF,True,2.5038570581726947,0.0198388167195364,,no_data,0.0
2026-10-02,EWTX,298,1.0,0.8413969550701796,0.6927816949014755,0.633699527456871,0.4292211081736568,0.3301622582008042,scored,0.3461216992097864,19.0,XLV,True,2.148988318985755,0.0519079304102839,,no_data,0.0
2026-10-02,EXC,298,1.0,0.9310982418482722,0.9376080766153528,0.912539576371869,0.9068498446861224,0.95028063727996,scored,0.3611424304853784,19.0,XLU,True,0.717360980304003,0.0176125946551437,,no_data,0.0
2026-10-02,EXE,298,1.0,0.9777096941128782,0.9346693395978836,0.9310504988065872,0.9768029958918532,0.8205740339037664,scored,-1.8442817221833676,19.0,XLE,True,2.240861784008808,0.0262027804491207,,no_data,0.0
2026-10-02,EXEL,298,1.0,0.8764179545395637,0.8558170671502439,0.7282229634813232,0.495044039482082,0.3909159694289566,scored,0.589101425494108,19.0,XLV,True,1.625312423960219,0.0278354585367394,,no_data,0.0
2026-10-02,EXLS,298,1.0,0.9987967899768896,1.0387573358671511,1.0409607218884611,1.0869442032096397,1.221013475669864,scored,-0.6930100737122371,19.0,SPY,False,1.0763358782823385,0.0301072972946108,,insufficient_history,1.0
2026-10-02,EXP,298,1.0,1.010828263580507,0.9696940159494234,0.9050873264857222,0.9767968785657888,0.8860666775923233,scored,-1.860596897374834,19.0,XLI,True,5.071899531824106,0.0295979197702153,,no_data,0.0
2026-10-02,EXPD,298,1.0,0.9011807962119966,0.8203252289565678,0.7484011599787147,0.6284346150966725,0.6436563820758119,scored,-0.3170059924144843,19.0,SPY,False,3.990240473916633,0.0207317528649484,,no_data,0.0
2026-10-02,EXPE,298,1.0,1.007562919241897,1.0395134767359022,1.0003027094811827,0.9745536735940198,1.063456062991584,scored,-1.4250279100997174,19.0,XLY,True,11.44159484892503,0.043175829618585,,no_data,0.0
2026-10-02,EXPO,298,1.0,1.0471907082469396,1.0625624456743,0.9164373367255502,0.7471489161013659,0.6401832158082079,scored,-0.5861964327168199,19.0,SPY,False,2.1254990082684277,0.0315824518316259,,no_data,0.0
2026-10-02,EXR,298,1.0,0.9549869032064844,0.8900033712161858,0.9190625704302322,0.997920089915874,0.8577314326461827,scored,-0.3699528374829408,19.0,XLRE,True,2.694237945516175,0.0202194217299525,,no_data,0.0
2026-10-02,EXTR,298,1.0,0.926925635809947,0.8960381217354392,0.8592187065215315,0.8626256051335294,1.220963836148279,scored,-0.275983058772615,19.0,SPY,False,0.8114748821821666,0.0350983945580521,,no_data,0.0
2026-10-02,EYE,298,1.0,1.0034241760447642,0.9774463791167188,1.0198764523774222,0.9887426569710304,1.0855328472882428,scored,-0.0959129040716827,19.0,XLY,True,0.7228954857676014,0.0440789930346098,,no_data,0.0
2026-10-02,EZPW,298,1.0,0.9781038242466018,0.929374195580301,0.8560298252624813,0.8346405244358073,0.7760347664791986,scored,-0.8734355355801126,19.0,XLF,True,1.183203368542189,0.0391789194881519,,no_data,0.0
2026-10-02,F,298,1.0,1.0457433635945637,0.9991959800175196,1.0101156195091792,0.9687945277146806,0.8791969063233323,scored,-1.6051129678443945,19.0,XLY,True,0.3881297095622038,0.0320768355010085,,no_data,0.0
2026-10-02,FA,298,1.0,1.0439174251800938,1.0318125583318185,0.9482087747557456,0.8866943927587574,0.9058334731923582,scored,-0.4047839527519583,19.0,SPY,False,0.8298253279067397,0.0458720468715721,,no_data,0.0
2026-10-02,FAF,298,1.0,1.0563426957731172,1.0351201666424614,0.9353423873322962,0.8792053787567334,0.8747685495207711,scored,0.051081728194352,19.0,XLF,True,2.0674823859431606,0.0330850117769748,,no_data,0.0
2026-10-02,FANG,298,1.0,1.00548680557326,1.012326852120439,0.9069388593261486,0.7987667067807785,0.6022757266638809,scored,-0.506103295696519,19.0,XLE,True,5.219648906181538,0.0282586157012697,,no_data,0.0
2026-10-02,FAST,298,1.0,1.018056919410253,1.0079916020143884,0.911473647062078,0.8932241424416936,0.8180888739831648,scored,0.756627105086625,19.0,SPY,False,0.9694154173792312,0.019101781623236,,no_data,0.0
2026-10-02,FBIN,298,1.0,1.047785197784521,1.0541527837455955,1.1179254397185316,1.023996214286487,1.2459659274540076,scored,-1.3498595623209475,19.0,SPY,False,1.4664899890180123,0.0380313793832472,,no_data,0.0
2026-10-02,FBK,298,1.0,0.9857676513937356,0.8946871773249393,0.8810029926207128,0.8522004043074599,0.9023894177595818,scored,-0.1396464559756303,19.0,XLF,True,1.0658787182144844,0.0199528026621955,,no_data,0.0
2026-10-02,FBP,298,1.0,0.9160772524558368,0.78942884983675,0.7329691451789457,0.8369037704362808,0.9614841850541138,scored,-0.3712399417995814,19.0,XLF,True,0.5230779887352944,0.0193446001751218,,no_data,0.0
2026-10-02,FCEL,298,1.0,1.0251638205772513,1.043962796455557,0.9830715105946032,1.032872572293723,0.9677957945513648,scored,0.7246297423939198,19.0,SPY,False,1.447234837345565,0.0783559738681951,,no_data,0.0
2026-10-02,FCF,298,1.0,0.9328572018339542,0.83842500398323,0.7995811791530106,0.7729594052180073,0.9184592339646992,scored,1.3275708981539611,19.0,XLF,True,0.3794350748281762,0.0184550133671291,,no_data,0.0
2026-10-02,FCFS,298,1.0,0.9171316835820984,0.7636773037518895,0.6207291115980965,0.4504741594055815,0.4223775094976331,scored,0.217825958999667,19.0,XLF,True,6.385320555232114,0.030354252496825,,no_data,0.0
2026-10-02,FCN,298,1.0,0.9832813488211006,0.9949994558131324,0.9835531029965728,0.9573404255615722,0.830370627694409,scored,-1.174708015032064,19.0,SPY,False,4.798396514912941,0.0351788600800068,,no_data,0.0
2026-10-02,FCNCA,298,1.0,0.9387883226332228,0.8337295940973555,0.7384368305918791,0.73297380969738,0.872951710300573,scored,0.3790223704408243,19.0,XLF,True,49.414038803138894,0.0238316817315689,,no_data,0.0
2026-10-02,FCPT,298,1.0,0.9458695546600158,0.9388892680086252,0.9590205165154332,0.949550824919326,0.8840962234856704,scored,-1.702754822072332,19.0,XLRE,True,0.4272313445350066,0.0198251203960559,,no_data,0.0
2026-10-02,FCX,298,1.0,1.0345790068254757,1.0226438298452465,0.981211571058738,0.8458187784993166,0.7516754858690278,scored,0.464256748711582,19.0,XLB,True,2.806647779494536,0.03895957495134,,no_data,0.0
2026-10-02,FDS,298,1.0,1.0225287515144923,1.015659971141721,1.0995539165549202,1.1684602300628284,1.1657826453066995,scored,-0.8592900698539395,19.0,XLF,True,12.23841637703838,0.0460090841242044,,no_data,0.0
2026-10-02,FDX,298,1.0,1.017102396770587,0.9982956726935804,0.9483550174280968,0.900725916874695,0.9711251146725192,scored,-1.797023750151565,19.0,SPY,False,6.646417665515031,0.0228902661024763,,no_data,0.0
2026-10-02,FDXF,87,1.0,1.0495906012507734,1.0181084690836906,0.8330233432951454,0.463932895375362,0.3148970394059524,scored,-1.4300450046052493,19.0,SPY,False,4.723356994493506,0.0418403489635353,,no_data,0.0
2026-10-02,FE,298,1.0,1.0581880872102636,1.1190921099181206,1.178075148759236,1.292821039621872,1.3510704162129112,scored,1.0062821595402502,19.0,XLU,True,0.7113531329630927,0.0164133164043168,,no_data,0.0
2026-10-02,FEIM,298,1.0,0.8945304324290677,0.8818881811166571,0.9139947871292494,0.8956679265118848,0.8017997745822726,scored,1.7112754188460626,19.0,SPY,False,4.833933921179382,0.0561889331765591,,no_data,0.0
2026-10-02,FELE,298,1.0,1.039605173941529,0.9552527735569984,0.8720922774260472,0.6573041183817684,0.579881171332277,scored,0.1216653139145022,19.0,XLI,True,2.0036923336200543,0.0203111235034977,,no_data,0.0
2026-10-02,FER,298,1.0,0.996325302391219,0.9759054668084224,1.0212021619881344,1.1037594859399873,1.1665598601689295,scored,-1.2053439689897572,19.0,XLI,True,1.065053443138498,0.0198555824597035,,no_data,0.0
2026-10-02,FERG,298,1.0,0.9805746633848982,0.9577965157615258,1.0006511914564222,1.0590946098885612,1.1470826243639194,scored,0.4135720170983703,19.0,SPY,False,5.645120207216635,0.0252770349134314,,no_data,0.0
2026-10-02,FFBC,298,1.0,0.9909887467721816,0.9033307700449702,0.8691956007748396,0.9372007436540688,1.1102848069512194,scored,0.3184735145135504,19.0,XLF,True,0.6308043852210706,0.0197930462887063,,no_data,0.0
2026-10-02,FFIN,298,1.0,0.9001044003823555,0.8172746573133098,0.7757875511325774,0.7045940203708319,0.8387692494089464,scored,0.7736909839637033,19.0,XLF,True,0.6466867279509491,0.0201146727200917,,no_data,0.0
2026-10-02,FFIV,298,1.0,0.9755760785251916,0.9849532582800588,0.945985908441732,0.985892269051068,1.277251852616892,scored,1.6689132851626125,19.0,SPY,False,13.672108141732236,0.0301121225921333,,no_data,0.0
2026-10-02,FHB,298,1.0,0.9379350600566868,0.8298985118676078,0.7538258778763499,0.7203112117815785,0.8984146050224645,scored,1.1321092303888207,19.0,XLF,True,0.4591913334041344,0.0181785959384059,,no_data,0.0
2026-10-02,FHI,298,1.0,0.9693058038673968,0.8699999520262278,0.7548847748038933,0.6572268086606802,0.6353635579558546,scored,-0.3252061318545999,19.0,XLF,True,1.422442410644596,0.0253690460254074,,no_data,0.0
2026-10-02,FHN,298,1.0,0.9576965443579664,0.8712816780659427,0.82727400551524,0.7628878066677036,0.8240816986451241,scored,0.3624726552402375,19.0,XLF,True,0.4433462437701188,0.0189302409807907,,no_data,0.0
2026-10-02,FIBK,298,1.0,0.9176449969384032,0.802891462396232,0.7092506479307736,0.611770462308539,0.6889463163074644,scored,0.8573000878756106,19.0,XLF,True,0.7223457201482817,0.0200651588930078,,no_data,0.0
2026-10-02,FICO,298,1.0,1.0663574743186524,1.0247147601331472,0.9257499083746824,0.7720648300289573,0.7072842238981139,scored,-1.4249200742249544,19.0,XLK,True,58.988427490502175,0.0892074517814777,,insufficient_history,1.0
2026-10-02,FIG,296,1.0,0.9874176212367116,0.917582595258307,0.9084214654875048,0.8547402695964663,0.9152847550786544,scored,-1.934849162978304,19.0,XLK,True,1.2485131891570094,0.0584509920017326,,no_data,0.0
2026-10-02,FIGR,267,1.0,0.9835972250912682,0.959070756297688,0.9199625352927444,0.8820951201981416,0.9529495376415386,scored,0.3390421086627643,19.0,XLF,True,2.2766286823732567,0.0797977105633808,,no_data,0.0
2026-10-02,FIGS,298,1.0,1.064960168091906,1.1260459841187178,1.113858281458393,1.124409545973707,1.0952110336872718,scored,-1.1253271973252637,19.0,SPY,False,0.6684845507537897,0.0494441235764637,,no_data,0.0
2026-10-02,FIS,298,1.0,1.0216929673761752,0.9975749701985396,0.9659210272562804,0.8743293344725898,0.9619869539197602,scored,-2.1054112611831792,19.0,XLF,True,1.125100111306508,0.0346824941833078,,no_data,0.0
2026-10-02,FISV,298,1.0,1.06668815356278,1.0573969401989365,1.0714042881281978,1.0725267298864982,1.0970459490346265,scored,-0.0182047797305996,19.0,XLF,True,1.579757763100709,0.0356122128742269,,no_data,0.0
2026-10-02,FITB,298,1.0,0.9562406163519148,0.9262532855535324,0.9231474894489236,1.0202415796245452,1.2888557008668524,scored,-0.0815336560006566,19.0,XLF,True,1.068913345977399,0.0210126468641124,,no_data,0.0
2026-10-02,FIVE,298,1.0,0.9046309256561744,0.8682048749460256,0.8107751090182664,0.7548956590594617,0.7900799827563103,scored,-0.4981335800096102,19.0,XLY,True,9.09141156325328,0.0411022720884908,,no_data,0.0
2026-10-02,FIVN,298,1.0,0.9793249943317084,0.9718975251848624,0.9224541142404664,0.9069127441986284,0.8515710334198915,scored,-0.8895667393653113,19.0,XLK,True,2.001204290826102,0.0582422669041356,,no_data,0.0
2026-10-02,FIX,298,1.0,0.8643441991726712,0.7310471017283154,0.6454022095556654,0.584860297792716,0.5465693251658049,scored,2.128353606960664,19.0,XLI,True,68.66775648383573,0.0397380550366234,,no_data,0.0
2026-10-02,FLEX,298,1.0,0.9512587028339732,0.9475851580768442,0.9425750700332078,0.9048110607303664,1.071658861651966,scored,0.786650168256412,19.0,SPY,False,5.329602381061024,0.045704505454601,,no_data,0.0
2026-10-02,FLG,298,1.0,0.9613313572532086,0.8953674071991248,0.8972631886814542,0.9861884549314232,1.0839688774435765,scored,-1.081990272237419,19.0,XLF,True,0.279118082978484,0.0238562464084174,,no_data,0.0
2026-10-02,FLR,298,1.0,0.9707055723784362,0.9075936639592108,0.6798218409932072,0.5768779358775802,0.4050147071967295,scored,-1.42594669037335,19.0,XLI,True,1.98135395494372,0.0397064920830404,,no_data,0.0
2026-10-02,FLS,298,1.0,0.9516848651769289,0.957882037812768,0.9915207541536964,1.059535201074525,1.049564796556769,scored,-0.6165419740406374,19.0,XLI,True,2.271772763394167,0.0305468974505064,,no_data,0.0
2026-10-02,FLUT,298,1.0,0.9629829913600108,0.9159207155316208,0.8833398419452048,0.9711436278104464,1.0693796405892442,scored,-1.6770566606346948,19.0,XLY,True,4.253958540815763,0.0568635014144601,,no_data,0.0
2026-10-02,FLY,291,1.0,0.960528014998325,0.9525534410508952,0.9397063863119796,1.001282112587513,1.1331465954862898,scored,0.9324378194394554,19.0,XLI,True,1.6873761797368174,0.0723574691139287,,no_data,0.0
2026-10-02,FLYW,298,1.0,1.0878371497656787,1.099830757701841,0.9949521939300534,0.97381938645175,0.970549358004974,scored,0.6228589157583785,19.0,XLF,True,0.5632421759522139,0.0320388040928449,,no_data,0.0
2026-10-02,FMX,298,1.0,0.9065887612034276,0.8177879236167842,0.7305411630463153,0.7350690093815464,0.6236059010058433,scored,0.3377780013249745,19.0,XLP,True,2.814788086374942,0.0243325387826326,,no_data,0.0
2026-10-02,FN,298,1.0,0.993453133071844,0.956846616909045,0.8413809035548048,0.6990450633778752,0.5615059206528827,scored,0.7182523491725393,19.0,SPY,False,21.869726460804124,0.047164541958645,,no_data,0.0
2026-10-02,FNB,298,1.0,0.9192752180719228,0.8184045317166748,0.7542463863730403,0.7273334522993979,0.7969216001764416,scored,0.284899894572343,19.0,XLF,True,0.3311138708371012,0.0189750069247622,,no_data,0.0
2026-10-02,FND,298,1.0,0.929689521299812,0.9414998683196528,0.9484880525119588,0.9421583038363412,0.9183090102154348,scored,1.0718855675162735,19.0,XLY,True,1.9446090067314687,0.0427480546654532,,no_data,0.0
2026-10-02,FNF,298,1.0,1.0592708658393784,1.0535346974794535,0.981132628620504,0.9731431964040398,1.081259606762203,scored,-1.2236875581894633,19.0,XLF,True,1.1753682434067485,0.0299380601988473,,no_data,0.0
2026-10-02,FNV,298,1.0,1.0477663591590456,1.0906300843408885,1.1081737798655191,1.0012625968896474,1.0095896163288447,scored,0.9917945238803054,19.0,XLB,True,9.54524387265991,0.0398881900236519,,no_data,0.0
2026-10-02,FORM,298,1.0,1.0373300661636211,0.9839976588443982,0.9214245962626288,0.7882985949764826,0.6853715287461044,scored,1.6320512921277244,19.0,XLK,True,7.279187465423821,0.0488044751285539,,insufficient_history,1.0
2026-10-02,FOUR,298,1.0,1.074205074810657,1.0102843714286565,0.891740687388569,0.5907322712155609,0.4715821797774974,scored,-1.4837833305971424,19.0,XLF,True,2.1891790195485843,0.0605247171564441,,no_data,0.0
2026-10-02,FOX,298,1.0,1.1359377846832592,1.210592292501428,1.2936140471683264,1.468246469401671,1.3835107012790622,scored,-0.9833580096445343,19.0,XLC,True,1.5060511561115266,0.0269467016659782,,no_data,0.0
2026-10-02,FOXA,298,1.0,1.1489319936895228,1.230388862263294,1.3123917855076597,1.4892601663843323,1.4107427726546589,scored,-1.2021544940173956,19.0,XLC,True,1.666704746102622,0.0267614763343388,,no_data,0.0
2026-10-02,FPS,166,1.0,0.9263107328682952,0.8668569248876268,0.8721933612117535,0.9887401629072112,1.2838859071109068,scored,1.040016810038158,19.0,SPY,False,2.399065414319576,0.059456391928614,,no_data,0.0
2026-10-02,FR,298,1.0,0.9917914875258488,0.9458667368533348,0.9020820865321534,0.8190995410675551,0.727553382529676,scored,1.1257005667812083,19.0,XLRE,True,1.0325760694561634,0.0173658942054517,,no_data,0.0
2026-10-02,FRME,298,1.0,0.944778011884584,0.8892232337506365,0.8607142874608039,0.8276995008696151,0.9587337684692188,scored,1.1502820071613815,19.0,XLF,True,0.7500394999221923,0.0186809339955714,,insufficient_history,1.0
2026-10-02,FRO,298,1.0,1.0594666335040284,1.0985621145826252,1.1089250219837017,1.0261953081540276,0.8312183245571451,scored,2.181117208954266,19.0,XLE,True,1.8671589398126665,0.0354030894920869,,no_data,0.0
2026-10-02,FROG,298,1.0,1.0574657133656404,0.9977990801482596,0.8895455486928207,0.789108463673055,0.9131862148491096,scored,-0.998634042609453,19.0,XLK,True,5.202601170982635,0.054477499172593,,no_data,0.0
2026-10-02,FRPT,298,1.0,1.007221165943829,1.00947400557457,1.0985934695539965,1.309092064278568,1.3700371000331428,scored,-1.6403114317544545,19.0,XLP,True,2.303433567565204,0.0382249181474477,,insufficient_history,1.0
2026-10-02,FRSH,298,1.0,1.0608343286094115,1.0815271738312384,1.0228710689597564,1.0228392483004778,1.1240497755923866,scored,-0.4240425897323561,19.0,XLK,True,0.4885418117077129,0.0382270588190698,,no_data,0.0
2026-10-02,FRT,298,1.0,1.027722671231288,1.0354511141201606,1.0295099091178124,0.9492487590455608,0.9687954414438404,scored,-0.1674263552119036,19.0,XLRE,True,1.7746894875375117,0.016634075241705,,no_data,0.0
2026-10-02,FRVO,99,1.0,0.8872010869542435,0.7472453967037263,0.6297064594910274,0.3736721839662308,0.2257257615771954,scored,-0.4018605751883609,19.0,XLU,True,1.408994590731833,0.0975082761752133,,no_data,0.0
2026-10-02,FSK,294,1.0,1.0505711053740576,1.0458498836805863,1.0284136550863716,0.9670929259641684,1.0993505487242765,scored,-1.4703383443892588,19.0,SPY,False,0.2941884377652089,0.0268175421846133,,insufficient_history,1.0
2026-10-02,FSLR,298,1.0,0.9191200642791388,0.9160270003406454,0.8942748409685823,0.8871976206345774,0.8656794763165698,scored,-1.538393141919255,19.0,XLK,True,8.82324600995471,0.0505311609298133,,no_data,0.0
2026-10-02,FSLY,298,1.0,1.0167384147077647,1.0087534116211143,1.0250443376090064,0.8952919468753762,0.8726759563946016,scored,1.3225026185908382,19.0,XLK,True,2.3141954578879123,0.0896627453656688,,no_data,0.0
2026-10-02,FSM,298,1.0,1.034277135469492,1.054683721740824,1.0488872266560374,0.8626589240310908,0.8368604523161579,scored,0.0640626556449527,19.0,XLB,True,0.4391549578185102,0.0390359962505342,,no_data,0.0
2026-10-02,FSS,298,1.0,0.9069200135708394,0.7886043372323965,0.7187936100985576,0.6758459239577838,0.5059873356889149,scored,-0.1422861722303235,19.0,XLI,True,3.588409517498915,0.0308441595109069,,no_data,0.0
2026-10-02,FSV,298,1.0,0.9370077545440516,0.8975050121769738,0.8948070789133422,0.839273947892238,0.8366190260289593,scored,0.4645600547377524,19.0,XLRE,True,3.420791167894134,0.0264910645697679,,no_data,0.0
2026-10-02,FTAI,298,1.0,0.8844469776945574,0.8539526255297999,0.8806467502223732,0.9048859911803276,0.8726014463239198,scored,-0.3841413542634106,19.0,XLI,True,8.58792116323397,0.051415441317332,,no_data,0.0
2026-10-02,FTDR,298,1.0,1.0763738420656923,1.0448409271266503,1.0540049021081364,1.117789553899598,1.0003311928177852,scored,-1.2314178901668158,19.0,SPY,False,2.629491304541329,0.0340431292664594,,no_data,0.0
2026-10-02,FTI,298,1.0,0.8865924590448336,0.9439262209952628,1.0310024669940192,1.1089946440774785,1.06288806851363,scored,-1.4758467067202796,19.0,XLE,True,2.044866989381757,0.0297132663380086,,no_data,0.0
2026-10-02,FTNT,298,1.0,1.0037946286096386,1.0381979621999349,1.0327387334801177,0.939327361240112,1.0898343577188507,scored,0.6379958643842298,19.0,XLK,True,6.306316363308317,0.0348511542597862,,no_data,0.0
2026-10-02,FTRE,298,1.0,1.0068135010547872,0.9967559815024616,1.0186977010647122,1.0501242471255845,1.1796260804589864,scored,0.8645037321028407,19.0,XLV,True,1.000877946854156,0.0500438973427078,,no_data,0.0
2026-10-02,FTS,298,1.0,0.9530150751871044,0.9733399373343824,0.9201233245598474,0.8088628237498152,0.7662566051981138,scored,1.143437663018856,19.0,XLU,True,0.7066744557017205,0.0133662654757276,,no_data,0.0
2026-10-02,FTV,298,1.0,0.963672620964554,0.8781643197377034,0.7206641087016413,0.5210213295256245,0.507822160790926,scored,-0.1191614987888804,19.0,XLI,True,1.1430209146315646,0.0198890014726216,,no_data,0.0
2026-10-02,FUL,298,1.0,1.0580744999318636,1.0891342979106926,1.0882401374075348,1.1036949580835782,1.0140314047167798,scored,-0.3100853309525954,19.0,XLB,True,1.850605539322442,0.0368646521777378,,no_data,0.0
2026-10-02,FULT,298,1.0,0.8981147156387845,0.8119484949786457,0.7724077678666988,0.8124327575825592,0.985316043603785,scored,0.5592226926297386,19.0,XLF,True,0.4335021545160997,0.019004916901188,,no_data,0.0
2026-10-02,FUN,298,1.0,1.002281858202006,0.9615232130183676,0.879954918914663,0.9141058477725528,0.8715124258311256,scored,-1.744638576428665,19.0,XLY,True,0.7274576909679069,0.0627118699110264,,no_data,0.0
2026-10-02,FUTU,298,1.0,0.8063716615177706,0.6783796715991396,0.6427978969678487,0.7279759247497288,0.7643368116754226,scored,-0.0568302406512089,19.0,XLF,True,3.868609892887605,0.0378644405685387,,insufficient_history,2.0
2026-10-02,FWONK,298,1.0,1.0632037871870832,1.0663810448466886,1.0015614504210506,0.9232099500530132,0.7455788114484195,scored,0.2841210733957409,19.0,XLC,True,2.447979760495244,0.0268418833387636,,no_data,0.0
2026-10-02,G,298,1.0,1.0400525829602223,1.1039230875264494,1.0709433139065538,1.0352625103537032,1.0219560386174231,scored,-1.6303561974275615,19.0,SPY,False,1.1381692933480485,0.0341895251831795,,no_data,0.0
2026-10-02,GAP,298,1.0,0.9217404357868766,0.925168733913778,0.8914513569543155,0.7310844815999246,0.6430248329118885,scored,0.791833993726153,19.0,XLY,True,0.8314663573354129,0.0369376435955314,,no_data,0.0
2026-10-02,GATX,298,1.0,0.9772313870765958,1.0125567451908457,1.0732929627173706,1.2790870463034878,1.5768376788188732,scored,-0.0943117354638323,19.0,SPY,False,4.586711698909196,0.0268181704900262,,no_data,0.0
2026-10-02,GBCI,298,1.0,0.9820949820868632,0.9285485348055356,0.8921969824415718,0.8850019870488732,1.1713139980254337,scored,0.3757855177504893,19.0,XLF,True,0.9110279336674684,0.0207476186214408,,no_data,0.0
2026-10-02,GCT,298,1.0,0.9255083625292326,0.8740196698443949,0.8560979308269593,0.7999252504147928,0.6445102280732183,scored,0.3242591941520817,19.0,SPY,False,2.5351110949758904,0.0471648575809467,,no_data,0.0
2026-10-02,GD,298,1.0,1.040467909038009,1.056672270703214,1.046896813977995,0.8584370658188822,0.8033191257311716,scored,-0.8937938179958638,19.0,XLI,True,6.184186598180377,0.0187348498839115,,no_data,0.0
2026-10-02,GDDY,298,1.0,0.8933562315050395,0.8008072274518898,0.6301417089817098,0.4925488278476681,0.5126412202673635,scored,-0.8793043314943096,19.0,XLK,True,4.650432207634807,0.0478390310424319,,no_data,0.0
2026-10-02,GDS,298,1.0,0.8968636121521602,0.8821087300148137,0.8678124450560777,0.7126210124640779,0.5994178861411367,scored,0.213832455938685,19.0,XLK,True,1.3951298054613446,0.0506031848190549,,insufficient_history,1.0
2026-10-02,GE,298,1.0,0.9354861474821196,0.906282481133796,0.8787289506219415,0.9525136900665824,0.9510427212915096,scored,-0.550897567760226,19.0,XLI,True,8.504840617406243,0.0274739650387848,,no_data,0.0
2026-10-02,GEF,298,1.0,1.1051671740200284,1.1882644032535448,1.2088228378324783,1.342972914067365,1.6174667842353767,scored,-1.1566048630769028,19.0,SPY,False,2.057304401780337,0.0250341251129269,,no_data,0.0
2026-10-02,GEHC,298,1.0,0.9762015740122226,0.9488077313960428,0.9398486713427668,0.9281688890754394,0.8121636694172598,scored,-1.369981082320711,19.0,XLV,True,1.4677357374171365,0.0228299228094126,,no_data,0.0
2026-10-02,GEN,298,1.0,1.1710188776742745,1.3250470452603416,1.4295808126583562,1.3688647256035074,1.2713535429192702,scored,-1.2485544914783562,19.0,XLK,True,1.237791445736499,0.0562888333668257,,no_data,0.0
2026-10-02,GEO,298,1.0,0.9158508601364423,0.9001555254953341,0.8484438225864497,0.9125709201555036,1.062168068677941,scored,0.5340972005835933,19.0,SPY,False,1.3030506074191393,0.041551358654947,,no_data,0.0
2026-10-02,GEV,298,1.0,0.922451572299265,0.7998652100417848,0.7261259902606484,0.6097470494977068,0.6239752079223657,scored,0.6553425383323956,19.0,SPY,False,36.93805703391301,0.0373602276058592,,no_data,0.0
2026-10-02,GFF,298,1.0,1.1053274594521854,1.169000339492818,1.2016276141905835,1.1056807975930871,1.100295986080296,scored,0.1890629988084348,19.0,SPY,False,2.645147206435177,0.0281488475730039,,no_data,0.0
2026-10-02,GFI,298,1.0,0.9419951939896888,0.9665998032229448,0.94093903150346,0.7751237319406289,0.8748911794623506,scored,-0.662947833366657,19.0,XLB,True,1.7387899199166874,0.0488149893294971,,no_data,0.0
2026-10-02,GFL,298,1.0,0.973665196679302,0.9930931633951564,0.9660979641369668,0.7384389193966469,0.5970496237628765,scored,-0.2736842947662895,19.0,SPY,False,1.2964312681015902,0.0308821169152355,,insufficient_history,1.0
2026-10-02,GFS,298,1.0,1.0799066246763858,1.048147593669442,1.0087549351548444,1.0501181602913106,1.2774025583974165,scored,0.8554347456050775,19.0,XLK,True,2.0080401045256626,0.0400247180491461,,no_data,0.0
2026-10-02,GGAL,298,1.0,1.0542355658969953,1.0648349769224212,1.1215468970824247,1.2143994777014344,1.4136842258868854,scored,-1.5858561675238176,19.0,XLF,True,1.5494520796827425,0.0431722507573904,,no_data,0.0
2026-10-02,GGG,298,1.0,0.982999956727977,0.9318614275479736,0.8486074334168249,0.9396408168866944,1.07057234585879,scored,1.105355261722854,19.0,XLI,True,1.3306797122485634,0.017059996310879,,no_data,0.0
2026-10-02,GH,298,1.0,1.026879701696871,1.0133534612220554,1.0319747625740814,1.0531621824027448,1.0954315830935166,scored,1.5344071754925253,19.0,XLV,True,7.379818774001565,0.0415062923172191,,no_data,0.0
2026-10-02,GIB,298,1.0,0.95265207797482,0.9098244132456048,0.8269958462713437,0.7535415998889223,0.8084768578914661,scored,-1.045392963453309,19.0,XLK,True,1.8593604872492235,0.0264903901873375,,no_data,0.0
2026-10-02,GIII,298,1.0,0.9157310872214316,0.9221759434165836,0.960790682994154,0.969549887161016,1.0394739512271751,scored,-0.1001864098612502,19.0,SPY,False,0.8396337147112343,0.0306771543555438,,no_data,0.0
2026-10-02,GIL,298,1.0,0.8955533450116797,0.8204593493838267,0.7483668341007771,0.7058349481276495,0.8236195838232758,scored,-1.5061795788518846,19.0,SPY,False,1.8364663410909223,0.0447918619778273,,no_data,0.0
2026-10-02,GILD,298,1.0,0.9345026914944315,0.8780381499730829,0.8310699538531391,0.8578956377441364,0.8693433209705641,scored,0.5681472813229508,19.0,XLV,True,3.449458598201286,0.0238321030689601,,no_data,0.0
2026-10-02,GIS,298,1.0,0.9981295884559052,0.9480342518039,0.9970069971153794,0.9838240888656072,1.110231577918922,scored,-2.2914906564864395,19.0,XLP,True,1.1087525468454196,0.0346376928099162,,no_data,0.0
2026-10-02,GKOS,298,1.0,0.9947839091836278,1.0314403981096183,1.0643942828300677,0.9929754666865236,0.8845554512255897,scored,0.6055713617496686,19.0,XLV,True,6.684253127616387,0.0408198664281916,,no_data,0.0
2026-10-02,GL,298,1.0,0.9849812607382672,0.96061551304135,0.9355226301779868,0.9002669537771375,0.9778365180897044,scored,0.5849519610131501,19.0,XLF,True,3.186856046603837,0.019235007524166,,no_data,0.0
2026-10-02,GLBE,298,1.0,0.9474662892989608,0.9027298643933704,0.7771862114568784,0.6729841114662335,0.584008876040268,scored,1.363492912468192,19.0,XLY,True,1.4946123903260269,0.0380211750273728,,no_data,0.0
2026-10-02,GLNG,298,1.0,1.0255217401653764,1.0396954969290677,1.0765250981565222,1.0810893314415395,0.9331171285110976,scored,-1.4161895176725232,19.0,XLE,True,1.3165904734570344,0.0267545310598869,,no_data,0.0
2026-10-02,GLOB,298,1.0,1.0185626939251178,1.0254889878185922,0.9700988571466348,0.8603029651031039,0.889447269476349,scored,-0.4479848004237581,19.0,XLK,True,1.9221181641668328,0.0547612012583143,,no_data,0.0
2026-10-02,GLPI,298,1.0,1.0089395256488187,0.9942398865000768,0.9995475327936328,0.8906961205662804,0.906820563293102,scored,-1.129296734803498,19.0,XLRE,True,0.7034604574942032,0.0186693327360457,,no_data,0.0
2026-10-02,GLW,298,1.0,1.037464070111752,1.004445319554176,0.9772824724736594,0.8483473074352761,0.7899154914882113,scored,0.5001279560759796,19.0,SPY,False,8.095793067925747,0.049307467372713,,no_data,0.0
2026-10-02,GLXY,298,1.0,0.9701953867931482,0.954128205350621,0.9421079717811848,0.9677412451037766,0.9207685360488654,scored,0.307881910632048,19.0,XLF,True,1.642956029901585,0.0712470091024104,,no_data,0.0
2026-10-02,GM,298,1.0,0.9077905721312332,0.8793814775100313,0.8950632936838423,0.908687387346248,0.7959488504626562,scored,-0.338691765045747,19.0,XLY,True,2.5874855349860995,0.033058458349126,,no_data,0.0
2026-10-02,GMAB,298,1.0,0.9797107303917132,0.9996281128127156,0.9784921821512894,1.0645485856894468,1.2446306365102608,scored,1.397033670423767,19.0,XLV,True,0.8554307197729127,0.0246167113603715,,insufficient_history,1.0
2026-10-02,GME,298,1.0,0.9366612964531356,0.9407547589792798,0.982824915763385,1.130893336082197,1.220419084798858,scored,1.9828448946693085,19.0,XLY,True,0.8739718386766351,0.0353834752500662,,no_data,0.0
2026-10-02,GMED,298,1.0,1.0793135790347708,1.0771934224887416,1.1001597006586232,0.9826889794608332,1.0563140490821,scored,-0.5877244629809432,19.0,XLV,True,1.8228526700402596,0.0241118078047653,,no_data,0.0
2026-10-02,GNRC,298,1.0,0.9841273757422302,0.9367582347801362,0.9874282454865204,1.124643068684143,1.081874662831917,scored,1.1724151192500183,19.0,SPY,False,9.925778361540832,0.0457831105237123,,no_data,0.0
2026-10-02,GNTX,298,1.0,0.9463378558554664,0.887336042974407,0.7908331926288479,0.7858114224554986,0.9421025094850672,scored,-1.492006433879078,19.0,SPY,False,0.4655109621014134,0.0210829240082161,,no_data,0.0
2026-10-02,GO,298,1.0,0.928435574578426,0.9536525311054954,1.0510658183831794,1.1369241125940237,1.1992465936720282,scored,0.0457582352506705,19.0,XLY,True,0.5306621680712389,0.0456680006945988,,no_data,0.0
2026-10-02,GOLD,298,1.0,0.9528268220658516,0.9522946129192764,0.9129015902933252,0.9692754311660658,1.270981905813056,scored,-1.261500606687634,19.0,SPY,False,1.9141662789787768,0.045262858334802,,no_data,0.0
2026-10-02,GOLF,298,1.0,1.030810144082679,1.0534599598619665,1.0706776447553124,1.2919105770755224,1.7653081857219224,scored,-1.1266257239647277,19.0,SPY,False,2.207021723345715,0.0263840014745453,,no_data,0.0
2026-10-02,GOOG,298,1.0,1.0600713721530095,1.05717962182409,1.1166080864569936,1.1435595857816228,1.2550119691567303,scored,0.7588563170702923,19.0,XLC,True,8.804342561704866,0.0258684958475242,,no_data,0.0
2026-10-02,GOOGL,298,1.0,1.066605922145841,1.065347027195479,1.1209123916256094,1.138362421642914,1.2353666863120665,scored,0.6510748094044182,19.0,XLC,True,9.004130961370816,0.0262128994508611,,no_data,0.0
2026-10-02,GPC,298,1.0,1.0514213872859304,1.1229111257588558,1.1847694312178123,1.3259899022919113,1.5677994683811944,scored,-2.428766985434555,19.0,SPY,False,2.997567003585804,0.0235583700376124,,no_data,0.0
2026-10-02,GPCR,298,1.0,1.0181186361775316,1.0854230886119398,1.1210588600079396,1.1101267958416785,1.2743440902594274,scored,-1.7518480826165463,19.0,XLV,True,2.1761498823689025,0.0786465443573871,,no_data,0.0
2026-10-02,GPGI,298,1.0,0.9664245207328912,0.9542351768979682,0.9642071006238744,0.9049141702447232,0.8799563293608903,scored,-2.170182420839548,19.0,XLK,True,0.6940735432693126,0.0538041506410319,,no_data,0.0
2026-10-02,GPI,298,1.0,0.9961207725123882,0.927848134529248,0.8618101790470681,0.8788202070241857,0.6644141117772077,scored,-0.2783015243406413,19.0,XLY,True,11.426699456750816,0.0457360689111063,,no_data,0.0
2026-10-02,GPN,298,1.0,1.028607630527724,1.0397265323602176,0.9057149585205384,0.7960928061177203,0.7901986981819556,scored,-0.3427798256749415,19.0,XLF,True,2.531694074556708,0.0323002561183555,,no_data,0.0
2026-10-02,GPOR,298,1.0,1.0213080198151006,1.020900332009689,1.0398804026995905,1.0292488062927825,0.9088336707712172,scored,-1.56177440774518,19.0,XLE,True,4.7639080843375705,0.0308543269710982,,no_data,0.0
2026-10-02,GPRE,298,1.0,0.8661663497359992,0.8133367887083698,0.7225564836990965,0.5432258516491831,0.5166793707366774,scored,0.9808616243639272,19.0,XLE,True,0.5848129224347429,0.0383987473693199,,no_data,0.0
2026-10-02,GRAL,298,1.0,1.0086220210393544,0.9444392996021754,0.8557323931156674,0.8977461059123985,0.9978369269445644,scored,1.507020042535227,19.0,XLV,True,8.510106700946658,0.0594032297985945,,no_data,0.0
2026-10-02,GRBK,298,1.0,1.0007639493453406,1.0521702041807346,1.1171406868994282,1.053149620840529,0.9359771747635854,scored,0.5102678771804748,19.0,XLP,True,1.8186020313957367,0.0272817586468007,,no_data,0.0
2026-10-02,GRDN,298,1.0,1.0472557254428152,1.0536756922467485,1.0044728040780762,0.982102904390642,0.8168021933414764,scored,1.0959613329743882,19.0,XLV,True,1.6890834424028085,0.0398556734875603,,no_data,0.0
2026-10-02,GRMN,298,1.0,1.069141472493531,1.1467852658141795,1.2711469163421747,1.4900857637827192,1.5339241050967238,scored,1.344097083635038,19.0,XLP,True,7.160604049252384,0.0254680752925465,,no_data,0.0
2026-10-02,GRND,298,1.0,0.9922816374311598,0.9323804198031344,0.9492056301215248,0.9592446054264848,0.953206777516606,scored,-0.0306608956019534,19.0,XLC,True,0.7249427487752184,0.0539793558283855,,insufficient_history,1.0
2026-10-02,GRPN,298,1.0,0.8741951709455588,0.8672673421623199,0.9482966020821152,0.9658669821661904,1.0861528045968731,scored,1.1384281183399445,19.0,XLY,True,1.1245349389352397,0.0582358849785209,,no_data,0.0
2026-10-02,GS,298,1.0,0.9721520669309064,0.9038407064061555,0.7599157312236046,0.7190020762673056,0.7574963556062025,scored,-0.6338500813215836,19.0,XLF,True,23.904776686062903,0.0264855263761554,,no_data,0.0
2026-10-02,GSAT,298,1.0,0.9989431882481986,0.9259388599151044,0.7484463109774089,0.6093402717712462,0.5976403719742176,scored,-0.2282020861756288,19.0,XLC,True,0.6493150436164606,0.0078023917762131,,no_data,0.0
2026-10-02,GSHD,298,1.0,1.1039080633772982,1.101453964633645,1.1160117048778098,1.1527982356828148,1.2994815710481649,scored,-1.506259279663393,19.0,XLF,True,3.1156129522971048,0.0684599637947067,,no_data,0.0
2026-10-02,GSK,298,1.0,1.012652525285222,1.0120425918699207,0.9823697739661416,1.02565076427449,0.9868438526854894,scored,0.1890216469067942,19.0,XLV,True,0.9508771989524564,0.020218524323888,,insufficient_history,3.0
2026-10-02,GTES,298,1.0,1.016774523436209,0.9671165772402032,0.8921415097886075,0.8297259843967485,0.8285485005103704,scored,1.5099337344967818,19.0,XLI,True,0.8695074936750736,0.0314469256302015,,no_data,0.0
2026-10-02,GTLB,298,1.0,1.0011808631937698,0.9946864730440788,0.8898590019647872,0.8655865901161972,1.00700130337602,scored,-1.0729125790873664,19.0,XLK,True,2.09866567198788,0.0421588122134969,,no_data,0.0
2026-10-02,GTX,298,1.0,1.1050823880508605,1.08882534343332,1.106195971385219,1.240415543777702,1.4435373243367902,scored,-0.2719926045952818,19.0,SPY,False,0.8557058889883371,0.0316108566305259,,no_data,0.0
2026-10-02,GTY,298,1.0,0.9722646806585208,1.042319301941836,1.0620730075060507,1.1510753679519976,1.049047288215719,scored,-0.8047420181421187,19.0,XLRE,True,0.6188549441158593,0.0219452107842503,,no_data,0.0
2026-10-02,GVA,298,1.0,1.0707154798223877,1.116807018320889,1.1447543490861627,1.2491736114459,1.0582811004409485,scored,0.0104173321882128,19.0,XLI,True,3.3416651234858583,0.0278657865534177,,no_data,0.0
2026-10-02,GWRE,298,1.0,1.1540102255642786,1.2677568424683288,1.2977572527558965,1.2532462712297696,1.176194848543412,scored,-1.1753015275561731,19.0,XLK,True,8.078641416780274,0.0530965587695055,,no_data,0.0
2026-10-02,GWW,298,1.0,0.9626231685081182,0.910899792055535,0.8026119350602003,0.7771098821970984,0.702810953983515,scored,-1.1781658104010402,19.0,SPY,False,25.769384883872437,0.0201276145308696,,no_data,0.0
2026-10-02,GXO,298,1.0,0.919828958517045,0.8215693574822904,0.7332275120875625,0.7664802764072257,0.7236113148692827,scored,0.9925056703657862,19.0,SPY,False,1.4346763105134168,0.0308134946416111,,no_data,0.0
2026-10-02,H,298,1.0,0.9882625284438608,0.9372868264233998,0.865155244067137,0.8046903320293655,0.8430444058111978,scored,-0.0997731765748912,19.0,XLY,True,4.634793131091218,0.0291679869798062,,no_data,0.0
2026-10-02,HAE,298,1.0,1.113295510765368,1.2075567120301465,1.352531746552866,1.3755526592315002,1.5102282792575337,scored,0.9917093565835404,19.0,XLV,True,2.620058248448769,0.0250292152125407,,no_data,0.0
2026-10-02,HAFN,294,1.0,1.055734354762934,1.0610265616869778,1.0590547322944597,1.0902344451816215,1.2293762833275572,scored,1.590244125933604,19.0,SPY,False,0.3657925410689201,0.0356870771774556,,no_data,0.0
2026-10-02,HAL,298,1.0,1.0298480911730663,1.0592424452759177,1.1313519689701896,1.17897892669728,0.8836867224313003,scored,-2.3056674242145885,19.0,XLE,True,0.8891723188076813,0.0279174982357199,,no_data,0.0
2026-10-02,HALO,298,1.0,1.1121859574613442,1.176034020970474,1.229071593636306,1.3579824594234555,1.4310605314081213,scored,0.4141425543745851,19.0,XLV,True,3.066105960124061,0.0279092113610418,,no_data,0.0
2026-10-02,HAPN,298,1.0,0.934328585601018,0.877920740400013,0.8229685686417453,0.7500244144381285,0.7440371295535718,scored,-1.0802248567237438,19.0,XLF,True,0.5504424342895866,0.0357894950773463,,no_data,0.0
2026-10-02,HAS,298,1.0,0.9348393600973548,0.851735959738732,0.8025329378117754,0.9019596354599686,0.9864801980309312,scored,-1.2232751575847702,19.0,SPY,False,2.32698118328794,0.0259881749306225,,no_data,0.0
2026-10-02,HASI,298,1.0,0.9540907953153542,0.9332829129150736,0.935016122230174,0.9100554651897906,0.8173730518756077,scored,-0.9979338246446486,19.0,XLF,True,0.9078527106848144,0.0250304028311225,,no_data,0.0
2026-10-02,HAWK,103,1.0,0.7792706406095365,0.7601910528557565,0.8526921304003754,0.9408614010006116,1.2519043263838148,scored,-0.5085661293618111,19.0,XLI,True,0.8811072575831197,0.0594940754613855,,no_data,0.0
2026-10-02,HAYW,298,1.0,0.9307728066507592,0.9303179466714392,0.9836253288450156,1.0554426450673668,0.9094511915612188,scored,-0.9558037995280856,19.0,SPY,False,0.3359530018766995,0.0270929840223144,,no_data,0.0
2026-10-02,HBAN,298,1.0,0.9706732886080144,0.9793294623559926,0.9575773483228008,0.9366518522365184,1.1006318203084893,scored,-0.7826717245210356,19.0,XLF,True,0.3538810416490425,0.0230842166763889,,no_data,0.0
2026-10-02,HBM,298,1.0,1.0044650111963818,1.0027411199776974,1.0404137548119428,0.9030401343637712,1.0111988602594375,scored,1.356964933270813,19.0,XLB,True,1.2866744253817015,0.0473042068155037,,no_data,0.0
2026-10-02,HCA,298,1.0,0.9336052625719614,0.9080553072157164,0.9739072924904164,1.0549832251347029,0.980888638439315,scored,0.7084930420932187,19.0,XLV,True,12.10266532854576,0.0283640707036625,,no_data,0.0
2026-10-02,HCC,298,1.0,0.9317497135399636,0.8968288328679086,0.9337099312937271,0.9586680072408852,0.8647188271291223,scored,-1.149308267401083,19.0,XLB,True,3.757265636969565,0.0420510983432519,,no_data,0.0
2026-10-02,HCI,298,1.0,1.0721791367176656,1.0726582162489948,1.0254275710586809,1.0693468661002286,1.121004145504776,scored,0.3499598590458186,19.0,XLF,True,4.486366596737813,0.0243493438086177,,no_data,0.0
2026-10-02,HD,298,1.0,0.9483080784636044,0.9469841648606034,0.9430091656460992,1.003636393212024,1.128726915971179,scored,-1.598462786757707,19.0,XLY,True,6.697519922198192,0.0236786986819805,,no_data,0.0
2026-10-02,HDB,298,1.0,0.9277852121476828,0.9265104956959468,0.876633593466839,0.974198104602708,0.9180603317371624,scored,-0.0458718322024164,19.0,XLF,True,0.584192864271332,0.0261500834499253,,no_data,0.0
2026-10-02,HEI,298,1.0,0.944033285209724,0.903344274967956,0.8763628259650917,0.928220521543872,0.9816409109131258,scored,-0.9279028712380936,19.0,XLI,True,7.958355453286424,0.0263129623186854,,no_data,0.0
2026-10-02,HEI.A,298,1.0,0.9334984223647048,0.895887249984509,0.835525641979776,0.8399109191528595,0.8835532610656346,scored,-0.3386890319470383,19.0,XLI,True,6.166427000804464,0.0274258450489435,,no_data,0.0
2026-10-02,HELP,298,1.0,1.0592748133155634,1.0359454447045942,0.9360142109914666,0.9638830155366104,1.0749995634490996,scored,0.2672215938285787,19.0,XLV,True,0.887100558047184,0.0758205605168533,,no_data,0.0
2026-10-02,HESM,298,1.0,0.8904618312875913,0.8581963912967563,0.8444414642677872,0.9013308306814876,1.1240062000952415,scored,-0.381838476145409,19.0,XLE,True,0.8436323271792532,0.0223478762166689,,no_data,0.0
2026-10-02,HGV,298,1.0,0.9941050852105774,0.9458854597010768,0.8643862204152009,0.863192344924876,0.8354633920612828,scored,-1.882874742486751,19.0,XLY,True,1.3452086136439425,0.0385888873678698,,no_data,0.0
2026-10-02,HHH,298,1.0,1.0932493061194557,1.0793065070231422,1.0426344589903422,0.9860547053231198,1.0394397896783765,scored,1.2521763181226455,19.0,XLRE,True,2.572644586941316,0.0362140285323946,,no_data,0.0
2026-10-02,HIG,298,1.0,0.944049075079888,0.9173460963129324,0.9856365748410876,1.100602385351671,0.9286915353389188,scored,-0.8555917583887301,19.0,XLF,True,2.559587062664205,0.0203061250508862,,no_data,0.0
2026-10-02,HII,298,1.0,0.9546467492468704,0.9316255036046645,0.9339309552671335,0.9836384868376687,1.129044259060347,scored,-1.0343514532580682,19.0,XLI,True,7.572998889954406,0.0282006363668518,,no_data,0.0
2026-10-02,HIMS,298,1.0,0.9578878474031102,0.9686928761583128,1.0013813255332056,1.1794395218455065,1.195859313877792,scored,-0.7276447270569285,19.0,XLV,True,1.735584354244002,0.0598477363532414,,no_data,0.0
2026-10-02,HIW,298,1.0,0.9789720300910364,0.9657785338103786,0.9728928587711464,1.0366549630453008,1.4281736024291567,scored,0.5615001781017954,19.0,XLRE,True,0.7362907088689914,0.0248159996248396,,no_data,0.0
2026-10-02,HL,298,1.0,0.9707767379532546,1.0136751946985316,1.0770278033616314,0.9549528832025508,0.9893832416421078,scored,-1.2494953445931178,19.0,XLB,True,0.8662602249577034,0.0503639665673083,,no_data,0.0
2026-10-02,HLF,298,1.0,0.97512128091685,0.9867799615372808,1.0661825184123996,1.0418706798604391,1.191075432814622,scored,0.5582106494750075,19.0,XLP,True,0.469678198085426,0.0373947609940625,,no_data,0.0
2026-10-02,HLI,298,1.0,1.0263033745639605,1.0193064610797975,0.9909348871925387,0.977703025278608,0.8827842036374868,scored,0.7937798674979061,19.0,XLF,True,4.268616231971837,0.0337787151378637,,no_data,0.0
2026-10-02,HLIO,298,1.0,0.9865634171071214,0.9391084921965712,0.9134367561168454,0.8811795151233519,0.8392110973564457,scored,0.8191878049598844,19.0,XLI,True,2.278790074663544,0.0317778562915011,,no_data,0.0
2026-10-02,HLNE,298,1.0,1.0858151618135392,1.113759154053611,1.1199416150551325,1.2088343846520404,1.472797355297449,scored,-1.1467723760608792,19.0,XLF,True,3.6765896698194656,0.0422402305815655,,no_data,0.0
2026-10-02,HLT,298,1.0,0.9047700942095256,0.8483119801768729,0.830641131127986,0.7823967646538731,0.732766171454304,scored,0.5374962225062729,19.0,XLY,True,6.529563084884509,0.0204457761926493,,no_data,0.0
2026-10-02,HMC,298,1.0,1.0047041032820632,0.9451539068596276,0.8115528984030675,0.8584049736234522,1.0373096490880966,scored,-0.1425363805831638,19.0,XLY,True,0.5928369807233282,0.0189102705174905,,insufficient_history,1.0
2026-10-02,HMY,298,1.0,1.0469523520688282,1.0870328240311808,1.0514246945750194,0.8999536827214858,0.8835435528436907,scored,0.6906033845214555,19.0,XLB,True,0.7536522644298647,0.0433631912790486,,no_data,0.0
2026-10-02,HNGE,298,1.0,1.0164522859135097,1.0639116948612963,1.1108505966145648,1.1549606769239067,1.2158619258259706,scored,0.6609547763733106,19.0,XLV,True,4.032692026659192,0.0412889528684262,,no_data,0.0
2026-10-02,HNI,298,1.0,1.066523449535535,1.175339448877342,1.2806991067066211,1.4925709930041229,1.959863350267492,scored,-0.8616090567446378,19.0,SPY,False,1.4335193178484549,0.0306176701804454,,no_data,0.0
2026-10-02,HOG,298,1.0,0.8167629316238256,0.7991828959051315,0.8158620142655004,0.8479941585759689,0.924719257030228,scored,-1.0582145889448735,19.0,XLY,True,0.8870633563960818,0.0361329269407772,,no_data,0.0
2026-10-02,HOMB,298,1.0,0.8873660371940522,0.7837882849298148,0.7534994044524004,0.7526167135173597,0.8607272895087053,scored,0.1438818578641016,19.0,XLF,True,0.4964705147967641,0.0173167253155481,,no_data,0.0
2026-10-02,HON,298,1.0,1.0121462765827904,1.0164398123680607,0.981823902312388,1.0080609315847866,0.9577566030609688,scored,1.019261490090471,19.0,XLI,True,4.48636201947902,0.0209652881886023,,no_data,0.0
2026-10-02,HONA,77,1.0,0.7578492478985702,0.668217888825001,0.5177493587390766,0.3417712723618702,0.3757250169317711,scored,0.780295475292889,19.0,XLI,True,6.001910417267748,0.0388146570346488,,no_data,0.0
2026-10-02,HOOD,298,1.0,1.004786888106157,0.9875976689268512,0.8940888970582134,0.8218602513375863,0.8301356783932492,scored,0.3685405650115827,19.0,XLF,True,6.2614842002570965,0.0555391538074959,,no_data,0.0
2026-10-02,HP,298,1.0,0.904955482887625,0.935542427671808,0.9478848650233848,0.9101743854841782,0.8544200757505853,scored,-2.7209601391997804,19.0,XLE,True,1.501545679592989,0.0389404999894447,,no_data,0.0
2026-10-02,HPE,298,1.0,1.0328513349334325,1.0714975999533785,1.0536235477796767,1.0003693678073824,1.043948736853115,scored,0.9419437724389886,19.0,XLK,True,3.763075714787984,0.0542777400084809,,no_data,0.0
2026-10-02,HPQ,298,1.0,0.8890140048771051,0.8355868057648095,0.8257977798612982,0.9094146093948788,0.95758465333416,scored,-0.7710264839656656,19.0,XLK,True,1.37256602408056,0.0427324415965305,,no_data,0.0
2026-10-02,HQY,298,1.0,1.0008324820798489,0.936923797090054,0.7823900413673435,0.6367889418596145,0.6376137787161017,scored,-0.8492392366404903,19.0,XLV,True,2.6663466277919925,0.0296129123477564,,no_data,0.0
2026-10-02,HR,298,1.0,1.0313789049167654,1.0578765533880374,1.0835237340153316,1.1502380155107712,1.2185770903386688,scored,-0.1143848847095797,19.0,XLRE,True,0.3208135502727388,0.0183636834729673,,no_data,0.0
2026-10-02,HRB,298,1.0,1.0343026025781326,0.9988481003958408,0.919796306870324,1.0500412263949033,1.3554064822716827,scored,-2.621515221515346,19.0,SPY,False,1.554412565228832,0.0372939674958932,,no_data,0.0
2026-10-02,HRI,298,1.0,1.0202989548478425,1.0004071310208615,0.9437947733374056,0.8981119365741493,1.0791357919946012,scored,-0.2259906648523363,19.0,SPY,False,7.880682273494057,0.0569536913600784,,no_data,0.0
2026-10-02,HRL,298,1.0,0.9528773679959424,0.9592068234380248,0.983387663936998,0.9630650914792857,1.0493700244516355,scored,-1.100784961856088,19.0,XLP,True,0.468290253246852,0.0231254446047828,,no_data,0.0
2026-10-02,HRMY,298,1.0,1.0580029869786165,1.0793513743739886,1.0259430604750648,1.095268229894434,1.397250331942134,scored,-1.2772138643199211,19.0,XLV,True,1.3123212274281577,0.0331059845466235,,no_data,0.0
2026-10-02,HSAI,298,1.0,0.9979118981573738,1.014035873035536,0.9273727244734864,0.886424777033571,0.7908032726647658,scored,0.0282280390245374,19.0,SPY,False,0.6607722015732136,0.0429630820268669,,no_data,0.0
2026-10-02,HSBC,298,1.0,0.9474470580068176,0.9097327333234272,0.81547024932296,0.8057545970132705,0.7026107189965022,scored,0.8379389226745263,19.0,XLF,True,1.8041749602892736,0.0187661219085632,,insufficient_history,1.0
2026-10-02,HSIC,298,1.0,0.9785326546852898,0.9365313039250398,0.9273129178735172,0.8039623484511506,0.841562109236272,scored,-0.4564251363426313,19.0,XLV,True,1.8008495253264052,0.0212164175933836,,no_data,0.0
2026-10-02,HST,298,1.0,0.9625141681563782,0.9817423760014758,1.0023814720130104,0.949540580411409,0.938402555500232,scored,2.253055570705633,19.0,XLRE,True,0.4276670615664223,0.0189568732963839,,no_data,0.0
2026-10-02,HSY,298,1.0,1.1081260455626418,1.107923602715516,1.187417843549229,1.1328544367778606,1.1552844647140663,scored,-1.4430274886306034,19.0,XLP,True,3.483509220292065,0.0217461091222427,,no_data,0.0
2026-10-02,HTFL,290,1.0,1.0377198491207835,1.0782322080153472,1.025998278392139,1.0086801338439222,1.1278718536013383,scored,-0.0768426809318292,19.0,XLV,True,2.3350927237910315,0.0473457567678635,,no_data,0.0
2026-10-02,HTGC,298,1.0,0.9693308996582064,0.9811021470533544,0.986685464454791,1.035009432611515,1.3159848712089226,scored,0.5008021593751415,19.0,XLF,True,0.3163087062048847,0.0188953826884638,,no_data,0.0
2026-10-02,HTHT,298,1.0,0.988152291593704,0.9961491920371786,0.9701948807821568,0.9747759371509404,1.0786559342853148,scored,-0.473805081386086,19.0,XLY,True,0.9652099515285788,0.0231022008503728,,no_data,0.0
2026-10-02,HTO,298,1.0,0.9755093509361628,0.9444052551284317,0.88357292578639,0.7188704704098776,0.6466679512055504,scored,1.072810525151481,19.0,XLU,True,1.3001307571854863,0.0216219982901294,,no_data,0.0
2026-10-02,HUBB,298,1.0,0.953395913905256,0.8832179339249878,0.8774743470833211,0.8552531247846903,0.7523684211850261,scored,0.2865655403724998,19.0,SPY,False,12.86299389519244,0.0270503741066462,,no_data,0.0
2026-10-02,HUBG,298,1.0,0.970470728437335,0.8667040954644558,0.903401067308192,0.9647117057824034,1.0508103057645608,scored,-2.4909177644996845,19.0,SPY,False,1.4342454336241506,0.0481775422782717,,no_data,0.0
2026-10-02,HUBS,298,1.0,1.0522001216996693,1.0754528088229778,0.9796290709047042,0.8211169212711937,0.708765315465704,scored,-0.3436575142374515,19.0,XLK,True,13.854534228000412,0.0645808708712087,,no_data,0.0
2026-10-02,HUM,298,1.0,1.0957484286118426,1.1570044203570051,1.2587458917203858,1.460733436932107,1.840124407399926,scored,0.6641300693085055,19.0,XLV,True,13.318008791092351,0.0342929467275011,,insufficient_history,1.0
2026-10-02,HURN,298,1.0,1.0353574574322555,0.999841786590383,0.9850084037819624,0.9407811006948756,0.9766788552842464,scored,-0.2527622613496474,19.0,SPY,False,5.553472894042802,0.0342489848537946,,no_data,0.0
2026-10-02,HUT,298,1.0,0.9913557956843084,0.9388443444764888,0.8449547511202873,0.6499608291524417,0.6962099072328738,scored,-0.2375316062334242,19.0,XLK,True,7.278784183194751,0.0812092400222554,,no_data,0.0
2026-10-02,HWC,298,1.0,0.9738866552620324,0.909044654657438,0.8624516130269364,0.8834376836277227,1.0019717972711144,scored,1.318154684187584,19.0,XLF,True,1.438682742936206,0.0196837151858832,,no_data,0.0
2026-10-02,HWKN,298,1.0,1.1654613248843153,1.2697712188193464,1.3308170852943155,1.2066498164712909,1.091660193513711,scored,1.120703371097611,19.0,XLB,True,4.0223200447224805,0.0306089342114183,,no_data,0.0
2026-10-02,HWM,298,1.0,0.945002664647832,0.9468589130089268,0.8999577918558022,1.0224199553069135,0.9473628175347248,scored,-0.6116640223412411,19.0,XLI,True,7.041981616694158,0.0304491789540111,,no_data,0.0
2026-10-02,HXL,298,1.0,0.9587865986385375,0.9596142097110032,1.0013761458164656,1.0164882303516534,0.9538334082223788,scored,-0.4380870662809979,19.0,XLI,True,2.415709762966338,0.0279563680472901,,no_data,0.0
2026-10-02,HYMC,298,1.0,1.0029911516626815,1.0087914469954116,1.0253788463049205,1.089721588269796,1.2962702406323354,scored,-0.5472874715088031,19.0,XLB,True,1.445257134203179,0.0772451701872356,,no_data,0.0
2026-10-02,HZO,298,1.0,0.9949371677281944,0.9076912561258224,0.7949904791409441,0.7243617463679146,0.6724533248944679,scored,0.5495728497717067,19.0,XLY,True,0.2859457316247736,0.0054621916260701,,no_data,0.0
2026-10-02,IAG,298,1.0,0.9795272767673884,1.0213111830504575,1.0659614206709944,0.940762915873216,0.980557785772321,scored,0.129637926081826,19.0,XLB,True,0.7887993456582301,0.0425917573249584,,no_data,0.0
2026-10-02,IBKR,298,1.0,0.916630549395032,0.8604321617322724,0.7495480297281822,0.6550855874052501,0.5884253562008133,scored,0.133080473695605,19.0,XLF,True,2.8130006344170786,0.0318573118280529,,no_data,0.0
2026-10-02,IBM,298,1.0,1.0739329650441884,1.128967813086469,1.1625394470564692,1.1808790734783967,0.7674511033338262,scored,-1.3801075498519573,19.0,XLK,True,6.848408553283352,0.0307600096715924,,no_data,0.0
2026-10-02,IBN,298,1.0,0.9290845418289628,0.9544011948166834,1.0217449616030465,1.2150681348515255,1.141288051126982,scored,-0.7256111084228263,19.0,XLF,True,0.4483890400459849,0.0163407084564863,,no_data,0.0
2026-10-02,IBOC,298,1.0,0.9201844241237028,0.8363894505489147,0.7388296937606299,0.6580107771858914,0.5743965819213072,scored,1.656889777536125,19.0,XLF,True,1.1015842376836444,0.0157729701844737,,no_data,0.0
2026-10-02,IBP,298,1.0,0.9141888151517064,0.9051917474316716,0.9431883707133872,0.9299207391560136,0.8789064183898425,scored,0.1785040097311695,19.0,XLP,True,9.188451143625798,0.0476085551483202,,no_data,0.0
2026-10-02,IBRX,294,1.0,1.0276454100084351,1.1140235574955455,1.317116695908859,1.4538951491200718,1.4072985103349582,scored,1.6676611638302463,19.0,SPY,False,0.6064103230319282,0.0589606536734981,,insufficient_history,1.0
2026-10-02,ICE,298,1.0,1.0756583807199926,1.0974426960044033,1.081703824891707,1.1433327553567287,1.231707831404801,scored,1.2000834975053558,19.0,XLF,True,3.305055543601627,0.0220116919320787,,no_data,0.0
2026-10-02,ICHR,298,1.0,0.9989536722025044,1.0157574679589585,0.949739277722429,0.8638645381578987,0.9239250279586236,scored,0.6891974942580739,19.0,XLK,True,3.376638638038627,0.0536655854742312,,no_data,0.0
2026-10-02,ICLR,298,1.0,0.9804472327225028,1.0245717223904771,0.9743637168311364,0.9753737875953962,0.9176914247962528,scored,0.9734939729615236,19.0,XLV,True,6.478607167537114,0.0399790630517563,,no_data,0.0
2026-10-02,ICUI,298,1.0,1.0256931310818374,1.037060798900466,1.0240869825054375,0.8273140248936453,0.932904689611472,scored,-0.9847893182646535,19.0,XLV,True,4.625760655580615,0.0290234700437985,,no_data,0.0
2026-10-02,IDA,298,1.0,0.9052408574468048,0.9125875673537666,0.8416096171110592,0.8788438237951066,1.0057296583953448,scored,2.192270844978859,19.0,XLU,True,2.509236125795808,0.0188962732569908,,no_data,0.0
2026-10-02,IDCC,298,1.0,0.9377448450900624,0.9393785126053176,1.0124321516298556,1.1889206030040975,1.1742379350286838,scored,-0.4835012989485113,19.0,XLK,True,11.274731744516874,0.033642860216981,,no_data,0.0
2026-10-02,IDT,296,1.0,1.037989187978365,1.0307462836127812,1.0582378985746683,1.2341548514015166,1.2876220579781747,scored,0.7402324343491238,19.0,SPY,False,2.881455041858854,0.0364833507452374,,no_data,0.0
2026-10-02,IDXX,298,1.0,0.8913092086905389,0.7218857004599083,0.5989494411309703,0.4639151635659234,0.3787586511239898,scored,-0.5576820418287245,19.0,XLV,True,12.818521776692524,0.0247275637583528,,no_data,0.0
2026-10-02,IDYA,298,1.0,0.8672228812763756,0.8019984702321805,0.6799886811609522,0.6448900019389572,0.6015763576272051,scored,-0.5410639662816898,19.0,XLV,True,1.50058666735536,0.040165596021289,,no_data,0.0
2026-10-02,IE,298,1.0,0.9665066123192488,0.9481733724780294,1.003109480127154,0.9315536171611278,1.1387943557452125,scored,0.5407783773760823,19.0,XLB,True,0.7148523472443152,0.0684724470540531,,no_data,0.0
2026-10-02,IESC,298,1.0,0.9817403898547198,0.8530933544968695,0.7832919966611838,0.595086353075311,0.4459953511790592,scored,1.8652959132254296,19.0,XLI,True,16.080035850124453,0.0473862080807581,,no_data,0.0
2026-10-02,IEX,298,1.0,0.8643300557221587,0.7912179620794441,0.6925373155839933,0.6652498306823624,0.7005447121527768,scored,1.1674294525433715,19.0,XLI,True,4.60221910842992,0.01975286110318,,no_data,0.0
2026-10-02,IFF,298,1.0,0.8964458968593113,0.94009374884688,0.9600878164395878,0.777891983795598,0.6161734622954268,scored,0.7866593465942331,19.0,XLB,True,1.8027707875611592,0.0218729772817418,,no_data,0.0
2026-10-02,IIPR,296,1.0,0.928248542956109,0.8984526773071217,0.8020998360993036,0.6450070727726266,0.574388681008065,scored,-1.8451346364741532,19.0,SPY,False,1.323684844028239,0.0262012043552699,,no_data,0.0
2026-10-02,ILMN,298,1.0,1.0621416268601014,1.0495347302796745,1.0208457919858818,0.9058494845013402,0.6903674854727493,scored,2.001702105383522,19.0,XLV,True,11.196307550230555,0.0410061073477532,,no_data,0.0
2026-10-02,IMAX,298,1.0,1.021555344323868,0.9999233524958508,0.9488832305955182,0.9513904968635816,0.9395572559757992,scored,1.4454220851166948,19.0,XLC,True,1.9063643127790852,0.0361601728524105,,no_data,0.0
2026-10-02,IMMX,296,1.0,0.9492153871260576,1.0086611320658576,1.1187271082530172,1.1429125625430478,1.1336596067720477,scored,-1.6720329633997386,19.0,SPY,False,0.8869671135244528,0.0916288340417823,,no_data,0.0
2026-10-02,IMNM,298,1.0,0.897082129629283,0.795890716309326,0.7097803249514056,0.8115668462616435,0.897768809095119,scored,-0.5907942219998534,19.0,XLV,True,1.1460426556669892,0.0548345768261717,,no_data,0.0
2026-10-02,IMO,298,1.0,1.044462138183286,1.0907158468450835,1.1347824321597673,1.2207426266251866,1.460627373251958,scored,-0.6531328194584037,19.0,XLE,True,3.0130694594190093,0.0239741363734803,,no_data,0.0
2026-10-02,IMVT,298,1.0,0.8785987277933303,0.7917950041625385,0.7299072920713693,0.7270407779133246,0.6667195546896095,scored,-0.9436232051338024,19.0,XLV,True,1.3919602487114673,0.0414027438641126,,no_data,0.0
2026-10-02,INBX,298,1.0,0.962350844323202,0.9386469513680216,0.9772085020635204,1.077647015511532,1.1909221215775894,scored,-2.0854687695980583,19.0,XLV,True,6.914570013203997,0.0712915765873182,,no_data,0.0
2026-10-02,INCY,298,1.0,1.0042344621958794,0.9733263639342504,0.8507903921271233,0.7348638638286454,0.716779024441385,scored,-0.2821153314830658,19.0,XLV,True,3.354956876433857,0.0290976311919675,,no_data,0.0
2026-10-02,INDB,298,1.0,0.9392224402447524,0.8259675304959169,0.7640904425669615,0.7186668633497949,0.7679117955472373,scored,0.0050153662354264,19.0,XLF,True,1.6030410379387685,0.020022995727439,,no_data,0.0
2026-10-02,INDV,298,1.0,1.1045567135277616,1.0882842419925352,1.1034134911800977,1.0813302521647976,1.2199385425322686,scored,0.9032031764846162,19.0,XLV,True,0.99966773636953,0.0279940559050554,,no_data,0.0
2026-10-02,INFQ,298,1.0,1.0174258592725565,0.9897973393449804,0.984055726407124,0.9581166788411872,0.9785900661382196,scored,0.3849890623444474,19.0,XLK,True,0.8496511628735921,0.0646122557318321,,no_data,0.0
2026-10-02,INFY,298,1.0,0.9719718786761778,0.9266649383522092,0.810423650881571,0.7582984184310119,0.7457676532800593,scored,-1.1623766132688786,19.0,XLK,True,0.3577947853339107,0.0324089479469122,,no_data,0.0
2026-10-02,ING,298,1.0,0.9948679789819512,0.9749777197000046,0.9504479319745508,0.911042208910438,0.7610465771941983,scored,1.4075172119069144,19.0,XLF,True,0.6532659372345787,0.0187828044058245,,insufficient_history,1.0
2026-10-02,INGM,298,1.0,1.053704073479438,0.9924956089998188,0.8843943183951439,0.8002355841353681,0.6716511716016572,scored,0.5008868959939486,19.0,SPY,False,1.0012096740184622,0.0351301640006477,,no_data,0.0
2026-10-02,INGR,298,1.0,0.9439714405978976,0.9222852858006264,0.8673323209350646,0.9316682040182775,1.1506306984235506,scored,-0.2910867300046508,19.0,XLP,True,1.7570827771182471,0.018431582682453,,no_data,0.0
2026-10-02,INIO,84,1.0,0.8418807118256287,0.7996788689838585,0.7371286816905651,0.7517520057434769,0.5649679372721241,scored,-0.4375130251640807,19.0,SPY,False,1.4342995789899122,0.0717508543766839,,no_data,0.0
2026-10-02,INOD,298,1.0,1.0715381644918274,1.0610230027286618,1.0879976071056712,1.233793995538416,1.4729961797819655,scored,1.5270055166686138,19.0,SPY,False,4.572893917346746,0.0652617941679284,,no_data,0.0
2026-10-02,INSM,298,1.0,0.9828951965948196,0.9740137662867588,0.8770077479485332,0.8462401238747983,0.867387860397454,scored,-0.6101606999348758,19.0,XLV,True,5.001176435940288,0.0450069873644734,,insufficient_history,1.0
2026-10-02,INSP,298,1.0,1.0954285211532302,1.112498383192131,1.158908687865902,1.0941145562030747,1.0906651381023684,scored,1.1693250196833602,19.0,XLV,True,3.569363149057819,0.0510127647428586,,no_data,0.0
2026-10-02,INSW,298,1.0,0.9919041515001632,0.95643737975729,0.9061925107885452,0.8051143596436852,0.7617959843231167,scored,1.519651367209931,19.0,XLE,True,4.24479966655658,0.0366531358825367,,no_data,0.0
2026-10-02,INTA,298,1.0,1.165386685368727,1.2833502155311451,1.3379031654260805,1.4339790859075168,1.6940085058953402,scored,-1.5141780478390536,19.0,XLK,True,1.6004816784087124,0.0438608297727791,,no_data,0.0
2026-10-02,INTC,298,1.0,1.0060734010722894,0.9392057236304256,0.9855547804384552,1.1028866127459631,1.2239123209053286,scored,1.7792142474373782,19.0,XLK,True,6.143667783833907,0.0514846877049686,,no_data,0.0
2026-10-02,INTU,298,1.0,1.069948438360217,1.1310739340636926,1.1120268392778434,1.1079385879906989,1.3851693373079306,scored,-1.427889358902,19.0,XLK,True,12.582156782187376,0.0447636145659149,,no_data,0.0
2026-10-02,INVA,298,1.0,1.0118997953548072,1.033576741007613,1.1219973737954927,1.1766645308778692,1.339760282092508,scored,0.6025131166748958,19.0,XLV,True,0.5005276494968042,0.0244159829022831,,no_data,0.0
2026-10-02,INVH,298,1.0,0.8919604161220622,0.8574020978287542,0.8351858864784508,0.716300313140886,0.8179567452979386,scored,-0.7733697966298139,19.0,XLRE,True,0.4400833362923815,0.0169002817316582,,no_data,0.0
2026-10-02,INVX,298,1.0,0.969616249343768,0.9708566285837668,0.8872224267745866,0.7123196915326522,0.556281698631907,scored,-1.2442206758835228,19.0,XLE,True,1.0775708482550113,0.0394570065270967,,no_data,0.0
2026-10-02,IOND,48,1.0,0.9334391919487188,0.8398201238361214,0.8165672468653151,0.4899642596851907,0.5196285883108783,scored,1.0639129072675455,19.0,SPY,False,4.27642057538462,0.0516975408049397,,no_data,0.0
2026-10-02,IONQ,298,1.0,1.0328067884057504,1.0821698478751889,1.1380706238861604,1.221068153959272,1.3330575382865548,scored,1.1885681943938806,19.0,XLK,True,2.696417174438825,0.0616042306246019,,no_data,0.0
2026-10-02,IONS,298,1.0,1.1897466847181664,1.2365729376380623,1.3332595424726634,1.4968906448556325,1.4962283269963033,scored,-2.0972605528671395,19.0,XLV,True,2.099967378986049,0.04823076203459,,no_data,0.0
2026-10-02,IOSP,295,1.0,0.9931100587620318,1.0412425013122155,1.151220893303292,1.1944879387972702,1.4487545907844517,scored,-0.3276084198816408,19.0,SPY,False,2.225376933153653,0.0228454669248912,,no_data,0.0
2026-10-02,IOT,298,1.0,1.0789305164819485,1.065265905905621,0.9328630334596444,0.7841778301740095,0.640942502575941,scored,0.1946244675712352,19.0,XLK,True,1.966883754657296,0.0478327761346618,,no_data,0.0
2026-10-02,IOVA,298,1.0,1.0264717011486206,0.9880247789536089,0.9624681268931092,0.7851466474434151,0.6460037153607263,scored,1.5522931553610877,19.0,XLV,True,0.8461544214822566,0.0595254605333982,,insufficient_history,1.0
2026-10-02,IP,298,1.0,1.011503619475837,1.032724732469378,1.0599447044803347,1.0200229364101625,1.027070223139822,scored,-0.2523058193577364,19.0,SPY,False,1.1772978106524616,0.0368250800954789,,no_data,0.0
2026-10-02,IPAR,298,1.0,0.949284949128876,1.0037045834676213,1.059934263875825,1.108540322564992,1.4966955873233423,scored,0.0055226466757879,19.0,XLP,True,3.573118199081042,0.0313568951213781,,no_data,0.0
2026-10-02,IPGP,298,1.0,0.9256313759776668,0.8300274703901448,0.7469964858578932,0.7303346007744708,0.7715795508628792,scored,0.5310981336450512,19.0,SPY,False,3.3329419999688352,0.0396542772155721,,insufficient_history,1.0
2026-10-02,IQV,298,1.0,1.048154421874401,1.1199642841640376,1.1399768910253296,1.132192882959305,1.1762295307831008,scored,1.2616628888772583,19.0,XLV,True,7.0109746658703775,0.0271522197663544,,no_data,0.0
2026-10-02,IR,298,1.0,0.9493139582666972,0.9012587630804146,0.8648957940960575,0.8377856582224812,0.9301662182204912,scored,0.3203892427876879,19.0,XLI,True,2.0016826202195657,0.0263136929173072,,no_data,0.0
2026-10-02,IRDM,298,1.0,1.0053060710790251,1.030529463584286,0.9782174449923172,0.9448378148816282,0.9839743366998124,scored,-0.1504219973516044,19.0,XLC,True,1.0441654450400055,0.0213269085996733,,no_data,0.0
2026-10-02,IREN,298,1.0,0.987536691597273,0.989446470392355,0.941431106858381,0.9047111494391804,1.0822719731098656,scored,-0.3986429009312968,19.0,XLK,True,2.7325558275045125,0.0654347659843034,,no_data,0.0
2026-10-02,IRM,298,1.0,1.0365106548147334,1.0830632536280205,1.1547354930366196,1.1779277978335057,1.246660585643178,scored,0.8517891209820233,19.0,XLRE,True,3.197316843289026,0.0281975204452687,,no_data,0.0
2026-10-02,IRON,298,1.0,0.756781792719016,0.7103322691224445,0.6977896809825019,0.7316808725629209,0.8242785303991035,scored,-2.103232459251722,19.0,XLV,True,2.754957178423425,0.042705893325429,,no_data,0.0
2026-10-02,IRT,298,1.0,0.9207230497288592,0.8624237958946865,0.7735389530572635,0.7199757961812551,0.816604092812033,scored,-0.6090325344228513,19.0,XLRE,True,0.312922108737421,0.0215659620080924,,no_data,0.0
2026-10-02,IRTC,298,1.0,1.047746872089704,1.0013261064142749,0.8141251456426941,0.7180440317616467,0.6247316238455863,scored,0.1715716809690508,19.0,XLV,True,4.277112726228932,0.0387524936688314,,no_data,0.0
2026-10-02,ISRG,298,1.0,0.970756895956806,0.9253746137561843,0.9765305390496593,0.9695112306593822,0.8831145973021908,scored,-0.6508748493073409,19.0,XLV,True,11.25926465576995,0.0287262779838498,,no_data,0.0
2026-10-02,IT,298,1.0,0.9889477858582836,1.0320849540866934,1.056371249490964,0.9064524943289248,0.913076019567338,scored,0.1028190081202932,19.0,XLK,True,8.700122709217448,0.047078586088839,,no_data,0.0
2026-10-02,ITGR,298,1.0,0.999411473783364,1.012615735975002,1.0771874424263457,1.1197836845217928,1.2321908675696045,scored,0.6827151204318082,19.0,XLV,True,0.4141099275069231,0.0032748906880737,,no_data,0.0
2026-10-02,ITRI,298,1.0,0.9591452307005636,0.8502443272792719,0.7288203684898474,0.725384078214522,0.716371755890935,scored,-2.1680276279152992,19.0,SPY,False,2.58154005940153,0.0298409439301991,,no_data,0.0
2026-10-02,ITT,298,1.0,0.8935606408175392,0.7828100981806307,0.7519136979399086,0.7332976277909236,0.7071157820627441,scored,0.6971845044176718,19.0,XLI,True,6.143698658694354,0.0297991883333867,,no_data,0.0
2026-10-02,ITW,298,1.0,0.9571823946963732,0.9404047689201148,0.9065998426618808,1.0014285542226478,1.1959539293262291,scored,-0.1868420122511177,19.0,XLI,True,5.19552835627625,0.0197608715817596,,no_data,0.0
2026-10-02,IVT,296,1.0,1.079091103369197,1.1316957939610202,1.1839389483072325,1.2019560103318252,1.2533921345006105,scored,-2.022790320339921,19.0,SPY,False,0.5718177361618115,0.0188097939526911,,no_data,0.0
2026-10-02,IVZ,298,1.0,0.950430050809138,0.8639327754184988,0.7580769386943731,0.6620314986987172,0.641100210774483,scored,0.2914852302472729,19.0,XLF,True,0.8777060568362443,0.0286270729561723,,no_data,0.0
2026-10-02,J,298,1.0,1.0159783722729985,0.9994114654967018,0.8889536988446587,0.7488455573075392,0.7071573969098013,scored,-1.715905278519947,19.0,SPY,False,3.62781545320346,0.0262770929538132,,no_data,0.0
2026-10-02,JAN,136,1.0,1.0687434599244845,1.1023296738392252,1.0649407814474208,0.93914221161781,0.8456944807874626,scored,1.2638393888193518,19.0,XLRE,True,0.8300088274527923,0.0285717324424369,,no_data,0.0
2026-10-02,JAZZ,298,1.0,0.9752736748043168,0.9431637469015391,0.9382618603935758,0.8962629248895604,0.6732191966938528,scored,0.9288060945715542,19.0,XLV,True,6.025451194509776,0.0255673237769329,,no_data,0.0
2026-10-02,JBHT,298,1.0,0.9465950279072152,0.8999728314805825,0.8955937933435169,0.9367003568829376,0.8895291464471907,scored,-0.6836625528750118,19.0,SPY,False,7.643143401398513,0.0326351127301388,,no_data,0.0
2026-10-02,JBL,298,1.0,0.9322887159498432,0.9129507467237992,0.8347475904068264,0.7565507394100621,0.6886755999620728,scored,-0.0976923015041985,19.0,SPY,False,14.060645731885089,0.0461898286254889,,insufficient_history,2.0
2026-10-02,JBS,298,1.0,1.0893077741398114,1.1821080622706392,1.3654176960138125,1.5688137347315665,1.822204866561084,scored,-2.1528805631341963,19.0,XLP,True,0.4160856503252754,0.0356542973714889,,insufficient_history,1.0
2026-10-02,JBTM,298,1.0,1.061943468007098,1.0407994825874929,1.0069442330602212,0.8543911202873922,0.8099057251536067,scored,-1.0260428531629522,19.0,XLI,True,3.438715394219209,0.0316640459872855,,no_data,0.0
2026-10-02,JCI,298,1.0,0.9785519392416006,0.905628406082501,0.8678918663177131,0.8549510512075491,0.795529784637734,scored,1.1307362263725471,19.0,SPY,False,3.582290302813724,0.0229281253380294,,no_data,0.0
2026-10-02,JD,298,1.0,1.036373044371085,1.070072885273487,1.0615779788302142,1.055948449637056,1.0694148929380576,scored,-0.2907155941037206,19.0,XLY,True,0.5090343598889295,0.0197453203991051,,insufficient_history,1.0
2026-10-02,JEF,298,1.0,1.1013674812417928,1.1698286086678336,1.1901307354357629,1.4021963279616667,1.6325318911642517,scored,-0.2464223726715571,19.0,XLF,True,1.7132902303892223,0.037269746147253,,no_data,0.0
2026-10-02,JHX,298,1.0,0.9739506062027028,0.9410510393293786,0.957418800173065,0.9961703121743554,0.9248433623951952,scored,0.0174086512057258,19.0,XLI,True,0.9697305639342064,0.0388047444551503,,no_data,0.0
2026-10-02,JKHY,298,1.0,1.039152440128276,1.0162954374339777,1.0654636127043404,1.2286973408166073,1.357451069019142,scored,-0.9506719117263416,19.0,XLF,True,4.329477334817819,0.0303737711156013,,no_data,0.0
2026-10-02,JLL,298,1.0,1.0655439080894835,1.0920894474802092,0.9985135807516804,0.9999865075059174,1.0260664905114762,scored,-0.9679590929418804,19.0,XLRE,True,9.812734146142802,0.0319830975070656,,no_data,0.0
2026-10-02,JMKE,46,1.0,0.939041185911307,0.9063841920965308,0.9464301599673144,0.9730940166626731,0.7241886038807094,scored,-1.3864573452141606,19.0,XLY,True,1.0412817440820086,0.0628413846760415,,no_data,0.0
2026-10-02,JNJ,298,1.0,1.1180907822428383,1.118725705538649,1.2006662586287116,1.0388869608124698,1.015300292341603,scored,-1.196745090289924,19.0,XLV,True,5.143678152575544,0.0200901384703962,,insufficient_history,1.0
2026-10-02,JOYY,298,1.0,0.9561203886984168,0.9492471083212812,0.9814200387864948,0.9223939500338788,0.8439651052569191,scored,1.3061102357057084,19.0,XLC,True,1.8352068463252604,0.0231747297174549,,no_data,0.0
2026-10-02,JPM,298,1.0,0.9493454954943088,0.8674488132093924,0.7563670348167887,0.8023163421416416,0.7407856668039566,scored,-0.0378865589946454,19.0,XLF,True,6.460064918624323,0.0194357810897897,,no_data,0.0
2026-10-02,JXN,298,1.0,0.8961122830270328,0.8451119163612678,0.7520078052388965,0.73685898110745,0.6383206745222035,scored,-0.2960767875825487,19.0,XLF,True,3.9338978586734097,0.0299087497808363,,no_data,0.0
2026-10-02,KAI,298,1.0,1.0761655271301762,1.093898596677473,1.0156872086075197,0.8221494831800213,0.686500880359549,scored,-1.0989050879057936,19.0,XLI,True,9.294632733322288,0.0345743880270888,,no_data,0.0
2026-10-02,KALU,298,1.0,0.9759037966401972,0.9387697943527812,0.9215135794714386,0.871801542281492,0.8934908350259757,scored,-0.4759456513983703,19.0,XLB,True,6.491886958020144,0.0427027591384321,,no_data,0.0
2026-10-02,KBH,298,1.0,0.968682256685121,0.9690117980541824,0.9959312932896128,1.0056361143596844,0.873130579119758,scored,-1.0868991773513788,19.0,XLP,True,1.6160634327086962,0.0353237908788786,,no_data,0.0
2026-10-02,KBR,298,1.0,0.9545589621742102,0.9697203324619348,0.9341165776039544,0.8625509282401246,0.565074184145727,scored,-0.7225854485915549,19.0,SPY,False,1.0521082823285548,0.0307274615166049,,no_data,0.0
2026-10-02,KD,298,1.0,0.8832413718506168,0.842763235610044,0.8093997863277906,0.6740796971125103,0.666343900995519,scored,-1.1495123432695604,19.0,XLK,True,0.6212839172181759,0.0537442834963819,,no_data,0.0
2026-10-02,KDP,298,1.0,1.0789440488950728,1.0218147519476029,1.0329208846298508,1.0463024850844802,1.1508517289319853,scored,-0.0587609541674404,19.0,XLP,True,0.8459448586999728,0.0278546216233115,,no_data,0.0
2026-10-02,KEX,298,1.0,1.0322121545569374,0.9397618845874288,0.8929060759092152,0.9118058317932904,0.9258745497956762,scored,-1.1654082195217326,19.0,SPY,False,3.575742993505431,0.0259356132117605,,no_data,0.0
2026-10-02,KEY,298,1.0,0.9858154440426572,0.9622816978472908,0.9580730000952936,1.049302779536876,1.2807436217155248,scored,-0.1844053558557638,19.0,XLF,True,0.4107070960238004,0.0204535406386354,,no_data,0.0
2026-10-02,KEYS,298,1.0,1.0141566501650596,0.9653768863510812,0.985209181070043,0.8647698414680836,0.7090635588971086,scored,1.4026802742761997,19.0,SPY,False,11.031839979648932,0.0286809483663917,,no_data,0.0
2026-10-02,KFY,298,1.0,0.9596251877831524,0.8882597354476207,0.7750197989673012,0.8017650652714626,0.8316841224937843,scored,-2.563216511421084,19.0,SPY,False,1.9634579342467189,0.0273005830679465,,no_data,0.0
2026-10-02,KGC,298,1.0,0.986266903574912,1.0381007967802869,1.060631906134014,0.9106826373249716,0.9754220062484564,scored,-0.4404588293543888,19.0,XLB,True,1.1095631832436836,0.0461165080317408,,no_data,0.0
2026-10-02,KGS,298,1.0,1.074949035900337,1.0931984875902114,1.0910275971445509,1.1140177547920207,1.1140209964347247,scored,-0.8076926919753636,19.0,XLE,True,2.4328113483069607,0.0447784161293385,,no_data,0.0
2026-10-02,KHC,298,1.0,0.980794176315424,0.9546316441166616,0.8679888515441159,0.6570083836846908,0.5594595187082569,scored,-1.7797901200964266,19.0,XLP,True,0.6129793596493345,0.0276241261671624,,no_data,0.0
2026-10-02,KIM,298,1.0,1.0245474094856288,1.0445789840574553,1.0789684145939265,1.07341785528941,1.124780723337626,scored,-0.1990425111837205,19.0,XLRE,True,0.3360362641167688,0.0151095442498547,,no_data,0.0
2026-10-02,KKR,298,1.0,0.9496910342353302,0.9264578843360196,0.8461708797160188,0.8859196299888873,1.0661945242664272,scored,-1.2682255308528425,19.0,XLF,True,3.132825128556296,0.0346973654729903,,no_data,0.0
2026-10-02,KLAC,298,1.0,1.0158781571724562,0.9497767252913976,0.8695535128167521,0.7431754606572265,0.7319467441782465,scored,1.076742061976932,19.0,XLK,True,7.639002389617836,0.036923014111933,,no_data,0.0
2026-10-02,KLAR,268,1.0,1.0188772671402304,1.0428822303028695,0.9192690743007152,0.955714372654282,1.0196775592590082,scored,-0.6528526324559776,19.0,XLF,True,0.5125655342343431,0.0409724647669339,,no_data,0.0
2026-10-02,KLIC,298,1.0,1.0569805859562666,1.067236320177081,1.0918201585093783,1.0392192878168438,1.0271529404823276,scored,1.0519008932979907,19.0,XLK,True,4.013179131156197,0.0398251377508801,,no_data,0.0
2026-10-02,KMB,298,1.0,1.005921901611874,0.95105687982039,0.9200092810560327,0.8532942959375627,0.8442855880418123,scored,0.0481396906565041,19.0,XLP,True,2.147696371739221,0.0227606652367446,,no_data,0.0
2026-10-02,KMI,298,1.0,0.9614118161163686,0.9616835362932028,0.9585835805180544,0.8192830429657266,0.8553951533106255,scored,-0.7509383433219008,19.0,XLE,True,0.7150658643042802,0.0230146721694329,,no_data,0.0
2026-10-02,KMPR,298,1.0,0.9281895164715968,0.8663831542610027,0.8615314766072867,0.8091432404515634,0.7946406009311633,scored,-1.084836684340332,19.0,XLF,True,0.9383295856989154,0.0365535483326418,,no_data,0.0
2026-10-02,KMT,298,1.0,1.023399566749854,0.9650606972950592,0.9142585474377916,0.7258633947102414,0.7741459160056989,scored,1.4340301169485905,19.0,XLI,True,1.0720716233142549,0.0328856326170016,,no_data,0.0
2026-10-02,KMX,298,1.0,0.9308186839441356,0.9160426719842224,0.8710107484366311,0.9228325012529778,0.9949353105498436,scored,0.2653126508087931,19.0,XLY,True,2.5952105678586848,0.0472543803324596,,no_data,0.0
2026-10-02,KN,298,1.0,0.9593986281436472,0.9335638027204828,0.899620626189412,0.8459702630498246,0.8533148363352672,scored,0.970921963792517,19.0,SPY,False,1.2297127089323825,0.0307044371768385,,no_data,0.0
2026-10-02,KNF,298,1.0,0.9983603330692554,0.9618716251157308,0.9678601729886228,0.9878471545048296,0.860314308368798,scored,-1.831386275453448,19.0,XLI,True,2.3624696859094363,0.0469395924082939,,no_data,0.0
2026-10-02,KNSA,298,1.0,1.03146384572052,0.9984317367659614,0.915958766348019,0.905415311022457,0.6388628862565837,scored,0.625951844801646,19.0,XLV,True,2.4987815177975308,0.0329698049584052,,no_data,0.0
2026-10-02,KNSL,298,1.0,1.0117338997783416,0.969589229520992,0.9492790868711136,0.9243686533110108,0.8615135566111186,scored,-1.5642590280063653,19.0,XLF,True,9.835459278933994,0.029829732133125,,no_data,0.0
2026-10-02,KNTK,298,1.0,0.9563624128880296,0.9654076236233884,0.9422142173451252,0.9652170578564648,0.7740638743937577,scored,-0.5554023143517496,19.0,XLE,True,1.5845373262044085,0.030164426541108,,no_data,0.0
2026-10-02,KNX,298,1.0,0.9398338424242288,0.8854533498052944,0.8651234798514172,0.8860078884609579,0.8386576884836636,scored,-0.3104474116845576,19.0,SPY,False,2.226003546160656,0.0333433724709505,,no_data,0.0
2026-10-02,KO,298,1.0,0.964407324148392,0.9458659793609168,0.969766211383553,0.7816969805934055,0.8157485913462609,scored,1.3175746099514591,19.0,XLP,True,1.2306144472328948,0.0143679445094325,,no_data,0.0
2026-10-02,KOD,298,1.0,0.927934159377366,0.9019223406079367,0.8980846105780043,0.653881875345584,0.4540651005880908,scored,0.4574387403411096,19.0,XLV,True,7.455562975767027,0.0789366117074328,,no_data,0.0
2026-10-02,KR,298,1.0,1.0916019765047893,1.0497635975705937,0.953971911891924,0.7411287913180616,0.6016770035930692,scored,0.486319413847718,19.0,XLY,True,1.5746203665599452,0.0266749172718947,,no_data,0.0
2026-10-02,KRC,298,1.0,0.9981493782581508,0.9825722881084764,0.9829160191422172,1.0816149400433728,1.4028020364769878,scored,-0.1430446761070679,19.0,XLRE,True,0.7439468370923991,0.0221215235531489,,no_data,0.0
2026-10-02,KRG,298,1.0,1.0353529183620025,1.0456096099198493,1.0739019919985624,1.0418581231291797,1.0636408796032455,scored,-0.0585668864420549,19.0,XLRE,True,0.4139231499319084,0.0169710188573968,,no_data,0.0
2026-10-02,KRMN,298,1.0,1.076789288087848,1.1029489650978823,1.1889875691023208,1.43334985561759,1.5880554609318471,scored,-1.139929706154438,19.0,XLI,True,2.51054443026146,0.0735367437100603,,no_data,0.0
2026-10-02,KRYS,298,1.0,1.006663610486993,0.9703054795052226,0.850960411977614,0.7004655432878248,0.7156106591035196,scored,-1.022946821080767,19.0,XLV,True,10.546287654747942,0.0327239904888542,,insufficient_history,1.0
2026-10-02,KSPI,298,1.0,1.0229770604909136,0.9206318793988044,0.8630825211109276,0.8660604035030471,0.8767953352132816,scored,-0.655993536835263,19.0,XLF,True,2.9164267598935307,0.0310093222742533,,no_data,0.0
2026-10-02,KSS,298,1.0,0.9401888651970784,0.942078543391892,0.9895158670966766,0.910396119099198,0.9401752260454752,scored,0.570885708117639,19.0,XLY,True,0.9195261982861862,0.0488849653528009,,no_data,0.0
2026-10-02,KT,298,1.0,1.0225739221935235,1.0853876241180678,1.1366782629582508,1.3164296240578608,1.5543894589372298,scored,-0.8182934697587881,19.0,XLC,True,0.3655907878109506,0.0193025759139889,,insufficient_history,1.0
2026-10-02,KTB,298,1.0,1.0209608005418602,1.0041575939102418,0.9951299125045678,0.8429483695988607,0.8864196344382872,scored,-1.4034283186888588,19.0,SPY,False,2.314364879336464,0.0357651812600288,,no_data,0.0
2026-10-02,KTOS,298,1.0,1.024371052826831,1.0807624617010274,1.1560683277265422,1.286482526363422,1.2375856227167907,scored,-0.3719425875550883,19.0,XLI,True,2.2184165081126594,0.0515072326007118,,no_data,0.0
2026-10-02,KURA,298,1.0,1.0116100459724318,0.9614042054418204,0.900109997015922,0.9473865384044144,0.8778735744751539,scored,-0.9988907305985396,19.0,XLV,True,0.5216839199732582,0.0489844056312918,,no_data,0.0
2026-10-02,KVUE,298,1.0,0.8228413812817706,0.776688732108367,0.7634899318254118,0.74316976457527,0.9155105504880694,scored,0.0082066394798127,19.0,XLP,True,0.3272736109157723,0.0190275355183588,,no_data,0.0
2026-10-02,KVYO,298,1.0,1.0189707164868518,1.025132347317484,0.9215450692970212,0.821212883659129,0.688827808529898,scored,-0.6362805935747464,19.0,XLK,True,0.9256674326630911,0.0589221790364793,,no_data,0.0
2026-10-02,KWR,298,1.0,1.0640095209969571,1.0357266633776887,1.0378421501501198,1.1663268822665942,1.2747067202860314,scored,1.4188808846218954,19.0,XLB,True,4.535380956127862,0.0282173891378576,,no_data,0.0
2026-10-02,KYMR,298,1.0,0.8289635259091545,0.8064317049060143,0.8444908336991708,0.8555870882992173,0.889367379145958,scored,0.347737931152042,19.0,XLV,True,5.134361873559094,0.0478104280990696,,no_data,0.0
2026-10-02,L,298,1.0,0.9942273697679372,1.015924085618208,1.0859787521899258,1.1300735261488342,0.953070580258616,scored,1.0176664195115428,19.0,XLF,True,1.5835324956167154,0.014934758989123,,no_data,0.0
2026-10-02,LAD,298,1.0,1.015186668119267,0.9866754403207514,0.9692156882643764,1.0664253145384397,1.2072133647135612,scored,-0.2274883248796849,19.0,XLY,True,13.75799925498863,0.0447022102706197,,no_data,0.0
2026-10-02,LAMR,298,1.0,1.0581460307047303,1.02292198498791,0.8289826672957377,0.8370308490636671,0.8696851749674646,scored,1.1388598566596289,19.0,XLRE,True,2.6304266767869677,0.0182516422202814,,no_data,0.0
2026-10-02,LASR,298,1.0,0.965192393459057,0.9238732294066792,0.7698784701039655,0.573632858609728,0.6606711923960746,scored,-0.2966308448402056,19.0,SPY,False,2.094447466310482,0.0516128010426437,,no_data,0.0
2026-10-02,LAUR,298,1.0,0.895539272902069,0.8216815541087406,0.7603354213735782,0.6594706247593538,0.6071697701023502,scored,1.0986085962892578,19.0,SPY,False,1.0379705614925674,0.026876503404779,,no_data,0.0
2026-10-02,LAZ,298,1.0,0.9024909766782097,0.8854483024124813,0.8830708923464277,0.895836654412424,0.9034235176385768,scored,-0.1547187182319218,19.0,XLF,True,1.613099729838668,0.0447213676140468,,no_data,0.0
2026-10-02,LBRT,298,1.0,1.054540954991464,1.0983036355287497,1.0837157069855954,1.0856101601567096,0.9443795347185726,scored,0.5272965950986772,19.0,XLE,True,0.9670797699910724,0.0500818109783051,,no_data,0.0
2026-10-02,LCII,298,1.0,0.9993625433630904,0.9947150151870494,1.0802533807299883,1.3312571175715997,1.7020665962324115,scored,-2.3435760586442176,19.0,SPY,False,2.792652737522568,0.0337236171660737,,no_data,0.0
2026-10-02,LDOS,298,1.0,0.9776952434992382,1.0258818781095866,1.1032134310606143,1.225879524813592,1.4148979373085029,scored,-1.0377335254038236,19.0,SPY,False,3.619724308439413,0.0307433693599406,,no_data,0.0
2026-10-02,LEA,298,1.0,1.0796832782240555,1.090301698075293,1.087036177763279,1.063403440357939,0.9238709021983555,scored,-1.361767504585882,19.0,SPY,False,3.6044430323419623,0.0298257594732475,,no_data,0.0
2026-10-02,LECO,298,1.0,0.9803064343140984,0.8587535053793357,0.7771942536334074,0.7870510084172295,0.7845518268463464,scored,-0.4275500199194747,19.0,XLI,True,7.304072694049179,0.0266202809754689,,no_data,0.0
2026-10-02,LEGN,298,1.0,1.019019288894505,1.0378064664948878,0.9748055277544668,0.9242394014978657,1.0442081828792096,scored,-0.4951732024417681,19.0,XLV,True,0.926412480665646,0.0498875864655706,,no_data,0.0
2026-10-02,LEN,298,1.0,0.9535626589982388,0.9873254466550964,1.031213357077947,1.0167651713247137,0.7952555783288756,scored,-0.1496682021797436,19.0,XLP,True,3.011896225060394,0.0377383313502116,,insufficient_history,2.0
2026-10-02,LEU,298,1.0,0.9151170384488716,0.849288252817471,0.8242569449052689,0.7551455502061054,0.9028667458236233,scored,0.1791274953019331,19.0,XLE,True,8.91001789446731,0.0639765771125677,,no_data,0.0
2026-10-02,LEVI,298,1.0,1.0315758055415227,1.0995350286475487,1.1872242344191553,1.186553021242435,1.234287540377646,scored,0.7914619227493862,19.0,SPY,False,0.5289517695581322,0.0266206225243146,,no_data,0.0
2026-10-02,LFST,298,1.0,0.8978004185680755,0.902976813618203,0.9367238609167624,0.8983538756559012,0.785641045539004,scored,0.0521085988795924,19.0,XLV,True,0.4459008300018228,0.0376923778530704,,no_data,0.0
2026-10-02,LFUS,298,1.0,1.010126638664013,0.9306475966783744,0.8887915325139268,0.8675277547709453,0.9264764809103174,scored,0.9237974117275728,19.0,SPY,False,15.0720932068589,0.0330144639056773,,no_data,0.0
2026-10-02,LGN,266,1.0,0.9355678474693458,0.887889102786182,0.8327300416668103,0.7402093167359776,0.8342995557581183,scored,1.237264972701766,19.0,XLI,True,2.8294542046140942,0.0527784779819827,,no_data,0.0
2026-10-02,LGND,298,1.0,0.9484209685363548,0.8939921503071527,0.8882239851206075,0.9331625868612662,0.920246051483806,scored,1.8064035236682172,19.0,XLV,True,9.483472249132197,0.0313027206533278,,no_data,0.0
2026-10-02,LH,298,1.0,1.026167767038369,1.0596418923673987,1.044409775650493,0.9821767434358012,0.9739308381552876,scored,-0.3192740708181603,19.0,XLV,True,7.207147327400643,0.0233626611151111,,no_data,0.0
2026-10-02,LHX,298,1.0,1.021165747690782,1.004788509193128,0.9483037095562242,0.9377235591391176,1.150650607258384,scored,-1.5358812980057663,19.0,XLI,True,5.270886751346017,0.0222776278586053,,no_data,0.0
2026-10-02,LI,298,1.0,0.9361075422862052,0.9334606554798498,0.8856399735944793,0.8013464460437153,0.92754000826169,scored,0.2084409394398425,19.0,XLY,True,0.4035955509347376,0.037754494942445,,insufficient_history,1.0
2026-10-02,LIF,298,1.0,0.9627883782116023,0.8748154988531771,0.7725230816635484,0.7264481197864257,0.6137279717722568,scored,-0.5361060309117498,19.0,XLK,True,1.9912529936253784,0.0462007655133498,,insufficient_history,1.0
2026-10-02,LIFE,171,1.0,1.102345714358673,1.228211169632396,1.4401352439123445,1.606755366684343,1.5700394246221645,scored,-0.3550337391711807,19.0,XLF,True,2.700779079206576,0.079155307127977,,no_data,0.0
2026-10-02,LII,298,1.0,0.9976449226422404,0.957771189900364,0.8296502353046742,0.8082810319030016,0.8686542286016277,scored,-0.7012392298590843,19.0,SPY,False,10.805387227984038,0.0303266551444963,,no_data,0.0
2026-10-02,LIN,298,1.0,1.0328842133446945,1.0323748265746822,1.0205605330668166,0.937588906940679,1.0818048310159702,scored,1.2318741357339922,19.0,XLB,True,8.274480851368542,0.0172571970705108,,no_data,0.0
2026-10-02,LIND,298,1.0,1.1154505099251633,1.1307320816336888,1.1480204549715074,1.1662063002257383,1.1378192551291653,scored,2.59408686735032,19.0,XLY,True,1.4523381773478032,0.0417578544378321,,no_data,0.0
2026-10-02,LINE,298,1.0,0.9886510365522926,0.9737057254324964,0.9168446752559284,0.8235573091598115,0.7662534578535539,scored,-0.29952782778337,19.0,XLRE,True,1.0409537049788875,0.0303131539015401,,no_data,0.0
2026-10-02,LION,298,1.0,0.9979036259845314,0.9531002041242834,0.8877753933402732,0.8475565800879576,0.8473586392908329,scored,-0.3745443770907865,19.0,XLC,True,0.4275140239748205,0.0383077082414713,,no_data,0.0
2026-10-02,LITE,298,1.0,0.920228433339352,0.8545286652094221,0.7507640016914079,0.6150150852137131,0.6697628515323134,scored,-0.501929283553659,19.0,SPY,False,66.23319986489808,0.0610208028826611,,no_data,0.0
2026-10-02,LIVN,298,1.0,1.1188222978609417,1.0917126934060168,1.0484210520468102,0.9238568750164076,0.7746370510937971,scored,-1.0587710093083431,19.0,XLV,True,2.1907801878088478,0.0291831648835599,,no_data,0.0
2026-10-02,LKQ,298,1.0,0.9956075724634724,0.9253617127164924,0.8221392006747171,0.6621262526974848,0.6290885048344528,scored,-0.457621334232528,19.0,SPY,False,0.6602502981421233,0.0289583464097422,,no_data,0.0
2026-10-02,LLY,298,1.0,1.0238936178208584,1.054839149970266,1.0162631794863846,0.8211383863958136,0.7552460827573818,scored,1.0672721911157736,19.0,XLV,True,31.92642413605857,0.0279357957177744,,no_data,0.0
2026-10-02,LLYVK,298,1.0,1.0032552458718682,0.9501767609946112,0.8879840771988964,0.8898296418008619,0.7997362007117059,scored,-0.9989776753390728,19.0,XLC,True,2.6628641634089183,0.027208175778164,,no_data,0.0
2026-10-02,LMAT,298,1.0,0.928962938451216,0.8581575093385153,0.7749239123248788,0.6861077158792299,0.7646986283996243,scored,-0.7595078286708173,19.0,XLV,True,2.149122088352571,0.0272178582618106,,no_data,0.0
2026-10-02,LMB,298,1.0,0.9131166003142496,0.8337091414611975,0.7654012238498511,0.8226793589035342,0.822573308753486,scored,0.0393254986992649,19.0,XLI,True,2.5439786720899846,0.0518121929142563,,no_data,0.0
2026-10-02,LMND,298,1.0,1.003180084440913,0.97582003957121,0.931547860123342,0.9282340669534802,0.8008331076423173,scored,-1.1145751507781425,19.0,XLF,True,2.094738961646029,0.04505783957079,,no_data,0.0
2026-10-02,LMT,298,1.0,1.1244015727779386,1.174330466094745,1.2370386239813738,1.4265261531944933,1.872363070996083,scored,-0.6917666072012126,19.0,XLI,True,11.63079067566242,0.0230125851796806,,no_data,0.0
2026-10-02,LNC,298,1.0,0.9225609412718228,0.8855510368387977,0.8418376511268985,0.8531647789119148,0.8679232703629514,scored,-0.912393147709767,19.0,XLF,True,1.144185322131268,0.0283916953382448,,no_data,0.0
2026-10-02,LNG,298,1.0,1.086379544831267,1.1454938363917877,1.2187079104276275,1.2544601849191632,1.4482487974648277,scored,-0.9535774726060184,19.0,XLE,True,7.532382764721199,0.0279028811436236,,no_data,0.0
2026-10-02,LNN,298,1.0,1.0328298228975643,0.993990473382803,0.9844076884993792,0.9293572876836484,1.0978514764294054,scored,-1.102680565980516,19.0,XLI,True,3.1432874727884035,0.0274883032163393,,no_data,0.0
2026-10-02,LNT,298,1.0,0.9913108137042568,0.9740306393002212,0.9433036700181706,0.908772124391404,0.9366482190522084,scored,1.369936775791842,19.0,XLU,True,1.157870190325998,0.0179989148193066,,insufficient_history,1.0
2026-10-02,LNTH,298,1.0,0.9000757366982376,0.7714570741412985,0.6808472390564078,0.603276829698364,0.5342739245005594,scored,0.175576522267516,19.0,XLV,True,0.5782940902616825,0.0057852550046186,,no_data,0.0
2026-10-02,LOAR,298,1.0,0.9944090553023504,0.9378321466247154,0.9458258043599732,1.0400932026224197,0.8875808909527464,scored,-0.34794942183985,19.0,XLI,True,2.5600187452905576,0.0414779446741827,,no_data,0.0
2026-10-02,LOGI,298,1.0,0.9375091392248668,0.938184421119551,0.8865337100181496,0.836538372917188,0.844370304553976,scored,-1.1700006956848723,19.0,XLK,True,2.821733955050396,0.0270488300905904,,no_data,0.0
2026-10-02,LOPE,298,1.0,1.0006110659498806,0.9756444695683892,1.020342752524478,1.0856310961281672,1.1123282047564995,scored,0.4458785799912156,19.0,SPY,False,4.456627479609631,0.028606633799407,,no_data,0.0
2026-10-02,LOW,298,1.0,0.9539812139223,0.955175440191136,0.9531933656206492,1.157401900717119,1.2107663406805325,scored,-0.0700874902514057,19.0,XLY,True,4.486379428189514,0.0248140455098977,,no_data,0.0
2026-10-02,LPG,298,1.0,1.0835305651715057,1.1124019767885427,1.118615194391806,1.1328798980484165,1.0909238531348204,scored,1.121835431301609,19.0,XLE,True,2.119577020071901,0.0370490651996486,,no_data,0.0
2026-10-02,LPLA,298,1.0,1.0491729632090496,0.9964553173484422,0.9704800691779176,0.9739167242021172,0.996299969394288,scored,-0.969936314005606,19.0,XLF,True,11.16682462064493,0.035288916131478,,no_data,0.0
2026-10-02,LPTH,296,1.0,0.9130168531268072,0.8014649241878963,0.7440375864301726,0.7557085892724872,0.6672281315347117,scored,1.262792588935728,19.0,SPY,False,0.7213686709990195,0.0653413651267227,,no_data,0.0
2026-10-02,LPX,298,1.0,0.9688017195834128,0.91275760228351,0.8597966476172823,0.7235435671764855,0.5933295740608894,scored,-1.136407335133023,19.0,SPY,False,2.2715021678594223,0.0348925064187315,,no_data,0.0
2026-10-02,LQDA,298,1.0,1.1022963163657769,1.0968002984473786,0.8160039417180034,0.7131082697926663,0.6353086801183595,scored,-0.8113775612992848,19.0,XLV,True,6.235055710354689,0.217704459160429,,insufficient_history,5.0
2026-10-02,LRCX,298,1.0,0.9903822437841816,0.9376346040603872,0.9032529054229608,0.758024027783294,0.72720033496467,scored,1.1848395824771254,19.0,XLK,True,13.838854936988024,0.0398251890327434,,no_data,0.0
2026-10-02,LRN,298,1.0,1.0432568121378447,1.0387960166679433,1.002939478381006,0.9806271548628872,0.99930287555955,scored,-0.5177484584153321,19.0,SPY,False,2.394291152126357,0.0303497420728401,,no_data,0.0
2026-10-02,LSCC,298,1.0,0.946110507417712,0.8812781423659019,0.7683867615231385,0.6192559505904198,0.558403685206714,scored,0.6593363108330773,19.0,XLK,True,5.561368362122627,0.0415027489710643,,insufficient_history,1.0
2026-10-02,LSTR,298,1.0,0.9977446846669082,0.9902013756085728,1.0159245015783664,1.01989611576505,0.8721558677365359,scored,-1.0023043130231768,19.0,SPY,False,4.4436244022550175,0.0256146207185555,,no_data,0.0
2026-10-02,LTC,298,1.0,1.0558768083925154,1.0686576972352526,1.107795732129907,1.0379233009436009,0.8854589846646249,scored,1.5996987421883055,19.0,XLRE,True,0.8413694586201739,0.0195667315958179,,no_data,0.0
2026-10-02,LTH,298,1.0,0.9120396481341662,0.8863276694557958,0.8703964477709971,0.8685423209997066,0.8664314503481476,scored,-0.7622370729172899,19.0,XLY,True,1.3897099858316833,0.0339036346872818,,no_data,0.0
2026-10-02,LTM,298,1.0,1.017410355605582,0.9542451536610654,0.9177344986464532,0.9402786897239136,0.9846041584430092,scored,0.2705957294404253,19.0,XLI,True,1.5537068711306452,0.0324229313675009,,no_data,0.0
2026-10-02,LULU,298,1.0,0.9166751040517048,0.8717006288087994,0.8789003973278434,0.8634155554017479,0.7583403136150607,scored,-1.191834752529651,19.0,SPY,False,4.028203298037889,0.0426445405254911,,no_data,0.0
2026-10-02,LUNR,298,1.0,0.9581836010835296,0.9431802551869464,0.92024526542997,0.9840510302100698,1.2553065744559464,scored,0.4548369711714279,19.0,XLI,True,1.045915531987048,0.0711023475178142,,no_data,0.0
2026-10-02,LUV,298,1.0,0.9791397483487808,0.9942773737079122,1.0691310770686917,1.1786393379276503,1.313870979098792,scored,1.678558525549402,19.0,XLI,True,1.2497086577110492,0.0294256806619036,,no_data,0.0
2026-10-02,LVS,298,1.0,1.0106343862036609,0.993862415653602,0.9229031294390972,0.938367774094809,0.9961403922619226,scored,-2.807560864633732,19.0,XLY,True,1.0213902402876207,0.0281918366074419,,no_data,0.0
2026-10-02,LW,298,1.0,1.0321271299932555,1.1097947782674502,1.182731689224856,1.2460324263993865,1.3403490180088111,scored,-2.196972191087779,19.0,XLP,True,1.5671983001882035,0.0359449151419312,,insufficient_history,1.0
2026-10-02,LXP,298,1.0,0.9616629327963176,0.912732981386054,0.8820484619731158,0.7275230096755496,0.6918889328523581,scored,2.199366742525412,19.0,XLRE,True,0.150703377409353,0.002472573870539,,no_data,0.0
2026-10-02,LYB,298,1.0,1.0196168664304035,1.009083799406438,0.9590236999863242,1.0168569353158696,1.0993483623928826,scored,-0.8280791039625457,19.0,XLB,True,1.9389604455456928,0.0330993589202064,,no_data,0.0
2026-10-02,LYFT,298,1.0,0.9835812562905168,0.9921877525989468,0.9728851725375212,0.9800656369931772,1.0553016534251818,scored,-1.0732747636705562,19.0,SPY,False,0.5356103534715224,0.034644912902427,,no_data,0.0
2026-10-02,LYV,298,1.0,0.9489940468087464,0.8953973748483222,0.8077682781093145,0.7521812649119997,0.7534903219680954,scored,-1.037588708418009,19.0,XLC,True,3.960028634920141,0.0234640554299943,,no_data,0.0
2026-10-02,LZB,298,1.0,0.9319518794552408,0.8939266469527851,0.9022151684275436,0.8992645967137705,0.888134790971208,scored,0.1061586415870338,19.0,XLP,True,0.9076803909524817,0.0303166463243981,,no_data,0.0
2026-10-02,M,298,1.0,1.0278041828229103,1.02049534417405,0.9952043119974908,1.013652895437311,1.0969253759768245,scored,0.9613725230669375,19.0,XLY,True,0.794424132248655,0.0349504677628092,,no_data,0.0
2026-10-02,MA,298,1.0,0.9500362737278484,0.9145700764182824,0.8629335661180785,0.7315696133708389,0.7157397525789811,scored,0.7086054108798041,19.0,XLF,True,9.283622926026514,0.0168102396082035,,insufficient_history,1.0
2026-10-02,MAA,298,1.0,0.9462525189625456,0.8934331795266657,0.81707907728186,0.7737525390838076,0.769231098675818,scored,-0.6450653762361221,19.0,XLRE,True,2.1007400260635234,0.018224516579019,,insufficient_history,1.0
2026-10-02,MAC,298,1.0,0.9804781660311354,0.9691153469734988,0.8658794517704642,0.7135964046698461,0.7069807037527438,scored,-0.0695557770458949,19.0,XLRE,True,0.4993717062950479,0.021664716108245,,no_data,0.0
2026-10-02,MAIN,298,1.0,1.00435778339286,0.9676690120628874,0.9272537638319788,0.825747552456228,0.8447096214253118,scored,1.144436900494603,19.0,XLF,True,1.0031321428776532,0.0182023615111169,,no_data,0.0
2026-10-02,MAIR,118,1.0,0.9743111175268984,0.9912454238027268,0.9766110119150536,0.8625163552079385,0.8234647215778961,scored,-0.5101665920307643,19.0,SPY,False,1.1560351880802338,0.0461675394600732,,no_data,0.0
2026-10-02,MAN,298,1.0,1.001100214188144,0.9613905744694567,0.9261320414795978,0.98601249058138,1.1343964036485894,scored,-1.422111107168784,19.0,SPY,False,2.4590648796492705,0.0454037090038639,,no_data,0.0
2026-10-02,MANE,167,1.0,0.9363854642638014,0.9088279106456184,0.8287346035487329,0.7430120923279696,0.7825004966945035,scored,1.39045005560837,19.0,XLV,True,6.125111513811604,0.0524589886417574,,no_data,0.0
2026-10-02,MANH,298,1.0,1.0225745174730192,1.0444311388534533,0.9881738829746888,0.8817684840787297,0.8786149703155536,scored,-0.8170882431345688,19.0,XLK,True,6.644435460646064,0.032547627718759,,no_data,0.0
2026-10-02,MAR,298,1.0,0.9813656146100438,0.9305654984644796,0.913889500647736,0.8667141932679286,0.7620169369895465,scored,1.8919953024948637,19.0,XLY,True,7.263575255749156,0.0202350547574915,,no_data,0.0
2026-10-02,MARA,298,1.0,0.8483676348741308,0.7796345339024493,0.8168614285759069,0.835638800069986,0.8746505371731277,scored,0.2982338305940724,19.0,XLK,True,0.8550102643071027,0.0761362657441765,,no_data,0.0
2026-10-02,MAS,298,1.0,0.953570706426149,0.9520060695077368,0.957825777699444,0.9737035563327464,1.0293856467063172,scored,-0.2836381460381161,19.0,SPY,False,1.8064223060821576,0.0264251361334429,,no_data,0.0
2026-10-02,MAT,298,1.0,0.9853375060631387,0.8889854759447542,0.7863771686307564,0.6220620467856686,0.6519278290469813,scored,-1.2867652098008855,19.0,SPY,False,0.7372424542009124,0.0482804488671193,,insufficient_history,1.0
2026-10-02,MATW,298,1.0,0.9257925083337564,0.8192032384805056,0.7310450137010961,0.7548949963033859,0.8658293494517776,scored,-0.6879253918554149,19.0,SPY,False,0.6918597809740888,0.0358662405896365,,no_data,0.0
2026-10-02,MATX,298,1.0,0.8796072884612793,0.7711157963670544,0.7525316765672873,0.7989514317024733,0.7668086753905308,scored,0.3447063879497696,19.0,SPY,False,7.026961469457016,0.0304052679220155,,no_data,0.0
2026-10-02,MAZE,298,1.0,0.9141448970636764,0.9073156803494664,0.9148478396871093,1.043551734060029,1.2272010550896475,scored,-0.9510530942895896,19.0,XLV,True,1.7573181320229807,0.0664895244806273,,no_data,0.0
2026-10-02,MBGL,66,1.0,0.9777975504887396,0.779967125917111,0.5001200159259155,0.4740183856710674,0.3734146502898036,scored,-2.3804026638028115,19.0,SPY,False,0.6949941777418918,0.0403831596596102,,no_data,0.0
2026-10-02,MBX,298,1.0,0.9351468869766888,0.9770932156875184,0.9730548655155852,0.9525650431247396,0.73674738638244,scored,0.5127844022991371,19.0,XLV,True,3.470314504023693,0.0593114767394239,,no_data,0.0
2026-10-02,MC,298,1.0,0.984217653704094,1.002779680776224,0.9358989910428508,0.9813416981712788,1.113907049904039,scored,-0.3346705606328322,19.0,XLF,True,2.122047700703569,0.0376784037766968,,no_data,0.0
2026-10-02,MCD,298,1.0,0.8712414375953033,0.8505363725321197,0.8374106468262683,0.8093870469165954,0.8243166622172016,scored,-1.4839093278627091,19.0,XLY,True,4.493926612534305,0.0193795619152801,,no_data,0.0
2026-10-02,MCHP,298,1.0,0.9599167980840808,0.8699710474932549,0.9096185853964504,1.067878298883601,1.203491792536667,scored,0.4196185433883257,19.0,XLK,True,2.8569657812034235,0.0351323878652659,,no_data,0.0
2026-10-02,MCK,298,1.0,0.9621574551793336,0.911526605170705,0.8663076819213145,0.7366983100772447,0.8517790583893194,scored,-0.5272000973093663,19.0,XLV,True,24.421630064341908,0.0270665758570974,,no_data,0.0
2026-10-02,MCO,298,1.0,0.9894693316728548,0.9878806438123126,0.9768578651140952,1.014877476953414,0.8147538675200049,scored,0.1081506206382981,19.0,XLF,True,10.979008451648005,0.0248754043222041,,insufficient_history,1.0
2026-10-02,MCRI,298,1.0,1.0787385459563812,1.0525689373589402,1.0830380355432596,1.0903772850288094,1.1176835201519684,scored,0.8312274679670562,19.0,XLY,True,2.6693502650636205,0.022708211527551,,no_data,0.0
2026-10-02,MCY,298,1.0,0.9740142958668394,0.9301264949490782,0.9129210801253606,0.8580443959988828,0.7407553695600799,scored,1.2968630646343573,19.0,XLF,True,2.2811108187521443,0.0223047894666289,,no_data,0.0
2026-10-02,MDA,142,1.0,1.0874919543123474,1.255848334709749,1.454481829039573,1.4750843930778712,1.0067570072838945,scored,0.7411504460728039,19.0,XLI,True,1.3750824133767097,0.0460047645826935,,no_data,0.0
2026-10-02,MDB,298,1.0,1.062258116351655,1.0734689075451975,1.0280341545094622,0.9331682660280524,0.8864669538440395,scored,-0.735793214505867,19.0,XLK,True,26.967989575776954,0.075337997473955,,insufficient_history,4.0
2026-10-02,MDGL,298,1.0,1.0214501674093757,0.9455869014715484,0.8549371905777836,1.0039384462158438,1.1008351396013751,scored,-1.065906134251701,19.0,XLV,True,16.513827366703453,0.0330673355360501,,no_data,0.0
2026-10-02,MDLN,199,1.0,1.008828727079401,0.9952317655184738,0.9948830871002762,0.861547477042581,0.8671571873845576,scored,0.0292226255296072,19.0,XLV,True,1.2556248045768317,0.0352604550569174,,no_data,0.0
2026-10-02,MDLZ,298,1.0,0.9403469473844406,0.8416883502456838,0.7793157310124917,0.6922234770195831,0.6705167170961068,scored,-0.5077181805420744,19.0,XLP,True,1.1660824227407278,0.0200392236250339,,no_data,0.0
2026-10-02,MDT,298,1.0,0.9870508424945438,0.9329498406045672,0.9015269300592424,0.9332688304545214,1.0784164633575473,scored,-0.5145937425257668,19.0,XLV,True,2.0651351154721547,0.0239075609570751,,insufficient_history,6.0
2026-10-02,MDU,298,1.0,1.031057125150462,1.061901083043461,1.06667418929911,0.9362974741551272,1.0667958247547442,scored,0.3098746354600541,19.0,XLU,True,0.3768375088196162,0.0202491944556483,,no_data,0.0
2026-10-02,MEDP,298,1.0,1.0378059459257964,1.0386147698622872,1.0359546360028509,1.0274822174926457,1.0259704593753345,scored,1.567247242097479,19.0,XLV,True,16.871471951103945,0.0281439804345571,,no_data,0.0
2026-10-02,MELI,298,1.0,0.8984429949076143,0.8420953119491776,0.8637127693911228,0.7879929192811308,0.6848580557638524,scored,-1.658152334953502,19.0,XLY,True,55.27388893433522,0.0325799788597722,,no_data,0.0
2026-10-02,MEOH,298,1.0,0.8856478271984306,0.7684974853524539,0.6651066074573205,0.7527887289970622,0.6527543302123335,scored,0.4300302285040405,19.0,XLB,True,1.9691450646841189,0.0337009252898189,,no_data,0.0
2026-10-02,MET,298,1.0,0.8949586119657248,0.8347169652594701,0.7365069291445228,0.7530943142561541,0.8407955312388564,scored,1.392794762692788,19.0,XLF,True,1.8254857491930727,0.019331629240634,,no_data,0.0
2026-10-02,META,298,1.0,0.9779688013065082,0.9441286959894032,0.9623519203773504,1.0812697229407402,0.8365225274016628,scored,2.0649808383443253,19.0,XLC,True,25.41495806752388,0.0349068207717886,,no_data,0.0
2026-10-02,MFC,298,1.0,0.9594233698063052,0.8827004073421363,0.7460641515329341,0.7526225776736631,0.8578358378836368,scored,1.2549430230171634,19.0,XLF,True,0.7010281532570589,0.0163295633183568,,no_data,0.0
2026-10-02,MFG,298,1.0,1.075293985954084,1.0454057298622337,0.9403687262502542,0.9267251823500098,0.8679581229887071,scored,0.7717864829164857,19.0,XLF,True,0.2712682008699649,0.0249098439733668,,no_data,0.0
2026-10-02,MFP,68,1.0,0.8154291992472921,0.7770351755101397,0.6993984760057474,0.6323166230104028,0.6049104646273452,scored,-0.4591786065050667,19.0,XLI,True,2.109605219062013,0.0506021880321902,,no_data,0.0
2026-10-02,MGA,298,1.0,0.9574803527633368,0.9087086383169144,0.8829156612055941,0.8952294780554284,0.7588438388683306,scored,-0.772842072387595,19.0,SPY,False,1.7070798889724352,0.0264376628306091,,no_data,0.0
2026-10-02,MGM,298,1.0,1.007928699413312,1.0460922866245457,1.0824984510844022,1.02859194647541,1.0157488817203504,scored,-1.5537122636677565,19.0,XLY,True,1.151000179787423,0.0377624730901385,,no_data,0.0
2026-10-02,MGNI,298,1.0,0.9555631334513068,1.0132440655959962,1.0341776636015223,1.1320217955503549,1.2157038097461972,scored,0.9473412885287864,19.0,XLC,True,1.1070515673522148,0.0447655304226532,,no_data,0.0
2026-10-02,MGY,298,1.0,0.955083179527086,0.9324568293110406,0.8464292965520995,0.80923455871632,0.7641516674307554,scored,-0.5939716268655022,19.0,XLE,True,0.8146481147994945,0.0338449569920853,,insufficient_history,1.0
2026-10-02,MHK,298,1.0,1.0034279298582995,0.9835139309996892,0.9781015200432503,1.0279411043585636,1.068863707341103,scored,-0.5897029683543824,19.0,XLP,True,4.225664917729937,0.0334282486965424,,no_data,0.0
2026-10-02,MHO,298,1.0,0.9306653151314688,0.9292322187973128,0.95589672401108,0.908877493875822,0.9382204375675052,scored,0.4089028222923292,19.0,XLP,True,3.842488831445363,0.0285135710258634,,no_data,0.0
2026-10-02,MIAX,286,1.0,1.1044639739309072,1.177122126071197,1.295881332780378,1.2969834974276784,1.304714779828217,scored,-1.5705221904237603,19.0,XLF,True,1.4921682177118023,0.0452035206819691,,no_data,0.0
2026-10-02,MIDD,298,1.0,1.0754184437924728,1.0783921827185592,1.0623119587386185,0.9330413559800872,0.9781848787437842,scored,-1.127214379544067,19.0,XLI,True,2.935365740078644,0.0280708208862832,,no_data,0.0
2026-10-02,MIR,298,1.0,0.8961372123719705,0.7894624371724602,0.6874341997290095,0.553193698553929,0.4275576819705676,scored,0.914077834860195,19.0,SPY,False,0.6601579073398223,0.0452162950232754,,no_data,0.0
2026-10-02,MIRM,298,1.0,0.9516818191446372,0.9822111577789888,1.0680755005082074,1.1311516091657008,1.2016779163978093,scored,-0.543581997877286,19.0,XLV,True,3.819853744375673,0.0460611810487841,,no_data,0.0
2026-10-02,MKC,298,1.0,1.0734107516452212,1.046389199910304,1.0889881898402505,1.195383463362378,1.2696174364403665,scored,-1.7826616584343964,19.0,XLP,True,1.4708975967448004,0.0329280858908618,,no_data,0.0
2026-10-02,MKL,298,1.0,1.0014025557001225,0.9326466557415032,0.929200796973902,1.006634829289392,0.8731794736536257,scored,-0.1695321900537704,19.0,XLF,True,26.548979236020063,0.0152828027239664,,no_data,0.0
2026-10-02,MKSI,298,1.0,0.999933474454805,0.9380091078831664,0.8743269807093588,0.744653931415745,0.8587403686859137,scored,-0.1876005004878174,19.0,XLK,True,11.642658286693376,0.0417075346111172,,no_data,0.0
2026-10-02,MKTX,298,1.0,1.091427442869194,1.1908874770999436,1.3411656553497415,1.443985194224039,1.6318640621777174,scored,2.1161962858734835,19.0,XLF,True,0.5780355936770805,0.0035216010337338,,no_data,0.0
2026-10-02,MLI,298,1.0,1.0347939382435314,1.0493796063851104,1.0951040840015471,1.22550123322434,1.1907897918725632,scored,0.7967669428562851,19.0,XLI,True,1.500033290107213,0.0239775142280564,,no_data,0.0
2026-10-02,MLM,298,1.0,0.9837237756571476,0.8822595319410239,0.7344231757528596,0.7380508029961071,0.7425853158381874,scored,0.0592422308843218,19.0,XLI,True,13.355190654805735,0.0276923521156317,,no_data,0.0
2026-10-02,MLTX,298,1.0,0.9199055610221348,0.8908430485980228,0.8277155793309852,0.7168297955193892,0.7040064487534413,scored,-0.2815675058830478,19.0,XLV,True,0.6728726433952698,0.0589721860994977,,no_data,0.0
2026-10-02,MLYS,298,1.0,1.0503890089235135,1.1219907667508642,1.2349346690190293,1.3107287901116773,1.510558292558019,scored,-0.6172870740421351,19.0,XLV,True,1.4417246582087395,0.061012469666049,,no_data,0.0
2026-10-02,MMED,146,1.0,1.0397231835025784,1.0565666013055106,1.136595881187158,1.2372753909658334,1.489529894829294,scored,-2.26819834424031,19.0,XLV,True,0.8842407861059962,0.0448853190916749,,insufficient_history,1.0
2026-10-02,MMM,298,1.0,1.0162330967081634,1.011608140938734,0.9714813539020604,0.9472459089706792,0.8317163681318871,scored,0.5101272775637183,19.0,XLI,True,3.4766649937181517,0.0214754771370569,,no_data,0.0
2026-10-02,MMS,298,1.0,1.095060043434383,1.1498636222849494,1.1989381851117615,1.260316713936544,1.113686160288961,scored,-0.2229623921825334,19.0,SPY,False,1.659118515472702,0.0315122225161007,,no_data,0.0
2026-10-02,MMSI,298,1.0,0.9341335363724658,0.9895915368655224,1.0233806833512142,1.0748620532909137,1.320938111717429,scored,-0.6960586707853778,19.0,XLV,True,1.832575379851349,0.0214662689451956,,no_data,0.0
2026-10-02,MMYT,298,1.0,0.9829243619706732,0.986327797568374,1.0037044638982924,1.2071869240166118,1.3561500501014538,scored,-1.0271696488473905,19.0,XLY,True,2.1206603273130704,0.0475271252199253,,insufficient_history,1.0
2026-10-02,MNDY,298,1.0,0.9664386629234496,1.0124245785325454,1.0226231391298664,1.0759593169782034,0.9569169562650373,scored,-1.255064969958838,19.0,XLK,True,5.047650676578115,0.0640564806672349,,no_data,0.0
2026-10-02,MNST,298,1.0,0.956979459535304,0.9478948482428388,0.9687140793933804,0.856603659952428,0.8404854722015199,scored,-0.0046493983483692,19.0,XLP,True,1.0049757259508834,0.0234041855135277,,no_data,0.0
2026-10-02,MO,298,1.0,1.0752646818387652,1.1339628538666748,1.0641412736779343,0.9314218591900212,0.88598397458305,scored,-0.28703634729068,19.0,SPY,False,1.316601159267656,0.0195486437901656,,no_data,0.0
2026-10-02,MOD,298,1.0,1.0176743257018286,0.9466726264395088,0.9176541683557304,0.8223175151018678,0.852917652982507,scored,-0.1352307445118164,19.0,SPY,False,11.056002434729235,0.0620426623722179,,no_data,0.0
2026-10-02,MOG.A,298,1.0,0.964915138479036,1.0053175148401268,1.0358271726638693,1.1049421333185978,1.2900103713260045,scored,1.2113143696463002,19.0,XLI,True,11.97857607688601,0.0305007920884221,,no_data,0.0
2026-10-02,MOH,298,1.0,1.0297168886832884,1.0863763938443234,1.151720507749296,1.2579886856767473,1.3039285056331087,scored,0.1979100532866402,19.0,XLV,True,7.191327862462571,0.0379409510523508,,no_data,0.0
2026-10-02,MORN,298,1.0,1.0345910644278833,1.0361833447830775,1.0959323012015172,1.176728884108143,1.0926296795156665,scored,-0.3098805079466947,19.0,XLF,True,6.784186993135367,0.0369609751737148,,no_data,0.0
2026-10-02,MOS,298,1.0,1.06598965320592,1.0051096937588595,0.9176666633612228,0.7003180286341313,0.6900765063621497,scored,-1.1014302136567848,19.0,XLB,True,1.0574465498154753,0.0501873065882997,,no_data,0.0
2026-10-02,MP,298,1.0,1.0070054750841524,0.9939229593834948,0.9826136653680798,0.9496917985245826,0.7860748843207476,scored,-0.9942585952392676,19.0,XLB,True,2.5694292474661933,0.0547036246000892,,no_data,0.0
2026-10-02,MPC,298,1.0,1.0253368326542376,1.0789694097141869,1.173525818667695,1.2062455374913552,1.0056533217392092,scored,1.7521536618872398,19.0,XLE,True,15.527397862356946,0.0367660309766224,,no_data,0.0
2026-10-02,MPLX,298,1.0,0.8684280567666832,0.8397578364613417,0.7496065682870725,0.6241033971838202,0.5761226136062267,scored,-0.5062297610088796,19.0,XLE,True,1.0857140903870253,0.0192570785808269,,no_data,0.0
2026-10-02,MPWR,298,1.0,0.8630486356545749,0.7416566273184199,0.7206888385733462,0.7544335067683395,0.8621093318402445,scored,-0.006343890850618,19.0,XLK,True,54.71017444547289,0.038000301754824,,no_data,0.0
2026-10-02,MRCY,298,1.0,1.0183182207684638,0.9942643109495548,0.994553301742112,1.0243515122177684,0.9410845458699352,scored,0.7529094520630687,19.0,XLI,True,3.644528307039167,0.0429424803468736,,no_data,0.0
2026-10-02,MRK,298,1.0,1.0139355103608343,1.0273105833139855,1.0494840543386863,0.931890636951857,0.692667514846272,scored,0.1486286508555777,19.0,XLV,True,3.385816218680246,0.0234637298591839,,no_data,0.0
2026-10-02,MRNA,298,1.0,0.8067554642861227,0.7831827881249026,0.7614411326834891,0.791287609083658,0.7459426590125355,scored,1.181656703811354,19.0,XLV,True,13.417792899640018,0.0706162459851587,,no_data,0.0
2026-10-02,MRP,298,1.0,1.0685900610641172,1.092869940904317,1.0485099225384946,0.9902254350391552,0.8879619650399216,scored,-1.3583301400799046,19.0,XLRE,True,0.9249333185156156,0.0375836374853968,,insufficient_history,1.0
2026-10-02,MRSH,298,1.0,0.9254051711211364,0.8289722900084835,0.842583649229165,0.7580640855200562,0.6943534950708319,scored,-0.0127669919031773,19.0,XLF,True,3.4531959788781057,0.0203057507872404,,no_data,0.0
2026-10-02,MRVL,298,1.0,0.9677681205623132,0.9549909290066192,0.9011902402778126,0.9340265495095308,1.116008831470673,scored,0.8224896391009723,19.0,XLK,True,13.002983200535388,0.0477541709226757,,no_data,0.0
2026-10-02,MRX,298,1.0,1.0252264019587176,0.9785579163728452,1.020389533164411,0.8967775131413818,0.8701784799291417,scored,-0.0204785399102615,19.0,XLF,True,3.2095115738734883,0.044116997579017,,no_data,0.0
2026-10-02,MS,298,1.0,0.9387019382120914,0.8880691708625149,0.7931471998306083,0.7881207970619081,0.8572506982103818,scored,-0.9177821789723034,19.0,XLF,True,4.744361911187777,0.024929651154368,,insufficient_history,1.0
2026-10-02,MSA,298,1.0,0.9536750717236124,0.9069545077204964,0.8928838341596204,0.9575285184580598,1.0665403310076111,scored,-1.4614390401507724,19.0,SPY,False,3.751437225565846,0.0206998688162326,,no_data,0.0
2026-10-02,MSCI,298,1.0,0.9133912472085292,0.9036163207383536,0.8861763018267657,0.7468861087021433,0.4519499155826745,scored,0.5292801604610883,19.0,XLF,True,12.115095526072457,0.0226048988265182,,no_data,0.0
2026-10-02,MSFT,298,1.0,1.080950461845181,1.1374472143814411,1.2322206122186177,1.2241338420362784,1.2497403171840222,scored,0.2253724175075162,19.0,XLK,True,11.585587934603993,0.0223863117782621,,no_data,0.0
2026-10-02,MSGE,298,1.0,0.986359910996201,0.969019003344201,0.8247387151398011,0.6618995066704496,0.6000452662816451,scored,0.7011186981430826,19.0,XLC,True,2.754032672851239,0.0344814407518622,,no_data,0.0
2026-10-02,MSGS,298,1.0,0.884761872394089,0.9256698540847528,0.8535507291869346,0.7275365689836735,0.6131841140816569,scored,-0.7715087740757207,19.0,XLC,True,11.25584590572936,0.0276590389623525,,no_data,0.0
2026-10-02,MSI,298,1.0,0.9758482619615464,0.9828034476527264,1.008810996608391,1.1185387298819338,1.419158950291977,scored,-0.8911945329406439,19.0,SPY,False,8.295346186794658,0.0185408153299985,,no_data,0.0
2026-10-02,MSM,298,1.0,0.959784059209663,0.8834000263511386,0.826192911327955,0.5895543210892461,0.6767121216399691,scored,0.8936497619808653,19.0,SPY,False,3.178176155464597,0.0244249627687103,,no_data,0.0
2026-10-02,MSTR,298,1.0,0.9083702735324704,0.8726226736357147,0.8731383383146999,0.927558429137132,1.1520495159058437,scored,1.0409339149182446,19.0,XLK,True,9.331068299045995,0.0583155321482782,,no_data,0.0
2026-10-02,MT,298,1.0,0.9782226236455296,0.9373372443971816,0.9157008144071604,0.9625106968378566,0.9742172646206124,scored,-0.2775088271644464,19.0,XLB,True,1.9966553557016575,0.0309510983677206,,insufficient_history,2.0
2026-10-02,MTB,298,1.0,0.9594774275811616,0.9536809814654136,0.9950536813178787,1.179182558067679,1.4324289859732766,scored,-0.2683912799448734,19.0,XLF,True,4.179872119550912,0.0190739806495889,,no_data,0.0
2026-10-02,MTCH,298,1.0,0.8741410804064977,0.845270716490795,0.801576659451471,0.7182465770077602,0.7057864299052649,scored,-0.4918494843166856,19.0,XLC,True,1.211148347465772,0.0300384014748455,,no_data,0.0
2026-10-02,MTD,298,1.0,1.0629956622830854,1.1000165799619754,1.1776289462002862,1.132591087129063,0.9436657122682804,scored,0.9796385550831952,19.0,XLV,True,41.42185414952328,0.0278711700048602,,no_data,0.0
2026-10-02,MTDR,298,1.0,0.9505189551970388,0.961222845645051,0.9284701377444424,0.8610145745914972,0.8220779528869139,scored,0.6537705517778138,19.0,XLE,True,1.906505397599034,0.0356356149083931,,no_data,0.0
2026-10-02,MTG,298,1.0,0.9722926521590654,0.91868025049008,0.8731889742224935,0.860412795475058,0.8771172751419083,scored,-1.2572052829067233,19.0,XLF,True,0.791953205959999,0.0293860187740259,,no_data,0.0
2026-10-02,MTH,298,1.0,0.981293683596641,0.9808022878929844,1.025942245402823,1.118704823333409,1.048746358358768,scored,-0.5671077205869951,19.0,XLP,True,2.2076974911899505,0.0345763115299913,,no_data,0.0
2026-10-02,MTN,298,1.0,0.8739314713923787,0.8252262959077681,0.7509254180423507,0.6443382157093206,0.4163033982260868,scored,0.9087438845985808,19.0,XLY,True,4.740230537724577,0.0335805507064648,,no_data,0.0
2026-10-02,MTRN,298,1.0,1.022367863036676,1.0122974070377653,1.0110638442228732,0.8311882179175406,0.6650713393275031,scored,1.4403586505905333,19.0,XLB,True,12.536494619178022,0.0401604773807599,,insufficient_history,1.0
2026-10-02,MTSI,298,1.0,1.047830407458858,1.0314979943884808,1.008491998768152,0.9747738724554168,0.9817822423789792,scored,0.2779294937719136,19.0,XLK,True,14.809834373862984,0.0460504800182306,,no_data,0.0
2026-10-02,MTZ,298,1.0,0.887421920784847,0.8036730679589655,0.804262993992294,0.8548965900936333,1.0322408834527503,scored,-0.8181200806456865,19.0,XLI,True,11.438555341450549,0.0529734420481199,,no_data,0.0
2026-10-02,MU,298,1.0,0.9525212900852584,0.9109842985401142,0.9702555154905196,0.8200283442246206,0.874454630603832,scored,0.7145006836314456,19.0,XLK,True,46.48489371354405,0.0432461867852003,,insufficient_history,1.0
2026-10-02,MUFG,298,1.0,1.0639040538867144,1.0262401563363177,0.9303408223853938,0.9392061142654526,0.8116708282784854,scored,0.8383150229229762,19.0,XLF,True,0.492565355968166,0.021584809639271,,no_data,0.0
2026-10-02,MUR,298,1.0,0.9268076486321142,0.894167851937747,0.76223905761933,0.6473796593123369,0.5072945181043601,scored,0.1275184744057063,19.0,XLE,True,1.349684472518117,0.0358386742569866,,no_data,0.0
2026-10-02,MUSA,298,1.0,1.0535419428100496,1.0140415722353555,0.908378542145128,0.8502320706803908,0.7022534871227688,scored,0.1977478956602511,19.0,XLY,True,15.114525499228638,0.0293474534954538,,no_data,0.0
2026-10-02,MUX,298,1.0,0.9659231016524684,0.9890240707281848,1.015641800089868,0.9406981623355176,1.0261541002686438,scored,-0.2024953187476233,19.0,XLB,True,0.8484082533078818,0.0478245915055175,,no_data,0.0
2026-10-02,MWA,298,1.0,0.983747880817366,0.941540829142816,0.9198636885156783,0.9795930497920068,0.9973526144135852,scored,-0.6692313865572392,19.0,XLI,True,0.4883162847655534,0.0225446114850209,,insufficient_history,1.0
2026-10-02,MWH,162,1.0,0.9864689034593545,0.9981591587025286,0.9121556387996784,1.0295477287194548,1.15063782947695,scored,0.1142867470863248,19.0,XLI,True,1.3096021393331645,0.0518654312607193,,no_data,0.0
2026-10-02,MXL,298,1.0,1.0060149950214587,0.9857378073902332,1.0272774282501465,1.3197565395197703,1.7910970574157792,scored,1.588984746992628,19.0,XLK,True,6.990650743817549,0.0659931156784437,,insufficient_history,1.0
2026-10-02,MYRG,298,1.0,1.0644779601836645,1.0351770558167404,0.993591469061162,1.056188590129969,1.319327907495444,scored,0.7034121624104597,19.0,XLI,True,12.171711048232885,0.0399373660407286,,no_data,0.0
2026-10-02,MZTI,298,1.0,1.0251886317008154,0.9477533844069672,0.9515081293521715,0.8953675828999595,0.7976417908879706,scored,-0.7018785340088601,19.0,XLP,True,3.1255827258207645,0.0314034233479429,,no_data,0.0
2026-10-02,NAMS,298,1.0,0.9918028770908232,1.0000412667466954,1.030180363023965,0.9955441882864824,0.8982773104701021,scored,0.4113558152008507,19.0,XLV,True,1.3800598516002314,0.0594853384310444,,no_data,0.0
2026-10-02,NATL,298,1.0,1.0053118020246594,0.955220502200558,0.9406842768667154,0.8481864384125051,0.6862358589904065,scored,1.912241093500104,19.0,XLF,True,0.5909008132651861,0.0130097052678376,,no_data,0.0
2026-10-02,NAVN,232,1.0,0.9721477841791396,0.9618110246922332,0.9299459856618048,0.9567676395386682,1.15919364300387,scored,-0.969611772414978,19.0,XLY,True,1.2065462213242988,0.0563017368793419,,no_data,0.0
2026-10-02,NBIS,298,1.0,1.0196920116180077,1.0413952749940614,0.9628720481564688,0.7572298586019965,0.5915450894893189,scored,0.7180875092143221,19.0,XLK,True,16.073315986013153,0.0661970923191514,,no_data,0.0
2026-10-02,NBIX,298,1.0,0.953618047247996,0.8981634413570246,0.8919881437442865,0.8708389625782109,0.812831845455608,scored,-0.4715255351180879,19.0,XLV,True,4.128165080218908,0.0288319952522622,,no_data,0.0
2026-10-02,NCLH,298,1.0,0.9189643222670884,0.8834462058689958,0.7857425138681731,0.8663292484713758,0.9549703582495628,scored,0.1058102804842778,19.0,XLY,True,0.6017683475237504,0.0397469185946995,,insufficient_history,2.0
2026-10-02,NCNO,298,1.0,1.0892333786325583,1.1006377811941843,1.0808328151596596,1.0997498626429585,1.2483043164845964,scored,-1.82038179723644,19.0,XLK,True,0.9423232390945664,0.0504455695446769,,no_data,0.0
2026-10-02,NDAQ,298,1.0,1.0379090972920588,1.0724506236804494,1.0634357534210364,1.1175896961262008,1.0906297227934891,scored,0.0572618699911046,19.0,XLF,True,2.1180297403845763,0.0234476889226677,,no_data,0.0
2026-10-02,NDSN,298,1.0,0.9372599348900756,0.8549273300088945,0.837236389714029,0.7813458806831464,0.7747331903872855,scored,1.4568210905323429,19.0,XLI,True,6.113925812828303,0.0183304125826836,,no_data,0.0
2026-10-02,NE,298,1.0,0.8247567399708375,0.8592517797948128,0.8880333614617929,0.9885244252675044,1.1147238106034962,scored,-0.8062213740304844,19.0,XLE,True,1.5235194668156626,0.0374329107325715,,no_data,0.0
2026-10-02,NEE,298,1.0,0.929985447016134,0.9262698979416089,0.9308369018529196,1.1504336123065235,1.2854184532555883,scored,-0.1320156731474977,19.0,XLU,True,1.3426743241290748,0.0174759120672793,,insufficient_history,1.0
2026-10-02,NEM,298,1.0,0.9709876507132094,0.9931845799928908,0.9925498410439768,0.8770807672085279,0.9296232721116878,scored,0.6606767001699728,19.0,XLB,True,3.834406358669851,0.0331810865236228,,no_data,0.0
2026-10-02,NEO,298,1.0,1.0361076365578068,0.990140721105934,1.0214970692240275,0.9828361436516724,1.1764603671248763,scored,1.2289986005596203,19.0,XLV,True,0.8567028449132159,0.0463834783385606,,no_data,0.0
2026-10-02,NEOG,298,1.0,0.982731823168714,0.9352667103416428,0.8457720052081424,0.7323157912067235,0.7350208412163247,scored,0.2995389929687452,19.0,XLV,True,0.5326176130919423,0.0438368405836989,,no_data,0.0
2026-10-02,NESR,298,1.0,1.0860281097201074,1.0521401568748758,1.056319464662066,0.9942092597952572,0.8567789745240185,scored,-0.8312624079529256,19.0,XLE,True,1.6329624400713778,0.0661922351062577,,insufficient_history,1.0
2026-10-02,NET,298,1.0,1.012722224724947,1.0293527950647263,0.9400006727624478,0.7046603684471702,0.4050746714985567,scored,0.8742857771651672,19.0,XLK,True,16.016977106922802,0.0458847139740533,,no_data,0.0
2026-10-02,NEU,298,1.0,1.0672653500863023,1.0920707213198966,1.1166585423326094,1.0734412723374958,0.989246478779356,scored,1.289299911524572,19.0,XLB,True,22.763757314965307,0.0246345013472775,,no_data,0.0
2026-10-02,NFG,298,1.0,1.0035063260862784,0.9916778860098664,1.0062245490580983,1.0338775363727568,1.3125978985110789,scored,-0.2401630752417337,19.0,XLU,True,1.5350137766877467,0.0200839170049423,,no_data,0.0
2026-10-02,NFLX,298,1.0,1.0604784057045995,1.0677254042697728,1.1531937296778692,1.1693073022569096,1.0437524492162096,scored,-2.105976396658657,19.0,XLC,True,1.977637103506596,0.02949056223541,,no_data,0.0
2026-10-02,NGG,298,1.0,0.9350367154558984,0.9424252138858794,0.8939988736175568,0.78302907293904,0.8557816163016256,scored,0.7720065250388484,19.0,XLU,True,1.2040168953313897,0.0158173528025668,,no_data,0.0
2026-10-02,NHC,298,1.0,0.9525083780040082,0.9736109847661272,0.964667099319104,0.7104111041575855,0.560660606474032,scored,0.1389039460009159,19.0,XLV,True,6.262326508833557,0.0275073640904575,,no_data,0.0
2026-10-02,NHI,298,1.0,0.956678256800214,0.9691592045885936,1.0341818101769702,1.0963852546579502,1.0171439928547503,scored,-0.7184673394838506,19.0,XLRE,True,1.3055278004052162,0.0198650000061657,,no_data,0.0
2026-10-02,NI,298,1.0,0.9298939503494634,0.8977009253585043,0.8688778003460172,0.8172606402486484,0.8591521026235518,scored,1.0364982731730887,19.0,XLU,True,0.6798688008403597,0.0172424245711478,,no_data,0.0
2026-10-02,NIC,298,1.0,0.9953843866056046,0.9161571420157458,0.8668335066092122,0.8670141005757279,1.0002130624067158,scored,-0.1393630764148271,19.0,XLF,True,3.6691613072035327,0.0220409761951314,,no_data,0.0
2026-10-02,NICE,298,1.0,1.1392225082289078,1.1058541752306632,0.9373301537010948,0.650444643625944,0.4901901859552166,scored,-0.7459184672559962,19.0,XLK,True,5.233655801832236,0.0459495680582285,,no_data,0.0
2026-10-02,NIQ,298,1.0,1.0725211442211169,1.096994994006488,1.2524534367573992,1.4599239620188726,1.5780121359838013,scored,-1.3413850985609612,19.0,XLC,True,0.642151433250286,0.0385908313251373,,no_data,0.0
2026-10-02,NJR,298,1.0,0.969667241320226,0.9844516063920868,1.0291664955612037,1.0028973328369897,0.9708532502929852,scored,1.0722280027594853,19.0,XLU,True,1.0122725892632327,0.0196214884524759,,no_data,0.0
2026-10-02,NKE,298,1.0,0.9674105159754436,0.9492785796852652,0.9265172010312286,0.7421432551932151,0.5958180505209041,scored,-1.2662262304542748,19.0,SPY,False,1.1457008452158506,0.033826419994563,,insufficient_history,2.0
2026-10-02,NKTR,298,1.0,1.1372594118176969,1.199818157007574,1.2370877698555036,1.4262075393483742,1.7397491690306883,scored,-0.3367307327271588,19.0,XLV,True,4.302130475928085,0.0987180008244168,,insufficient_history,1.0
2026-10-02,NLY,298,1.0,0.9065827155149472,0.9022194733006874,0.8454787037196525,0.8503911801554395,0.8789800149202426,scored,-1.45692012301907,19.0,XLRE,True,0.4830456631894929,0.0261105763886212,,insufficient_history,3.0
2026-10-02,NMIH,298,1.0,1.0446488102302294,1.019072621937315,0.9863559731331004,1.0015534547149076,1.0403496791264522,scored,-1.2063433526885272,19.0,XLF,True,1.1732478019489898,0.0302149833105585,,no_data,0.0
2026-10-02,NMRK,298,1.0,1.0040865196899214,0.9643861783686852,0.861135098446156,0.8336767722091462,0.7468683298736017,scored,-1.5645443282893967,19.0,XLRE,True,0.5053075536249756,0.0399452611561245,,no_data,0.0
2026-10-02,NN,298,1.0,1.041101818483052,1.0763949632135004,1.0487581898195015,0.9476993099274436,0.8007298274603157,scored,-0.8656765731836116,19.0,XLK,True,0.9427231562663696,0.0674337021649763,,no_data,0.0
2026-10-02,NNE,298,1.0,0.9140491890951792,0.9039958160481808,0.8590826282393277,0.6918238436880048,0.6597068028048373,scored,0.5706581389753065,19.0,SPY,False,0.9928406259389913,0.0635621399448777,,no_data,0.0
2026-10-02,NNN,298,1.0,0.9416052016684816,0.930814114939403,0.9572926161263592,0.992457437715838,0.9926749680789112,scored,-0.7804296583403695,19.0,XLRE,True,0.7367971457879378,0.0179926042927457,,insufficient_history,1.0
2026-10-02,NOC,298,1.0,1.058902054702885,1.0688542261191538,1.116214237353017,1.2169823884125714,1.4874015469540038,scored,-1.2610708841767522,19.0,XLI,True,11.868397773941885,0.0248292840459035,,insufficient_history,1.0
2026-10-02,NOG,298,1.0,0.9947552592076194,1.0176858985780932,0.9655339596366028,0.97250248745553,0.9851224558388504,scored,-1.4750763821109618,19.0,XLE,True,0.8586005391109576,0.0360302366391505,,no_data,0.0
2026-10-02,NOK,298,1.0,0.9940761185124511,0.9629548349990564,0.9195930365999092,0.9136473348763486,1.2206202581294214,scored,-0.1579664855651043,19.0,SPY,False,0.4577804916471175,0.0431868388346337,,no_data,0.0
2026-10-02,NOV,298,1.0,0.8605369934816068,0.8169559379227166,0.8287200063281318,0.7602959485072042,0.5439028114139375,scored,-2.0980509486952847,19.0,XLE,True,0.6024401651953207,0.0320446896380489,,no_data,0.0
2026-10-02,NOVT,298,1.0,0.9561125540609064,0.9291350365179292,0.8979433784341173,0.9043655715098604,0.7213448687195697,scored,0.744403035989382,19.0,SPY,False,5.487996236553344,0.0367655673380675,,no_data,0.0
2026-10-02,NOW,298,1.0,1.0468411908222373,1.06378367320397,0.990735053015424,0.906159365994744,0.883527957719831,scored,0.0048249469526318,19.0,XLK,True,6.039248061070875,0.0449415691402803,,no_data,0.0
2026-10-02,NPO,298,1.0,0.989604615864618,0.9309640110087096,0.859779770676087,0.8234293925777866,0.7345297830136404,scored,1.5385324065842223,19.0,XLI,True,11.215478774950284,0.0337246775768291,,no_data,0.0
2026-10-02,NRG,298,1.0,0.9151020433303536,0.8565848382803185,0.7815513953105703,0.698734370856759,0.5517739480471894,scored,-0.0579728617192116,19.0,XLU,True,4.105822601678087,0.0431148020757963,,no_data,0.0
2026-10-02,NRIX,298,1.0,0.926851947240398,0.9283241313896294,0.9565910018311516,0.9892391393814504,1.1300967802063175,scored,-0.951009063353847,19.0,XLV,True,0.974366275446644,0.0423821781403498,,no_data,0.0
2026-10-02,NSC,298,1.0,0.9576372019280094,0.9066724410102712,0.8493861494787137,1.0212645085674796,1.1122318474054844,scored,-1.911913626270155,19.0,SPY,False,5.464823724851391,0.0172152965122586,,no_data,0.0
2026-10-02,NSIT,298,1.0,1.0798806445384197,1.0536426692006706,1.105647986504522,1.1603909680130846,1.3757077028817737,scored,0.8166648951250383,19.0,SPY,False,5.77943080588375,0.0359730536903009,,no_data,0.0
2026-10-02,NSP,298,1.0,1.0342133140978946,1.0294080763704554,0.99688937328964,1.2395755098845158,1.6234333695041,scored,-1.2371388110499135,19.0,SPY,False,2.1731655717571527,0.0467548530928819,,no_data,0.0
2026-10-02,NTAP,298,1.0,0.9088786406680908,0.8873817766908091,1.0121332069752982,1.1089711310603525,1.1145704725273806,scored,0.8832676622067372,19.0,XLK,True,8.399120047998485,0.0371199012153554,,insufficient_history,1.0
2026-10-02,NTCT,298,1.0,0.9033051877601248,0.8585517220301977,0.7378270596639873,0.6311027159696151,0.6653767910553994,scored,1.2834727374696575,19.0,SPY,False,1.0513185753711851,0.025666957406523,,no_data,0.0
2026-10-02,NTES,298,1.0,0.8906197338237031,0.8546319720340232,0.7152758103869832,0.5938641953966147,0.6051098696307,scored,0.4441906487065629,19.0,XLC,True,2.7262353348496102,0.0232594090508455,,no_data,0.0
2026-10-02,NTLA,298,1.0,0.9987896188197356,1.0131198947394455,1.143613523084195,1.3282802724603306,1.575410990339955,scored,-0.5608516285659181,19.0,XLV,True,0.6655020502630553,0.0542823858289604,,no_data,0.0
2026-10-02,NTNX,298,1.0,1.0184219192577149,1.06057060475579,1.1301461027991573,1.2418388331290129,1.398360459789589,scored,-0.0609077904658323,19.0,XLK,True,2.003068473057918,0.0277087906080774,,no_data,0.0
2026-10-02,NTR,298,1.0,1.0194713411802825,0.968565831566348,0.9553954311649604,0.8207094543200392,0.7279109090536106,scored,-1.0868014344642083,19.0,XLB,True,2.113025527217921,0.0301602273368244,,no_data,0.0
2026-10-02,NTRA,298,1.0,0.9276063718223512,0.8311652390193055,0.782384400445613,0.8339429091677173,0.7655576756558269,scored,4.065544761235309,19.0,XLV,True,13.187963826182768,0.0321383302697277,,no_data,0.0
2026-10-02,NTRS,298,1.0,0.9136806740182816,0.8074117708193917,0.698834722347407,0.7493057577294936,0.7734392532750278,scored,0.8888791679547582,19.0,XLF,True,3.8628501365793344,0.0225370486381524,,no_data,0.0
2026-10-02,NTSK,262,1.0,0.9996280817777914,1.0149259850940098,1.0112678119004823,1.017974412080557,0.9395449577043232,scored,0.286068236812145,19.0,XLK,True,0.9452752559049096,0.0532549439946428,,no_data,0.0
2026-10-02,NTST,298,1.0,1.0008377950044245,1.0009837762775848,1.0564605298648722,1.1562648773486703,1.2511167685277491,scored,-1.7122070728130383,19.0,XLRE,True,0.4007690989976479,0.0228749485729251,,no_data,0.0
2026-10-02,NU,298,1.0,0.9686649392639708,0.8823459336072101,0.8829947247399476,0.8596797536423127,0.9341335424959144,scored,-1.1810801732725518,19.0,XLF,True,0.5554192688572809,0.0413566097436545,,insufficient_history,3.0
2026-10-02,NUE,298,1.0,1.1086848716065192,1.1081801631279624,1.088669395800086,1.2915906080702666,1.3832763401070058,scored,-0.4717548907318855,19.0,XLB,True,7.579405507483514,0.0315296206476289,,no_data,0.0
2026-10-02,NVAX,298,1.0,0.9984195635407306,1.0100922450330123,1.0100873332701232,0.9618147172276972,0.7959657407213601,scored,0.878663408759582,19.0,XLV,True,0.5658302367045964,0.054094668901013,,no_data,0.0
2026-10-02,NVDA,298,1.0,0.9333347282612586,0.957563535946319,0.8527940214181926,0.6306849923292048,0.4880603830924192,scored,-0.4753813661939036,19.0,XLK,True,5.909736235469395,0.0252606806388946,,no_data,0.0
2026-10-02,NVMI,298,1.0,0.9512938399293952,0.8474269477472447,0.8074726828455664,0.7478320333867547,0.7711862573247562,scored,-0.0080185462837573,19.0,XLK,True,14.51174059736016,0.0366347081625774,,no_data,0.0
2026-10-02,NVO,298,1.0,1.1408642721820912,1.1672411401210816,1.1367613418813094,1.101365766124417,1.3362739892809257,scored,-1.9987767688847315,19.0,XLV,True,1.070665539767793,0.0286887872392227,,no_data,0.0
2026-10-02,NVS,298,1.0,1.006727310492567,1.0270611310185072,0.9278967785665608,0.8652527109703934,0.7371055388050357,scored,0.4371722841469116,19.0,XLV,True,2.878535263966397,0.0204151437160737,,no_data,0.0
2026-10-02,NVST,298,1.0,0.9937548562015052,0.9671143238470412,0.9310665176136378,0.8508229030526462,0.8959397340382086,scored,-1.7603377132872808,19.0,XLV,True,0.7307511121186405,0.031148811258254,,no_data,0.0
2026-10-02,NVT,298,1.0,0.9761131617787028,0.9039080344057736,0.8236914523218202,0.6507295957280353,0.5302492629992546,scored,1.2297842807777968,19.0,SPY,False,6.464693027067018,0.0381262858402159,,no_data,0.0
2026-10-02,NVTS,298,1.0,1.0641942486987557,1.0369862844734332,1.0985882570850738,1.145633096396779,1.2990562696778687,scored,-0.3030465732110152,19.0,XLK,True,0.8366756066953541,0.0674738392496253,,insufficient_history,4.0
2026-10-02,NWE,298,1.0,0.9061573345431398,0.866878134825418,0.8028340072595872,0.594978186692805,0.5302291149390034,scored,1.227822194348997,19.0,XLU,True,1.5174162299990153,0.0219058211346761,,no_data,0.0
2026-10-02,NWG,298,1.0,0.9336600131887364,0.9316332056818556,0.927134969327702,0.8332243516069886,0.6658539861007027,scored,0.881528490099495,19.0,XLF,True,0.4137978363586881,0.0234181005296371,,insufficient_history,1.0
2026-10-02,NWS,298,1.0,1.0796892303176442,1.0312915284604838,0.9576225258842156,0.989415620430054,0.8748930882202431,scored,-1.5294718457588643,19.0,XLC,True,0.7736208626796179,0.0244429972410621,,no_data,0.0
2026-10-02,NWSA,298,1.0,1.082401894258029,1.0187771793538904,0.963880666437118,0.988094839069985,0.8603327827988677,scored,-0.9979898711517152,19.0,XLC,True,0.7165813837202012,0.0249766951453538,,no_data,0.0
2026-10-02,NXPI,298,1.0,0.9097605880069252,0.8570792570186356,0.9110709096138842,1.0048366102279156,1.193254158390581,scored,-0.1519184255965727,19.0,XLK,True,7.465356813371566,0.0306384175218401,,no_data,0.0
2026-10-02,NXST,298,1.0,1.075318859166332,1.0180881964568025,0.9758610370957485,1.0138837023939866,1.0291210777485844,scored,-1.338481885496051,19.0,XLC,True,5.882618702686994,0.0378498179300411,,no_data,0.0
2026-10-02,NXT,298,1.0,0.8904883841797535,0.834032309159067,0.7959872790803703,0.6647902940776363,0.7117918589892793,scored,-0.5591050079577318,19.0,SPY,False,3.9340382900369217,0.0466671208782553,,no_data,0.0
2026-10-02,NYT,298,1.0,0.9475467633031264,0.9266526665759994,0.9172570802591812,0.750878695112366,0.6612898663497283,scored,-0.0085155306501025,19.0,XLC,True,2.4707591652218723,0.0394060472922148,,no_data,0.0
2026-10-02,O,298,1.0,0.9876655665791092,1.012232099598532,1.089100635759936,1.2077157916376453,1.320004939056704,scored,-1.918670794811116,19.0,XLRE,True,0.8673471278502778,0.0160234089756193,,no_data,0.0
2026-10-02,OBDC,298,1.0,1.0294604494301811,1.0220994019558156,1.0134228810997137,0.9095721161465482,0.6595556532812475,scored,0.4478837335692003,19.0,XLF,True,0.2116784688071339,0.020551307651178,,no_data,0.0
2026-10-02,OC,298,1.0,0.9919797141225012,0.9946200573076232,1.0704186415225612,1.1988150980090748,1.2710497648071124,scored,-1.0311879160913404,19.0,SPY,False,4.538401666738722,0.0383440492289516,,no_data,0.0
2026-10-02,OCTV,93,1.0,0.8820430639320682,0.8064997900086803,0.5593960419633046,0.4380590393149762,0.2793461312811242,scored,0.1797892064600115,19.0,XLK,True,0.7590619262657572,0.0398876472026146,,no_data,0.0
2026-10-02,ODD,298,1.0,0.9859312478321433,1.0738680360205586,1.0697334001065184,0.9909518399912922,1.0740572084582365,scored,0.4839726254622127,19.0,XLP,True,1.2238594066225232,0.0647544659588636,,no_data,0.0
2026-10-02,ODFL,298,1.0,0.8979410402573693,0.8869772478568154,0.9197292173169316,1.0051245402969224,0.9577158866546956,scored,-1.210697836715242,19.0,SPY,False,5.260503788183605,0.0291472949256627,,no_data,0.0
2026-10-02,OGC,125,1.0,0.8618320083369773,0.9082179658092596,0.9489569141457525,0.7455290068173774,1.0238939855064573,scored,-0.9568968915503264,19.0,SPY,False,1.1442800717216748,0.0422087816939016,,no_data,0.0
2026-10-02,OGE,298,1.0,0.943638390343056,0.9597747143009024,0.9352187197800144,0.8345979195427762,0.7763994922676295,scored,3.5651656277465538,19.0,XLU,True,0.8029230080237467,0.0177089326868933,,insufficient_history,1.0
2026-10-02,OGN,298,1.0,1.156079365048989,1.2340012602848214,1.259649254825514,1.3885820623249872,1.8690754390873088,scored,0.6885243504682128,19.0,XLV,True,0.0395892244521737,0.00288551198631,,no_data,0.0
2026-10-02,OGS,298,1.0,0.896543584949614,0.8989659095877065,0.9033151660676452,0.9828204592510784,1.1308011282861192,scored,-1.1881989922015035,19.0,XLU,True,1.4133718875339052,0.0194759802609054,,no_data,0.0
2026-10-02,OHI,298,1.0,1.02472771612085,1.0185185745388194,1.0288864333479562,1.102374859197965,1.033235338890519,scored,1.6147393285331075,19.0,XLRE,True,0.8252519632611893,0.0180501304300347,,no_data,0.0
2026-10-02,OII,298,1.0,0.8485634285365896,0.8201730024203525,0.7518563239568326,0.6160897632053411,0.6284829183091282,scored,-0.0793215023591748,19.0,XLE,True,1.6940354620225002,0.0382228217965365,,no_data,0.0
2026-10-02,OKE,298,1.0,0.9622922983263626,0.953343984395423,0.9811274058553956,0.8225187698259824,0.6722931717672759,scored,-0.5018125070266599,19.0,XLE,True,2.4591466977685563,0.0279830074848493,,no_data,0.0
2026-10-02,OKLO,298,1.0,0.967992984984382,0.9758954341435976,0.9943012265255724,0.9126225842538762,0.971795626807334,scored,0.2096076991019772,19.0,XLU,True,2.235051462716722,0.0623097703573103,,no_data,0.0
2026-10-02,OKTA,298,1.0,1.0911760316294776,1.0918035573912963,1.0275732926016743,0.8910589204242801,0.8516670768957765,scored,0.7338684795470088,19.0,XLK,True,9.472328432215487,0.0447885405088443,,no_data,0.0
2026-10-02,OLED,298,1.0,0.9341055956407244,0.92211060638663,0.889568305915363,0.8286839175875991,0.6988293511797062,scored,-1.8423682390070557,19.0,XLK,True,2.854206084102234,0.0355133269142992,,no_data,0.0
2026-10-02,OLLI,298,1.0,0.9510401146360602,0.9148133023921052,0.8512389953731666,0.757351258937392,0.6543476757469564,scored,1.9651257385542755,19.0,XLY,True,3.033002037775311,0.0344444044946375,,no_data,0.0
2026-10-02,OLN,298,1.0,0.9112896481140408,0.8296759877675398,0.7813615344768825,0.7652424513001667,0.7233250608103502,scored,-1.52671872213922,19.0,XLB,True,0.6163345570240789,0.0387631796870489,,no_data,0.0
2026-10-02,OMC,298,1.0,1.0156965113080365,0.9372934099248602,0.8805005786024874,0.9363580702890768,0.7129038312554438,scored,-1.6377128112678343,19.0,XLC,True,2.1012291086900072,0.0283375469816588,,no_data,0.0
2026-10-02,OMDA,298,1.0,1.0065742547029992,1.0228047895642762,1.048894655679926,1.2784384989485775,1.357904112374949,scored,-0.5219248497584503,19.0,XLV,True,1.016957055239024,0.0499242540618077,,no_data,0.0
2026-10-02,OMER,298,1.0,0.9192039557343074,0.8248341015319707,0.7654232770688931,0.6672707477291128,0.5844005314514169,scored,1.2517880050272652,19.0,XLV,True,0.8616882366130513,0.0463024307691053,,no_data,0.0
2026-10-02,OMF,298,1.0,0.9703894400236968,0.9407347368283046,0.8828016028219516,1.0647565258934406,1.2483640733544037,scored,-1.3046714346476973,19.0,XLF,True,1.458702035079378,0.0260389510010599,,no_data,0.0
2026-10-02,ON,298,1.0,0.931010416389253,0.8487994228884487,0.8481088461242383,0.8460835178707273,1.0584674638163587,scored,-0.3789069628652323,19.0,XLK,True,3.613640024154712,0.0425685006968395,,insufficient_history,1.0
2026-10-02,ONB,298,1.0,0.9193957756670684,0.8054408784839832,0.7260592241693181,0.7346358739628588,0.8915385273650493,scored,1.2823857555356002,19.0,XLF,True,0.5157780233310569,0.0206641836270455,,no_data,0.0
2026-10-02,ONC,298,1.0,0.9730771828060238,0.9913365201539076,0.991315927386604,0.9492391300164876,0.9954391531466672,scored,0.3648844155213768,19.0,XLV,True,9.459955200743924,0.0264192900850222,,no_data,0.0
2026-10-02,ONON,298,1.0,1.0083848222930136,0.9418063646277608,0.8623908843362783,0.8387975470489968,0.8177475225593442,scored,0.6500936971777335,19.0,SPY,False,1.137217631163023,0.036862808141427,,no_data,0.0
2026-10-02,ONTO,298,1.0,1.0102073454260534,0.9611058736172088,0.9372904563247588,0.8643203448036512,0.7200731179260991,scored,0.8779716292759588,19.0,XLK,True,15.593078054096765,0.0475732313942605,,no_data,0.0
2026-10-02,OPCH,298,1.0,1.0644071302614364,1.02001412632123,1.021400680181329,1.0073630968575549,0.9670693604085262,scored,0.6950607682493903,19.0,XLV,True,0.6303237684394256,0.0278411558497979,,no_data,0.0
2026-10-02,OPLN,298,1.0,1.0377663864375573,1.033754224582382,0.9940706852381368,0.9160259186408902,1.02307343438411,scored,-0.4362251810836469,19.0,SPY,False,0.8623948996441856,0.0242723022697491,,no_data,0.0
2026-10-02,OR,298,1.0,1.021518216713795,1.095536844411422,1.1563895978536929,1.1038461995385351,1.1706954280814874,scored,0.5923804293479227,19.0,XLB,True,1.1285488655089475,0.0327400309111966,,no_data,0.0
2026-10-02,ORA,298,1.0,0.9665150956178516,0.9408156976583192,0.983142041254532,1.1042111837192328,1.2927672045249838,scored,-0.3852760767639804,19.0,XLU,True,3.2875257966846814,0.0354030346401538,,no_data,0.0
2026-10-02,ORCL,298,1.0,1.0930976899158522,1.1118484964552673,1.1794987654054163,1.1053167693196546,1.1786110268887662,scored,-1.3163546347610549,19.0,XLK,True,6.8705884370392605,0.0482824204992217,,no_data,0.0
2026-10-02,ORI,298,1.0,1.1033872781324927,1.145997580464911,1.2264334808923667,1.3507188031104216,1.1516961723794936,scored,-1.282997313943513,19.0,XLF,True,0.7296448644610479,0.0191709107845782,,no_data,0.0
2026-10-02,ORKA,298,1.0,0.9276913001678952,0.8574713288392765,0.8498682110686433,0.9357555374808472,1.0462582205491815,scored,-0.0425465515231101,19.0,XLV,True,4.613365632022435,0.0545831238999341,,no_data,0.0
2026-10-02,ORLY,298,1.0,0.9287945691721112,0.8649855794513277,0.8049446962206467,0.6514169543624743,0.5722936277536279,scored,-0.2133912200861853,19.0,XLY,True,1.789249007882772,0.0210747821894319,,no_data,0.0
2026-10-02,OSCR,298,1.0,1.0292528927560685,1.0089496250204113,0.9834566357375614,1.0369967016663817,0.9896754190790056,scored,0.4765988162022128,19.0,XLF,True,1.6497298579243544,0.053320292757736,,no_data,0.0
2026-10-02,OSIS,298,1.0,0.9530679358531928,0.927344207237498,0.9219547415556544,0.8866948610217293,0.7899437616585547,scored,-0.902516476709878,19.0,SPY,False,6.179386606734716,0.0314025135010403,,no_data,0.0
2026-10-02,OSK,298,1.0,1.0746078025801522,1.0670210256247703,1.0221260253880708,0.9540383544683132,0.8980362759589566,scored,-1.8821682846937,19.0,XLI,True,4.566252020366388,0.0341146957068837,,no_data,0.0
2026-10-02,OSW,298,1.0,0.9937158022253708,0.9656633482866516,0.9191955491254178,1.0210171553511145,0.8704546721713765,scored,1.03272863460513,19.0,SPY,False,0.7531894478606563,0.0318877835673436,,no_data,0.0
2026-10-02,OTEX,298,1.0,1.0275998676368157,1.0531081776349387,0.9914842864671644,0.9430126397508418,1.076576290244378,scored,-0.2807869782343729,19.0,XLK,True,0.7196022306817068,0.0323853389145682,,no_data,0.0
2026-10-02,OTIS,298,1.0,0.902258350075573,0.8532828099256184,0.7458174642761818,0.7546745742884696,0.8071106600084709,scored,-1.3687021950878722,19.0,XLI,True,1.5121219925305076,0.0236084620223342,,no_data,0.0
2026-10-02,OTTR,298,1.0,0.9191213818355496,0.8351371124107662,0.7465805333650116,0.621350930896987,0.4698970100262917,scored,1.2515879397166507,19.0,XLU,True,1.8329418517646088,0.0206249786403129,,insufficient_history,1.0
2026-10-02,OUST,298,1.0,1.100973193277421,1.1098454275154592,0.9876189739412788,0.9244730551600976,0.7134970861290784,scored,0.847948537751219,19.0,SPY,False,2.691693990119525,0.0606373955872837,,insufficient_history,2.0
2026-10-02,OUT,298,1.0,0.9846002163029888,1.015781632726979,1.0190768252854157,1.0617928660812166,1.1451728200272189,scored,-0.51156320418445,19.0,XLRE,True,0.6458497344240768,0.022503475067041,,no_data,0.0
2026-10-02,OVV,298,1.0,0.901571724926946,0.8927614628931739,0.8070188878129904,0.8343267568019668,0.9009816478713149,scored,-1.1409526155219172,19.0,XLE,True,1.828005006829588,0.0302950780051307,,no_data,0.0
2026-10-02,OXY,298,1.0,0.9947215069686336,0.97795435110913,0.9300215648901012,0.94726977648514,0.9647106370020232,scored,0.3743324474496544,19.0,XLE,True,1.5554587793217325,0.0267813150709664,,no_data,0.0
2026-10-02,OZK,298,1.0,0.9818255246549024,0.938716181997661,0.8866764949930324,0.8628912978197993,0.9499034975010324,scored,-0.1776385498279978,19.0,XLF,True,0.8985479739515918,0.0192387961449864,,no_data,0.0
2026-10-02,P,298,1.0,0.9274619492671032,0.8888381018543041,0.8916983062731798,0.8810056496298332,0.8454542759536567,scored,1.7466034254789475,19.0,XLK,True,6.519937432594023,0.0465244572041817,,no_data,0.0
2026-10-02,PAA,298,1.0,1.021590697981661,1.0823780255999496,1.119732520913983,1.1432550671545094,1.0020451866986606,scored,-0.686414497786257,19.0,XLE,True,0.5180166461858565,0.0218112272078255,,no_data,0.0
2026-10-02,PAAS,298,1.0,1.0260983138086168,1.0590341491513384,1.089077236875026,0.8320045139033423,0.8512239990852778,scored,0.1745469734551713,19.0,XLB,True,1.8515308711396277,0.0406840446306224,,no_data,0.0
2026-10-02,PACS,298,1.0,1.0305529396916702,1.029636263603854,1.2213157762871234,1.3387810570078045,1.2997981434936894,scored,0.4352505626296602,19.0,XLV,True,1.6376910939222704,0.0382191620518616,,no_data,0.0
2026-10-02,PAG,298,1.0,1.0192385780541866,0.961987532562727,0.9109089784736806,0.996202581821645,1.1301460187946284,scored,-0.6927646719093425,19.0,XLY,True,3.474586817032288,0.0170297839387947,,no_data,0.0
2026-10-02,PAGP,298,1.0,1.032109908703588,1.1116545471661885,1.1891463062981489,1.2889047966891591,1.235322185518379,scored,-0.9709227303413076,19.0,XLE,True,0.5073406618321914,0.0194681758185798,,no_data,0.0
2026-10-02,PANW,298,1.0,1.087190512653619,1.1190434426125468,1.140146849078408,1.059122032673086,1.2452114794414508,scored,0.8144895895285028,19.0,XLK,True,17.252343380178885,0.0427843055752873,,no_data,0.0
2026-10-02,PARR,298,1.0,0.9350912772127152,0.9201410189270884,0.8831667644667834,0.8505565303773055,0.9153623391846162,scored,1.2385630613767245,19.0,XLE,True,4.487216209591104,0.0534192405903702,,no_data,0.0
2026-10-02,PATH,298,1.0,1.0493137920293965,1.1185963512099757,1.1453597441407062,1.0641022885720646,1.0928113620369329,scored,-1.101887023922138,19.0,XLK,True,0.7371480716360052,0.0561850664356711,,no_data,0.0
2026-10-02,PATK,298,1.0,1.043942420606381,1.0516978280033535,1.032605518255711,1.0992894489299907,1.163420725295313,scored,-2.1093545998108243,19.0,SPY,False,2.429540677198794,0.0361754121083799,,no_data,0.0
2026-10-02,PAY,298,1.0,0.9680424457548754,1.0286569178153524,1.0339898833235182,1.099677165025418,1.2025562677942612,scored,-0.158894276115056,19.0,XLF,True,1.5287560022093147,0.0495866364647847,,no_data,0.0
2026-10-02,PAYC,298,1.0,1.0206745667584165,1.0105080106414572,0.9905868094861312,1.143538337077,1.501315585813609,scored,-1.2639357497526609,19.0,SPY,False,7.564755564576007,0.0342312121117516,,no_data,0.0
2026-10-02,PAYX,298,1.0,1.019000630330156,0.9724650933555626,0.934141418439597,0.9768157221987244,1.1612463353594242,scored,-1.9093989415338195,19.0,SPY,False,3.04942385532292,0.0308209405227705,,no_data,0.0
2026-10-02,PB,298,1.0,0.8849369666302841,0.8089104358709951,0.8271838713643839,0.7369976827368853,0.6998639117019952,scored,-0.509949558276722,19.0,XLF,True,1.2714037647945684,0.0188691564973963,,no_data,0.0
2026-10-02,PBA,298,1.0,1.0493021006478949,1.0865852687138329,1.1529649603241,1.092935065746824,1.1270477975276485,scored,-1.35666123375452,19.0,XLE,True,0.9052209042559874,0.019725885906646,,insufficient_history,1.0
2026-10-02,PBF,298,1.0,0.9872279566218556,0.9226837294492504,0.8543613998791687,0.8904329310069378,0.9401285469156316,scored,0.4983695302073828,19.0,XLE,True,4.666302555469848,0.0577655676587007,,no_data,0.0
2026-10-02,PBH,298,1.0,0.866924283368935,0.8171741460105909,0.8011153789705345,0.7524380339083101,0.7439602001414432,scored,-2.1379654723523296,19.0,XLV,True,1.47395833080452,0.032566467759711,,no_data,0.0
2026-10-02,PBI,298,1.0,1.0617556058486337,1.1417101238111709,1.2148749178294724,1.349384832026146,1.4287777473317698,scored,-0.9160043000535588,19.0,SPY,False,0.482385072357094,0.0287819255582991,,insufficient_history,1.0
2026-10-02,PBLS,80,1.0,0.9215733494404332,0.9081921382346868,0.7872442485203632,0.6777804735302408,0.9252978921253772,scored,-0.4177683011637655,19.0,XLV,True,2.869743591882599,0.0947735664426221,,no_data,0.0
2026-10-02,PBR,298,1.0,1.0956229579564878,1.0902440295255245,1.071286331247417,1.2926360478682324,1.6261476763871894,scored,1.148911801379089,19.0,XLE,True,0.59874217016431,0.0276555274902683,,no_data,0.0
2026-10-02,PBR.A,298,1.0,1.069650371831723,1.0671891052433375,1.05227153501988,1.2801943132626383,1.654660159280544,scored,1.2071416422583543,19.0,XLE,True,0.5053380153977628,0.0257825518060083,,no_data,0.0
2026-10-02,PCAR,298,1.0,0.903287078396176,0.8081215122257741,0.8275621896565065,0.9418724128737253,1.0686771927738172,scored,-0.5749104373393065,19.0,XLI,True,2.675285907395203,0.0243917387618089,,no_data,0.0
2026-10-02,PCG,298,1.0,0.9759614909244368,1.0410568232636528,1.0081358014256492,0.9782212638065912,1.072089639087447,scored,-1.3772347801321403,19.0,XLU,True,0.5340533114285293,0.0433484830704975,,no_data,0.0
2026-10-02,PCOR,298,1.0,1.0680510914412265,1.0507815408977783,1.0302132762658611,1.0463674272182646,1.086267586523444,scored,-0.5780399966738026,19.0,XLK,True,2.235188670968014,0.0438702388806283,,no_data,0.0
2026-10-02,PCTY,298,1.0,0.986546065082472,0.9544732577760082,0.9389011130693544,1.025645638706972,1.1907540261801106,scored,-1.0603981421346635,19.0,SPY,False,4.599651326184664,0.0318381070546456,,no_data,0.0
2026-10-02,PCVX,298,1.0,0.907152568833016,0.943518172034696,0.9262316107403654,0.9440472369292778,0.9390102440303938,scored,-0.489715471401673,19.0,XLV,True,2.1535839483254344,0.0381300274136939,,insufficient_history,1.0
2026-10-02,PD,298,1.0,1.0347502866643865,1.0761927512707536,1.0444765577330302,1.093633584017867,1.1538898574238563,scored,0.1976324989094076,19.0,XLK,True,0.5987273749238321,0.0390304677264558,,no_data,0.0
2026-10-02,PDD,298,1.0,1.0490062340476944,1.1016198811517834,1.0820365793430864,0.9545119126852456,0.8992297616442205,scored,0.1143977188977502,19.0,XLY,True,1.8107411215963156,0.0240215059909301,,no_data,0.0
2026-10-02,PDFS,298,1.0,1.0300275330586277,1.0057516586826591,1.0156617180511085,0.9180954974477052,0.7855996800462303,scored,1.0694611476117923,19.0,XLK,True,2.59000435769572,0.0466667451837066,,no_data,0.0
2026-10-02,PEB,298,1.0,0.9613476692831572,0.93536981974567,0.8625527859327656,0.7777233060725574,0.8181677910165768,scored,2.1488960513698148,19.0,XLRE,True,0.5025479124860281,0.0263528008645006,,no_data,0.0
2026-10-02,PECO,298,1.0,1.0031843599971986,1.0263975073255232,1.0374054523554357,1.0535186324254573,1.2052420919041351,scored,0.5480549415310964,19.0,XLRE,True,0.6243236643543907,0.0165339953483684,,insufficient_history,1.0
2026-10-02,PEG,298,1.0,0.9288859476293072,0.9006271790529556,0.8115824913290755,0.6771474311597403,0.6335597401743082,scored,-0.7891022019533491,19.0,XLU,True,1.1601556570971507,0.01704356775521,,insufficient_history,1.0
2026-10-02,PEGA,298,1.0,1.0575831171562209,1.0891335845087904,1.0335053243664294,0.9121357857574828,0.8582716294001621,scored,-1.0644156934692297,19.0,XLK,True,1.426904273259443,0.0420543552390051,,no_data,0.0
2026-10-02,PEN,298,1.0,0.902077706853642,0.8421007691283635,0.8703122377506919,0.8337185565866303,0.7603597443604333,scored,0.159788121387281,19.0,XLV,True,1.7078408925128887,0.0053781794757137,,no_data,0.0
2026-10-02,PENG,298,1.0,1.0211075448138378,1.0354878386716226,1.0082537722060845,1.1096979217222025,1.30349822302796,scored,1.1816873749529946,19.0,XLK,True,3.38288395361366,0.0551317463105224,,insufficient_history,1.0
2026-10-02,PENN,298,1.0,1.0236345495308783,0.981281928616503,0.8967537427808576,0.8790030972249242,0.8318072013607567,scored,-0.6905541641648065,19.0,XLY,True,0.6452328615841696,0.0436853663902619,,no_data,0.0
2026-10-02,PEP,298,1.0,1.0327055431027692,1.036313281600873,1.1323870763283372,1.1426699459993308,1.1547416604075993,scored,-1.6574898690232445,19.0,XLP,True,2.230078551755674,0.0177145011657452,,no_data,0.0
2026-10-02,PFE,298,1.0,0.9876240219824474,0.9490984352144276,0.8661147591966593,0.7003419084816652,0.5972371922014307,scored,0.8478692182209809,19.0,XLV,True,0.5151453285184345,0.0185304075006631,,no_data,0.0
2026-10-02,PFG,298,1.0,0.891502597602549,0.8504758518745243,0.7704425010220743,0.7098647481389986,0.5218092342963319,scored,1.740981938163941,19.0,XLF,True,2.403490149283324,0.0214674004044598,,no_data,0.0
2026-10-02,PFGC,298,1.0,0.9232737388832952,0.8489678298704617,0.8580533107464068,0.8182570789849278,0.9329534288285706,scored,-1.0940209023308098,19.0,XLY,True,2.223388105360516,0.0236908695296805,,no_data,0.0
2026-10-02,PFS,294,1.0,0.9183397149953524,0.8469328985557356,0.7886451247329349,0.8535070910756001,0.972291567684246,scored,-1.3851171648189713,19.0,SPY,False,0.4232319105888504,0.0187436630021634,,no_data,0.0
2026-10-02,PFSI,298,1.0,1.0716603561244211,1.0872402303821218,1.0627815473583135,1.164023426684914,1.1016087618230297,scored,-1.069826042108437,19.0,XLF,True,1.94727082287067,0.0314075939172688,,no_data,0.0
2026-10-02,PG,298,1.0,0.9724676902270638,0.9350600903825466,0.8281470845404157,0.7313913008733481,0.812178146693336,scored,1.2901886860952567,19.0,XLP,True,2.366299591902717,0.0163294430467374,,no_data,0.0
2026-10-02,PGNY,298,1.0,0.8852138557403448,0.8803807849549956,0.9045590595391164,1.0188513681644664,1.2459535391077714,scored,-0.5385916154949045,19.0,XLV,True,0.7717880538052265,0.0305900932939051,,no_data,0.0
2026-10-02,PGR,298,1.0,0.9882571650609404,0.9419069189415792,0.9287113341650076,0.8127649915988375,0.7382131107656007,scored,-0.1171631665745523,19.0,XLF,True,4.4988406160266345,0.021391472664289,,no_data,0.0
2026-10-02,PGY,298,1.0,1.0037106348784215,0.9969482944814126,0.9886012164938804,0.9817653679688844,1.1378047561387523,scored,-1.6259331311556076,19.0,XLK,True,1.1010030528437913,0.0612348750191207,,no_data,0.0
2026-10-02,PH,298,1.0,1.0517617495668192,1.0086559254174432,0.9943314388992394,0.9905782722574786,1.0717625173722032,scored,1.0772049465888802,19.0,XLI,True,20.825385887124167,0.0214131776125897,,no_data,0.0
2026-10-02,PHG,294,1.0,0.9377334393456238,0.9185793738072328,0.9019483277041216,0.7827745233562319,0.7279550333263624,scored,-1.2194890591947811,19.0,SPY,False,0.4250278501578422,0.0177687228326857,,no_data,0.0
2026-10-02,PHIN,298,1.0,1.0188549555936306,0.9443048435980858,0.8874953417016883,0.9950420537131912,1.155758846135829,scored,-1.4024519422371944,19.0,SPY,False,1.9450654346737344,0.0325370597971517,,insufficient_history,1.0
2026-10-02,PHM,298,1.0,0.9157012290268236,0.9023143763975866,0.9387640791530384,0.9487174450760382,0.8228835656779251,scored,0.5859568055402581,19.0,XLP,True,3.2030612777715035,0.0276770178672038,,no_data,0.0
2026-10-02,PHVS,298,1.0,0.8374568091609377,0.7012752564070768,0.5935521107412665,0.4813119844942147,0.2632310143029798,scored,1.0582318960941388,19.0,XLV,True,1.6696213853692032,0.0535306632051684,,no_data,0.0
2026-10-02,PI,298,1.0,1.0247112413832336,1.050600663476334,1.1180825819503857,1.0670935335247822,1.0376137827585326,scored,-0.7046384475410976,19.0,XLK,True,7.495751787856132,0.0395324707971949,,no_data,0.0
2026-10-02,PII,298,1.0,0.9295325687727142,0.8373519526249954,0.7010537648163255,0.6750537973722596,0.6326649085128278,scored,-1.4263805233683666,19.0,SPY,False,2.058897298368448,0.0383335933414345,,no_data,0.0
2026-10-02,PINS,298,1.0,1.0142004541073326,0.9735249784050548,0.8663002883860422,0.9207490753923816,0.8998995682605444,scored,-0.9527886999764228,19.0,XLC,True,0.7477416374952673,0.0388235533486639,,no_data,0.0
2026-10-02,PIPR,298,1.0,0.9716821711332904,0.9612249693252756,0.8572570969138851,0.7708163891716049,0.7076842305160517,scored,0.108498165369428,19.0,XLF,True,2.5506122211690294,0.0390240547914478,,no_data,0.0
2026-10-02,PJT,298,1.0,1.0147755772124871,1.0707762223006418,1.0210867570070088,1.047369712997208,1.0701680429649223,scored,0.2435425868420079,19.0,XLF,True,5.224503619416461,0.037670370029681,,no_data,0.0
2026-10-02,PK,298,1.0,0.9398532484597776,0.9169948633970924,0.9217360829014764,0.9285870210704946,0.9624240280789472,scored,1.490816874253424,19.0,XLRE,True,0.3825842994938061,0.0246351770440313,,no_data,0.0
2026-10-02,PKG,298,1.0,0.909760145441588,0.8625424559342458,0.76968087872996,0.7410791036137115,0.7615059091006624,scored,-0.1337723402840079,19.0,SPY,False,5.1777484580225765,0.0226557646714911,,no_data,0.0
2026-10-02,PL,298,1.0,0.9687361632203718,0.9817798825310692,0.992744968434189,1.1131860849181705,1.3406188487655806,scored,-0.2769359845537189,19.0,SPY,False,1.0450675751865053,0.0597181471535145,,no_data,0.0
2026-10-02,PLAB,298,1.0,1.027119775247157,0.9602215968416784,0.8992501260670381,0.8575112879720554,0.8724602706028808,scored,0.0115348850126814,19.0,XLK,True,1.1189962219853855,0.035534970529863,,no_data,0.0
2026-10-02,PLD,298,1.0,0.9494881693249294,0.8901319942305128,0.8446543739661001,0.7699155380858616,0.6837640774370551,scored,-0.074277228107785,19.0,XLRE,True,2.2084902614489983,0.0171320321266697,,no_data,0.0
2026-10-02,PLMR,298,1.0,0.9741192945037712,0.9347881967233208,0.9963059353720964,0.9447482709817095,0.7916935408823931,scored,0.9739861550440456,19.0,XLF,True,3.915473916868667,0.0309548099997522,,no_data,0.0
2026-10-02,PLNT,298,1.0,0.9782821327465792,0.895646667177195,0.8756308706691114,0.7152626843419888,0.6766249960735768,scored,-0.9651882103461225,19.0,XLY,True,1.9969944416397785,0.0470878198924729,,no_data,0.0
2026-10-02,PLSE,298,1.0,0.9985528875994516,1.0304198823738189,1.0579314447288604,1.0120403241379,0.7458092144593264,scored,0.1972875728812473,19.0,XLV,True,3.435926234296003,0.0717312366241336,,no_data,0.0
2026-10-02,PLTR,298,1.0,1.0515332124311212,1.0304053146913787,1.010418488085208,0.9360837111714664,0.8052805293665483,scored,0.9962035885047558,19.0,XLK,True,6.273246892574196,0.0332357451262209,,no_data,0.0
2026-10-02,PLUS,298,1.0,1.0475961813829673,0.9678211793409556,0.9128754700387216,0.7527617240757495,0.7311074628713283,scored,0.912578614177391,19.0,SPY,False,2.5774982621303453,0.0275963411362991,,no_data,0.0
2026-10-02,PLXS,298,1.0,0.9876569208163182,0.9407550946022016,0.8351925021479057,0.7476678140616174,0.8039557468639783,scored,1.3918464236449004,19.0,SPY,False,8.309599758783408,0.03042360692265,,no_data,0.0
2026-10-02,PM,298,1.0,1.035454472739587,1.022424277832273,0.9934282646430608,0.8394146235335521,0.795070628667318,scored,-0.9758133016451848,19.0,SPY,False,4.393571870803392,0.0234373832860524,,no_data,0.0
2026-10-02,PNC,298,1.0,0.9784244298272978,0.9935270576364984,1.0184170059703566,1.2514375353107885,1.5862900162640765,scored,-0.5275879725366488,19.0,XLF,True,4.531492850927091,0.0205017095006428,,no_data,0.0
2026-10-02,PNFP,298,1.0,0.8988833204532506,0.8442449840842321,0.7725683524006949,0.8370780533683554,1.050038253935817,scored,0.3264069043335568,19.0,XLF,True,2.3637207096553388,0.0245990291357616,,insufficient_history,1.0
2026-10-02,PNR,298,1.0,0.8767401849699223,0.9111958114266592,0.8828611865779293,0.8678209865773545,0.7277844401440164,scored,-1.863129576340697,19.0,XLI,True,1.4577561977115208,0.0274892739526969,,no_data,0.0
2026-10-02,PNW,298,1.0,0.9421152635599738,0.9665002855790268,0.9270607130591082,0.9578139615751904,1.0469908013406608,scored,2.0102519983998777,19.0,XLU,True,1.776138974765088,0.0185168783857911,,insufficient_history,1.0
2026-10-02,PODD,298,1.0,0.879612853045596,0.7651690240838533,0.6684698379452385,0.6291406761197426,0.6727332407134835,scored,-2.083850524537314,19.0,XLV,True,4.620753026173988,0.0350881086352341,,insufficient_history,1.0
2026-10-02,POOL,298,1.0,0.959311910285463,1.0303994968013024,1.1340430042315286,1.2776444928933393,1.286546040456559,scored,-1.7710187457375706,19.0,SPY,False,4.800431944295491,0.0297387680850916,,no_data,0.0
2026-10-02,POR,298,1.0,0.9370057122379974,0.9542133886986172,0.8903229955297346,0.8243773116743175,0.9394361897094904,scored,-0.2898444195255366,19.0,XLU,True,1.0285099829832631,0.0230866438380081,,no_data,0.0
2026-10-02,POST,298,1.0,0.9841267998602647,0.9147834387426912,0.8490380508235783,0.8705119558695646,0.6254900067208612,scored,-1.2521921452465483,19.0,XLP,True,2.152735838913426,0.0296683550015632,,no_data,0.0
2026-10-02,POWI,298,1.0,0.9935704352267004,0.9762951361236138,0.967347360620488,0.9147214575125808,0.9877823899392024,scored,-0.416688962220237,19.0,XLK,True,2.523901891646649,0.0463441405003057,,no_data,0.0
2026-10-02,POWL,298,1.0,0.9708820046823312,0.973186004493098,0.9885388053443984,1.0430067272177808,1.1866087770278222,scored,0.3738739336386173,19.0,SPY,False,8.400110908528863,0.0428358536895913,,no_data,0.0
2026-10-02,PPC,298,1.0,0.8936975755815253,0.8711735805565005,0.8884086722760308,0.8850740754011165,0.8616030551875591,scored,-1.1760339576028578,19.0,XLP,True,1.1873450167054782,0.0431761824256537,,insufficient_history,1.0
2026-10-02,PPG,298,1.0,0.9706243321370448,0.9460248604816656,0.9197032703756448,1.0159723637394726,1.1933086925438463,scored,1.1596794984277146,19.0,XLB,True,2.435799827741464,0.0231650007393386,,no_data,0.0
2026-10-02,PPL,298,1.0,1.0389281958382497,1.0468862483311738,0.9990205772524812,0.9149588079893028,0.797416929833322,scored,1.3913043849862732,19.0,XLU,True,0.5366464067186055,0.0163611709365428,,no_data,0.0
2026-10-02,PPLI,298,1.0,0.9728254830182742,0.93600401999337,0.9010749510682876,0.7989627475550338,0.7265801728037095,scored,0.0336530738435085,19.0,XLC,True,1.438908517655448,0.0348572799819633,,no_data,0.0
2026-10-02,PPTA,298,1.0,0.967073029554695,0.9746370538515352,1.0123083365656491,0.9432449708693438,0.8900351941027418,scored,-0.3948361982918292,19.0,XLB,True,1.1167636642405114,0.0547970394622429,,no_data,0.0
2026-10-02,PR,298,1.0,0.921561580418246,0.9372545016708188,0.8677893528266499,0.8612944551049788,0.9300517612788473,scored,-1.0796586912790906,19.0,XLE,True,0.6675397512030261,0.0301781081014026,,no_data,0.0
2026-10-02,PRAX,298,1.0,1.119532900247549,1.1249224361061825,1.1504460990926255,1.1829266820788211,1.1746968041164378,scored,-0.7030921516546821,19.0,XLV,True,15.02841816981233,0.0508558700883636,,no_data,0.0
2026-10-02,PRCH,298,1.0,0.9757493369121268,1.02308292802862,1.0659785839254536,1.1148535905429988,1.154167380128748,scored,-0.9372534645493552,19.0,XLK,True,0.8821596954764509,0.0509624318588359,,no_data,0.0
2026-10-02,PRCT,298,1.0,0.9402750541256693,0.872416324931414,0.769612062345221,0.6705306208178262,0.5284942461286454,scored,-0.8799471325373536,19.0,XLV,True,1.088522279189526,0.0634336992534688,,no_data,0.0
2026-10-02,PRDO,298,1.0,0.9980334821416535,1.0143628104258764,1.0520346653479868,0.9080215420683556,0.783168718094898,scored,-0.4337858339561918,19.0,SPY,False,1.0635518239443027,0.0333297343761925,,no_data,0.0
2026-10-02,PRG,298,1.0,1.0929377147911337,1.118999631755946,1.070844996425428,1.031384500258216,1.1969259301059323,scored,-2.010289626968463,19.0,XLF,True,1.2525109805498564,0.0404035800177373,,no_data,0.0
2026-10-02,PRGO,298,1.0,1.035148602589718,1.1237086150817646,1.202545482617896,1.3464541266322014,1.5480908603701204,scored,0.1105958634927697,19.0,XLV,True,0.6532352765667377,0.0458089254254374,,no_data,0.0
2026-10-02,PRGS,298,1.0,1.0458014196091836,1.072407936683714,1.0057988331082437,0.8459505207740379,0.8429575372696441,scored,-0.826870350627642,19.0,XLK,True,1.940353357521988,0.0525841018298641,,insufficient_history,1.0
2026-10-02,PRI,298,1.0,0.9224308397662356,0.9187249470834542,0.8420609067357601,0.8517650318996158,0.8631177689426461,scored,0.0442232201450403,19.0,XLF,True,5.342251432263351,0.019396744725377,,no_data,0.0
2026-10-02,PRIM,298,1.0,0.856598635001611,0.7895138408133134,0.6597830865665383,0.5892333073113771,0.494352413789805,scored,0.4042002373180611,19.0,XLI,True,3.379474049798055,0.0427348767045783,,no_data,0.0
2026-10-02,PRK,298,1.0,0.9211585068621042,0.8470526371558565,0.799813093576801,0.7762745822056656,0.8891543005114321,scored,-0.9955811638418876,19.0,XLF,True,3.884945275345205,0.0212118224152072,,no_data,0.0
2026-10-02,PRKS,298,1.0,0.8896133011190306,0.8629251785691915,0.9026513286270664,1.0935663557638446,1.2346777602828638,scored,-1.7422407193930691,19.0,XLY,True,1.5554989601719131,0.0479204855259369,,no_data,0.0
2026-10-02,PRLB,295,1.0,0.9071043167791334,0.905991041900855,0.9007301107226456,0.858367888231167,0.6308166513364281,scored,1.4891582847494471,19.0,SPY,False,3.315645745332613,0.0337607753317647,,no_data,0.0
2026-10-02,PRM,298,1.0,0.9473475444743744,0.8778198993376071,0.7650894029488732,0.7668346441130175,0.7668188380886028,scored,0.7465624830382243,19.0,XLB,True,1.3850073558652571,0.0504556413794264,,no_data,0.0
2026-10-02,PRMB,298,1.0,1.114543234407649,1.1199493278293975,1.0723109337387593,1.020707045821267,1.0139321429502206,scored,-1.0678695261563147,19.0,XLP,True,0.7085265836012008,0.0363160729677704,,no_data,0.0
2026-10-02,PRU,298,1.0,1.027001968136255,0.9781108914686182,0.8755951890189282,0.8247429709125765,0.9743138494104572,scored,0.857904607875786,19.0,XLF,True,2.419383809711695,0.0214865347221287,,no_data,0.0
2026-10-02,PRVA,298,1.0,1.0018323100407232,1.0270734751693515,1.0934882251245932,1.2644711948186715,1.4535303744789505,scored,0.2002922780653742,19.0,XLV,True,0.618083469485698,0.0304474615510196,,no_data,0.0
2026-10-02,PS,109,1.0,1.1234481129429346,0.9752465676608836,0.8273318204507388,0.7328776322387964,0.6124173727765511,scored,2.073131605766401,19.0,XLF,True,3.726195413749802,0.0706253869171683,,no_data,0.0
2026-10-02,PSA,298,1.0,0.9653990763298314,0.9546057355621536,1.0661303280119163,1.2163582630029723,1.091143028808315,scored,-0.0615436260943879,19.0,XLRE,True,5.754292355547897,0.0202751571669352,,no_data,0.0
2026-10-02,PSKY,291,1.0,1.0862798929464696,1.061590083515777,0.8864714578503992,0.948433453872456,0.8444482291255309,scored,-0.5797482903971849,19.0,XLC,True,0.5535076904874329,0.0582639674197297,,no_data,0.0
2026-10-02,PSMT,298,1.0,0.8649936679553686,0.826833919197195,0.7819946913836513,0.7492409653801176,0.799745520017605,scored,0.5407154321562146,19.0,XLY,True,4.1461514601707865,0.0242919584026879,,no_data,0.0
2026-10-02,PSN,298,1.0,0.8946485532932409,0.8357139302543295,0.7669075424083172,0.7449311798931844,0.5947995592167907,scored,-1.364327668480755,19.0,SPY,False,1.6524893150291853,0.0405121185346699,,insufficient_history,1.0
2026-10-02,PSNL,298,1.0,1.003227706591126,1.0295779928447912,1.0236019997284065,1.0947120863173991,0.9879775682101428,scored,0.0289438442870989,19.0,XLV,True,0.5013522268196907,0.0307955913279908,,no_data,0.0
2026-10-02,PSX,298,1.0,1.0273774259020376,1.0222546318937924,1.1037660690811617,1.1522051200865997,0.875257297314887,scored,1.5853495514602525,19.0,XLE,True,8.745189257899986,0.0330531002263965,,no_data,0.0
2026-10-02,PTC,298,1.0,1.0853746625018847,1.0798979023976547,1.0734092231189425,1.0979205647050203,1.0615043758864164,scored,-0.6904001209012256,19.0,XLK,True,5.025319998769182,0.0348907866331263,,no_data,0.0
2026-10-02,PTCT,298,1.0,1.0783787768994084,1.022165056241437,0.9056817682153708,0.7729917138945118,0.8402944488125581,scored,-1.0014527275140792,19.0,XLV,True,2.1803329569461023,0.034357594657203,,no_data,0.0
2026-10-02,PTEN,298,1.0,0.9840716972997344,0.9885295142305828,0.9323717367529776,0.9700068159353415,0.8909706034582064,scored,-2.09044814497605,19.0,XLE,True,0.4692218191036004,0.0418574325694558,,no_data,0.0
2026-10-02,PTGX,298,1.0,0.8174329636631603,0.7121582707330926,0.6091636107299481,0.5096184543574657,0.5486693231017791,scored,-0.1437913192417726,19.0,XLV,True,5.0401343917864905,0.0359855375680886,,no_data,0.0
2026-10-02,PTRN,261,1.0,0.9813901095247892,0.9477605691539388,0.9224099625364472,1.029281746812893,1.2366903191118304,scored,-0.8486537387338908,19.0,XLY,True,0.9739266832008698,0.0561988853549261,,no_data,0.0
2026-10-02,PUK,298,1.0,1.030627796992834,0.9546122460698068,0.8686799903745883,0.874728349412395,0.8479698567451304,scored,0.9520018235068468,19.0,XLF,True,0.4654261292433665,0.0189428624030674,,no_data,0.0
2026-10-02,PURR,209,1.0,0.9286310527338236,0.9281775017518528,0.9429130770537804,0.8737401840897447,0.7693185672193535,scored,0.7018926097267938,19.0,XLV,True,1.039012018511135,0.0873853674105243,,no_data,0.0
2026-10-02,PVH,298,1.0,0.9920373009271,1.0319717925414669,1.0860586427425178,1.1357036731374652,1.1580090137045849,scored,0.1460460137777958,19.0,SPY,False,2.5405656716958216,0.0336365109452644,,no_data,0.0
2026-10-02,PVLA,298,1.0,0.8252160349263316,0.836072309002267,0.830954315432176,0.8423175124505939,0.7663126053657408,scored,0.2828059902406177,19.0,XLV,True,7.031865708503152,0.0530827033177561,,insufficient_history,1.0
2026-10-02,PWP,298,1.0,1.0210008457542434,1.0142993083608742,0.9993821620397032,1.0200474860367263,0.9774287781075286,scored,0.2358243323085955,19.0,XLF,True,0.9246151070100972,0.0584459612522185,,no_data,0.0
2026-10-02,PWR,298,1.0,0.902182540046331,0.8003502299645134,0.7470023374973971,0.7318157236529944,0.7460006738374964,scored,1.9403431864207008,19.0,XLI,True,21.531118271022063,0.0318244032621231,,no_data,0.0
2026-10-02,PYPL,298,1.0,1.0502462685128562,1.0786684821421892,1.0888109972671391,1.1909204372190136,1.2592336135511548,scored,0.996207027894499,19.0,XLF,True,1.571829108380834,0.0297694906890309,,no_data,0.0
2026-10-02,PZZA,298,1.0,0.9459342511164216,0.9734209599624122,0.9249417242559604,0.8304523943450249,0.7510792245034399,scored,-1.167644151548875,19.0,XLY,True,0.7838640239068355,0.0403429760116745,,no_data,0.0
2026-10-02,Q,230,1.0,0.9468345577941654,0.9018590970392948,0.8219815707359589,0.7667264898712018,0.6923350566582296,scored,0.0633380001997227,19.0,XLK,True,4.7426119340329045,0.0360709760726567,,no_data,0.0
2026-10-02,QBTS,298,1.0,1.0321692695481428,1.0592905667364343,1.0395827530164945,0.9957984375344274,1.0970920683803205,scored,0.0917505818823311,19.0,XLK,True,1.0289582993629407,0.0652478312849043,,no_data,0.0
2026-10-02,QCOM,298,1.0,0.9553852952843088,0.9100490579233717,1.0239148442264987,1.0110713422784607,1.3536196845930832,scored,0.2993133524663891,19.0,XLK,True,8.34363360093233,0.0451324368525576,,no_data,0.0
2026-10-02,QGEN,298,1.0,0.9085690847540702,0.8830745508890866,0.9446838578140484,1.0340358543132009,1.1373802200654617,scored,0.226069567831021,19.0,XLV,True,1.3889216085979847,0.0310373543820778,,insufficient_history,1.0
2026-10-02,QLYS,298,1.0,1.1082601112060877,1.1212974982094313,1.165404977213989,1.2195474002564632,1.168429440118626,scored,-0.9884020640313668,19.0,XLK,True,9.090168245271297,0.0470993173330118,,no_data,0.0
2026-10-02,QMCO,298,1.0,1.1008675758019824,1.1395224041512404,1.134448237126379,1.0685931971957376,1.090982985615114,scored,1.17723551849133,19.0,XLK,True,2.686405924411692,0.0778668383887446,,insufficient_history,1.0
2026-10-02,QNT,84,1.0,0.8165792842732926,0.7905212024816761,0.9069672940268853,1.115043363877486,0.7250128172232981,scored,0.1845403243081353,19.0,XLK,True,3.2794596343427926,0.0711688288702863,,no_data,0.0
2026-10-02,QRVO,298,1.0,0.8300095324366668,0.7758217602085874,0.8055409196422786,0.8273758901462849,0.7883801328155711,scored,0.358535216565737,19.0,XLK,True,4.219782865728061,0.0369605226042573,,insufficient_history,1.0
2026-10-02,QSR,298,1.0,0.9170061904582568,0.8901355188762601,0.7586844348096418,0.6871868375995558,0.6850237700484724,scored,0.3267153816575879,19.0,XLY,True,1.5996226153009288,0.0228811702946778,,no_data,0.0
2026-10-02,QTWO,298,1.0,1.0614508888415568,1.060790197442161,1.02353666510696,1.044565227843798,1.3204569212660997,scored,-1.9389442633586615,19.0,XLK,True,1.876423337809173,0.0332817193651857,,no_data,0.0
2026-10-02,QURE,298,1.0,1.1102247162404373,1.213513417261525,1.2789776740987038,1.048855679522528,1.0315302653370193,scored,-1.4314045803158313,19.0,XLV,True,2.9732257031787386,0.1267359634773545,,no_data,0.0
2026-10-02,QXO,298,1.0,0.9357353271128956,0.8941476040460822,0.9040963420634304,0.815793370373699,0.6872567493092372,scored,-1.4855954072892543,19.0,SPY,False,0.5952527909282705,0.0493576111880821,,no_data,0.0
2026-10-02,R,298,1.0,0.959330184029451,0.8859024243162057,0.8712532712724622,0.9289213002152,0.9916047766864629,scored,-1.7380228124349308,19.0,SPY,False,5.822786501800747,0.0245438648701768,,no_data,0.0
2026-10-02,RACE,298,1.0,1.0615483543652422,1.064957749952388,1.0378545900523757,0.9204184051388477,0.8490153773978314,scored,0.2220846243104598,19.0,XLY,True,8.576158363460605,0.0220847175429675,,insufficient_history,3.0
2026-10-02,RAL,298,1.0,0.976025956627672,0.9031828090752592,0.8073488316487135,0.7534105695064304,0.6557410902730318,scored,1.9854257841666745,19.0,SPY,False,2.224023589835704,0.0303828359267172,,no_data,0.0
2026-10-02,RAMP,298,1.0,1.019541084856186,1.0946207377820958,1.1231991901031138,0.9927567242797258,0.913489514437418,scored,-1.0686073569003287,19.0,XLK,True,0.1734240296128189,0.0046062159259712,,no_data,0.0
2026-10-02,RARE,298,1.0,0.8725658578634556,0.8308644434090339,0.8371007368118526,0.9020928246903503,0.8766151232792716,scored,-0.8739274582767357,19.0,XLV,True,1.1182729857296532,0.0734739149625264,,no_data,0.0
2026-10-02,RBA,298,1.0,1.095824607381343,1.0543546582600256,0.994684375677808,1.1354350006778384,1.1874356396807495,scored,-0.4018894778397706,19.0,SPY,False,2.205816894481699,0.0269396298788678,,no_data,0.0
2026-10-02,RBC,298,1.0,0.9893005750499656,0.9333072611217456,0.8739601626670953,0.9223569742023572,1.1074661260075709,scored,0.5183355271665835,19.0,XLI,True,12.514882430803452,0.0242743471774448,,no_data,0.0
2026-10-02,RBLX,298,1.0,0.9412714969787008,0.9215802206574848,0.8740208926973216,0.8212759135904877,0.7948173674554148,scored,0.9980510034219668,19.0,XLC,True,2.4074971599239827,0.0545670253835898,,insufficient_history,1.0
2026-10-02,RBRK,298,1.0,1.002884823691366,0.9972258991741167,0.9903472105986084,0.9616244233270326,0.823658197722913,scored,0.8053859309580977,19.0,XLK,True,5.188774718313293,0.0437575874372853,,no_data,0.0
2026-10-02,RCI,298,1.0,1.0692615273525246,1.1059758003500704,1.226911950602499,1.3057928488314232,1.0928669658878234,scored,-1.2967589445570953,19.0,XLC,True,0.8477461983277816,0.0274974439937652,,insufficient_history,1.0
2026-10-02,RCL,298,1.0,0.9457514011862468,0.97131410486295,0.9394537397455296,0.903095021176543,0.8434054890443689,scored,-0.7390935813858194,19.0,XLY,True,10.259602851232083,0.0369395940492262,,insufficient_history,1.0
2026-10-02,RCUS,298,1.0,0.9310404336475668,0.8564031757973127,0.8068400420974651,0.8466821260026776,0.8243630879920693,scored,-0.6850208776626907,19.0,XLV,True,1.2896900902970352,0.0527696436291749,,no_data,0.0
2026-10-02,RDDT,298,1.0,0.9780235735086844,0.9374348866802522,0.8824275089589252,0.9081515613001324,0.818907894741139,scored,-1.480239603315422,19.0,XLC,True,7.607645938290805,0.0514516836080806,,no_data,0.0
2026-10-02,RDN,298,1.0,1.061946211308131,0.9826865364640274,0.9064525633374078,0.8874385293465678,0.8248398457755984,scored,-1.1256480033427545,19.0,XLF,True,0.9157681559796094,0.0281169221977159,,insufficient_history,1.0
2026-10-02,RDNT,298,1.0,1.0866364360701313,1.1179204314658306,1.0940397724274251,0.9447036411518016,0.8375719763033236,scored,-0.6250305620871365,19.0,XLV,True,2.636430057813034,0.0377009875277139,,no_data,0.0
2026-10-02,RDW,298,1.0,1.0063386399914749,1.0544955283388528,1.078853995732718,1.1711341383596108,1.2164081804697475,scored,0.947023515387412,19.0,XLI,True,0.7452390187971422,0.0684962333453255,,no_data,0.0
2026-10-02,RDY,298,1.0,1.012238624221415,1.03346124243945,0.9764185347050036,0.9462714230504848,0.7116127160265369,scored,0.6239875096652778,19.0,XLV,True,0.2762279524039883,0.0225492206044072,,no_data,0.0
2026-10-02,REG,298,1.0,1.014484576570508,1.0249045805731698,1.06437688336905,0.9315805630555694,0.9305992740818456,scored,0.3221578549032999,19.0,XLRE,True,1.0405485450801155,0.0145328009089401,,no_data,0.0
2026-10-02,REGN,298,1.0,0.9784782523404932,0.9981041485122012,0.9800151538333154,0.8824283665481558,1.0572484357705167,scored,-1.6646921767842284,19.0,XLV,True,21.64521329724556,0.0294412585653503,,no_data,0.0
2026-10-02,RELX,298,1.0,1.075915720126543,1.0754782105337992,1.1646861620998552,1.3783898391458802,1.2978169798248165,scored,0.2357301578236685,19.0,SPY,False,0.7407393648701408,0.0221645531080233,,no_data,0.0
2026-10-02,RELY,298,1.0,1.0526555955467822,1.0642751120244909,1.0446750055089309,1.1449022422800312,1.1043568764570415,scored,-1.384785278618336,19.0,XLF,True,0.9898522858529863,0.0454686396808905,,no_data,0.0
2026-10-02,REPL,298,1.0,0.9459173543847464,0.9420824697155936,0.9115207152904852,0.8551791167432623,0.8595809037657854,scored,-1.1534941240345735,19.0,XLV,True,0.8539710102214615,0.0653382563291095,,insufficient_history,1.0
2026-10-02,REXR,298,1.0,0.9134146726696052,0.8796787890408913,0.8940470638142468,0.8387664285307713,0.8323883685677231,scored,1.085991421969617,19.0,XLRE,True,0.7713978285068164,0.0210247432135954,,no_data,0.0
2026-10-02,REYN,298,1.0,0.9622598980022212,0.9843839503433393,1.0808543362562308,1.1958696148970185,1.1738254550097136,scored,0.3307985458668918,19.0,XLP,True,0.5521779036420239,0.0247391533889795,,no_data,0.0
2026-10-02,REZI,298,1.0,0.9140520276465252,0.9141751287786554,0.9599608657012368,1.1116106783860378,1.2134729826334536,scored,-0.1496922232546164,19.0,SPY,False,0.7744224457053781,0.0422028580765873,,no_data,0.0
2026-10-02,RF,298,1.0,0.9840135870002984,0.930161247976526,0.925977654088827,1.0753930893853638,1.261001142019004,scored,-1.3121467971435172,19.0,XLF,True,0.5649796945364057,0.0208479592079854,,no_data,0.0
2026-10-02,RGA,298,1.0,0.9230254835258792,0.8385189849316188,0.7294390615513899,0.7861283767628916,0.7636509748023084,scored,1.339088626826546,19.0,XLF,True,5.102231535520523,0.0204572051462271,,no_data,0.0
2026-10-02,RGEN,298,1.0,1.043105004133481,1.034592993539398,0.9874270909591704,0.9186119825198878,0.9860187084710356,scored,1.6729099146799,19.0,XLV,True,7.615251131859557,0.0419111234554736,,no_data,0.0
2026-10-02,RGLD,298,1.0,1.075318963376263,1.148037451323566,1.2582137642584232,1.2467903606384227,1.3596914305919812,scored,0.9979555671790772,19.0,XLB,True,7.003534044202276,0.0298479971198528,,no_data,0.0
2026-10-02,RGTI,298,1.0,1.0454463287428188,1.102874160830316,1.1633562200185312,1.256851724647719,1.4853678226028182,scored,0.5204567776880185,19.0,XLK,True,0.9196090297498958,0.0603022314590095,,no_data,0.0
2026-10-02,RH,298,1.0,0.9434262737936842,0.9022486497010376,0.9113278953282008,0.9808045719445934,1.1402187551907643,scored,-1.3315991925739774,19.0,XLY,True,6.316387045365957,0.0524355557476835,,no_data,0.0
2026-10-02,RHI,298,1.0,0.9574984253779564,0.8898235540696956,0.8297702032833962,0.776026347178581,0.8187314086420291,scored,-1.517089400257269,19.0,SPY,False,1.5337831484509028,0.0424635423159164,,no_data,0.0
2026-10-02,RHP,298,1.0,1.00266637588876,1.0107400897678696,1.0645009259525038,1.1448691529943091,1.121836907171567,scored,-0.8071555627442076,19.0,XLRE,True,2.914765241308054,0.0239582873689631,,no_data,0.0
2026-10-02,RIO,298,1.0,1.0020765869699015,0.9792602461618428,0.9319749498369369,0.8429650383007682,1.0348288385351707,scored,0.3470498430650748,19.0,XLB,True,2.06680192147832,0.0219382435142587,,no_data,0.0
2026-10-02,RIOT,298,1.0,0.9757811942243698,0.97059489612496,0.9697271136524448,0.8758117032632244,0.8454211453146966,scored,-0.662995669524777,19.0,XLK,True,1.5185525781905305,0.0769666790770669,,no_data,0.0
2026-10-02,RIVN,298,1.0,0.935542169039875,0.8362458147816361,0.8523151231190028,0.7000332257947578,0.6383479356576426,scored,0.6664941496355683,19.0,XLY,True,0.6921439255810936,0.0484016731175589,,insufficient_history,1.0
2026-10-02,RJF,298,1.0,0.965820057657598,0.9162118892152648,0.8258878611863538,0.8127950587726156,0.8387508506559688,scored,-0.3953859686326198,19.0,XLF,True,3.75018940689289,0.0237038708481947,,no_data,0.0
2026-10-02,RKLB,298,1.0,1.0051425071201052,1.0551519149930408,1.0543956015357878,1.145275935949672,1.3196330620340748,scored,1.5287441109610345,19.0,XLI,True,4.053200844553647,0.0548322625074898,,no_data,0.0
2026-10-02,RKT,298,1.0,0.9524803451531618,0.902692324883564,0.7949390129431586,0.7268866440725006,0.6791379665953947,scored,-0.6573127474706297,19.0,XLF,True,0.6364853967240127,0.0544004612584626,,no_data,0.0
2026-10-02,RL,298,1.0,0.936748476471205,0.9312840586583436,0.8469883650892901,0.7621625660819481,0.6969023244769574,scored,0.562071897753364,19.0,SPY,False,10.126734389118278,0.0278689335639108,,no_data,0.0
2026-10-02,RLAY,298,1.0,0.9730192914962356,0.9220241538647912,0.8961455788671402,1.0236137119057416,0.8915268924097214,scored,0.4998118977759785,19.0,XLV,True,0.9073301280906332,0.0478549645617422,,no_data,0.0
2026-10-02,RLI,298,1.0,1.060591479834393,1.0826783998622889,1.1332297037045982,1.160128945236232,1.2051032667852208,scored,-1.4532738600900263,19.0,XLF,True,1.367930986027914,0.024453539256845,,no_data,0.0
2026-10-02,RMBS,298,1.0,0.9560261201112036,0.9266095959634812,0.8667306356584434,0.839308380707457,0.7406097433650555,scored,-0.1872928115712002,19.0,XLK,True,5.224782390359499,0.0466623416125703,,no_data,0.0
2026-10-02,RMD,298,1.0,1.045678662122132,1.0694804325035987,0.9515016061125752,0.8386817477582695,0.7840759119162466,scored,0.3976087736349384,19.0,XLV,True,5.413500673501985,0.0247316034241033,,no_data,0.0
2026-10-02,RNG,298,1.0,0.938934673335351,0.933265413187468,0.7964383733206069,0.7469633778019454,0.7744190841738672,scored,-0.3191511974693711,19.0,XLK,True,3.302534014684927,0.0421887329418105,,no_data,0.0
2026-10-02,RNR,298,1.0,0.9561775637308602,0.8354591753100953,0.7708689146728518,0.8212407064707478,0.5872501816576977,scored,0.4717479726427789,19.0,XLF,True,6.513731770871931,0.0200096205292044,,no_data,0.0
2026-10-02,RNST,298,1.0,0.9807063914843708,0.882461083393999,0.7747281477665513,0.7906563500900435,0.948358373659673,scored,1.289458532395822,19.0,XLF,True,0.8244111539744016,0.0206515820133868,,no_data,0.0
2026-10-02,ROAD,298,1.0,0.9768076568470716,0.9459445531072816,0.893856639763751,0.8310275040554859,0.7917983480492373,scored,-0.1960628746822318,19.0,XLI,True,4.02358771453092,0.0441764132030184,,no_data,0.0
2026-10-02,ROG,298,1.0,1.01879348617439,0.9592935377188586,0.9141551442783032,0.829527649981953,0.7633128020298636,scored,1.983762825292332,19.0,SPY,False,6.724901925267952,0.0420306370329247,,no_data,0.0
2026-10-02,ROIV,298,1.0,1.0090312099070533,0.9026044319167784,0.8456238624730085,0.7872108667026977,0.595685242584597,scored,0.6209388922339936,19.0,XLV,True,1.35223673060313,0.0378565714054627,,no_data,0.0
2026-10-02,ROK,298,1.0,0.9085404414595868,0.8419226228540775,0.8013463140072482,0.6683750843420144,0.6727320841835296,scored,0.3527494698050609,19.0,SPY,False,10.15913696039444,0.0223597159907437,,no_data,0.0
2026-10-02,ROKU,298,1.0,0.9315612372720572,0.8921583417581517,0.8070033144648278,0.7500794891381242,0.7280704492917802,scored,-1.0321578768347712,19.0,XLC,True,1.855006948333224,0.0121727603407915,,no_data,0.0
2026-10-02,ROL,298,1.0,0.9998194067169854,0.9720408324664312,1.0080500178211047,1.0051508867613397,0.9982224390572008,scored,-1.3670975693255565,19.0,SPY,False,0.919838807438435,0.0304986341988871,,no_data,0.0
2026-10-02,ROP,298,1.0,1.042116260280909,1.069689320442761,1.0238682511134265,1.1140499241581705,1.2831493903931035,scored,-1.787785785305123,19.0,XLK,True,9.875889502638229,0.0278727971964276,,no_data,0.0
2026-10-02,ROST,298,1.0,0.9183533201172815,0.9202570474341554,0.8758398992351423,0.8293375658291204,0.7287687160880355,scored,1.6085066087280242,19.0,XLY,True,5.062951751494928,0.0221534600135421,,no_data,0.0
2026-10-02,RPD,298,1.0,1.0743045811729643,1.1234010834762684,1.1594248352007914,1.34139616707016,1.3039766346619404,scored,0.1736446144940522,19.0,XLK,True,0.8530636462436337,0.0699806108485343,,no_data,0.0
2026-10-02,RPM,298,1.0,1.0070494840034476,0.9625125055940014,0.9251134329931312,0.9849713279205564,0.9840264118296383,scored,1.4468215736619967,19.0,XLB,True,2.533611846571969,0.025543016902631,,no_data,0.0
2026-10-02,RPRX,298,1.0,0.963829588286169,0.8277297753981316,0.6801353675222265,0.6120644262728009,0.5381805531574102,scored,-0.2178401800522828,19.0,XLV,True,1.2541393088926966,0.0219408556489275,,no_data,0.0
2026-10-02,RRC,298,1.0,0.9325363809006738,0.890639533491966,0.83466306289313,0.8379252215022372,0.8303329768561921,scored,-1.5043386811118709,19.0,XLE,True,1.085855851823524,0.0284032396501052,,no_data,0.0
2026-10-02,RRR,298,1.0,0.975166300191054,0.9679698709405066,0.8890845455320144,0.6703197401668028,0.7499871743919792,scored,-1.2291901556076472,19.0,XLY,True,1.9734784448741003,0.0392263654318048,,insufficient_history,1.0
2026-10-02,RRX,298,1.0,0.974249741128618,0.9011422108311276,0.8472493853367633,0.8050865090009777,0.9040074445614196,scored,0.2024936479360223,19.0,SPY,False,5.758450025580093,0.0360195785674616,,no_data,0.0
2026-10-02,RS,298,1.0,0.999478635329162,0.9904872054442956,1.0340504190114683,1.2118821056410172,1.3238800772224584,scored,0.5799015304567512,19.0,XLB,True,10.180073460428748,0.0254304750329213,,no_data,0.0
2026-10-02,RSG,298,1.0,0.8751316771561715,0.8516255534713486,0.868562441480492,0.7237222259821837,0.619824442515876,scored,-0.2221803538472715,19.0,SPY,False,3.522596171529442,0.0168094873617553,,no_data,0.0
2026-10-02,RSI,298,1.0,0.9861037064497944,0.9136048479193046,0.8872335482934487,0.9705382032738972,0.9545915315149156,scored,-0.8020661225421819,19.0,XLY,True,1.1295029480066443,0.056446923938363,,no_data,0.0
2026-10-02,RTO,298,1.0,1.0188703987828465,0.9582594794511614,0.8347480277124153,0.8631143135649503,0.9099777662307031,scored,-3.150537524050632,19.0,SPY,False,0.4855167970152267,0.0243366815546479,,no_data,0.0
2026-10-02,RTX,298,1.0,1.075983537648539,1.1466375168823597,1.1594970577907258,1.164190156746432,1.1708891173230174,scored,-0.9714298759022668,19.0,XLI,True,3.6106967164298727,0.0195510976631463,,no_data,0.0
2026-10-02,RUSHA,298,1.0,1.0767785971957744,1.0717023575850844,1.0693226131017632,1.1311657008548557,1.3602007966060958,scored,-0.9829960048336924,19.0,SPY,False,1.2861332730002824,0.0272601371979712,,no_data,0.0
2026-10-02,RVMD,298,1.0,1.053878433685954,1.123455965188232,1.1431949982854706,1.104334026464563,0.8600951309469324,scored,-0.2806603218899257,19.0,XLV,True,7.356138260180733,0.035598810782911,,no_data,0.0
2026-10-02,RVTY,298,1.0,1.016459133682316,1.0010989240820456,0.9655805592495672,0.8797561009621587,0.7432880510820274,scored,1.315821904251147,19.0,XLV,True,4.913204297960131,0.0324239708173967,,no_data,0.0
2026-10-02,RXO,298,1.0,1.0950617708663417,1.124787531102167,1.1373332765686135,1.138223133028707,0.9795892220677006,scored,0.6020618117660339,19.0,SPY,False,1.1885502006411646,0.050836193355054,,insufficient_history,1.0
2026-10-02,RY,298,1.0,1.0156636428102443,0.9799274955594346,0.9433910088641544,1.055613932077377,1.3086802220584186,scored,0.8134943433280569,19.0,XLF,True,3.1772599083338577,0.0162378489719111,,insufficient_history,1.0
2026-10-02,RYAAY,298,1.0,0.9367129033666765,0.944229008681328,0.8750063147636478,0.751782274830479,0.6655401029711967,scored,0.7149818910497541,19.0,XLI,True,1.3161765743299765,0.023908747944232,,no_data,0.0
2026-10-02,RYAN,298,1.0,0.9389476321874888,0.9072395450042238,0.8488103670818428,0.8778727726132596,0.9123108482029596,scored,-1.4340891532884354,19.0,XLF,True,1.5093153773482684,0.0400667740203947,,no_data,0.0
2026-10-02,RYN,298,1.0,0.9452575587778308,0.9172662991319384,0.9350640925531902,0.8554810073112585,0.7717675539086324,scored,-0.4972904887467417,19.0,XLRE,True,0.4569491164772549,0.0253017229500141,,no_data,0.0
2026-10-02,RYTM,298,1.0,1.0170178780117656,0.9511716980780298,0.8361404835087753,0.8269349119575617,0.7342966473414981,scored,-1.455051677033551,19.0,XLV,True,3.7517350127268254,0.0404151137857031,,no_data,0.0
2026-10-02,S,298,1.0,0.9087177496472336,0.8770472504909466,0.8495406832555862,0.7613625910257311,0.676524430680206,scored,0.3405694827216424,19.0,XLK,True,1.12610901090988,0.0449365128056616,,no_data,0.0
2026-10-02,SAH,298,1.0,1.0401834015998592,0.964698949879838,0.9201673835127644,0.9862401085481884,0.9769448241137568,scored,-0.2058643998439461,19.0,XLY,True,3.213932940879032,0.0511528400585553,,no_data,0.0
2026-10-02,SAIA,298,1.0,1.0067423424239144,0.9661023726297018,0.9386043441225568,0.9590039889941948,0.8949798777986474,scored,0.3476127223903701,19.0,SPY,False,12.676035917992094,0.036101719976054,,no_data,0.0
2026-10-02,SAIC,298,1.0,0.969408478986648,0.9291590813477169,0.9186187893978168,0.9530162657019382,0.9563631913193578,scored,-0.8794522455064693,19.0,SPY,False,3.840935655351632,0.0306637047369601,,no_data,0.0
2026-10-02,SAIL,298,1.0,1.0753772889333624,1.1288547550029642,1.1173179002780398,1.0471420996016263,0.9553796864600442,scored,0.2948389017579962,19.0,XLK,True,1.1612070574806652,0.0568383288047315,,no_data,0.0
2026-10-02,SAM,298,1.0,0.9653174355398344,0.9871742225075806,0.9648373477644858,0.9517403287748192,1.0012512150070694,scored,-1.0549682685542303,19.0,XLP,True,5.557351675160846,0.0331782189561841,,no_data,0.0
2026-10-02,SAN,298,1.0,0.8604124098895712,0.8146204926058149,0.7493363235536371,0.6597838346654712,0.5788554220107395,scored,0.4518234375009928,19.0,XLF,True,0.3141173058163214,0.0235117743874492,,no_data,0.0
2026-10-02,SANM,298,1.0,0.9121568097177938,0.8893147729068972,0.8724990347547906,0.8029820319907743,0.8519486716608307,scored,1.3498500498344994,19.0,SPY,False,10.784276192971484,0.0470846847405321,,no_data,0.0
2026-10-02,SAP,298,1.0,1.041057128999473,1.051479649179084,0.976592481493002,0.9831037740764992,1.1461217782006623,scored,0.0413757387417064,19.0,XLK,True,5.186444941515735,0.0248666871626587,,no_data,0.0
2026-10-02,SARO,298,1.0,1.0663202677891113,1.0742845999910702,1.0161247539234624,1.0510085092052173,0.9900610210276112,scored,-1.4631398611748634,19.0,XLI,True,0.7292972788618112,0.0346459514898722,,no_data,0.0
2026-10-02,SATA,225,1.0,0.9234891975825392,0.9422413916221736,0.958598008189529,0.65050728273842,0.4381658807960345,scored,0.6174399463943938,19.0,XLV,True,0.216796357915787,0.0021677468044774,,no_data,0.0
2026-10-02,SBAC,298,1.0,0.999655465701072,0.9861402061630892,1.09846288082309,1.1529782245545357,0.894875191502102,scored,-1.8004849958254583,19.0,XLRE,True,4.892304733112026,0.0308682234406715,,no_data,0.0
2026-10-02,SBCF,298,1.0,0.9280746126496848,0.8163278152278107,0.7381898859095175,0.674105888667155,0.706093073824893,scored,-0.415344074352464,19.0,XLF,True,0.7043149778871435,0.0215518659084193,,no_data,0.0
2026-10-02,SBH,298,1.0,0.960676734637679,0.8969826724949734,0.8439332036526092,0.7269523394918068,0.690713880182656,scored,1.0647823736282938,19.0,XLY,True,0.5705939183864108,0.0351350934967001,,no_data,0.0
2026-10-02,SBLK,298,1.0,1.0023181007670472,1.0039608276150285,0.925426932277914,0.8814220893810852,0.8502499969446935,scored,-0.2318643697151103,19.0,SPY,False,0.9091910200608754,0.0295671876442561,,no_data,0.0
2026-10-02,SBRA,298,1.0,1.0166440104492176,1.0655600335623208,1.118434471975059,1.0468828773315355,0.8827281331242801,scored,0.5050789577709656,19.0,XLRE,True,0.3901641778305388,0.0203634748345792,,no_data,0.0
2026-10-02,SBSW,298,1.0,0.976188730534448,0.9510021627032323,0.9384916264126402,0.8918060512814647,1.120358828121535,scored,-1.205344103510328,19.0,XLB,True,0.4933800652855587,0.0495361511330882,,no_data,0.0
2026-10-02,SBUX,298,1.0,0.934355105305534,0.9505990232270748,0.9784155808645568,0.8105468372693946,0.7245989673232011,scored,-1.2672217819916884,19.0,XLY,True,2.03163510140581,0.0214511149974217,,no_data,0.0
2026-10-02,SCCO,298,1.0,0.9415819632521844,0.9004042266024834,0.9105302044218518,0.7665070072503067,0.7370333758376392,scored,0.7818263771304731,19.0,XLB,True,7.698689468262557,0.0374559184015887,,no_data,0.0
2026-10-02,SCHW,298,1.0,0.9677976245804863,0.8471766764561335,0.7918684082121835,0.7533159469105728,0.7609130470960661,scored,-0.0172502824112776,19.0,XLF,True,2.2108570848858937,0.0228630515500092,,no_data,0.0
2026-10-02,SCI,298,1.0,0.9840481685938712,1.0206728900859057,1.0688882386635634,0.8852094366637207,0.7405264745393363,scored,-1.248524628542669,19.0,SPY,False,1.5676342850788867,0.020321937841313,,no_data,0.0
2026-10-02,SDGR,298,1.0,1.0144564071938624,1.0430368424398946,1.0586994585271616,1.1152069970729903,1.113328303867977,scored,0.9408407361371292,19.0,XLV,True,1.8068191482213904,0.0596113212874097,,no_data,0.0
2026-10-02,SDRL,298,1.0,0.8581647464866556,0.8168250675548483,0.7420337936794127,0.7360594692060858,0.7853711248255851,scored,-0.8780790599088163,19.0,XLE,True,1.6623242521661283,0.0379093330026483,,no_data,0.0
2026-10-02,SE,298,1.0,0.9859889001132566,0.912120718502176,0.8457499238454983,0.871272291331512,0.94300877080769,scored,-1.1877539673934214,19.0,XLY,True,3.3816050749766515,0.0355247933078753,,insufficient_history,1.0
2026-10-02,SECZ,298,1.0,1.1560385494339878,1.2049884368372406,1.2410923372532463,1.095816401365148,1.15994508761056,scored,1.9085329647563896,19.0,XLF,True,1.380748281741911,0.1062931702649662,,no_data,0.0
2026-10-02,SEDG,298,1.0,0.9178217456996928,0.8612173582451275,0.8377515668005105,0.7997919915361008,0.7161946817961573,scored,-0.8118474130255975,19.0,XLK,True,2.374627547353927,0.0717626940874562,,no_data,0.0
2026-10-02,SEI,298,1.0,1.047509638546957,1.0517808040453316,0.99220621005653,0.9478448853529546,0.7566099734760248,scored,1.7339483785953027,19.0,XLE,True,4.097923632390351,0.0546900257892746,,no_data,0.0
2026-10-02,SEIC,298,1.0,0.971460389933128,0.98792847969033,0.9390981241855172,0.9998871834416596,1.1502859726261707,scored,0.5171086038270702,19.0,XLF,True,2.310533102438173,0.022557191276366,,no_data,0.0
2026-10-02,SEZL,298,1.0,0.9477607521479784,0.9337025816455125,0.8640524024638779,0.7845565598767732,0.8679119716688379,scored,-0.2213883833155185,19.0,XLF,True,5.910662175419789,0.0550289747269322,,no_data,0.0
2026-10-02,SF,298,1.0,0.9918782926475193,0.9791869573881078,0.9389685841567064,0.975919085201813,1.0985378597650528,scored,-1.3763101142108776,19.0,XLF,True,1.8524899863191988,0.0263587078303813,,no_data,0.0
2026-10-02,SFBS,298,1.0,0.9212546692340396,0.8156611217791079,0.8165732849225076,0.8414155503280915,1.024310344862734,scored,0.0609073458019447,19.0,XLF,True,0.9846799117336276,0.024525028934835,,no_data,0.0
2026-10-02,SFD,298,1.0,1.0565563861722869,1.1382549369842918,1.2671022527238416,1.496917962924124,1.616825511069937,scored,-1.3252452423711265,19.0,XLP,True,0.4418555851837371,0.0234281858527962,,no_data,0.0
2026-10-02,SFL,298,1.0,0.9753832411340824,0.954383807587342,0.9765959109145036,1.0613625145969965,1.1330301958557611,scored,1.5410231135748278,19.0,XLE,True,0.3949313641727426,0.0293629267042931,,no_data,0.0
2026-10-02,SFM,298,1.0,1.0723960753694526,1.0316721383095024,0.9552244574303838,1.001021168223833,0.9359729470156404,scored,-0.8969866105927017,19.0,XLY,True,2.875338308672923,0.0445996325216833,,no_data,0.0
2026-10-02,SFNC,298,1.0,0.9143984495821736,0.8206317402477749,0.75652756366797,0.7288668317362696,0.8995366225898194,scored,0.8557307603660681,19.0,XLF,True,0.4664033545164207,0.0203669587125074,,insufficient_history,1.0
2026-10-02,SGHC,298,1.0,0.970634191854762,0.8980345631807616,0.8746884393077908,1.0194674154794965,0.9242629890802312,scored,-1.9740646948470035,19.0,XLY,True,0.435946234224116,0.0387507763754769,,no_data,0.0
2026-10-02,SGI,298,1.0,0.914271914006098,0.8951398106397812,0.8986304601285467,0.8482303733725352,0.8420221989504579,scored,-0.790003264915636,19.0,XLP,True,2.2940124371692496,0.0370181125894666,,no_data,0.0
2026-10-02,SGRY,298,1.0,0.9671005626852622,0.9084761126793413,0.94623552022956,0.9758392531261438,0.7542361643681791,scored,0.4415453606759,19.0,XLV,True,0.7524574729243612,0.0564908012705976,,no_data,0.0
2026-10-02,SHAK,298,1.0,1.0327987642209155,1.0415161270756144,1.0496452948510226,1.08266353514286,1.1729621698343384,scored,-0.0788902112960144,19.0,XLY,True,2.6427969936884885,0.0433387503064691,,insufficient_history,1.0
2026-10-02,SHAZ,158,1.0,1.1074295207107838,1.1766492161600817,1.1752696243882363,1.0285912787348088,0.9793800009212807,scored,0.0217509241174006,19.0,XLK,True,4.798454779430502,0.0944391808586991,,no_data,0.0
2026-10-02,SHC,298,1.0,1.0982538738651957,1.18029771359615,1.331905079242437,1.36082928015555,1.1901833905506942,scored,0.6858115117205437,19.0,XLV,True,0.4378231562064413,0.0240298109882788,,no_data,0.0
2026-10-02,SHEL,298,1.0,0.9902737346094248,0.9897172440762888,0.9236917076987408,0.8706014640197839,0.9875198771599294,scored,1.45285618047843,19.0,XLE,True,1.5292841847098269,0.0158919690814696,,no_data,0.0
2026-10-02,SHO,298,1.0,0.876013529953585,0.8258152559177836,0.8144380050196063,0.742918918101594,0.7050880464104732,scored,2.4775326462952885,19.0,XLRE,True,0.196383326352045,0.0172417319009697,,no_data,0.0
2026-10-02,SHOO,298,1.0,0.929591744060174,0.9335134137080946,0.8874942582054205,0.8507740273908844,0.9908489875655644,scored,0.9324303978061664,19.0,SPY,False,1.4018572221037082,0.0304950450751296,,no_data,0.0
2026-10-02,SHOP,298,1.0,1.075138412196715,1.068854215727635,0.9248508899692628,0.8368012540334148,0.7093744312032121,scored,-0.2988384733097122,19.0,XLK,True,6.439740937986829,0.0425374261046755,,no_data,0.0
2026-10-02,SHW,298,1.0,0.9754597330998032,0.9735639020774008,0.8941170464489997,0.94804614385828,0.922558249210732,scored,1.1760036888128422,19.0,XLB,True,8.087543159017654,0.0253123318801216,,no_data,0.0
2026-10-02,SIG,298,1.0,0.8996532831687007,0.909722184846474,0.8539488949748674,0.678486770138382,0.6495810333450722,scored,1.225198359373494,19.0,XLY,True,4.124799404581302,0.0410101352612974,,no_data,0.0
2026-10-02,SIGI,298,1.0,0.9907891664298444,0.9495890699892248,0.9876029219208567,1.0292087139836426,1.0026439606983295,scored,-0.7579685025711784,19.0,XLF,True,1.7690743999503082,0.0206691716316194,,no_data,0.0
2026-10-02,SIMO,298,1.0,0.9369417879429474,0.910785684774645,0.8663307864166755,0.8384385266328908,1.006763021937997,scored,0.3060786611592357,19.0,XLK,True,15.332929966236463,0.0546628519295417,,no_data,0.0
2026-10-02,SIRI,298,1.0,0.9592484165626668,0.8385558224631393,0.7846411086912723,0.7015524038136715,0.5378347178781019,scored,-1.764530760480281,19.0,XLC,True,0.7191982615252611,0.0279626073687893,,no_data,0.0
2026-10-02,SITE,298,1.0,0.8440988556292855,0.7862778076679616,0.7211851514369141,0.673873649927419,0.6553404700638092,scored,-0.3997805744599466,19.0,SPY,False,3.0094634091560346,0.0336027624961593,,no_data,0.0
2026-10-02,SITM,298,1.0,0.977595317622106,0.9598086492557693,0.9152333970350384,0.9049961694581834,0.881231664520552,scored,0.5212592689300078,19.0,XLK,True,39.18506947168993,0.0552338033825128,,no_data,0.0
2026-10-02,SJM,298,1.0,1.0096792194822182,0.9469648423139744,0.9770527698571146,0.8528024022422557,0.86408470489676,scored,-1.1797489564177153,19.0,XLP,True,2.8722100549845075,0.0245090029438049,,no_data,0.0
2026-10-02,SKHY,60,1.0,0.8671256756877648,0.7742681975960087,0.5381179166666373,0.4118410541182216,0.3366764868326478,scored,0.2194174059931359,19.0,XLK,True,8.569086261869309,0.0439147556084113,,no_data,0.0
2026-10-02,SKM,298,1.0,1.1237268168865715,1.0848749067743688,0.9557092045269886,1.016895449905829,1.2189811869736698,scored,-0.5473746950169043,19.0,XLC,True,1.1246421241692854,0.0305692341443132,,no_data,0.0
2026-10-02,SKT,298,1.0,1.0048426248912696,1.0121694082842223,1.0018829128196722,1.043183923362865,1.058252304965819,scored,-1.081595421217394,19.0,XLRE,True,0.6506586577341094,0.018532003922931,,insufficient_history,1.0
2026-10-02,SKWD,298,1.0,0.9543505147798532,0.918183735034396,0.8833556947096549,0.8746370369484511,0.8050911150119232,scored,0.6859511629320755,19.0,XLF,True,1.4995887069560718,0.0272602928005103,,no_data,0.0
2026-10-02,SKY,298,1.0,1.0927477437254207,1.1319336612508926,1.230852810588024,1.0829654435341138,0.8571120007855445,scored,1.5837929668159394,19.0,XLP,True,2.982355524075308,0.033851935574067,,no_data,0.0
2026-10-02,SKYW,298,1.0,1.0028227249664532,0.977133414632764,0.8967680050628108,0.8770251574642296,0.8339871281859171,scored,0.6731804680589033,19.0,XLI,True,2.98064809409102,0.030909966754029,,no_data,0.0
2026-10-02,SLAB,298,1.0,0.9310761257924176,0.9139494096917774,0.8569182182158075,0.7654844618305536,0.6119571869857505,scored,-1.182066029686011,19.0,XLK,True,1.084478893221437,0.0048683735554921,,no_data,0.0
2026-10-02,SLB,298,1.0,0.9474711542977584,0.9690005897285496,1.0030421034082646,1.0824474878840928,1.0652269474470606,scored,-1.661044514234493,19.0,XLE,True,1.6574064869875489,0.0340050571807047,,insufficient_history,1.0
2026-10-02,SLDE,298,1.0,0.969008575654098,0.9161081161711668,0.84976463010559,0.951414510387393,0.8211348348533183,scored,0.4393176385530077,19.0,XLF,True,0.7966134411773962,0.0337405100032781,,no_data,0.0
2026-10-02,SLF,298,1.0,0.9333700668419538,0.8816285066489267,0.7549870100466317,0.7714840035018553,0.8179381790806087,scored,1.611339880401626,19.0,XLF,True,1.1762656783226633,0.0149709262864027,,no_data,0.0
2026-10-02,SLG,298,1.0,1.0101043135272814,1.0112145355217428,0.9930629884777976,0.9643738876051114,1.200358785585405,scored,-0.5147289166456674,19.0,XLRE,True,1.6854753048313045,0.0345313522809117,,no_data,0.0
2026-10-02,SLGN,298,1.0,1.0222726320193791,1.0296110134118226,0.9322303711035306,0.9906060284702972,1.106089269561645,scored,-2.0484486933418555,19.0,SPY,False,1.0095897217781349,0.0289529601886474,,no_data,0.0
2026-10-02,SLM,298,1.0,0.9292849566518244,0.8971641796003699,0.8579696946216065,0.9743047686497932,1.0138510086710937,scored,-1.4754471125015904,19.0,XLF,True,0.7197622185707394,0.0316448546305007,,insufficient_history,1.0
2026-10-02,SLS,298,1.0,0.9520960984438938,0.9521855725228884,1.040002589945862,1.1776823179166755,1.2219349220572766,scored,-0.1790871299823956,19.0,XLV,True,0.918381489975954,0.0782267027236758,,no_data,0.0
2026-10-02,SM,298,1.0,0.9649863620238904,0.9742670874567428,0.9132135913616626,0.9890507019084808,1.0816431809305964,scored,-0.7647100016314362,19.0,XLE,True,1.4870935082746182,0.0421990212336724,,no_data,0.0
2026-10-02,SMA,298,1.0,1.0121147480937276,0.9537462773541514,0.909104903062572,0.7727669890580436,0.6500463496440685,scored,0.7831712297569952,19.0,XLRE,True,0.7901392364961197,0.0243044982004343,,no_data,0.0
2026-10-02,SMCI,298,1.0,0.9375134571670036,0.959003593288287,0.9686214828908954,0.868575458934896,0.8755188076955776,scored,1.01380370545785,19.0,XLK,True,2.2891079119462776,0.0523943216284339,,no_data,0.0
2026-10-02,SMFG,298,1.0,1.0352161259432546,0.9925765318963948,0.8871977352719425,0.9176656786286912,0.8640296042023521,scored,0.5836094753912693,19.0,XLF,True,0.5998670385392524,0.0236168125409154,,no_data,0.0
2026-10-02,SMG,298,1.0,0.999830982961076,0.9768156727192858,0.8832738316236263,0.7515890357204741,0.7736343927071824,scored,-2.152127036562548,19.0,XLB,True,1.8796367565415295,0.0383442830791825,,no_data,0.0
2026-10-02,SMMT,298,1.0,0.9527308557796186,0.9120248491937482,0.839582925954178,0.8248798265847189,0.7617684157271158,scored,0.5018098109099917,19.0,XLV,True,1.1153082972378423,0.0665656996262514,,insufficient_history,2.0
2026-10-02,SMTC,298,1.0,0.9472883961910802,0.8408435150269701,0.7467715699796247,0.6274472471976276,0.653177620841097,scored,1.0281038108607905,19.0,XLK,True,11.655169162106237,0.0598069025149129,,no_data,0.0
2026-10-02,SN,298,1.0,0.996893371144686,1.0503363028913375,1.1055604610215009,1.231307080081621,1.3802002425165922,scored,1.295164281883882,19.0,XLP,True,6.253804014918297,0.0342542806316388,,no_data,0.0
2026-10-02,SNA,298,1.0,0.8648671894961705,0.7790485927942145,0.6689068836829016,0.6214456795932374,0.6853838028171295,scored,-0.8239170211555303,19.0,XLI,True,6.043423257434545,0.0163822804484536,,no_data,0.0
2026-10-02,SNDK,298,1.0,0.988350448011547,0.9306669170639058,0.9259892470488617,0.8613545337650081,1.0703523295581605,scored,0.8215367705043534,19.0,XLK,True,100.31395435501092,0.0583224055692247,,no_data,0.0
2026-10-02,SNDR,298,1.0,0.911941827323979,0.8438713140315347,0.8053569037097912,0.953330507054983,1.031811582777158,scored,0.1109964666381416,19.0,SPY,False,0.9416295543620428,0.0286296611238079,,no_data,0.0
2026-10-02,SNDX,298,1.0,1.0038979565617414,0.9869784265053948,0.9493964465184768,1.078057144005839,1.059740476519904,scored,-1.0581919406190108,19.0,XLV,True,0.822797943041438,0.0467498831273544,,no_data,0.0
2026-10-02,SNEX,298,1.0,0.9705764670472232,0.932667015410825,0.9776401841482316,1.0413689862669429,1.112084750315176,scored,0.4299803001936916,19.0,XLF,True,2.600810888274345,0.0395199952632479,,no_data,0.0
2026-10-02,SNN,298,1.0,0.9191491587034905,0.8885334669344156,0.8543370042133667,0.7020433116307423,0.6209736075763582,scored,-0.1411973424249605,19.0,XLV,True,0.5173676242415661,0.0195824233248132,,no_data,0.0
2026-10-02,SNOW,298,1.0,1.0290933679346503,1.044480499062402,1.005802165765633,0.970439077589403,1.0624806412376393,scored,0.0916903987442267,19.0,XLK,True,14.515569066257472,0.0425626585334784,,no_data,0.0
2026-10-02,SNPS,298,1.0,0.8951301116937683,0.8537223835043593,0.8009829900435267,0.7233067698989888,0.6299706852285519,scored,-0.5649658327935746,19.0,XLK,True,19.05024510320857,0.0388859871467821,,insufficient_history,3.0
2026-10-02,SNX,298,1.0,1.0472543408437271,1.0958194661390357,1.042091664690037,1.0491966051906727,1.2437226739894724,scored,1.237028708737396,19.0,SPY,False,11.64273670079481,0.0418246819010482,,no_data,0.0
2026-10-02,SNY,298,1.0,0.9431014454634212,0.8663295956441477,0.799661484767017,0.6495776696856932,0.4902894959471902,scored,-1.121967090807618,19.0,XLV,True,0.7629416774366216,0.0191117654668492,,insufficient_history,1.0
2026-10-02,SO,298,1.0,0.8882418894120322,0.8461496267483366,0.8477006055702043,0.8220370097701036,0.95689330614018,scored,-0.8743180281462662,19.0,XLU,True,1.299831700916655,0.0155259400491717,,insufficient_history,1.0
2026-10-02,SOBO,298,1.0,1.022665909103717,1.0857442770880943,1.116889721295891,1.2844560297158163,1.2690636857756323,scored,-1.71031345542145,19.0,XLE,True,0.7928628218248824,0.0234436079782638,,no_data,0.0
2026-10-02,SOFI,298,1.0,0.927441797664152,0.8724029640207586,0.7738105228373005,0.6854029722296403,0.658928496201954,scored,-0.1439394760995795,19.0,XLF,True,0.639127363450558,0.0405280509480379,,no_data,0.0
2026-10-02,SOLS,240,1.0,1.0519966845687314,1.05816720311071,0.992961815200958,0.9892552183398006,1.0254275337007388,scored,-0.4418789509700909,19.0,XLB,True,2.181335423142081,0.0378047733646807,,no_data,0.0
2026-10-02,SOLV,298,1.0,1.0843976215227316,1.0672991429473604,1.0771052810980788,0.9556156306916042,1.0184240290975684,scored,-0.1232511051994309,19.0,XLV,True,1.905340791366244,0.0216885690536851,,no_data,0.0
2026-10-02,SON,298,1.0,1.0034913606216074,1.0253794161157097,0.9456880715211148,0.955027765942602,1.037545082459163,scored,-0.9079739609269726,19.0,SPY,False,1.3102730882345044,0.0268829111250411,,no_data,0.0
2026-10-02,SONO,298,1.0,1.0307680815400888,0.9332262796863572,0.8074638540343899,0.7847930070759317,0.7626095122408368,scored,1.7284387736887836,19.0,XLP,True,0.668745062477732,0.0377822069196458,,no_data,0.0
2026-10-02,SONY,298,1.0,0.9946234677288716,0.9711884798600232,0.9544862528835,0.944752591233739,0.8815354958483782,scored,0.3710243323898802,19.0,XLP,True,0.4746862627666957,0.0199280546921366,,no_data,0.0
2026-10-02,SPB,298,1.0,0.8697553075823304,0.8228428766587154,0.7335376879270502,0.62422580881574,0.6192018232545635,scored,-0.481344939913148,19.0,XLP,True,2.295591111937907,0.0293104074557955,,no_data,0.0
2026-10-02,SPCX,78,1.0,0.8902440931019671,0.7328478332073053,0.7758857378786628,0.7956426102932038,1.1551412202371745,scored,0.6498184986351098,19.0,XLC,True,6.831423076057269,0.0429757365126904,,no_data,0.0
2026-10-02,SPG,298,1.0,0.9760107515294404,1.0008458573861707,0.9613159192714924,0.9668031612387128,1.0424145022640012,scored,-0.088932119352216,19.0,XLRE,True,2.97361603801718,0.0147977906843353,,no_data,0.0
2026-10-02,SPGI,298,1.0,0.9753866443421596,0.9848140442114448,0.9947374688302172,1.116846516506362,1.0118859187788862,scored,0.4544384908685495,19.0,XLF,True,9.59371470729772,0.0248368102811445,,insufficient_history,2.0
2026-10-02,SPHR,298,1.0,0.9420541817720528,0.9205832052983918,0.9076949251607048,0.8934946666196458,0.8480761824520309,scored,-0.4617951652946553,19.0,XLC,True,6.27035034034274,0.0488916205874677,,no_data,0.0
2026-10-02,SPNT,298,1.0,0.9985358405853626,0.996183414696084,0.9685124159448932,0.8466865662334898,0.7763003179492941,scored,1.4360923649270163,19.0,XLF,True,0.6203095022581647,0.0254016995191713,,no_data,0.0
2026-10-02,SPOT,298,1.0,1.0734655302024378,1.065231618020283,0.9838816498748928,0.9265830455480863,0.7181422268755996,scored,-1.0681198128799954,19.0,XLC,True,17.554440851244692,0.0371216157060726,,no_data,0.0
2026-10-02,SPSC,298,1.0,1.1098904411675592,1.113784850935968,1.0949379390913332,1.1579448234577736,1.2850846111363696,scored,-0.6188151849438418,19.0,XLK,True,3.0682373590322456,0.0372584985917698,,no_data,0.0
2026-10-02,SPXC,298,1.0,0.9244344491353162,0.8179549534369867,0.7786069317608069,0.7587451325866624,0.7395255139082805,scored,-1.3426746030926715,19.0,XLI,True,6.027146799383383,0.0348208839296515,,no_data,0.0
2026-10-02,SQM,298,1.0,1.0150093647494134,1.022157170012492,1.0117802684624138,0.8969613262141567,0.9936942636694028,scored,-1.4722489645283374,19.0,XLB,True,2.272642348025937,0.0352238429638241,,no_data,0.0
2026-10-02,SR,298,1.0,0.911986686429588,0.9075451007266871,0.8936178096271986,0.8527937355326274,1.1003550213627349,scored,-0.7520654438424131,19.0,XLU,True,1.6513594966536376,0.0212968725387366,,no_data,0.0
2026-10-02,SRAD,298,1.0,0.9953305687325958,0.9731936467014728,0.928815284201026,0.7816170764733057,0.73054885124556,scored,-0.2462076783221334,19.0,XLY,True,0.625029631876936,0.0531487782208279,,no_data,0.0
2026-10-02,SRE,298,1.0,0.9178440003446052,0.918931506468061,0.8494853763292051,0.7625875901848098,0.8181736934015437,scored,0.165236330350585,19.0,XLU,True,1.5431455661283424,0.0196880016091903,,no_data,0.0
2026-10-02,SRPT,298,1.0,0.8198123840522592,0.7828348861626004,0.7718489052828535,0.743378034595907,0.6656698439990786,scored,-1.3912970021588824,19.0,XLV,True,1.100356388745382,0.0628775079283075,,no_data,0.0
2026-10-02,SRRK,298,1.0,0.966162808965943,0.9423100428342732,0.9839651857317044,0.9846893178958966,0.898707973751502,scored,0.6348326498738874,19.0,XLV,True,2.44948015760254,0.0523281383807421,,no_data,0.0
2026-10-02,SRZN,298,1.0,0.8609197954442276,0.8107232742322658,0.7960493402829334,0.6597007647051392,0.5610638259381477,scored,0.2546378174516644,19.0,XLV,True,2.8796104314886417,0.0982131797915634,,no_data,0.0
2026-10-02,SSB,298,1.0,0.9357501055664392,0.8310584048176167,0.7536555218215979,0.8926959740775283,1.1168399409795566,scored,0.114128539922367,19.0,XLF,True,1.89607916045514,0.0186054279310679,,no_data,0.0
2026-10-02,SSD,298,1.0,0.9571681500886036,0.9499679047813792,0.9788385868731956,1.0638859493375934,0.9857918162468484,scored,-0.9644659944194336,19.0,SPY,False,3.838093467152441,0.0221139287114106,,no_data,0.0
2026-10-02,SSL,298,1.0,1.0819200855081987,1.0449732993671317,0.969958016757321,1.0614564682712455,1.1355325076062472,scored,-0.0542785955363727,19.0,XLB,True,0.4301111367357223,0.0308544574415869,,no_data,0.0
2026-10-02,SSNC,298,1.0,1.0556185877517226,1.0471254400568908,0.9480874398424354,0.9988980872526068,1.1074969601924909,scored,-0.6755328724697454,19.0,SPY,False,1.6063654580266604,0.0204554368779658,,no_data,0.0
2026-10-02,SSRM,298,1.0,0.9456525125792382,1.001544728271524,1.0377328909448456,0.8774503183879729,0.7687095562715155,scored,-0.1677451231157199,19.0,XLB,True,1.480522978874853,0.0445002398219072,,no_data,0.0
2026-10-02,ST,298,1.0,0.877380417285821,0.7694589860509546,0.7037290650097244,0.6520834682724799,0.6784536611389913,scored,-0.0004485201057225,19.0,SPY,False,1.1947438862435416,0.0274590642666867,,no_data,0.0
2026-10-02,STAA,298,1.0,1.0259177935935282,1.0094165798619326,0.9717468343910064,0.8356501101063262,0.791258524502965,scored,-0.3115299832472693,19.0,XLV,True,1.0860557346100912,0.0483335885451754,,no_data,0.0
2026-10-02,STAG,298,1.0,0.9431093544205534,0.89624612854471,0.9183225143441393,0.922657291666597,0.8032641445693033,scored,0.7226144648416879,19.0,XLRE,True,0.5976571079198756,0.0165785605525624,,no_data,0.0
2026-10-02,STE,298,1.0,0.9448683201339032,0.938887040057845,0.9579257606127088,0.935257004191988,0.872625717571791,scored,-1.526889805295303,19.0,XLV,True,4.19831133546707,0.0201319235420881,,no_data,0.0
2026-10-02,STEP,298,1.0,1.0158700753495806,1.0026997358098029,0.9090349811689428,0.9758873754884986,1.21902679013419,scored,-0.2664139140076074,19.0,XLF,True,1.991908131922,0.0440006214252705,,no_data,0.0
2026-10-02,STLD,298,1.0,1.0577182690870652,1.0382557845570914,1.0256285208126712,1.151744124203642,1.171702664220621,scored,-0.200584260166212,19.0,XLB,True,7.66852756678793,0.0330554229354193,,no_data,0.0
2026-10-02,STM,298,1.0,0.9249226772431514,0.813471820818421,0.8215737411689872,0.9586261737833488,1.2945204339623064,scored,-0.6217334965849852,19.0,XLK,True,1.812506407612184,0.0316539714916553,,insufficient_history,1.0
2026-10-02,STN,298,1.0,1.002652381440994,0.9613107611330848,0.9063561650939168,0.8882865580986664,0.8959787379855825,scored,-1.4234270528759343,19.0,XLI,True,1.6271623702077105,0.0241239788021899,,insufficient_history,1.0
2026-10-02,STNG,298,1.0,1.0029911735251376,1.0082901741226564,1.1281701909983946,1.1997961397602124,1.1899664071316796,scored,1.3143536791055546,19.0,XLE,True,2.7357453117606028,0.0317261430100962,,no_data,0.0
2026-10-02,STOK,298,1.0,1.0060401770679568,1.0287931167619608,1.1260614421598691,1.2428680926140303,1.1165827412362148,scored,-0.8045310554318753,19.0,XLV,True,1.244313256385002,0.0485680427941062,,no_data,0.0
2026-10-02,STRA,298,1.0,0.943511431009999,0.8943790525928941,0.8217010613081209,0.610604237694973,0.328224142977154,scored,-0.0364909342325007,19.0,SPY,False,2.4727280001561174,0.0310176618183155,,no_data,0.0
2026-10-02,STRC,297,1.0,1.1181393280726646,1.1407337577258356,0.9908386837562588,0.8584810428308627,0.7892687131295325,scored,-0.3388040219660128,19.0,XLK,True,0.7489915469256444,0.0075343682418835,,no_data,0.0
2026-10-02,STRL,298,1.0,1.0179553610831824,0.9242039654310896,0.91174140231711,0.8524923617474712,0.9217667325547124,scored,0.8428267625824212,19.0,XLI,True,26.44327072188083,0.0495730769785175,,no_data,0.0
2026-10-02,STT,298,1.0,0.978502291708556,0.8983895294280462,0.7749892220338255,0.8146565763410444,0.8657641536943986,scored,-0.118968287288752,19.0,XLF,True,3.9292950705940233,0.0223306153136736,,no_data,0.0
2026-10-02,STWD,298,1.0,0.906094732207259,0.848437497874746,0.7217431247568693,0.6965674085308667,0.6858567660839315,scored,-1.2865959972655792,19.0,XLRE,True,0.3484830114590886,0.0267036790390106,,insufficient_history,1.0
2026-10-02,STX,298,1.0,1.018698356725278,0.9778898746028832,0.935113799044866,0.7875750974587574,0.8139267388674029,scored,0.4558671173371149,19.0,XLK,True,55.77969361388311,0.0657012374867585,,insufficient_history,1.0
2026-10-02,STZ,298,1.0,0.9637122378019514,0.9338289999674688,0.9428572405019748,0.9664285595259182,1.0797539546947708,scored,-1.3557290116780174,19.0,XLP,True,2.6814226959334184,0.0237567351460389,,no_data,0.0
2026-10-02,SU,298,1.0,1.0686202497327366,1.1193042407707203,1.1789701923694025,1.2898514643805212,1.4689392889429436,scored,1.8917966019241663,19.0,XLE,True,1.7585726695112505,0.0252813782275912,,no_data,0.0
2026-10-02,SUI,298,1.0,0.9056366917606072,0.8053400370309354,0.734114577453746,0.5977219180643932,0.5083771804727157,scored,-0.4186880933320806,19.0,XLRE,True,2.0249423940623146,0.0182839042353256,,no_data,0.0
2026-10-02,SUN,298,1.0,0.9162493047547144,0.888030893383209,0.8920931828788105,0.8155531343750556,0.7163083389500529,scored,-0.3505704057013251,19.0,XLE,True,2.059795925903973,0.0275631731018864,,no_data,0.0
2026-10-02,SUNB,150,1.0,1.0093260472758037,0.8717857951506554,0.7172027678616141,0.7423145590344563,0.6737298325995377,scored,-0.3399999270501075,19.0,SPY,False,2.825786760534418,0.0366509307462311,,no_data,0.0
2026-10-02,SUNC,227,1.0,1.014178631030563,1.022901151062343,1.0542329626048843,1.0801927830713516,0.8997166722407038,scored,-0.245998063746351,19.0,XLE,True,2.0975191013958567,0.027646225140317,,no_data,0.0
2026-10-02,SUPN,298,1.0,0.9314023291676468,0.9235481389558696,0.934815268201226,0.8927462938158226,0.7705239710101204,scored,-1.0699101181222928,19.0,XLV,True,1.4285760132889895,0.0337087308468378,,no_data,0.0
2026-10-02,SVM,298,1.0,1.0212303090012382,1.0564473697220778,1.0964971215557928,0.9500841250966277,0.8929341114481882,scored,-0.4095063286138947,19.0,XLB,True,0.5479401893261915,0.0517901880270502,,no_data,0.0
2026-10-02,SW,298,1.0,1.0107057254370917,0.9984623537784976,0.9404825634655866,0.8765393716217801,0.8556772439360492,scored,-0.6289095652877245,19.0,SPY,False,1.4144981594401935,0.0332510145613585,,no_data,0.0
2026-10-02,SWK,298,1.0,1.0215591483568227,0.9961685354073964,1.0077317303676396,1.028444621847188,1.0496772884229064,scored,-0.4505933909574574,19.0,XLI,True,2.7315377618576964,0.0299051648988142,,no_data,0.0
2026-10-02,SWKS,298,1.0,0.843548947335562,0.7973549655406005,0.8396657144764742,0.9398282196133508,0.9455778994821896,scored,0.4002544010809715,19.0,XLK,True,4.459900665917737,0.0524509075140272,,no_data,0.0
2026-10-02,SWX,298,1.0,0.9208063363566662,0.9011284703931012,0.8418187619991618,0.6566907307349806,0.5341142535826142,scored,-0.4607345113243741,19.0,XLU,True,1.527861056807432,0.0184769749281343,,no_data,0.0
2026-10-02,SXI,298,1.0,0.9940093261947552,0.956477528133957,0.903873283303536,0.8374756454871832,0.7878477066626044,scored,-0.1171783172754339,19.0,XLI,True,9.660787496885144,0.0334758220897645,,insufficient_history,1.0
2026-10-02,SXT,298,1.0,1.125793857053675,1.133894853538345,1.0161859686312034,0.8751759714648468,0.9091389548923208,scored,0.5079149125594488,19.0,XLB,True,3.060747441022427,0.0238023753092964,,no_data,0.0
2026-10-02,SYF,298,1.0,0.9244673042041308,0.8725455592589402,0.7691935681005672,0.8374383671234376,0.9629023628164008,scored,-0.93704702253323,19.0,XLF,True,1.9015424405985504,0.0264949483154319,,no_data,0.0
2026-10-02,SYK,298,1.0,0.9933792652211398,0.9549691980746552,0.9756672284968184,0.9576383888311978,0.8643342924583074,scored,-1.1878504052397338,19.0,XLV,True,7.834597774213894,0.0284449688640086,,no_data,0.0
2026-10-02,SYM,298,1.0,0.9826131985293398,1.0125512883090422,0.941590460007096,0.6955093872332584,0.509642413380648,scored,0.5480438265500231,19.0,XLI,True,1.7350792658565874,0.040089631835873,,no_data,0.0
2026-10-02,SYNA,298,1.0,0.9138238525692868,0.8285772060292662,0.7898804303456121,0.8485209537272641,1.0368655998536538,scored,-0.054424652052908,19.0,XLK,True,5.270696703575036,0.0435235070485139,,insufficient_history,1.0
2026-10-02,SYRE,298,1.0,0.9431678134608938,0.8322368046722098,0.8304603342273066,0.8681378646597852,0.8956273516046189,scored,0.3785685988467044,19.0,XLV,True,4.872784616193107,0.0522887071165694,,no_data,0.0
2026-10-02,SYY,298,1.0,0.942389329897289,0.8909542226536793,0.8490869316797104,0.7808756765884614,0.9097742673051068,scored,-0.0499360283921961,19.0,XLY,True,1.51275554716733,0.0195219453757559,,no_data,0.0
2026-10-02,T,298,1.0,1.139369550272612,1.2213371587858233,1.256238474273692,1.3751644065078923,1.47388712948094,scored,-0.7565150186157685,19.0,XLC,True,0.516710397351452,0.021263802360142,,no_data,0.0
2026-10-02,TAC,298,1.0,0.9794888922175644,0.967453559078144,0.9411115652361493,0.8828299978744161,0.9430883184932184,scored,0.5083552627819028,19.0,XLU,True,0.3513362992906017,0.0284482833433685,,no_data,0.0
2026-10-02,TAK,298,1.0,1.0564640396063971,1.0744361801238802,1.0250511743820585,1.0547884033505617,1.2614815155991734,scored,0.3521145123138477,19.0,XLV,True,0.2933410170351975,0.0164244690389248,,no_data,0.0
2026-10-02,TAL,298,1.0,0.9374505388972628,0.8669264946635488,0.797468365147814,0.7406344380142664,0.54788309970094,scored,0.3547055267290948,19.0,SPY,False,0.3515633420736799,0.0291511892266732,,no_data,0.0
2026-10-02,TALO,298,1.0,0.9504979851735323,0.9067278562293064,0.7552766976801664,0.6520620565446074,0.5308667929496046,scored,0.6179980659437351,19.0,XLE,True,0.6211485251895433,0.037017194588173,,no_data,0.0
2026-10-02,TAP,298,1.0,0.9007102980320174,0.9148686553045547,0.9061957014907,0.8362299060307633,0.7694810688127833,scored,-0.7105296942487115,19.0,XLP,True,1.0159955832933698,0.027563634923857,,no_data,0.0
2026-10-02,TARS,298,1.0,1.0655295413097996,1.1668706295363889,1.2284944389315833,1.313635966742397,1.1727556227226814,scored,-0.2111274935639394,19.0,XLV,True,3.0187076630239686,0.0413521597674516,,insufficient_history,1.0
2026-10-02,TBBB,298,1.0,0.864848411036781,0.8383074016224947,0.7363290958250087,0.6345865593744062,0.5420479165522061,scored,1.4379619443831753,19.0,XLY,True,1.5890415724558071,0.0301812264474037,,no_data,0.0
2026-10-02,TBBK,298,1.0,1.0124933893760988,0.9920513452795052,0.9261397203945206,0.915631068097514,1.096330059503822,scored,-1.0825164023799856,19.0,XLF,True,1.855743105631421,0.0380197317277488,,no_data,0.0
2026-10-02,TCBI,298,1.0,0.9725889616687456,0.8372156434694576,0.7289023151702333,0.6185125842390553,0.6371007978389671,scored,0.9372957615025256,19.0,XLF,True,1.739691955020232,0.0185547350151475,,no_data,0.0
2026-10-02,TCOM,298,1.0,0.985338955234946,0.9398422322015396,0.9526694205183632,0.9531055841952716,1.0374134307752532,scored,-0.6579326705054558,19.0,XLY,True,0.9567037332903712,0.0251169265762764,,no_data,0.0
2026-10-02,TD,298,1.0,0.8811176619633507,0.8194125231035835,0.7855853811813298,0.7695451470148262,0.8245987293467407,scored,1.298289379540708,19.0,XLF,True,1.9694646229980957,0.016707368705447,,insufficient_history,1.0
2026-10-02,TDC,298,1.0,0.8819731219429169,0.8345192542768874,0.7826294500135451,0.6083818529020568,0.5582985814596981,scored,0.1980510181251188,19.0,XLK,True,0.954962525619786,0.0316842244731183,,no_data,0.0
2026-10-02,TDG,298,1.0,1.0029744598026318,0.9563586395329932,0.9506749230569436,0.857684004368379,0.6730199628300295,scored,-1.1450799232982627,19.0,XLI,True,25.650018539861037,0.0235239260990306,,no_data,0.0
2026-10-02,TDS,298,1.0,0.9730956946442548,0.9513227579565168,0.8562664122380184,0.8088845353335176,0.7903821874941649,scored,-1.976803431238335,19.0,XLC,True,1.1040584984939814,0.0311969058630681,,no_data,0.0
2026-10-02,TDW,298,1.0,0.8534375791071145,0.801304375593613,0.7390483353544705,0.7222454703107464,0.7519640761319102,scored,-1.430701510378043,19.0,XLE,True,3.033844398271086,0.036809565618431,,no_data,0.0
2026-10-02,TDY,298,1.0,0.9070407984048996,0.8710031233662656,0.8788850259070766,0.979901827356472,1.2793230771218973,scored,0.3846517488567049,19.0,SPY,False,10.986666296118,0.0178016855908712,,no_data,0.0
2026-10-02,TEAM,298,1.0,1.069768481646474,1.134526886691896,1.1610819861976998,1.2863632474796856,1.6664643103465593,scored,0.3208188147184014,19.0,XLK,True,9.121559374386576,0.0485473381999392,,no_data,0.0
2026-10-02,TECH,298,1.0,0.9409664647607304,0.9801613222426704,1.0055780225763855,1.0289154979031423,1.144879707163749,scored,0.764046373627313,19.0,XLV,True,0.1973298411239225,0.0027255502917668,,no_data,0.0
2026-10-02,TECK,298,1.0,0.9736071786550689,0.9658022135203148,0.946764147253288,0.6972917738569817,0.7918763065339801,scored,1.258993745509466,19.0,XLB,True,2.3405394079872366,0.0341385561258348,,no_data,0.0
2026-10-02,TEL,298,1.0,1.003057137341674,0.9532867614801136,0.8910119002523595,0.8718686585770457,0.638307806334281,scored,1.1786338508716312,19.0,SPY,False,5.947803900349941,0.0269913046848336,,no_data,0.0
2026-10-02,TEM,298,1.0,1.0056142326071578,1.0806283293814494,1.0909549992748726,1.1108561155512042,0.8830392664541945,scored,1.656420925698512,19.0,XLV,True,5.004393443108632,0.065305930355065,,no_data,0.0
2026-10-02,TEN,298,1.0,1.146373188769023,1.1822678940993427,1.1717300676695526,1.15579844114937,1.0767824797941716,scored,1.579392643909876,19.0,XLE,True,1.96255974903846,0.0392119829977714,,no_data,0.0
2026-10-02,TENB,298,1.0,1.15960496759876,1.2028254990279972,1.2319977839220635,1.162468079021463,0.9440725626400104,scored,-1.1022108607103864,19.0,XLK,True,2.0801917812366906,0.0564502518653104,,no_data,0.0
2026-10-02,TER,298,1.0,0.9169249510591326,0.8341654215953377,0.7889438128638108,0.6645304367153729,0.5024889284659542,scored,0.1434131196016691,19.0,XLK,True,20.46651831680754,0.045578385704631,,no_data,0.0
2026-10-02,TEVA,15,,,,,,,insufficient_history,,,,,,,,,
2026-10-02,TEX,298,1.0,0.9471470714789042,0.8439463103331201,0.7521708828762609,0.6846331088247712,0.6844352976531175,scored,-2.3517386829865834,19.0,XLI,True,2.3160422420396936,0.0408401030160411,,no_data,0.0
2026-10-02,TFC,298,1.0,0.9757592641866656,0.9517766000425584,0.93863774715562,1.050612095743869,1.1431368596796208,scored,-0.573085954097759,19.0,XLF,True,0.9848696167070778,0.0212027904565571,,no_data,0.0
2026-10-02,TFII,298,1.0,0.9280381660551168,0.8798942980470894,0.8941311920960863,1.0875651729567823,1.1361508103825049,scored,-0.0570102791443371,19.0,SPY,False,3.6186107919572574,0.0304340688978743,,insufficient_history,1.0
2026-10-02,TFX,298,1.0,0.9405834343010142,0.9229611219408794,0.9356506084498216,0.929114930264356,0.8060670055166765,scored,-1.3480026436034636,19.0,XLV,True,3.845211757253778,0.0309797917922476,,no_data,0.0
2026-10-02,TGT,298,1.0,0.9739626406376736,0.931043002516894,0.8904356777976009,0.7842417989288176,0.7775728840123466,scored,0.5512572988793379,19.0,XLY,True,3.753972706330708,0.024063927604684,,no_data,0.0
2026-10-02,TGTX,298,1.0,1.0692132531769718,1.1232848590797369,1.1260668062799384,0.9592478810930029,0.8975304452803536,scored,0.2920347303611867,19.0,XLV,True,2.2702381736938926,0.0418168755515544,,no_data,0.0
2026-10-02,TH,298,1.0,1.1174177791202278,1.0870635076575863,1.0824917505069038,1.1728385776221746,1.2595810339874158,scored,0.9063726540720558,19.0,XLY,True,1.0453078357324053,0.055483430771359,,insufficient_history,1.0
2026-10-02,THC,298,1.0,1.0723993256293385,1.082120711439152,1.1722585581116929,1.3020413644779636,1.2566484109266218,scored,-0.3802704688721757,19.0,XLV,True,7.926662075426775,0.0306498417578948,,no_data,0.0
2026-10-02,THG,298,1.0,0.9577422177373436,0.93776144897122,0.9503729056687358,0.9213698754007162,0.7039448883884392,scored,0.8618692149017015,19.0,XLF,True,4.460506431630076,0.020327696448207,,no_data,0.0
2026-10-02,THO,298,1.0,0.9637954683988436,0.9110378070590536,0.8386336251151152,0.8856891400695224,0.9991251211376946,scored,-0.4331844718800091,19.0,XLY,True,2.4194493305970908,0.0347871938259826,,no_data,0.0
2026-10-02,THRM,294,1.0,0.8459428590196673,0.7824012316844382,0.7313100017823758,0.7292625240759549,0.7322677930604912,scored,-1.9552751370752293,19.0,SPY,False,1.703674991615189,0.0544305109142232,,insufficient_history,1.0
2026-10-02,TIGO,298,1.0,0.8627354203088412,0.794746410723668,0.6908227880050289,0.5268494117819283,0.4369512088628173,scored,-0.8984175390432844,19.0,XLC,True,3.178031174550904,0.0359831428277955,,no_data,0.0
2026-10-02,TJX,298,1.0,1.0294960555196258,1.093718231711968,1.1149481987387653,1.2112503592961137,1.3536753100711514,scored,1.165068431057945,19.0,XLY,True,2.859803560863992,0.0215541420022911,,no_data,0.0
2026-10-02,TKO,298,1.0,1.006176430665875,0.9993751390789066,0.9021891911398164,0.7457940648343562,0.6824821667155408,scored,-0.2505624474479036,19.0,XLC,True,5.611795603409437,0.0319614739913967,,no_data,0.0
2026-10-02,TKR,298,1.0,0.909729114845252,0.8349372421842214,0.7450088966037034,0.6764755346371595,0.8317942762832131,scored,-0.3476290281992198,19.0,XLI,True,3.1781873169329056,0.0259570999422811,,no_data,0.0
2026-10-02,TLN,298,1.0,1.0017433653167716,0.980227791678118,0.9002121919207546,0.6996463495605221,0.4648348642735703,scored,0.496332276178095,19.0,XLU,True,14.092526294974066,0.0439334298562024,,insufficient_history,1.0
2026-10-02,TM,298,1.0,1.023163932672606,1.0509474795539626,0.9577801834564031,0.9600345240267044,1.0111322583349744,scored,-1.5573570648446242,19.0,XLY,True,3.148810356634231,0.0173497733022989,,no_data,0.0
2026-10-02,TMDX,298,1.0,1.0507158999845423,1.0747105128793282,1.1572555958845014,1.297587384926423,1.1456286651329315,scored,-0.6121277203877457,19.0,XLV,True,4.074046798365983,0.0510564170482609,,insufficient_history,1.0
2026-10-02,TMO,298,1.0,1.101493583188481,1.1253761334095929,1.1428140073635988,1.120894052983494,1.1879149635354749,scored,2.596023712982112,19.0,XLV,True,15.562321555851042,0.0237665265055758,,no_data,0.0
2026-10-02,TMUS,298,1.0,0.9456050594995254,0.9191563397738852,0.8165691477331547,0.7798854585900685,0.6266911957019816,scored,-1.5850110009496188,19.0,XLC,True,4.420418411601181,0.0270130677805009,,no_data,0.0
2026-10-02,TNDM,298,1.0,1.0959330684574833,1.138431931884038,1.161183443528781,1.1313195288191995,0.8915562433076614,scored,-1.2869680209547756,19.0,XLV,True,1.069053170526905,0.0647911012440548,,no_data,0.0
2026-10-02,TNET,298,1.0,1.0868581265211466,1.0878205565459125,1.0022917329337508,1.2407206228312455,1.5878721838705507,scored,0.2818435273946444,19.0,SPY,False,2.31136953457672,0.0365491703759759,,no_data,0.0
2026-10-02,TNGX,298,1.0,0.956439871920611,0.9157385779711203,0.824219965793395,0.7351830389057731,0.6221636844907666,scored,0.8316975195370279,19.0,XLV,True,1.5715455905312516,0.0676224436545289,,insufficient_history,1.0
2026-10-02,TNK,298,1.0,1.021753625820407,0.9934975649369232,1.0349869702533876,1.062036573238838,0.9505517156032596,scored,1.1698644870160584,19.0,XLE,True,3.7133626968446047,0.0360170969626052,,no_data,0.0
2026-10-02,TNL,298,1.0,0.9480895469031388,0.8577003163973527,0.7926165627852004,0.8086034778249254,0.7801181954122088,scored,-0.5382068124288437,19.0,XLY,True,1.789255379356438,0.0284369895002612,,no_data,0.0
2026-10-02,TOL,298,1.0,0.8749314899070475,0.8637789155541703,0.8582040280265245,0.8223179752899269,0.8131751010799079,scored,1.015129487974726,19.0,XLP,True,3.79692068328,0.0277938707508967,,no_data,0.0
2026-10-02,TOST,298,1.0,0.983613278900995,0.9907820278768557,0.9818223763102936,0.965903365053933,0.9495613670440016,scored,-0.8852815325249674,19.0,XLF,True,1.077822733636474,0.0361806892795056,,no_data,0.0
2026-10-02,TPB,298,1.0,1.0655292864581771,1.1086167567409362,1.099826279473529,1.134823259627244,1.16877189910038,scored,-2.330293501820276,19.0,SPY,False,3.074896108835593,0.0552641284837453,,no_data,0.0
2026-10-02,TPC,298,1.0,0.915760688998507,0.845789265288022,0.8446452631485495,0.8156684288780945,0.7135655126468626,scored,-0.5229738257245545,19.0,XLI,True,2.991939592793093,0.0344971704461327,,no_data,0.0
2026-10-02,TPG,298,1.0,0.9995798419682728,1.0343478084425368,1.1019732727329268,1.2069975966995925,1.4701373686006258,scored,-1.611171563278681,19.0,XLF,True,1.644234232168892,0.0368084672524936,,no_data,0.0
2026-10-02,TPL,298,1.0,0.9732571229077231,0.9562636346878116,0.9647775159196744,1.054528097264393,1.1748736378980007,scored,0.1781446569957249,19.0,XLE,True,13.27536766964987,0.0390233918388249,,no_data,0.0
2026-10-02,TPR,298,1.0,0.8890020193871176,0.8460510911447284,0.8301304338459948,0.8708399241832827,0.8959369554288374,scored,-1.2339179338806994,19.0,SPY,False,3.48797381246186,0.0295290705423455,,no_data,0.0
2026-10-02,TRAX,126,1.0,1.0194644193438809,0.9221204862193764,0.935841637303778,0.9931157735169384,1.3742865663990744,scored,-0.1479247556636664,19.0,XLV,True,2.889520456223118,0.0868245329393965,,insufficient_history,1.0
2026-10-02,TREX,298,1.0,1.040764316129906,1.0204450673869183,1.050916443750962,1.138842449035874,1.2242954285628318,scored,0.1103648325942577,19.0,SPY,False,1.552234316968102,0.035634396624612,,no_data,0.0
2026-10-02,TRGP,298,1.0,0.979011642841228,1.0068818898541956,0.993053393208544,0.8996562047951637,0.8937726725128613,scored,-1.3513144079804331,19.0,XLE,True,7.663233364102667,0.0271996641020184,,no_data,0.0
2026-10-02,TRI,298,1.0,1.069095079490871,1.0461374964181351,0.9959835894622312,1.0137892886333484,0.9149414235462856,scored,0.5861886071300408,19.0,SPY,False,3.89602524994344,0.0399101131934382,,no_data,0.0
2026-10-02,TRLV,80,1.0,0.9695167651802192,0.981581562921539,0.8117019821781549,0.8037342664871596,1.2769619986794891,scored,-0.5828738862389644,19.0,XLV,True,0.7993796788744464,0.0745689998950043,,no_data,0.0
2026-10-02,TRMB,298,1.0,1.0369442845841597,1.0320416843568632,0.9771827883891648,0.979364339097556,0.9149613516152036,scored,-1.182184844574608,19.0,XLK,True,1.5263750074498283,0.0265364222435644,,no_data,0.0
2026-10-02,TRMD,298,1.0,1.0948667917465602,1.121888572760474,1.1216753366597667,1.0970317104809368,1.0396256808777184,scored,1.421308809146533,19.0,XLE,True,1.4412648849903127,0.0360316221247578,,no_data,0.0
2026-10-02,TRMK,295,1.0,0.8997989123930615,0.7548856636173854,0.6544875633463019,0.5390455068604658,0.5533171911344468,scored,-0.0224412504109866,19.0,SPY,False,0.8988108449833895,0.0195691453294881,,no_data,0.0
2026-10-02,TRN,294,1.0,1.1084255517552797,1.1214405978824695,1.1239609232499264,1.303790646805748,1.0778099648320407,scored,-1.3100184442758152,19.0,SPY,False,0.8198473281271587,0.0313757109884102,,no_data,0.0
2026-10-02,TRNO,298,1.0,1.0137607913203452,1.0275570369576184,1.0203164287678237,0.9014811972499398,0.8540375394387556,scored,1.372363565614554,19.0,XLRE,True,1.055968187139576,0.0163614531629931,,no_data,0.0
2026-10-02,TROW,298,1.0,0.9781847148566472,0.9367347068617224,0.8224075642015951,0.8167979913205712,0.9245013548943692,scored,0.8888475208897089,19.0,XLF,True,2.1446304081268384,0.0204992392288935,,no_data,0.0
2026-10-02,TRP,298,1.0,1.1063176000460784,1.1906048376732803,1.2156785969172574,1.237773303078925,1.2873283771240862,scored,-1.2878504039019407,19.0,XLE,True,1.2323310765411646,0.0208622156177613,,insufficient_history,1.0
2026-10-02,TRU,298,1.0,0.9918425290487392,0.958726482710652,0.8530313393545157,0.8083175152505028,0.6808658377549487,scored,-2.4493789912005304,19.0,SPY,False,3.014452516276441,0.0475165907357572,,insufficient_history,1.0
2026-10-02,TRV,298,1.0,1.061779529329335,1.051248944498982,1.0619129682611717,1.0798048038017465,1.0936782392340736,scored,1.8993336742944784,19.0,XLF,True,6.60613161706248,0.0183310161969656,,no_data,0.0
2026-10-02,TRVI,298,1.0,0.9233459110713632,0.8968422907921461,0.8418207075155836,0.784387530168765,0.738344963308173,scored,-1.5381945384587052,19.0,XLV,True,0.6587301780828124,0.0473565908039405,,no_data,0.0
2026-10-02,TS,298,1.0,0.9017792012977128,0.8584244544722222,0.8325643051043276,0.9752904311896248,1.029365646541283,scored,0.1785834324847401,19.0,XLE,True,1.2147680877787628,0.0216961615963343,,no_data,0.0
2026-10-02,TSCO,298,1.0,1.0509089041504998,1.051953832198132,1.029015817274423,1.1397235516059434,1.4796312266537257,scored,-1.2378444505714457,19.0,XLY,True,0.998428067761457,0.0321141224754408,,no_data,0.0
2026-10-02,TSEM,298,1.0,1.0014866960887072,0.9735745342691228,0.8602129248334943,0.7736883216139402,0.6565147536306458,scored,-0.4621339582618569,19.0,XLK,True,13.461984273501036,0.0558913238956283,,no_data,0.0
2026-10-02,TSLA,298,1.0,0.9224447039025548,0.8928891168296091,0.8831419645841072,0.8472826632227545,0.8703433057813796,scored,1.0063061435898164,19.0,XLY,True,12.443249482558778,0.0335768625234323,,no_data,0.0
2026-10-02,TSM,298,1.0,0.8705515093243411,0.7686883125008751,0.6807639747770022,0.5501304848184108,0.5482540456305894,scored,0.3751894529742234,19.0,XLK,True,10.61054355806336,0.0224428773595823,,no_data,0.0
2026-10-02,TSN,298,1.0,1.0133768013675115,1.017139115206562,1.0051454767654342,0.9242324666729184,1.010567855856417,scored,-0.4209772850262535,19.0,XLP,True,1.135536312457857,0.0218835288583129,,no_data,0.0
2026-10-02,TT,298,1.0,0.8772927724321324,0.7998139169035628,0.7896395644724615,0.828502385790269,0.8813795524280693,scored,-0.150345296790093,19.0,SPY,False,10.806811230620497,0.0232950598836422,,no_data,0.0
2026-10-02,TTAN,298,1.0,1.1866672698582978,1.328481122829069,1.3830823738289997,1.4679792204345727,1.2749537942540652,scored,-1.053215559244168,19.0,XLK,True,4.200243863639473,0.0626061091614171,,no_data,0.0
2026-10-02,TTC,298,1.0,0.9740495607979512,0.8885472784005813,0.8522331755332109,0.8650699378855292,1.066827021380452,scored,0.0358561311959991,19.0,XLI,True,2.187470214003013,0.0221762998175487,,no_data,0.0
2026-10-02,TTD,298,1.0,1.057119978592136,1.0365333599697155,0.9921077542918684,0.8757527997801082,0.6053584719215859,scored,-1.624279179875158,19.0,XLC,True,0.5714867267518214,0.0478231570503616,,no_data,0.0
2026-10-02,TTE,298,1.0,0.9889880396490558,0.9903243701530317,0.9315639521259887,1.0066060681144475,1.1322785697068618,scored,0.5680713773960205,19.0,XLE,True,1.7264097358749118,0.0204550916572856,,insufficient_history,1.0
2026-10-02,TTEK,298,1.0,1.0487649990110914,1.026370091286254,0.9513355778872126,0.8998511141428704,0.8974317368324882,scored,-1.1342114799491296,19.0,SPY,False,0.9322627676102812,0.0281480304230157,,no_data,0.0
2026-10-02,TTMI,298,1.0,1.0441956189509627,1.0462144981198398,1.0068559202005118,0.881975576583111,0.8520480290253098,scored,0.2053320590650349,19.0,SPY,False,7.754542640338338,0.0588044486262101,,no_data,0.0
2026-10-02,TTWO,298,1.0,1.063209845147167,1.058293165917476,1.0055037798512387,1.038975711874743,1.0511953182488616,scored,-0.2337353923509226,19.0,XLC,True,6.530968503468842,0.032215106316129,,no_data,0.0
2026-10-02,TVTX,298,1.0,0.9586542119556792,0.861990156753142,0.7696754925183864,0.8085622703688521,0.8006275121902847,scored,-0.7976945038174339,19.0,XLV,True,2.3958291898760904,0.0420837728767976,,no_data,0.0
2026-10-02,TW,298,1.0,0.8872380013442953,0.8108621415296801,0.7658154862574079,0.6489566427027922,0.7784953883009817,scored,0.7658878138825795,19.0,XLF,True,2.5664963637543607,0.0251075754622809,,no_data,0.0
2026-10-02,TWLO,298,1.0,1.1333311727123712,1.1690472572342545,1.118564030611159,0.9121645711961548,0.6523251967709227,scored,1.2955925812813254,19.0,XLK,True,14.09387402220203,0.0478439609688438,,no_data,0.0
2026-10-02,TWST,298,1.0,0.9588926802180971,0.9858087609183288,0.9845396081698394,0.843812005827702,0.7388655069190757,scored,2.0392303500506377,19.0,XLV,True,11.497489924181409,0.0609396826426109,,no_data,0.0
2026-10-02,TX,298,1.0,0.9559556531397648,0.9132831555785158,0.8741895024822327,0.8465484268072492,0.9399473356622784,scored,0.1662746469421486,19.0,XLB,True,1.4424047308811427,0.0254796808140106,,no_data,0.0
2026-10-02,TXG,298,1.0,0.987413654497204,0.9695258365259584,0.950453511619611,0.8993924505144479,0.8577185929448825,scored,2.2303661275356435,19.0,XLV,True,5.187588334397573,0.0554822281753751,,no_data,0.0
2026-10-02,TXN,298,1.0,0.9144849116541572,0.8071233291347583,0.8423271519110709,1.0190524795564484,1.3325097628857885,scored,0.3412712413370388,19.0,XLK,True,8.14636112960842,0.0277275736201784,,insufficient_history,1.0
2026-10-02,TXNM,298,1.0,0.978923048926144,0.9751124996637232,1.0315134323322863,1.080245544401056,1.0829983575064692,scored,0.3770366469469325,19.0,XLU,True,0.382695847148107,0.0065518891824705,,no_data,0.0
2026-10-02,TXRH,298,1.0,0.990336101816132,0.9979891357846872,1.0630924469368563,1.1409464411005472,1.1487913578814983,scored,-2.042304428081618,19.0,XLY,True,4.372693872333018,0.0280049562721469,,no_data,0.0
2026-10-02,TXT,298,1.0,0.9982095970918816,0.970429466775762,0.9349520947646732,0.7283408586478448,0.6850240912249004,scored,-0.2619175658878535,19.0,XLI,True,1.736741660270184,0.0224791827630104,,no_data,0.0
2026-10-02,TYL,298,1.0,1.0651056544656832,1.0564871049051543,0.945866150435402,0.8637843267759568,0.8155635884422976,scored,-1.2406650728974973,19.0,XLK,True,12.309256805555586,0.0381315845406139,,no_data,0.0
2026-10-02,TYRA,298,1.0,0.9029956945207748,0.8682815458814057,0.827600558408856,0.7688626114259783,0.8279552918233122,scored,0.4115322340324838,19.0,XLV,True,1.668335966028933,0.081661084974495,,no_data,0.0
2026-10-02,U,298,1.0,1.046037059149624,1.1099664995124718,1.1546773959376528,1.2878134322022623,1.6593785042502978,scored,0.4161146205682989,19.0,XLK,True,2.082746762219041,0.047758467374892,,no_data,0.0
2026-10-02,UAL,298,1.0,0.9527159758539248,0.915722047072938,0.8706236475535047,0.8732115989970705,0.8133897637939965,scored,1.1033566516021522,19.0,XLI,True,3.8732827746274,0.034426120119344,,no_data,0.0
2026-10-02,UBER,298,1.0,0.8913501812834659,0.8063744428783702,0.7229805690252465,0.6548714278663061,0.5307914978448389,scored,-2.050591081606236,19.0,SPY,False,1.841315368857732,0.0270344350147956,,no_data,0.0
2026-10-02,UBS,298,1.0,1.001683048773184,0.9486960018461902,0.9768660918120992,1.2747336018325222,1.5791425500003755,scored,-0.9720194488183624,19.0,XLF,True,1.0394779538735144,0.0217874230533119,,no_data,0.0
2026-10-02,UBSI,298,1.0,0.9168610652596606,0.7997364150497561,0.7415461137070802,0.7459066736247261,0.8461312108873252,scored,1.2278544801516762,19.0,XLF,True,0.8000460029458349,0.0170077806748689,,no_data,0.0
2026-10-02,UCB,298,1.0,1.005317293849701,0.9197703357754058,0.8225133135131446,0.7944731202044203,0.90118479121635,scored,0.5520037383635512,19.0,XLF,True,0.6941028505777679,0.0203489548688879,,no_data,0.0
2026-10-02,UCTT,298,1.0,1.0105755853729,0.970343480758038,0.8776702084612433,0.8201646607679914,0.8794421715383628,scored,1.347030323915875,19.0,XLK,True,4.81920005010133,0.0662979784028247,,insufficient_history,1.0
2026-10-02,UDR,298,1.0,0.9456691183119016,0.9224741864528944,0.8594208404345431,0.8189676459107017,0.9176439982490764,scored,-0.9307746456514044,19.0,XLRE,True,0.5903698089041385,0.0177448094049936,,no_data,0.0
2026-10-02,UFPI,298,1.0,1.015703775071035,0.9953108072232144,0.983412111639306,1.0708197443792131,1.187714888936086,scored,-0.96020989735016,19.0,SPY,False,2.3286342311942523,0.0301832045520965,,no_data,0.0
2026-10-02,UFPT,298,1.0,1.0585942573574898,1.0611052936742889,0.9972750597082912,0.9016781174371477,0.905363887472659,scored,0.4369414542062063,19.0,XLV,True,8.077596778755069,0.0268626430952945,,no_data,0.0
2026-10-02,UGI,298,1.0,1.0557123184713535,1.0748257412011075,1.0634793348800518,0.9674090497867096,0.8085781710519706,scored,0.2522912488698535,19.0,XLU,True,0.7774624955231488,0.020899529449547,,no_data,0.0
2026-10-02,UHS,298,1.0,0.9458014196584994,0.9602119247675144,1.0304694339993523,1.2423617467859975,1.2346345209852514,scored,0.6610609408219716,19.0,XLV,True,5.133107041757322,0.0292118543236815,,no_data,0.0
2026-10-02,UL,298,1.0,0.9327972097552476,0.9406076455377552,0.9216505045421892,0.984992402607734,1.180850743973099,scored,-0.3519000085036016,19.0,XLP,True,0.9838750022611046,0.0164803182958308,,insufficient_history,1.0
2026-10-02,ULS,298,1.0,0.9854939310111842,1.0000084654604582,0.9678619120660884,0.8070387247672445,0.8921270870918065,scored,-1.865373623094168,19.0,SPY,False,2.039208758407875,0.0309017844886782,,no_data,0.0
2026-10-02,ULTA,298,1.0,1.0336345450391191,1.0396653590650713,0.9959726226149116,0.9748258434631436,1.100465051873628,scored,1.138452484075788,19.0,XLY,True,15.629397773632045,0.0287468921143152,,no_data,0.0
2026-10-02,UMAC,298,1.0,1.0149537318960489,1.004984387241194,1.0363630734897271,0.970406196036515,0.8465283620345111,scored,0.5448262926972705,19.0,SPY,False,1.8926717299768925,0.084607587392798,,insufficient_history,1.0
2026-10-02,UMBF,298,1.0,0.9909358961357756,0.913601053632652,0.8728760957513687,0.8588683447646429,1.1122292063221897,scored,-0.4842081854300057,19.0,XLF,True,2.899617276964191,0.0221446256068748,,no_data,0.0
2026-10-02,UMC,298,1.0,1.064517444697444,1.060162776480635,1.0887380217878004,1.2018024106085303,1.445709497875468,scored,1.0464130258456388,19.0,XLK,True,0.9434546078037503,0.0359137650477255,,no_data,0.0
2026-10-02,UNF,298,1.0,0.9305786701985164,0.905699781852089,0.8962911635870678,0.8330834004616313,0.851822137138271,scored,-1.864612320568043,19.0,SPY,False,6.98492713091165,0.0277421841723395,,no_data,0.0
2026-10-02,UNFI,298,1.0,0.9220342019124932,0.9029217903665842,0.8975256768988087,0.8629650778795259,0.9747992829331384,scored,0.2062223644342444,19.0,XLY,True,1.5524349478159136,0.0340520936129834,,no_data,0.0
2026-10-02,UNH,298,1.0,1.0298948666123822,1.0446929728571668,1.070483240097446,1.1125874597367664,1.2819692584915516,scored,0.7433320599398668,19.0,XLV,True,8.60813108420071,0.0231463594627607,,no_data,0.0
2026-10-02,UNM,298,1.0,0.8176910164901954,0.7997667523556269,0.7121767898251101,0.578807621155881,0.5600239258514536,scored,0.7415897041993619,19.0,XLF,True,2.2229513158640013,0.025098242247533,,no_data,0.0
2026-10-02,UNP,298,1.0,0.9653776336916704,0.940744323889357,0.9476694649539532,1.149640865201326,1.210903995058371,scored,-1.5630697186109623,19.0,SPY,False,5.048440106803138,0.0181415843998962,,no_data,0.0
2026-10-02,UPS,298,1.0,0.9668025401585814,0.9184682075056374,0.9233809274628484,0.9695326991767316,1.0034648824532006,scored,-1.6331537800753586,19.0,SPY,False,2.0480682652783173,0.0220175044643981,,no_data,0.0
2026-10-02,UPST,298,1.0,0.9441577187751452,0.900919060953924,0.8417623892239973,0.912109902036686,0.9118527305228968,scored,-0.7967270980121259,19.0,XLF,True,1.124996196775219,0.0493203067415703,,no_data,0.0
2026-10-02,URBN,298,1.0,0.8776540173160933,0.8590316173900887,0.8436441413464912,0.7016280168033637,0.6857420372212355,scored,0.8843511556736855,19.0,XLY,True,2.5236986821028355,0.0312338945804806,,no_data,0.0
2026-10-02,URGN,298,1.0,1.0129848552415468,0.9627976753575096,0.8811994084599751,0.8678322177832,0.9200226880213244,scored,-0.4180084525848998,19.0,XLV,True,1.8069480325564096,0.0436460877429084,,no_data,0.0
2026-10-02,URI,298,1.0,1.025036084855646,0.9931560721199316,0.9543987362896182,0.9242621015673484,0.9945146987911572,scored,0.6139080366561113,19.0,SPY,False,33.69107951673355,0.0311654328394264,,insufficient_history,1.0
2026-10-02,USAR,298,1.0,1.0337535183300095,1.0901691027888587,1.1205703298257872,1.2326146370101383,1.2079894951548706,scored,-0.3368169179040702,19.0,XLB,True,0.9241470348071829,0.0680019893162018,,no_data,0.0
2026-10-02,USB,298,1.0,0.9255647339393812,0.9200540587867332,0.8823969917151292,1.016951727157786,1.2491435685957528,scored,-0.6790749633815043,19.0,XLF,True,1.128934051493253,0.0196302217265389,,no_data,0.0
2026-10-02,USDE,69,1.0,1.0419734772550435,1.004651605608698,0.9963699354879751,1.3153383162773766,1.467812167941974,scored,0.7189865196262165,19.0,SPY,False,1.8086496278410704,0.1278197616848813,,no_data,0.0
2026-10-02,USFD,298,1.0,1.0239254425781452,1.040964528221946,1.1063013281244258,1.150726185040747,1.2829887466707528,scored,-0.6912185545829033,19.0,XLY,True,2.719469462464162,0.0280589090225357,,no_data,0.0
2026-10-02,UTHR,298,1.0,0.8588302230717025,0.7500960813188808,0.6426500906673269,0.5385871368731936,0.6243266400383709,scored,0.1296507209672531,19.0,XLV,True,21.102465383255847,0.0389560003382976,,no_data,0.0
2026-10-02,UTI,298,1.0,0.9859551394260592,1.0315015390889943,1.0531603413918853,0.99022548269444,1.039040724281428,scored,0.7144910341403156,19.0,SPY,False,1.253724601880124,0.064691671923639,,no_data,0.0
2026-10-02,UTZ,298,1.0,0.9996639933206244,0.9929735021227506,1.0132418603029518,0.9266039440046848,1.001673002863348,scored,1.7598683976374394,19.0,XLP,True,0.0512526419227847,0.0035916357339022,,no_data,0.0
2026-10-02,UUUU,298,1.0,0.9246854519331724,0.8973190752397079,0.8688588805172828,0.884609654235114,1.0908686715344798,scored,0.8831843103807083,19.0,XLE,True,0.6233353364707892,0.0580927620196448,,no_data,0.0
2026-10-02,V,298,1.0,0.9269428314021504,0.8785029999187483,0.7911447427486104,0.6733680595823984,0.6814219628796505,scored,1.276290581450941,19.0,XLF,True,5.735228892385716,0.0159020376320792,,no_data,0.0
2026-10-02,VAC,298,1.0,1.016909639553247,0.9627859705872466,0.9230067826490904,0.9847255530021708,0.8912920081713148,scored,0.4214146737193479,19.0,XLY,True,3.903095571189209,0.0374577310094933,,no_data,0.0
2026-10-02,VAL,298,1.0,0.8929489624721509,0.9402771571061326,1.0309816184048084,1.041976251760939,1.1466540643038154,scored,-0.8560606681415986,19.0,XLE,True,2.976891482798393,0.0379753984283504,,no_data,0.0
2026-10-02,VALE,298,1.0,0.9982575599307602,0.9856807903370172,0.9903548572888992,0.9823629659188294,1.01123411274102,scored,-1.290112173959238,19.0,XLB,True,0.3873219926204593,0.0281484006264868,,no_data,0.0
2026-10-02,VC,298,1.0,1.025953414956113,1.0121927283125862,0.916705062495861,0.8096961660653847,0.837802970876849,scored,-2.03161673038429,19.0,SPY,False,2.8988360910106103,0.0326555828659525,,no_data,0.0
2026-10-02,VCEL,298,1.0,0.8739390176010912,0.7808962560411358,0.6705499787417477,0.6077544214674305,0.7792781998276966,scored,-1.0754843683439963,19.0,XLV,True,1.277545299843619,0.0318193100832781,,no_data,0.0
2026-10-02,VCTR,298,1.0,1.0058158355258096,0.9698298427982848,0.9662537809636806,1.0315384059102708,1.1325141519248698,scored,0.6174856101369663,19.0,XLF,True,3.8396233057169393,0.0339099470609991,,no_data,0.0
2026-10-02,VCYT,298,1.0,0.8622953081017461,0.8215242038625634,0.7922590382134117,0.7243552410597487,0.8324957809763337,scored,0.2542317661392197,19.0,XLV,True,2.4097520100877605,0.0526031872972661,,no_data,0.0
2026-10-02,VECO,298,1.0,1.0023909074208424,1.0029793220487362,1.0078627924542456,0.9052230825052748,0.959139960924604,scored,0.4785938985898476,19.0,XLK,True,2.882913431752484,0.050242478768778,,insufficient_history,1.0
2026-10-02,VEEV,298,1.0,1.1020979660986785,1.1771583897724316,1.2183232737059686,1.1904406438695945,1.3236915230626516,scored,0.7836165438232949,19.0,XLV,True,9.190422105903949,0.0336239055570334,,no_data,0.0
2026-10-02,VERA,298,1.0,1.0225871060801337,1.046997636512884,1.032964585168536,1.1810271821549196,1.5102436557186922,scored,-0.2710171539234502,19.0,XLV,True,1.8699449446328,0.0614709054777383,,no_data,0.0
2026-10-02,VFC,298,1.0,0.8961207768531624,0.9046300838587852,0.8667087022320679,0.8603816015475505,0.9179445475464502,scored,0.606380899758209,19.0,SPY,False,0.5118704580825989,0.0357201994474946,,insufficient_history,3.0
2026-10-02,VG,298,1.0,0.9845581469307474,0.9656150347418628,0.9752755303056444,1.0735361428725476,1.1914892724074624,scored,-1.0142705918648314,19.0,XLE,True,0.6656197485060258,0.0506945733820278,,no_data,0.0
2026-10-02,VGNT,128,1.0,0.8042565274151339,0.6639581077141914,0.7134878309446452,0.800087937427739,0.936467082500424,scored,0.3037180098428819,19.0,SPY,False,1.7499259152126088,0.0376895523414303,,no_data,0.0
2026-10-02,VIA,266,1.0,1.038897790075471,1.07635350103536,1.105921564930831,1.1929751435242315,1.3233433488787385,scored,-0.9231976579093872,19.0,XLK,True,1.364427286890155,0.0465198529454536,,no_data,0.0
2026-10-02,VIAV,298,1.0,1.0234685637208758,0.9821250148906115,0.852973544586675,0.7293340308732209,0.7867985518543897,scored,1.0689896455173982,19.0,SPY,False,2.620154882066989,0.0556296153305093,,insufficient_history,1.0
2026-10-02,VICI,298,1.0,1.0290552490450962,1.005889231705848,0.9402802209532768,0.8072443459991422,0.8258045642810741,scored,-0.900248619812366,19.0,XLRE,True,0.4009297595986787,0.0177010931390145,,no_data,0.0
2026-10-02,VICR,298,1.0,1.0776374776555948,1.069211930921547,1.0814328992096849,1.071369565492322,1.0857486292697984,scored,1.674859994637189,19.0,SPY,False,18.28436778727804,0.0591918672297767,,no_data,0.0
2026-10-02,VIK,298,1.0,0.9084790134204545,0.8133166604964746,0.6763797282353033,0.7419702286542734,0.7891082857916529,scored,-0.5921541748504006,19.0,XLY,True,2.814877894588446,0.0349413839943948,,no_data,0.0
2026-10-02,VIPS,298,1.0,1.0662117428376237,1.11324968087112,1.0232911196974943,0.8787177432018066,0.9720390426216974,scored,0.6697487921510986,19.0,XLY,True,0.3063138001168864,0.0248429683793095,,no_data,0.0
2026-10-02,VIR,298,1.0,0.9709720512722672,0.8431094573944545,0.7241024990365048,0.6993394647366115,0.5339286090528452,scored,-0.1609973077630338,19.0,XLV,True,0.57989311833535,0.0519152299315443,,no_data,0.0
2026-10-02,VIRT,298,1.0,1.0834808615533882,1.1186413142983958,1.2246995760589148,1.3093019606166612,1.2805760879416357,scored,-1.002904114951486,19.0,XLF,True,2.44461274533226,0.0415821184781809,,insufficient_history,1.0
2026-10-02,VIST,298,1.0,1.0344941323229675,1.052479351305078,1.0160028389282652,0.9992946603127149,0.9812194227603942,scored,-1.3031744030161228,19.0,XLE,True,2.6272080471291064,0.0408903976206864,,no_data,0.0
2026-10-02,VKTX,298,1.0,0.9130766297013632,0.8732096090781216,0.8341598151261741,0.6085330605494663,0.4995660531109614,scored,0.5927028989982905,19.0,XLV,True,2.5918876621288907,0.0865693941926817,,no_data,0.0
2026-10-02,VLO,298,1.0,0.9852970543495756,0.9098475255069508,0.8706026773268027,0.7491504822700867,0.6488002414385704,scored,1.866509045812448,19.0,XLE,True,15.84631328797413,0.0390015094461583,,no_data,0.0
2026-10-02,VLTO,298,1.0,0.958052864068592,0.9358546627198858,0.7894201207463506,0.7344823277402855,0.6542147253082436,scored,-0.4802296738120665,19.0,SPY,False,1.683242257000328,0.0177782240916806,,no_data,0.0
2026-10-02,VLY,298,1.0,0.9881356084303372,0.9052817394621726,0.8955191786480865,0.8234626995992002,0.8467827148052625,scored,-0.4683843416990498,19.0,XLF,True,0.3046177396130192,0.0237611341351809,,no_data,0.0
2026-10-02,VMC,298,1.0,1.0127249361414368,0.934059735760792,0.8680463496023436,0.9344850771337982,0.9556403035253472,scored,-0.8530665441453963,19.0,XLI,True,6.666509895211229,0.0274274248959566,,no_data,0.0
2026-10-02,VMI,298,1.0,0.95342605885659,0.9277677044495064,0.936873509234354,0.9582769882080592,1.13147727158085,scored,0.3752238930481863,19.0,XLI,True,11.417159843273938,0.0238483515964279,,no_data,0.0
2026-10-02,VMRK,298,1.0,0.9289601640882548,0.8437502828810853,0.722744576815397,0.6669395667297806,0.6469107175361651,scored,-0.3853146237446473,19.0,XLRE,True,1.2338668387935925,0.0206366756780998,,no_data,0.0
2026-10-02,VNO,298,1.0,0.958003146865322,0.9152974182432672,0.8682440904415615,0.9041336796440608,1.2565924709429528,scored,-0.3856173086276909,19.0,XLRE,True,1.0070904942497532,0.0298574116291062,,no_data,0.0
2026-10-02,VNOM,298,1.0,0.9675620456351258,0.9858348365824874,0.9198363111550238,0.8722177752550608,0.6911283253118179,scored,-1.2771338630423736,19.0,XLE,True,1.0007288014025215,0.0246242323179754,,no_data,0.0
2026-10-02,VNT,298,1.0,1.041380511474492,1.0551539855949024,1.143898037658072,1.2397197140342406,1.2839724244293362,scored,-0.6957053231445184,19.0,SPY,False,0.8095234427857231,0.0255692811998017,,no_data,0.0
2026-10-02,VOD,298,1.0,0.9606226091253643,0.9047843371394976,0.9219927481441846,0.8441934777342269,0.7128320604701475,scored,0.1413735686403682,19.0,XLC,True,0.3232553777194357,0.0192185123495502,,insufficient_history,1.0
2026-10-02,VOR,298,1.0,0.9770296898446108,0.9817554730687084,1.0577999151107071,1.2561769582726263,1.3359943724547818,scored,-1.1220838971085427,19.0,XLV,True,1.2985864752125078,0.0694802822478602,,no_data,0.0
2026-10-02,VOYA,298,1.0,0.9143131504423748,0.8395624111175201,0.7023489072353026,0.8152967429585823,0.9437558649037744,scored,0.1940733970313353,19.0,XLF,True,2.5238187675272927,0.026112972245497,,no_data,0.0
2026-10-02,VOYG,298,1.0,0.9852825738308534,1.0325546080920285,1.1585628872114686,1.2684937216574703,1.139217508935206,scored,-0.2097090605967751,19.0,XLI,True,2.4649611086900323,0.0796948305428397,,no_data,0.0
2026-10-02,VPG,298,1.0,1.003305722903992,1.0109402019606546,0.9879024320043108,1.1200619371934275,1.5625284282903915,scored,2.0238009904074867,19.0,SPY,False,4.115423529483803,0.0520478503792058,,no_data,0.0
2026-10-02,VRDN,298,1.0,0.9817535777235258,0.9540418266759492,0.9399375325568892,1.0421934853051915,1.283501124938862,scored,-0.3698228195095962,19.0,XLV,True,0.924659335543901,0.0476628523476237,,no_data,0.0
2026-10-02,VRNS,298,1.0,0.9974452919558549,0.989375784350388,0.9235420827904758,0.8996723168235851,1.0611907114544818,scored,-0.4814494640889749,19.0,XLK,True,1.864411303580208,0.039193006171541,,no_data,0.0
2026-10-02,VRSK,298,1.0,0.9942743799924764,1.0195019538719978,1.0616653017786069,1.047445459798094,0.8255717689146586,scored,-0.5163960151051418,19.0,SPY,False,5.422797284316856,0.0330900493307106,,no_data,0.0
2026-10-02,VRSN,298,1.0,0.9680570591970366,0.987052539433056,1.0463384389236925,1.1754662764373454,1.1706316926779945,scored,-1.758985052577439,19.0,XLK,True,7.355201122804975,0.0255105477344789,,insufficient_history,1.0
2026-10-02,VRT,298,1.0,0.9807566741449752,0.8977366219471362,0.8663869953814893,0.732729035135529,0.7224906260318497,scored,0.9313114093769675,19.0,SPY,False,11.907397702577455,0.0472178511482966,,no_data,0.0
2026-10-02,VRTX,298,1.0,0.9581971239207348,0.9130966089851869,0.839916535101461,0.5241715376758145,0.4675514455214836,scored,-0.7679581527180026,19.0,XLV,True,12.000193041777344,0.0237754701360674,,no_data,0.0
2026-10-02,VSAT,298,1.0,0.9334609274576656,0.9358412672842696,0.8648864778313838,0.6115128563021983,0.4912422269523906,scored,-0.2693150285980909,19.0,SPY,False,3.932886793882117,0.0546234276928071,,no_data,0.0
2026-10-02,VSEC,298,1.0,0.9639056616498404,0.8896272270257103,0.9057506634891724,0.9496161470599376,0.7256449210176343,scored,-1.1037287826366853,19.0,XLI,True,8.997879652368036,0.0537893331681494,,insufficient_history,1.0
2026-10-02,VSH,298,1.0,1.01310495964811,1.0200966111233465,1.0950968157548446,1.377213788676109,2.0134472679881616,scored,0.8633583903979367,19.0,SPY,False,1.8590578357271763,0.0486919286465997,,insufficient_history,1.0
2026-10-02,VSNT,201,1.0,1.1600148618071973,1.2143704420136303,1.34392584565467,1.6517627693807126,1.752621729648279,scored,-3.0845713764892717,19.0,XLC,True,1.1636325198212711,0.0376093251396661,,no_data,0.0
2026-10-02,VST,298,1.0,0.9134230644199812,0.8402838485421225,0.7474597414931514,0.5380724272517633,0.2995786817927912,scored,0.6456772378420618,19.0,XLU,True,4.939351303583204,0.0352760413054078,,insufficient_history,2.0
2026-10-02,VSTS,298,1.0,0.9749989930946138,1.014480604458438,1.0027618260643645,0.9139948279253884,0.8881075110703751,scored,1.2363297016643078,19.0,SPY,False,0.5672968226106012,0.0404345561376052,,no_data,0.0
2026-10-02,VSXY,298,1.0,1.003592277748944,0.9172059130607938,0.9153482669172136,1.027960932517768,1.067522009718675,scored,-0.6115769296086485,19.0,XLY,True,3.90469757792149,0.0425672907219174,,no_data,0.0
2026-10-02,VTR,298,1.0,1.09554483479225,1.1454509989083557,1.19753720466034,1.1211620228020482,1.1721212004982875,scored,0.3314076126867668,19.0,XLRE,True,1.6770915681084408,0.0199629992632834,,no_data,0.0
2026-10-02,VTRS,298,1.0,1.0382033004300184,1.0573170839509765,1.0486601280593488,1.1560387662046434,1.1543502797395122,scored,1.8927425238964792,19.0,XLV,True,0.4499942519105401,0.0255678552221897,,no_data,0.0
2026-10-02,VVV,298,1.0,1.095260647130757,1.1311006114422737,1.1060627046782427,1.1566813446391253,1.3248917301184795,scored,-0.7490032489955466,19.0,XLY,True,1.0294158255303765,0.0336630420382726,,no_data,0.0
2026-10-02,VVX,298,1.0,1.0593843355668384,1.0041021911749453,0.9260481895039744,0.8944770886017104,0.7389489805040524,scored,-0.7273025079053704,19.0,XLI,True,2.788293967770291,0.0393882464722459,,no_data,0.0
2026-10-02,VZ,298,1.0,1.0451092152660195,1.0986958421955626,1.1106005766509297,1.2671481119274397,1.3645744000567754,scored,-1.0624095226168768,19.0,XLC,True,0.9075858758134112,0.0197645007799087,,no_data,0.0
2026-10-02,W,298,1.0,0.935213645812946,0.90258194077686,0.8210019061442632,0.7631135060620133,0.7773013674429411,scored,1.5913729279702462,19.0,XLY,True,4.915994537378663,0.0485530324679374,,no_data,0.0
2026-10-02,WAB,298,1.0,0.9640532169995278,0.9089329225167088,0.8905946024910506,0.8625131826916788,0.6706164342114171,scored,-0.5601757570983072,19.0,XLI,True,5.994089259280596,0.0208461057914745,,no_data,0.0
2026-10-02,WAFD,298,1.0,0.9399536680116352,0.8001078575944366,0.7186729913537284,0.8023734623236217,1.0152960791493613,scored,-2.123984113087999,19.0,XLF,True,0.7778523893499486,0.0252549477061671,,insufficient_history,1.0
2026-10-02,WAL,298,1.0,0.9213709939791715,0.8546482402635208,0.7741788112055877,0.9219965695788516,1.1002773267838817,scored,0.7989888102035985,19.0,XLF,True,2.093413681015324,0.0274078774681241,,no_data,0.0
2026-10-02,WAT,298,1.0,0.9989310990201414,0.9850487199556132,0.9879957389008698,0.807433763461436,0.8453546132874419,scored,2.464952916516153,19.0,XLV,True,11.644555922004724,0.0273854234895809,,no_data,0.0
2026-10-02,WAY,298,1.0,1.062231712161222,1.0153477532221793,0.9397785724579428,0.8751387472312936,0.723031853852733,scored,-0.1043017233678138,19.0,XLV,True,1.1023000975271164,0.0444296693884367,,no_data,0.0
2026-10-02,WBD,298,1.0,1.3055169405463962,1.407484753356907,1.4227874968472067,1.5901663402565769,1.541804602339701,scored,0.8282997235640407,19.0,XLC,True,0.333320231267916,0.01077311671842,,insufficient_history,1.0
2026-10-02,WBI,263,1.0,0.9806087221446624,0.9189307254545336,0.7935519675762837,0.6909153831378417,0.5843343398650457,scored,-1.6942380061328766,19.0,XLE,True,1.1640176080433828,0.0403472307813997,,no_data,0.0
2026-10-02,WCC,298,1.0,0.94328447616209,0.8220973218514318,0.7662680716128628,0.7086909637835817,0.6838024449825818,scored,1.3524535756534304,19.0,SPY,False,12.255349720093198,0.0321047591755774,,no_data,0.0
2026-10-02,WCN,298,1.0,0.9035030582056086,0.872685633481148,0.8369238135302549,0.7062785113568425,0.5713402111773543,scored,-1.259863219143455,19.0,SPY,False,2.971376102497775,0.0193172285950967,,insufficient_history,1.0
2026-10-02,WDAY,298,1.0,1.0083538751179644,0.997623119922862,0.9549725828329636,0.9081644181781154,0.990150343869893,scored,-0.4479431155118871,19.0,XLK,True,7.668263633355883,0.0411962159307826,,no_data,0.0
2026-10-02,WDC,298,1.0,1.006023543627354,0.9554174257208164,0.9129762909064436,0.7135100867707018,0.7566447675775442,scored,-0.8538224969669469,19.0,XLK,True,28.97904974100331,0.0697802734017272,,insufficient_history,1.0
2026-10-02,WDFC,298,1.0,1.002077184880802,1.0119281701573863,1.0571382481053024,1.0653940817661678,1.2811786175672015,scored,-0.1057781343787343,19.0,XLP,True,4.615598743049799,0.0227346997490385,,no_data,0.0
2026-10-02,WEC,298,1.0,0.9688278129367592,0.9573091327855802,0.9176947005614056,0.8371084862838754,0.941239410041914,scored,1.330787125995259,19.0,XLU,True,1.6897270143337118,0.016632808488372,,no_data,0.0
2026-10-02,WELL,298,1.0,1.091629761436785,1.1536760162083604,1.1849550416589554,1.18268679681494,1.1135767285087643,scored,-0.6932071338954386,19.0,XLRE,True,4.736193732113926,0.0207992346937504,,no_data,0.0
2026-10-02,WERN,298,1.0,1.0600100460181332,1.0806897462042058,1.1321830304426512,1.2484259100363222,1.2603678301251957,scored,0.0916944015503911,19.0,SPY,False,1.2500624076839564,0.0353624443474952,,no_data,0.0
2026-10-02,WES,298,1.0,0.894044498548837,0.8727285215363746,0.8032064622732703,0.6779485217849108,0.5648963176213235,scored,-0.5920220891262143,19.0,XLE,True,0.972436689967874,0.0217255739492375,,no_data,0.0
2026-10-02,WEX,298,1.0,0.9721997966700144,1.0098339308577655,0.9581761926916192,0.9221167476935144,0.8722619660079862,scored,-0.6068726487722605,19.0,XLF,True,5.947601385195848,0.0351720957137542,,no_data,0.0
2026-10-02,WFC,298,1.0,1.0086636779119522,0.9941090075787098,0.95095710663496,1.0169954494342206,0.8557857621799752,scored,-0.888910321609678,19.0,XLF,True,1.8591356384103823,0.0231092061952813,,no_data,0.0
2026-10-02,WFRD,298,1.0,0.97750777038809,0.9820049240213592,1.0417358274920254,1.0498609056167427,1.072059502380864,scored,-1.1503236930989236,19.0,XLE,True,3.1968013736141176,0.0401003684597857,,no_data,0.0
2026-10-02,WGS,298,1.0,1.0106203804348617,0.9432586455447932,0.8745566076846689,0.8528857067000526,0.8142916335458665,scored,-0.0167600033301419,19.0,XLV,True,6.011843101497373,0.0822526077643641,,insufficient_history,1.0
2026-10-02,WH,298,1.0,0.966169672493738,0.9190554376251115,0.8884593764737225,0.8258045990313116,0.6745740476501209,scored,-0.5603800760254658,19.0,XLY,True,2.0536706803904137,0.0286066399274329,,no_data,0.0
2026-10-02,WHD,298,1.0,0.9452485111446554,0.9352720249931392,0.9745744515531404,1.058172085767559,1.0880951760316706,scored,-1.0844386209931525,19.0,XLE,True,2.074555037308388,0.0327010567041044,,no_data,0.0
2026-10-02,WHR,298,1.0,1.0851812524557447,1.144483595265973,1.2251881893992564,1.3921356445769772,1.3820429234689675,scored,-1.4676583835238075,19.0,XLP,True,1.54083836210492,0.0508359736755169,,no_data,0.0
2026-10-02,WING,298,1.0,0.9951701233180816,0.946111087309814,0.9339254235173758,0.9668115684092092,0.8915650006667237,scored,0.3124376516412246,19.0,XLY,True,5.695954939818755,0.0532880057986598,,no_data,0.0
2026-10-02,WIX,298,1.0,1.1169750929436777,1.1609690481827823,1.224669281079553,1.366502732048278,1.403570037901675,scored,-0.9565254974596856,19.0,XLK,True,4.77709351900108,0.065782064431301,,no_data,0.0
2026-10-02,WK,298,1.0,0.972193701945075,0.9038746611149536,0.7678474832713046,0.700993208458512,0.9298516603624604,scored,-0.6708506693317752,19.0,XLK,True,3.1809323021902465,0.0446571992445633,,insufficient_history,1.0
2026-10-02,WKC,298,1.0,1.0496703965506375,1.0585905974612857,1.1092919818032054,1.1657367173292954,1.3327716450197813,scored,0.9790606359274856,19.0,XLE,True,0.9235772856894446,0.0257622673832481,,no_data,0.0
2026-10-02,WLK,298,1.0,1.0168478598887658,0.9838086570233228,0.9918377321587528,1.0713179202634442,1.2582076511789286,scored,-1.8492087062181424,19.0,XLB,True,2.410725095690271,0.0379641747352798,,insufficient_history,1.0
2026-10-02,WLTH,202,1.0,1.0734068430957122,1.0479507409287028,1.0970387230386562,1.2207294708171463,1.3696518452023574,scored,1.9950610810919365,19.0,XLF,True,0.4993265220471434,0.0497833022978208,,no_data,0.0
2026-10-02,WLY,298,1.0,1.1185535953108308,1.1069085376263634,1.0087683879417573,0.9515803095931364,1.0146045498053546,scored,-0.591187993674181,19.0,XLC,True,1.696652400459288,0.035718997904406,,no_data,0.0
2026-10-02,WM,298,1.0,0.9947817182064074,0.9825866459442992,0.9913048973116244,0.8769854629914405,0.8189820265031322,scored,-1.6722590455144983,19.0,SPY,False,3.4017305925637653,0.0166384475058144,,no_data,0.0
2026-10-02,WMB,298,1.0,0.9931381592168934,1.0493497057508654,1.075399347852873,0.981981180993176,0.9809735560155718,scored,-0.8903451907668465,19.0,XLE,True,1.7747062927043893,0.0251588643706321,,no_data,0.0
2026-10-02,WMG,298,1.0,1.160638343731515,1.2356604866522718,1.1950000471837543,1.3267886154452178,1.176128231139045,scored,0.9761000226576952,19.0,XLC,True,0.8708229239510361,0.0324752162577302,,no_data,0.0
2026-10-02,WMS,298,1.0,0.927697076995093,0.8403125733902522,0.8421166819343489,0.8240576072850325,0.7939892015518379,scored,-0.4360307252431511,19.0,SPY,False,3.934985246515563,0.0309184037598457,,no_data,0.0
2026-10-02,WMT,298,1.0,1.07976787610381,1.0307676222864075,0.9976485886027288,0.9113982611360606,0.6844837989380659,scored,1.5275609529562142,19.0,XLY,True,2.1714906386228527,0.0208276485576717,,no_data,0.0
2026-10-02,WOLF,298,1.0,0.9473792667163728,0.8729027302044444,0.8355764402944207,0.8274107232110931,0.9785645451803244,scored,0.4774767468630356,19.0,XLK,True,2.4430697235644177,0.0692480080375401,,insufficient_history,2.0
2026-10-02,WOR,298,1.0,1.030010963206919,0.965439164142325,0.90339852254657,0.9100305255622416,0.8327116251687782,scored,0.3937635782720965,19.0,XLI,True,2.4220221528167403,0.039927829752996,,no_data,0.0
2026-10-02,WPC,298,1.0,0.9752184737859751,0.9934975290073316,0.971334128159882,0.9618857990661238,0.9208147764613556,scored,-0.720306341043328,19.0,XLRE,True,1.122157036477523,0.0173923905219702,,no_data,0.0
2026-10-02,WPM,298,1.0,0.997458430267322,1.0876810160572157,1.1619445961238226,0.9955865777365528,1.0098002407117588,scored,-0.3205625325595587,19.0,XLB,True,5.289356338632535,0.0388124180997397,,insufficient_history,2.0
2026-10-02,WRB,298,1.0,1.008994318057833,0.9710690373522364,0.984540973800788,0.8992166070188655,0.7551094559584622,scored,1.059415399411642,19.0,XLF,True,1.318078038252683,0.0191081188497054,,no_data,0.0
2026-10-02,WRBY,298,1.0,1.089120216888504,1.1139509602463264,1.0843996493328265,0.9458282096696592,0.7634653866894706,scored,0.5934037531910155,19.0,XLY,True,1.6430933923629691,0.0607877688628549,,insufficient_history,1.0
2026-10-02,WSBC,298,1.0,0.9356678641862612,0.8498398921576138,0.7806074010385629,0.759766885426969,0.8168261993455378,scored,-0.5376976114446419,19.0,XLF,True,0.8065622512979329,0.0211640580240864,,no_data,0.0
2026-10-02,WSC,298,1.0,1.0509150214321032,1.1416919732516213,1.164492815350617,1.1264002796084298,1.1374692306360925,scored,-1.571676927236754,19.0,XLI,True,0.7235788898303716,0.0418253693543567,,no_data,0.0
2026-10-02,WSE,101,1.0,0.99279199546941,0.9493195410247606,1.0096718039039625,1.182236273734373,1.37761653543374,scored,-1.1335273112979054,19.0,XLF,True,0.3107850557978462,0.0271784045297635,,no_data,0.0
2026-10-02,WSFS,298,1.0,0.9998834792032968,0.9278919683936936,0.8885450706297763,0.9543677066726391,1.018676199529974,scored,0.2961731078557583,19.0,XLF,True,1.422117093824021,0.0182252607179805,,no_data,0.0
2026-10-02,WSM,298,1.0,0.9574602508379916,0.9500594721406924,0.937336022844266,0.9762266081641092,0.9807489083609384,scored,1.0582706405475597,19.0,XLY,True,6.828382486300379,0.029394672777875,,no_data,0.0
2026-10-02,WSO,298,1.0,0.9553742114411466,0.9485953998462682,0.903761359058762,0.8918251091256939,1.090391635955958,scored,-0.7187799405694801,19.0,SPY,False,9.26491325900377,0.0311457063199777,,no_data,0.0
2026-10-02,WST,298,1.0,0.9177393680696908,0.862568512227904,0.8204665944529016,0.7871939730902445,0.766439703562065,scored,1.9235461412535744,19.0,XLV,True,8.15273077776289,0.0223374726773053,,no_data,0.0
2026-10-02,WT,298,1.0,1.1132996472256147,1.1052481258498237,1.1155077485826057,1.1896449941878398,1.2974750586182084,scored,1.1272886059975071,19.0,XLF,True,0.9499514624740608,0.038964374998936,,no_data,0.0
2026-10-02,WTFC,298,1.0,0.9674549928396632,0.8994866930124991,0.8137301152754899,0.786647015151191,0.9140181211051464,scored,0.0514296481347549,19.0,XLF,True,2.90402516023398,0.0200249976571092,,no_data,0.0
2026-10-02,WTRG,298,1.0,0.8731028197228248,0.7720659076108229,0.70757113086102,0.6313416293252925,0.5352238367386141,scored,0.6819658473270823,19.0,XLU,True,0.7763062227066614,0.0197132103277466,,no_data,0.0
2026-10-02,WTS,298,1.0,0.902708961953644,0.7586386110928658,0.8019595627913894,0.8128233854125464,0.8566544568803109,scored,1.500585865866037,19.0,XLI,True,7.607247709936078,0.0209525648220345,,no_data,0.0
2026-10-02,WTTR,298,1.0,0.9505337849292844,0.8511040420599669,0.7800981589531195,0.7480193709553524,0.5032806815765188,scored,0.339420952040251,19.0,XLE,True,0.8621749604002922,0.0432167899950021,,no_data,0.0
2026-10-02,WTW,298,1.0,1.010637254016602,1.043317941614392,1.0452498790407418,0.9997479555558264,1.0238470394546944,scored,-2.0128058978315453,19.0,XLF,True,6.895534914705687,0.0238922245061005,,no_data,0.0
2026-10-02,WULF,298,1.0,1.0092211996635474,0.9831826728384638,0.9568080809411325,0.8268703938596167,0.6774347051949263,scored,0.0885345213755777,19.0,XLK,True,1.0666307387371876,0.0688593117325492,,no_data,0.0
2026-10-02,WWD,298,1.0,1.0484746848941244,1.0419486122119896,0.9813817359266296,0.9398441780239604,0.9232411723405762,scored,0.916770665716324,19.0,XLI,True,9.541437027381848,0.0287722001911279,,no_data,0.0
2026-10-02,WY,298,1.0,1.0373299970640113,0.9637291159137464,0.9578848566399806,0.962900789780736,1.0482703826165278,scored,-1.4545033773798597,19.0,XLRE,True,0.5342947853618656,0.0289277090071394,,no_data,0.0
2026-10-02,WYFI,291,1.0,1.0410313929384991,1.0612854269156902,1.0501351742860034,0.962720420291232,0.9769519336413148,scored,0.4676013910607979,19.0,XLK,True,1.5865081902262113,0.0884834461922036,,no_data,0.0
2026-10-02,WYNN,298,1.0,0.9152205658554474,0.8624530896933922,0.8492121669726936,0.8216586449946405,0.8141543730720306,scored,-1.5782319879923976,19.0,XLY,True,2.6543877298951,0.0349813881114272,,no_data,0.0
2026-10-02,XE,112,1.0,0.8440963559197502,0.8242135110169667,0.8074001289710253,0.677951211676999,0.8088843473317664,scored,-0.2457289160645419,19.0,SPY,False,1.1681114041363452,0.0812316692723466,,no_data,0.0
2026-10-02,XEL,298,1.0,0.9569597400783963,0.948942020977203,0.9205157741953084,0.9467430093575786,0.9707467860573572,scored,0.3583544769597168,19.0,XLU,True,1.3168888738921942,0.0184438217631959,,no_data,0.0
2026-10-02,XENE,298,1.0,0.9855190590266202,0.932839964408124,0.91668890440997,0.9437814931714356,0.7831596835806283,scored,-0.8136056067353703,19.0,XLV,True,2.388163961520091,0.0628133603766462,,no_data,0.0
2026-10-02,XMTR,298,1.0,1.000076123990894,0.9757889998306294,0.9239368693019542,0.8912500603922848,0.9587635019619688,scored,-0.552181769598557,19.0,SPY,False,5.1866464815369335,0.0505866232472148,,no_data,0.0
2026-10-02,XNCR,298,1.0,0.9606655419212308,0.9067130603885628,0.8120572900541538,0.8539019827224156,1.0617224117807749,scored,-0.4830090586790072,19.0,XLV,True,1.2658420195716662,0.0509598236542538,,no_data,0.0
2026-10-02,XOM,298,1.0,1.0032298410097051,0.969760626919373,0.9597320248124112,0.9334151630368464,0.9885973641761552,scored,1.4205823308903218,19.0,XLE,True,3.5277097931418435,0.0215091140365943,,no_data,0.0
2026-10-02,XP,298,1.0,0.9265347172676512,0.8653570399834798,0.9037796764633252,0.927551567198276,0.8968607769190318,scored,1.4974738100943894,19.0,XLF,True,0.8105559639804623,0.0377002773944401,,insufficient_history,1.0
2026-10-02,XPO,298,1.0,1.006225005695417,0.960447617562594,0.9371812301218064,0.8983588631815876,0.8303744671994268,scored,-1.0316574670431895,19.0,SPY,False,6.376430894238354,0.0342653065411271,,no_data,0.0
2026-10-02,XRPN,294,1.0,1.3793880626510402,1.4451583240592003,1.0977654620320965,0.6387900365895569,0.509462574688067,scored,1.0068093185443254,19.0,SPY,False,3.4793611208126203,0.0882638539018929,,insufficient_history,1.0
2026-10-02,XYL,298,1.0,0.9587562225707374,0.8821701154270989,0.7854850358296452,0.694620188032887,0.7302861747671648,scored,-1.0055296937129643,19.0,XLI,True,2.470358587335893,0.024269167770271,,no_data,0.0
2026-10-02,XYZ,298,1.0,1.0363807513949397,1.0077556190939545,0.939098732954206,0.9036313729283816,0.8206676958373773,scored,0.0441912841415116,19.0,XLF,True,2.3264042407422467,0.0312983215490683,,no_data,0.0
2026-10-02,YELP,298,1.0,1.0073509265441272,0.9776414910490094,0.9958954305737542,1.090006543697308,1.1381304087445097,scored,-2.276237700748928,19.0,XLC,True,0.8848395136902061,0.0484578046927823,,no_data,0.0
2026-10-02,YETI,298,1.0,0.973922809642054,0.9765566910317942,0.95030294887112,0.8846813236266313,1.1309803543885757,scored,-0.1501775011097069,19.0,SPY,False,1.5752797326570411,0.0385436685259858,,no_data,0.0
2026-10-02,YOU,298,1.0,1.0600216825610105,1.1006182184062063,1.1377584030642864,1.0111652816656334,0.965277002846258,scored,-1.1463324635703582,19.0,XLK,True,1.673968824325901,0.0402880583471937,,no_data,0.0
2026-10-02,YPF,298,1.0,1.0351911809623435,1.0046331005553537,1.0010615872552104,1.0732952721793845,1.147946190507844,scored,-0.3195926793444891,19.0,XLE,True,1.775135874537566,0.0357385921992664,,no_data,0.0
2026-10-02,YUM,298,1.0,1.026474284039506,1.0100613113312829,0.9736706363393876,0.7958985817829412,0.559391967740413,scored,-1.1884550426131189,19.0,XLY,True,3.2596311572513144,0.0239467466739003,,no_data,0.0
2026-10-02,YUMC,298,1.0,1.026645737102308,1.0165641037915094,1.03290761630135,1.0265857923363488,1.156114515483057,scored,-0.9290192942176824,19.0,XLY,True,0.7949646796437738,0.0198840590206046,,no_data,0.0
2026-10-02,Z,298,1.0,1.0567517355468647,1.0191080486266817,0.917689886282076,0.9467901035152336,0.9214566851366524,scored,-1.5175449469834048,19.0,XLRE,True,1.3214549286286492,0.0482106869255253,,no_data,0.0
2026-10-02,ZBH,298,1.0,0.9598716881462231,0.919791620728095,0.9065511542557952,0.9183559398079962,0.7287286529457467,scored,-1.6579402076776593,19.0,XLV,True,2.5321011828589444,0.0286793655324379,,no_data,0.0
2026-10-02,ZBIO,298,1.0,1.025075903701518,0.9506250020607124,0.958693271088228,0.8055883854538752,0.8200436718121409,scored,-0.6997732299707081,19.0,XLV,True,1.9599058949330812,0.0692668632243534,,insufficient_history,1.0
2026-10-02,ZBRA,298,1.0,0.9470116542327408,0.94004821620642,0.9518658338338046,1.0396362338571632,0.950250818310912,scored,1.0571166438069972,19.0,SPY,False,10.565398429894728,0.0281099303727311,,no_data,0.0
2026-10-02,ZD,298,1.0,1.0555774257473585,1.041985187077295,1.030000681137112,0.8660505070581246,0.7566783807848918,scored,0.7194750723207941,19.0,XLC,True,1.647512892310547,0.0298462480491041,,no_data,0.0
2026-10-02,ZETA,298,1.0,0.9840820801170892,0.9839997783176752,0.9384910408238608,0.8966088589938028,0.6861663778975852,scored,0.4190992681080844,19.0,XLK,True,1.4419406497734042,0.0441906420402514,,insufficient_history,1.0
2026-10-02,ZG,298,1.0,1.048514771679558,1.0101638919817806,0.9132091113301328,0.9234224505133648,0.9285980330891556,scored,-1.5812843682917077,19.0,XLRE,True,1.3665483862353769,0.0486402700208356,,no_data,0.0
2026-10-02,ZIM,298,1.0,0.9794863541934868,0.9689177532747754,0.9482476395781644,0.8949336603612466,0.8202557881341801,scored,0.0234025338485519,19.0,SPY,False,0.9647537007679348,0.0325600304005377,,insufficient_history,3.0
2026-10-02,ZION,298,1.0,0.9497043302104612,0.8535790210769382,0.7907680015052884,0.788163899741187,0.882614081622787,scored,0.2192638127894103,19.0,XLF,True,1.3799548141232645,0.0218450975799155,,no_data,0.0
2026-10-02,ZLAB,298,1.0,1.0372707771786158,1.0479668760602583,1.0829370177917172,1.2007422972360344,1.283888234741284,scored,0.1876163088241126,19.0,XLV,True,1.0794611146523754,0.0443674934094687,,no_data,0.0
2026-10-02,ZM,298,1.0,0.9432761571631764,0.96209308735968,0.9273693731512028,0.93608515721009,0.9747968492025892,scored,-0.8680465939302124,19.0,XLK,True,3.2358779144798606,0.0348393401645118,,no_data,0.0
2026-10-02,ZS,298,1.0,0.9843545184300596,0.8658922321436358,0.7521603671753612,0.7088351145375383,0.7796334200052337,scored,0.1617881529973575,19.0,XLK,True,9.420099705797528,0.0479150544547178,,no_data,0.0
2026-10-02,ZTO,298,1.0,1.0052119119535867,0.941072196051028,1.000234682850312,1.1381309510849773,1.14106400164453,scored,-0.6748345502442628,19.0,SPY,False,0.4110407095774542,0.0210790107475617,,no_data,0.0
2026-10-02,ZTS,298,1.0,1.0634135430231155,1.1723616247405255,1.3072061050893318,1.3287506595800131,1.2545528994729649,scored,-1.9263856684979703,19.0,XLV,True,1.879613296544362,0.0269710617957291,,no_data,0.0
2026-10-02,ZWS,298,1.0,0.8898512416513975,0.8469606239429449,0.8092874601620927,0.7142381601958405,0.7244382196727143,scored,-0.1808691456456762,19.0,SPY,False,0.9773537171212762,0.0205024903948243,,no_data,0.0
2026-10-02,ZYME,298,1.0,0.9613162626361637,0.858522465013949,0.8155061620731544,0.9008079162795756,0.8675364654682487,scored,-1.0892591979326485,19.0,XLV,True,1.2187962270456425,0.0484610825863078,,no_data,0.0
2026-10-05,A,299,1.0,1.0079081614981817,1.007605200869019,1.0489070667787816,1.019968214762538,0.9040957692962326,scored,1.5232792945956306,19.0,XLV,True,4.892997382555461,0.028565575238224426,,no_data,0.0
2026-10-05,AA,299,1.0,1.0071908480862808,0.977051049909306,1.021931754043768,1.1080944515401763,1.2952340714030084,scored,-1.052151675801195,19.0,XLB,True,1.6403697036823537,0.03771831923849974,,no_data,0.0
2026-10-05,AADX,86,1.0,0.8762911482903856,0.8744314255012109,1.0898354804012482,1.0419401879554047,0.9392026574582507,scored,-0.6818381563600167,19.0,XLI,True,0.8067043417406714,0.07008725818772124,,no_data,0.0
2026-10-05,AAL,299,1.0,0.9784680809804246,0.9705799624095724,1.0141456577473054,1.076460174679983,1.135718664177369,scored,0.8539755934278815,19.0,XLI,True,0.45604506442598586,0.03554521156866609,,no_data,0.0
2026-10-05,AAMI,299,1.0,0.9608811628184674,0.9201886660902667,0.8879287820292773,0.7923190704237181,0.6256528152799993,scored,1.3212032577059478,19.0,XLF,True,3.2955549506088286,0.03427157810533308,,no_data,0.0
2026-10-05,AAOI,299,1.0,0.9577875312976487,0.9269691767974451,0.8609124997368155,0.8091054828196657,0.8037483751595087,scored,0.3094378569997226,19.0,SPY,False,8.550822837178103,0.07033661953753478,,insufficient_history,1.0
2026-10-05,AAON,299,1.0,1.1059682919786749,1.0680535328351601,1.0650866279761457,1.0122137116406513,1.2337414463162701,scored,0.5497222518322867,19.0,SPY,False,4.069847479464446,0.04824952554196143,,no_data,0.0
2026-10-05,AAP,299,1.0,0.9778928323098464,0.9594305145158825,0.9025020644700428,0.8078624665512615,0.791738546391806,scored,-0.45718531285041625,19.0,XLY,True,1.8025321922570892,0.04546108933813592,,no_data,0.0
2026-10-05,AAPL,299,1.0,1.084804044632761,1.1197738890577527,1.101721825526868,0.9630513987049393,0.9015082682505494,scored,-1.2942672887814426,19.0,XLK,True,6.857939778964555,0.020601218958107948,,no_data,0.0
2026-10-05,ABBV,299,1.0,1.0535485088045364,0.9840689340943293,0.9094204221888841,0.82278671802841,0.7099786428787498,scored,0.748004261896048,19.0,XLV,True,5.289889216064277,0.019904760746780093,,insufficient_history,1.0
2026-10-05,ABCB,299,1.0,0.938837641849778,0.8217906771599314,0.7330155630071573,0.659724769820594,0.7480365396070502,scored,0.6411808333841692,19.0,XLF,True,1.472983308346114,0.018320687914752658,,no_data,0.0
2026-10-05,ABCL,299,1.0,1.0367558821914196,1.141341640900494,1.2912506846990288,1.4896831669721633,1.388620948460144,scored,1.3947797330831981,19.0,XLV,True,0.7718428094407157,0.05601181490861507,,no_data,0.0
2026-10-05,ABG,299,1.0,0.9815551977526085,0.9136424158342351,0.8754335682745036,0.9125686996518928,0.9276022573580442,scored,-0.27203884818536805,19.0,XLY,True,7.343919315071918,0.04273944779766,,no_data,0.0
2026-10-05,ABM,299,1.0,0.9250527183818434,0.9580648930038391,0.9607422530919622,0.9512140309214893,0.923909791184005,scored,0.7583955786303412,19.0,SPY,False,1.127900875674121,0.023260484134339468,,no_data,0.0
2026-10-05,ABNB,299,1.0,0.9913116088768313,0.9969724578908002,0.9625665134437746,0.990629568954307,1.0314783759643893,scored,-1.6716103363702701,19.0,XLY,True,5.147790861643675,0.03137557665413345,,no_data,0.0
2026-10-05,ABSI,297,1.0,0.8634118778813661,0.8617653072861435,0.8672291511065545,1.057444919360016,1.0815829066183067,scored,1.5366495813297323,19.0,XLV,True,0.7590943285362012,0.06583645520695587,,no_data,0.0
2026-10-05,ABT,299,1.0,1.0393713250919556,0.9889315357874301,1.0091256932932129,1.0696946238000677,1.3093466807534588,scored,-1.5440373129505893,19.0,XLV,True,2.370239261636343,0.02367871390246097,,no_data,0.0
2026-10-05,ABVX,299,1.0,0.9091378915829874,0.8339274762068591,0.7739664026814028,0.5775202501028808,0.4615399495527711,scored,-0.636544926491338,19.0,XLV,True,4.555907747470111,0.049666496756460385,,no_data,0.0
2026-10-05,ACA,299,1.0,0.9618758118044032,0.8541214482864362,0.8337803009593008,0.7692484538514126,0.8040883400513259,scored,1.4372846472629028,19.0,XLI,True,0.45147216533082374,0.0030764713140090205,,no_data,0.0
2026-10-05,ACAD,299,1.0,1.049561583346595,1.0880556005382809,1.1856990966313743,1.2512600106463092,1.2351142569229805,scored,-1.7944093107466,19.0,XLV,True,0.9449163234009179,0.04698738554952352,,no_data,0.0
2026-10-05,ACGL,299,1.0,0.9978675861319024,0.9752185638747608,0.9237585062216005,0.911175383206863,0.7643429231533863,scored,-0.6440864048840332,19.0,XLF,True,1.873439685271044,0.019854172162685927,,no_data,0.0
2026-10-05,ACHC,299,1.0,0.9767315389868381,1.0550007009406057,1.1238092072936865,1.08761746237768,1.3347895226203381,scored,0.11283418569921996,19.0,XLV,True,1.269326996715208,0.04396698984119183,,insufficient_history,1.0
2026-10-05,ACI,299,1.0,1.0568133778954854,1.0362556278412425,0.9224689819112467,0.790954594139594,0.477484389993716,scored,0.0770712894306915,19.0,XLY,True,0.35719332137860466,0.03103330333437052,,no_data,0.0
2026-10-05,ACIW,299,1.0,1.0347732172755186,1.0051312711784863,0.9475358042468839,0.8775017330996271,1.040665061637651,scored,-1.4052189847253858,19.0,XLK,True,1.3370714910099772,0.02610448049609483,,no_data,0.0
2026-10-05,ACLS,299,1.0,0.9840254478537448,0.9769878329802096,0.9525202443666332,0.8635455686772644,0.8832188852102929,scored,1.1502820574093982,19.0,XLK,True,6.35337601392919,0.0446446209959187,,no_data,0.0
2026-10-05,ACM,299,1.0,1.1041303655625347,1.1190271333846595,1.0368546926660618,0.8992152781076442,0.7990816957100774,scored,-1.195687003633821,19.0,XLI,True,2.1128143467687344,0.035354992415808806,,no_data,0.0
2026-10-05,ACMR,299,1.0,1.0088966485225717,0.9734520910637208,0.9355607063238864,0.9153887293483846,1.0260841778813015,scored,1.1652976115267288,19.0,XLK,True,5.132051691186006,0.06737628582363142,,insufficient_history,2.0
2026-10-05,ACN,299,1.0,1.0454050476089756,1.078841120299148,1.0042577911252424,1.0018360424754496,1.1339673365703318,scored,0.3487315366825556,19.0,XLK,True,9.678735084105636,0.04962181535045186,,insufficient_history,2.0
2026-10-05,ACT,299,1.0,0.9651569651928186,0.9292305779853455,0.882411671692403,0.8334145337147231,0.7439914684747496,scored,0.46972403700249166,19.0,XLF,True,1.178439378155284,0.025690851932750905,,no_data,0.0
2026-10-05,ACVA,299,1.0,1.0561732357818114,1.105478098405116,1.0883857585574113,1.025442197293215,0.940541469622442,scored,1.3927603426203514,19.0,SPY,False,0.21933374519209412,0.020888928113532775,,no_data,0.0
2026-10-05,ADBE,299,1.0,1.0461559552749904,1.0562641638318204,1.0931927220328,1.0935206674813465,1.0478010969859244,scored,-1.0835043830958457,19.0,XLK,True,8.90216722300166,0.03728109899282476,,no_data,0.0
2026-10-05,ADC,299,1.0,1.0350985916206359,1.034044476615406,1.0978747430270792,1.1950558216160474,1.2472907332793084,scored,-0.7905096187214489,19.0,XLRE,True,1.1215050760637755,0.017101327783833113,,insufficient_history,1.0
2026-10-05,ADEA,299,1.0,1.0495768222590518,1.0423123191346293,0.9147081715438431,0.7994326031634101,0.9425464180698381,scored,-0.3249891134400666,19.0,XLK,True,1.1361569557283857,0.043581010960045484,,no_data,0.0
2026-10-05,ADI,299,1.0,0.9624109751283088,0.8700942756242476,0.8818508012801219,0.9055672639860975,0.9729567875579692,scored,1.4312517693108997,19.0,XLK,True,11.19082115519363,0.026702030911938988,,no_data,0.0
2026-10-05,ADM,299,1.0,0.9515005152397489,0.9648067588017708,0.9649140531757049,0.9861605500736111,0.7321860884956688,scored,0.6570887492051412,19.0,XLP,True,2.3115446573025613,0.028028915451710455,,no_data,0.0
2026-10-05,ADMA,299,1.0,1.1500774334087431,1.2713315660828601,1.3100650555353364,1.3885533313471634,1.309658149840684,scored,0.310439644571051,19.0,XLV,True,0.4017961291737393,0.03974244601125018,,no_data,0.0
2026-10-05,ADP,299,1.0,0.9987453506526845,0.9759028407472804,0.9395855797001366,1.0107652746594527,1.2342318429238912,scored,-1.2884273482898292,19.0,SPY,False,5.862671601611394,0.02252621071855604,,no_data,0.0
2026-10-05,ADPT,299,1.0,0.9257346171979294,0.8954973162497045,0.9138200758637853,0.8371929693373101,0.5896757894833997,scored,1.5860662687234037,19.0,XLV,True,1.2912083511310484,0.04327105734353379,,no_data,0.0
2026-10-05,ADSK,299,1.0,1.0356642562888267,1.0858367691695825,1.1098704506554666,1.0414521704026556,1.0846321366471934,scored,-1.133352788193002,19.0,XLK,True,8.436493900319102,0.03807769407979374,,no_data,0.0
2026-10-05,ADUS,299,1.0,0.925880973736619,0.9078342433613984,0.8474446716342275,0.7989908614287264,0.7600515597043591,scored,0.4658480735575251,19.0,XLV,True,2.925566290750475,0.025894550281027395,,no_data,0.0
2026-10-05,AEE,299,1.0,0.9852724796194211,0.9681085775023326,0.8799510291403647,0.8074739813001507,0.7816076100542733,scored,0.856362581709349,19.0,XLU,True,1.5257720597200275,0.015303631491675301,,no_data,0.0
2026-10-05,AEHR,299,1.0,1.0036641120817735,0.9758453652079242,0.9528626217873785,0.9333251414853133,0.843263541656882,scored,0.7307584899838753,19.0,XLK,True,8.358427071888597,0.08006156199127008,,no_data,0.0
2026-10-05,AEIS,299,1.0,1.0052561817336734,0.9425060920023102,0.8707318919465042,0.7713601649838298,0.675640010862739,scored,1.214989894528632,19.0,SPY,False,13.661408615152919,0.045953138737101544,,no_data,0.0
2026-10-05,AEM,299,1.0,1.0006157090323669,1.0878286306176799,1.1772485945247075,1.1417695057575192,1.2285988983273497,scored,-0.5034645588074842,19.0,XLB,True,6.530468156794517,0.035621383062207586,,insufficient_history,2.0
2026-10-05,AEO,299,1.0,0.918874286491496,0.8765117815979047,0.8957025560241023,1.0784569421654886,1.1563289991696184,scored,0.2813308843338064,19.0,XLY,True,0.7220626756366857,0.03987093736259999,,no_data,0.0
2026-10-05,AEP,299,1.0,0.9698304870102216,0.9764413131083788,0.9256565573798865,0.9649873722673848,1.0519491787317516,scored,1.4796810916256482,19.0,XLU,True,2.0139197291007256,0.01682051055792805,,no_data,0.0
2026-10-05,AER,299,1.0,0.9430171195236966,0.8444298299268066,0.7922312840396227,0.8082140390480399,0.6552334873595099,scored,-0.9023232318947361,19.0,SPY,False,2.965781788643418,0.020697758312816093,,no_data,0.0
2026-10-05,AES,299,1.0,0.7214637634191008,0.6068820186751399,0.5207928199761201,0.5158194110540547,0.46869275164958774,scored,2.255406127632117,19.0,XLU,True,0.04578506812387839,0.003072823364018684,,no_data,0.0
2026-10-05,AESI,299,1.0,1.0238747958668233,1.0907816463274784,1.158518176703484,1.3261633885887556,1.0864200649247728,scored,-0.532307947771112,19.0,XLE,True,0.859298580754417,0.06755491987063027,,no_data,0.0
2026-10-05,AEVA,299,1.0,1.0667317150233449,1.068574050981136,1.0881553508041737,1.1219460320721775,0.818912862355694,scored,0.5956708099534241,19.0,SPY,False,1.0614326421728462,0.07422605889320602,,no_data,0.0
2026-10-05,AFG,299,1.0,0.9807859455124237,0.9624074580520814,0.9524755903961599,1.0062617352435606,0.8269747254519677,scored,1.4278625086658028,19.0,XLF,True,2.1537025055538326,0.01545756481413789,,insufficient_history,1.0
2026-10-05,AFL,299,1.0,0.9622113135428321,0.9076531209846956,0.888006178539015,0.936350052929342,0.782216033178882,scored,0.9025589816877505,19.0,XLF,True,1.8135056501338618,0.016137263304269994,,no_data,0.0
2026-10-05,AFRM,299,1.0,0.8966243785955752,0.8479728449804755,0.8382607497699656,0.829254907352221,1.0127302765307882,scored,-0.14668564184781158,19.0,XLF,True,3.444433847019578,0.04607938256882379,,no_data,0.0
2026-10-05,AG,299,1.0,1.0765850043336287,1.109023411047648,1.1284214971586797,0.9526592417692118,0.9635500158395989,scored,-0.3546339199006896,19.0,XLB,True,0.8989618232747546,0.05133990995287005,,insufficient_history,1.0
2026-10-05,AGCO,299,1.0,0.9547586911545676,0.9615002392425027,0.9223783206553169,0.9450632775349069,0.8848748420276139,scored,-0.860760225498504,19.0,XLI,True,4.118813798217206,0.03544895256233072,,no_data,0.0
2026-10-05,AGI,299,1.0,1.006250922944638,1.0741966366555318,1.0790722551593936,0.9224487275155906,1.0087775875165739,scored,-1.000928937302605,19.0,XLB,True,1.2301410366609822,0.03807307448656707,,no_data,0.0
2026-10-05,AGIO,299,1.0,0.9432984047375194,0.8730885218310278,0.7428889717353149,0.6175096144476057,0.5672315182405827,scored,0.2408501205082907,19.0,XLV,True,1.3019437496450283,0.04166219998864091,,no_data,0.0
2026-10-05,AGM,299,1.0,0.9856523345505439,0.9783303671232753,1.026943953538794,1.2627669417194016,1.495414647762117,scored,1.0883469369986234,19.0,XLF,True,5.491934041103123,0.025608197524494652,,no_data,0.0
2026-10-05,AGO,299,1.0,0.8394194190986508,0.7743330031153537,0.7573448026245376,0.8037731330151274,0.9267663580426749,scored,-0.4207646609110618,19.0,XLF,True,1.4982167487449833,0.021672454053883745,,no_data,0.0
2026-10-05,AGX,299,1.0,0.872467091525753,0.8101023307193058,0.7506488869555501,0.7062405365871397,0.7809013566986449,scored,0.4483937445572215,19.0,XLI,True,20.05037222688874,0.051710868692651624,,no_data,0.0
2026-10-05,AGYS,299,1.0,0.9960568392583887,0.9907333565521296,0.9067270365803941,0.8891567880262556,1.0702377454651233,scored,-1.1934080606241377,19.0,XLK,True,3.8672007590608364,0.03886633928704358,,insufficient_history,1.0
2026-10-05,AHR,299,1.0,0.9554930086562868,0.9583569707692977,0.9876936853423662,1.1577136065162523,1.2717206942657082,scored,-0.4130127296508634,19.0,XLRE,True,1.0465068548230718,0.020735225972321615,,no_data,0.0
2026-10-05,AI,299,1.0,0.9562941699454236,0.8909901817640675,0.8214992343586995,0.7370879386631792,0.720983111330421,scored,0.23023281200996848,19.0,XLK,True,0.4930668870021162,0.04446049477025394,,no_data,0.0
2026-10-05,AIG,299,1.0,1.0129689889925209,0.9734371295458337,0.9829872650816408,1.0858458904672148,0.951123882859091,scored,1.2861342760413204,19.0,XLF,True,1.4117676404172497,0.018793498940591714,,insufficient_history,2.0
2026-10-05,AIR,299,1.0,1.0238868811017887,1.0096954407239025,0.9472004007484348,0.8531104141825093,0.9074471219472491,scored,0.11793871332467078,19.0,XLI,True,5.681972407229649,0.05557484748855291,,insufficient_history,1.0
2026-10-05,AIT,299,1.0,0.9429852826789692,0.9159358235680451,0.844687134684972,0.7416113131416108,0.699546347535447,scored,1.1762832072236558,19.0,SPY,False,7.929680219383825,0.0229320692309894,,no_data,0.0
2026-10-05,AIZ,299,1.0,0.9198250272836906,0.8952240614054545,0.9061600449569671,0.8853477066126361,0.6508189607055174,scored,0.6638061071948392,19.0,XLF,True,5.450654354270459,0.02045964623801831,,no_data,0.0
2026-10-05,AJG,299,1.0,1.097280468592677,1.1212953055901758,1.1692765237110705,1.1799035612032154,1.2145488534303592,scored,-0.5577053761651376,19.0,XLF,True,6.549234996735784,0.02882078417855916,,no_data,0.0
2026-10-05,AKAM,299,1.0,1.014408493653305,1.0394927729358305,1.1076868969729008,1.0080329460441018,0.9940901005003033,scored,-0.9855976341817491,19.0,XLK,True,6.140742496030207,0.05686399199953891,,no_data,0.0
2026-10-05,AKR,299,1.0,0.9974548530616997,1.0308160920222296,1.035294500969817,0.9136131919846704,0.7484412733941602,scored,-0.16469107343804967,19.0,XLRE,True,0.3601417594152463,0.019562290027987306,,no_data,0.0
2026-10-05,ALAB,299,1.0,1.0120513976134264,1.0146936408082998,1.0034102015210258,0.9865388648680302,0.9675133999873885,scored,0.6290445303238387,19.0,XLK,True,21.709369101741405,0.0599143597221985,,no_data,0.0
2026-10-05,ALB,299,1.0,0.9838490883317642,0.9646391323880139,0.9498724294094238,0.8889135039920807,1.0471841949889662,scored,-1.5674920497485643,19.0,XLB,True,4.3784858361631365,0.041951574553637405,,no_data,0.0
2026-10-05,ALC,299,1.0,0.9956087503865566,0.9476708745905424,0.9035526626032185,0.8464446503094499,0.8609036933967157,scored,-1.7913201256468516,19.0,XLV,True,1.1681067540073111,0.018158040634343404,,no_data,0.0
2026-10-05,ALG,299,1.0,1.0292995392946138,1.0221212065027465,1.0280580351854927,1.057558878641986,1.1590415855788174,scored,-1.233818005488636,19.0,XLI,True,5.083490390578935,0.03130420832920091,,no_data,0.0
2026-10-05,ALGM,299,1.0,1.0498271349470398,1.005740420539,0.9848929215496321,1.0219956332443647,1.105988218687221,scored,0.12096030092073103,19.0,XLK,True,1.8397982943133917,0.04783666911891294,,insufficient_history,1.0
2026-10-05,ALGN,299,1.0,0.914993153251883,0.684074286415054,0.5290675745222255,0.42347307040473825,0.3745864991720036,scored,-1.030335872729537,19.0,XLV,True,4.65811512382632,0.033118486482945755,,insufficient_history,1.0
2026-10-05,ALGT,299,1.0,0.9769250326705005,0.9904183377897966,0.968093629497383,0.9888526426020267,1.0061090008250753,scored,0.6845485496618191,19.0,XLI,True,3.5388726996580595,0.04709705482643146,,no_data,0.0
2026-10-05,ALH,248,1.0,0.9007540024173615,0.9143419056923839,0.864137537283513,1.0792752971903123,1.2465574313106447,scored,-1.5030262934206102,19.0,XLI,True,0.7151862760498339,0.033561064103699384,,no_data,0.0
2026-10-05,ALK,299,1.0,1.019297394491823,1.023260984444945,1.0695740932476407,1.242388846046621,1.3722467072337527,scored,0.12143462420331357,19.0,XLI,True,1.5035015632288786,0.038364418556490906,,no_data,0.0
2026-10-05,ALKS,299,1.0,0.9986713599153519,1.010639577314907,1.0058412724434014,1.1302324070855247,1.2812692451102943,scored,-0.796655888003351,19.0,XLV,True,1.4749521714199085,0.03449373646912789,,no_data,0.0
2026-10-05,ALKT,299,1.0,1.1022824406241352,1.141861916451145,1.1239369225455134,1.0471002109444756,0.8435285104153522,scored,-1.7623056562516393,19.0,XLK,True,0.8500691995467864,0.0600755618054266,,no_data,0.0
2026-10-05,ALL,299,1.0,1.0028046829410011,0.955050299947547,0.9449421410745138,0.9790062545488937,0.8663624482632204,scored,-0.7078079159188413,19.0,XLF,True,5.3956028072521205,0.024011404954172578,,no_data,0.0
2026-10-05,ALLE,299,1.0,0.9546332002258857,0.9831461163330115,0.9756395429942633,0.9420342870899141,1.137888732332725,scored,-0.3260635287044034,19.0,SPY,False,3.2368966372204415,0.021063946360515663,,no_data,0.0
2026-10-05,ALLY,299,1.0,0.9949098274980573,0.9719112069918384,0.9446015188704571,0.9802548204417191,1.06931980621092,scored,-1.4897774876604473,19.0,XLF,True,0.8824672222419966,0.023451161898538308,,no_data,0.0
2026-10-05,ALM,299,1.0,0.9331342261909975,0.9710652052993496,1.0073831787254746,1.0732964867979309,1.09126365906438,scored,0.20045099783111633,19.0,XLB,True,1.0466103885121092,0.07741201098462347,,no_data,0.0
2026-10-05,ALNT,299,1.0,0.9394336509304495,0.9180999974967461,0.9741657171899607,0.977399116367227,0.7265396505232986,scored,1.6645090163307752,19.0,SPY,False,5.469378924089923,0.04610451761013169,,no_data,0.0
2026-10-05,ALNY,299,1.0,1.0270579054552245,0.9587987659048282,0.7991493718621236,0.617294098593965,0.5566717314920403,scored,-1.3403871326738206,19.0,XLV,True,10.227617934845583,0.04651242864543901,,no_data,0.0
2026-10-05,ALRM,299,1.0,0.9849172152195002,0.9379528492914412,0.8651999799781963,0.7717153217181758,0.7667654007952688,scored,-1.1993984759327938,19.0,XLK,True,1.3205022341249246,0.02347976945456836,,no_data,0.0
2026-10-05,ALSN,299,1.0,1.0249602138466043,1.0167489677600245,0.9598699591973443,1.010134025924102,1.1080434011125346,scored,-0.3097997580642994,19.0,XLI,True,3.8658673079948214,0.03339842166734187,,no_data,0.0
2026-10-05,ALV,299,1.0,1.0249209878936092,0.9660733977742918,0.8630623628956933,0.8737216842627809,0.9377882613538978,scored,-1.338483428602055,19.0,SPY,False,2.737400440824707,0.02442580923373523,,no_data,0.0
2026-10-05,AM,299,1.0,1.0790268488685122,1.1458936438029177,1.1939401747460694,1.2432230235234416,1.4264230956997435,scored,-1.2131614782763098,19.0,XLE,True,0.5059565599108,0.024608782096828798,,no_data,0.0
2026-10-05,AMAT,299,1.0,0.9472265753213429,0.8967002208307511,0.8748183739046856,0.8308022674491369,0.8162459534744869,scored,1.127544317770486,19.0,XLK,True,19.0081273550937,0.03505223750662702,,no_data,0.0
2026-10-05,AMBA,299,1.0,0.9392289879612743,0.9147225332032825,0.8230355384075901,0.7486942870106191,0.7003032849181134,scored,0.36176554215424034,19.0,XLK,True,3.8512635441676277,0.05642050313752751,,no_data,0.0
2026-10-05,AMBQ,298,1.0,0.922566874267893,0.9104863453425831,0.8877406285645004,1.0085882117048872,1.2833973874242488,scored,0.5465223006079891,19.0,XLK,True,3.9308425351067404,0.059630499622371665,,no_data,0.0
2026-10-05,AMCR,299,1.0,0.9781552982734161,0.9711340867517585,0.9306147131574845,0.9019151102171875,1.041377655143727,scored,-1.1163901970900212,19.0,SPY,False,0.9354470910956323,0.022379117011857234,,no_data,0.0
2026-10-05,AMD,299,1.0,0.9781094953961821,0.9388893831525328,0.9388706013779262,0.9181300733156081,1.2413605341544793,scored,1.8931416789712125,19.0,XLK,True,23.472751401536737,0.037155126872238604,,no_data,0.0
2026-10-05,AME,299,1.0,0.9335116558548554,0.8388650785438465,0.7356779375052432,0.7616765072532874,0.7131877067973443,scored,1.768175027927162,19.0,SPY,False,5.031473051895136,0.019972503381609785,,no_data,0.0
2026-10-05,AMG,299,1.0,1.0311661150176419,0.9706247400764335,0.846676895849141,0.664648202318229,0.6297159822109382,scored,1.6214511645065899,19.0,XLF,True,10.965493394017809,0.028803502479689543,,no_data,0.0
2026-10-05,AMGN,299,1.0,1.0472324406303735,1.040626192917953,0.9818734572764063,0.9221993485034767,0.8814904318148211,scored,-0.9209543133104716,19.0,XLV,True,10.076006533596335,0.025003738482297717,,no_data,0.0
2026-10-05,AMH,299,1.0,0.8938169668877693,0.867863260277526,0.8667425839444104,0.809825803763704,0.8777471617580079,scored,1.4011124096530532,19.0,XLRE,True,0.50143019479504,0.016669886795047873,,no_data,0.0
2026-10-05,AMKR,299,1.0,1.0965606767776617,1.0857916502189984,1.0629379142021445,0.9440865025004639,0.8608817119982348,scored,0.7685404781076259,19.0,XLK,True,2.67208881214517,0.04891248054448416,,no_data,0.0
2026-10-05,AMLX,299,1.0,1.0236585657638702,1.0445873402266135,1.0330003731061277,1.0681053063261812,1.1045997758662172,scored,-0.846273009171622,19.0,XLV,True,1.546964475812334,0.055686266227945785,,no_data,0.0
2026-10-05,AMN,297,1.0,1.064523859712032,1.0157446772156171,0.9760178421563446,0.8459442163501135,0.7064613151221973,scored,1.1910154299320395,19.0,XLV,True,1.1954994571225854,0.03245112532906041,,no_data,0.0
2026-10-05,AMP,299,1.0,1.0387340803249585,1.0588920040728247,1.0262969610737003,0.9890844935505487,1.0163479338945067,scored,-0.6447367711744012,19.0,XLF,True,13.010111838615936,0.02628624043038739,,no_data,0.0
2026-10-05,AMPL,299,1.0,1.0955067525228206,1.1880174993112798,1.2105275398306348,1.281727680009842,1.1021820299392733,scored,-0.2385530094894828,19.0,XLK,True,0.6535281807418797,0.043919904619749976,,no_data,0.0
2026-10-05,AMR,299,1.0,1.0398912315314661,1.0652200290830633,1.1608406133066134,1.285378636690445,1.3587725261395631,scored,-1.2030819838713156,19.0,XLB,True,9.435373721966359,0.05435123111731774,,no_data,0.0
2026-10-05,AMRX,299,1.0,1.0490878195451512,1.080171568675576,1.1068373027860272,1.1240213727987507,1.1748878205259,scored,0.6492395829755314,19.0,XLV,True,0.7551335771074213,0.03710730108635977,,no_data,0.0
2026-10-05,AMRZ,299,1.0,0.9630558285487304,0.9300806768313736,0.8565968182255642,0.8679399188643451,0.8624922157442145,scored,-2.1693835213960164,19.0,XLI,True,1.075697309124252,0.028916594331297098,,no_data,0.0
2026-10-05,AMSC,299,1.0,0.859356029578985,0.8057058102569459,0.8416190514539751,0.8503844450771427,0.9875402955899172,scored,0.5059229362288544,19.0,SPY,False,1.3348392998106675,0.04452432621116303,,no_data,0.0
2026-10-05,AMT,299,1.0,0.9627754451352798,0.841207305543898,0.8403774878270287,0.7152488563297921,0.5809705250448433,scored,-0.4240356754646602,19.0,XLRE,True,3.80574756292145,0.023454625680521694,,no_data,0.0
2026-10-05,AMTM,299,1.0,0.9910942680703485,0.9553100205560238,0.9601363090982904,0.9831302060601551,1.0588967452732554,scored,0.7964867679968494,19.0,SPY,False,0.6385377192118847,0.03500755039538842,,no_data,0.0
2026-10-05,AMX,299,1.0,0.9795737065103604,0.9129832899353896,0.8683093006871788,0.9334435062816314,1.047867476029349,scored,-0.994531291007095,19.0,XLC,True,0.5327369208675451,0.024051328255871113,,insufficient_history,1.0
2026-10-05,AMZN,299,1.0,1.1175965070288898,1.1272136714638294,1.108474429223758,1.082092554071009,0.9725516477401541,scored,1.4915422053150924,19.0,XLY,True,5.542655605418014,0.02204715833499608,,no_data,0.0
2026-10-05,AN,299,1.0,1.0811243525074374,1.0347665232492074,1.0056491392278732,1.1342596116026995,0.9543187100730289,scored,-0.32595675468586577,19.0,XLY,True,7.377581976774291,0.04563358679269061,,no_data,0.0
2026-10-05,ANAB,299,1.0,0.9743866766645336,0.9634366630327368,0.9593473714517621,0.869491573550654,0.7350447968306117,scored,-1.8179095016566205,19.0,XLV,True,2.3767258983114687,0.04830743695755017,,no_data,0.0
2026-10-05,ANDE,299,1.0,0.9873710223587738,1.0138197918596028,0.9948556774429779,0.8226624898896087,0.7089330638792232,scored,-0.6111765159695841,19.0,XLY,True,2.0925333183472388,0.031278524937925836,,no_data,0.0
2026-10-05,ANET,299,1.0,0.9893773529290774,0.9798688630528125,0.9472600118385803,0.8012447815632336,0.5518740437426037,scored,0.9135547290987371,19.0,SPY,False,6.68509179762823,0.03231073850956129,,no_data,0.0
2026-10-05,ANF,299,1.0,1.0196687314822441,1.0603730140989962,1.059254106023608,1.0455314757558594,1.2355179830475647,scored,0.4130140685647616,19.0,XLY,True,5.609933249421616,0.03967420968473561,,no_data,0.0
2026-10-05,ANIP,299,1.0,1.0530184673926752,1.1213239732255231,1.191495141025264,1.1261313990836423,0.9015411591432897,scored,0.9447778455559636,19.0,XLV,True,2.1953475616844873,0.030247279714583734,,no_data,0.0
2026-10-05,AON,299,1.0,0.9135979943478011,0.9052781637997408,0.8853616291450774,0.832366956626083,0.8234930394703522,scored,-1.2938649932893211,19.0,XLF,True,7.564036469257891,0.027803846606351372,,no_data,0.0
2026-10-05,AOS,299,1.0,0.9595712878808451,0.9427944410410495,0.8821504527229768,0.8984468847252496,1.089996250490111,scored,-1.478326035182562,19.0,SPY,False,1.3300374454893982,0.023346277786368233,,no_data,0.0
2026-10-05,APA,299,1.0,0.947998411423552,0.9241016099319352,0.8355385479780907,0.8029729031597854,0.840813503428596,scored,-0.3147200636243276,19.0,XLE,True,1.5422873091123586,0.03517188846322368,,no_data,0.0
2026-10-05,APAM,299,1.0,1.0307385783791825,0.9605644306518182,0.9146990218892436,0.9905444102935537,1.1935115554084044,scored,0.2681644375172481,19.0,XLF,True,1.0043283988396199,0.029195592989523834,,insufficient_history,1.0
2026-10-05,APD,299,1.0,1.0451869785145227,1.0180191704141741,0.8980181811691824,0.7531794914222105,0.7600537590930665,scored,-0.8241589439970434,19.0,XLB,True,5.957043872006975,0.021317029422104044,,no_data,0.0
2026-10-05,APG,299,1.0,0.9103394828710284,0.8434469921875993,0.7644016875726736,0.8571842372381873,0.8528237878369436,scored,1.042970189696027,19.0,XLI,True,1.148098661814619,0.028236563251712223,,no_data,0.0
2026-10-05,APH,299,1.0,0.9448319238735724,0.8909982461092165,0.8765462775176475,0.8833681570196403,0.6527923319806453,scored,1.3993387486108935,19.0,SPY,False,2.6517373145880816,0.030385439607976187,,no_data,0.0
2026-10-05,APLD,299,1.0,1.0254117749767213,0.994746045698393,0.9968612398621182,0.9402560512159867,0.9782483044862493,scored,-0.5404731898855849,19.0,XLK,True,1.6950074088212346,0.06862378173365323,,insufficient_history,1.0
2026-10-05,APLE,299,1.0,0.9335728839296552,0.9462241311667294,0.9573518127653076,0.968939885301776,1.1136550041505404,scored,3.285628984473447,19.0,XLRE,True,0.30117444530427245,0.01836429544538247,,no_data,0.0
2026-10-05,APO,299,1.0,0.9746748350841483,0.9797114960429614,0.9298419710809508,0.9975189546341804,1.0537275135201463,scored,-1.2194323428473202,19.0,XLF,True,3.8755893307008584,0.03359852042220077,,no_data,0.0
2026-10-05,APP,299,1.0,1.0369053116951865,1.073612202651681,1.0345478706384885,1.004818688594839,1.0302825142953738,scored,-1.445020505439512,19.0,XLK,True,15.88973307705494,0.056352566149075925,,insufficient_history,1.0
2026-10-05,APPF,299,1.0,1.0997850454140163,1.1225408599765598,1.0888131350864327,1.0451050794874577,0.8933449297732518,scored,-0.49950348616880313,19.0,XLK,True,7.870806720469652,0.03853516142212804,,insufficient_history,1.0
2026-10-05,APPN,299,1.0,1.1551872887737693,1.2000766718946865,1.2190653638851345,1.1000607745562634,1.1585897109241658,scored,-0.7654249532157171,19.0,XLK,True,2.0222567325376666,0.05292480325929512,,no_data,0.0
2026-10-05,APPS,299,1.0,1.176288011993867,1.2979807770549532,1.362346161385332,1.4712556529984335,1.5086787271358626,scored,-0.021999358807082568,19.0,XLK,True,0.8259173985709203,0.07367684197778057,,no_data,0.0
2026-10-05,APTV,299,1.0,0.9796381373388698,1.0091898234838024,1.0574392994116018,1.0755750189133912,0.9401707520890612,scored,-0.3656318754691418,19.0,SPY,False,1.4219369935827462,0.03239774421469005,,no_data,0.0
2026-10-05,AR,299,1.0,0.9118118108762729,0.8745499759436253,0.8343665548786289,0.8150573989251706,0.7181438967083166,scored,-1.6369351481266097,19.0,XLE,True,1.1416538606882851,0.03291017182727833,,no_data,0.0
2026-10-05,ARCB,299,1.0,0.9998979403028366,1.0122283934171148,1.0412540446120446,1.1013995220624577,1.0647840516060223,scored,-0.7840219863975666,19.0,SPY,False,4.908476449331989,0.037429285110050246,,no_data,0.0
2026-10-05,ARCC,299,1.0,0.9301054917840096,0.9073368877258002,0.8413451644857624,0.7776342465050227,0.7763653542574456,scored,0.9397652878249917,19.0,XLF,True,0.290167488652525,0.015418038716924815,,no_data,0.0
2026-10-05,ARE,299,1.0,1.0283989052395914,1.0944101849260552,1.1593299104420993,1.081822647253195,1.1313877777595789,scored,-0.3365471375634209,19.0,XLRE,True,1.8057449530232377,0.039357998104255394,,no_data,0.0
2026-10-05,ARES,299,1.0,0.9972324218535695,1.030766662562782,0.9975749263561994,1.0664108037192017,1.2329192762861525,scored,-1.681532799557887,19.0,XLF,True,4.354025587845684,0.037172591034284,,no_data,0.0
2026-10-05,ARGX,299,1.0,1.01663026021084,1.0057076895545924,0.9706434026846902,1.0367708640863036,1.0333113878314835,scored,-2.2524588176383165,19.0,XLV,True,24.195997954190794,0.026505414740533476,,no_data,0.0
2026-10-05,ARIS,299,1.0,0.9705416972110202,0.9989074498915945,0.9986498108687755,0.946247384228243,0.9577315313466147,scored,-0.791987736693727,19.0,XLB,True,0.8658620158432396,0.04928070665015592,,no_data,0.0
2026-10-05,ARM,299,1.0,1.1052302376296887,1.153719496804944,1.1625288160958842,1.0529008069686507,1.1944826030050746,scored,0.5317154480072438,19.0,XLK,True,18.46459590505362,0.0609593790196554,,no_data,0.0
2026-10-05,ARMK,299,1.0,1.0143287030088484,0.9952544490586045,0.9117062332203373,0.7340175410348713,0.7160527472445709,scored,0.41365851932566156,19.0,XLY,True,1.2123214260109936,0.021950415100687917,,no_data,0.0
2026-10-05,AROC,299,1.0,1.0537262373582779,1.0797209845806253,1.0392281192076316,0.9347058201259859,1.0439184521898413,scored,-0.9405809278356723,19.0,XLE,True,0.988993245153718,0.03285691844364511,,no_data,0.0
2026-10-05,ARQT,299,1.0,0.9482645469792413,0.8708410742051272,0.8086003875267995,0.750461676924091,0.7848406079194009,scored,0.8343008305698287,19.0,XLV,True,1.194762834542647,0.04750548049871361,,no_data,0.0
2026-10-05,ARR,299,1.0,1.0377074605697596,1.0435340824051316,1.0375440821470818,1.0833377441529142,0.8667805184205472,scored,-0.8489239239741248,19.0,XLRE,True,0.3506513908639074,0.02591658469060661,,no_data,0.0
2026-10-05,ARW,299,1.0,1.0439290650362079,0.968394119071331,0.9727058919487374,1.0468802100159844,1.2717577036354943,scored,1.6319948398264235,19.0,SPY,False,8.048924888414096,0.03350647276835441,,insufficient_history,1.0
2026-10-05,ARWR,299,1.0,0.9716821185492633,0.9731371866969264,0.9998316621173633,1.098937098209945,1.329960093529133,scored,-1.3076675813008285,19.0,XLV,True,3.203781814661502,0.05138383022712914,,no_data,0.0
2026-10-05,ARX,299,1.0,1.1076313304888745,1.1039601739447145,1.1482070616120783,1.2747078937376433,1.414286880348304,scored,2.266505868095314,19.0,XLF,True,0.15411377685982855,0.007811139222495112,,no_data,0.0
2026-10-05,ARXS,119,1.0,0.8913215736973915,0.9451363135476201,1.0366019619788742,0.9936437500796829,0.8608440162557861,scored,-1.061035618721793,19.0,XLI,True,2.399746381577447,0.04787046442404642,,insufficient_history,1.0
2026-10-05,AS,299,1.0,1.0044278055877154,0.9769509991467542,0.8420193211588426,0.8213514075240963,0.8841429626792198,scored,-0.13309444728675865,19.0,SPY,False,0.911005620844006,0.03316365565504208,,no_data,0.0
2026-10-05,ASB,299,1.0,0.9448954890009527,0.8602155827615698,0.7825989258751235,0.7180698480505309,0.8160997414979935,scored,0.4757788337599697,19.0,XLF,True,0.557210593728748,0.01920091639313398,,no_data,0.0
2026-10-05,ASH,299,1.0,0.877317373278404,0.8386411828390958,0.7983684740904573,0.8367062595762211,0.8768885843145765,scored,0.10601403462534302,19.0,XLB,True,1.7197712666800988,0.025003943976157295,,no_data,0.0
2026-10-05,ASML,299,1.0,0.9693076051763316,0.8835169106737107,0.8070661751449656,0.7417516238455147,0.6745395825052336,scored,0.3534572106319133,19.0,XLK,True,49.361390921816195,0.02654037987903186,,no_data,0.0
2026-10-05,ASND,299,1.0,0.8799361682501219,0.8746483512813467,0.8157063095634679,0.8586493773732515,0.5409706312541409,scored,-0.9434729594460768,19.0,XLV,True,7.983446122811673,0.03501050792795541,,no_data,0.0
2026-10-05,ASO,299,1.0,0.997188821008243,0.9780548233682064,0.9248242548688368,0.8399223508394736,0.6258944730922218,scored,1.0853555244857456,19.0,XLY,True,1.9857292594592129,0.03820179414119301,,no_data,0.0
2026-10-05,ASST,299,1.0,1.238391408281529,1.3658077195945866,1.4097673823615542,1.5711166086055468,1.8844741931424436,scored,1.4072764052282647,19.0,XLV,True,1.8549517823558677,0.061300455464503224,,no_data,0.0
2026-10-05,ASTS,299,1.0,1.0347965916268145,1.0138360306969487,0.9975667100116027,1.040043847728942,1.0064778902033082,scored,0.48952363518582886,19.0,XLC,True,3.951101165350481,0.06760953397245861,,insufficient_history,1.0
2026-10-05,ASX,299,1.0,1.0139033791300671,0.9731825708847469,0.9755419350405193,0.8471015463111589,0.7555060784362688,scored,1.147980161910114,19.0,XLK,True,1.742809636956045,0.03666757073334831,,no_data,0.0
2026-10-05,ATAT,299,1.0,0.9121633690789627,0.895665936352621,0.815740170284901,0.6824671394642798,0.6330605893027852,scored,0.09473114270195447,19.0,XLY,True,0.918644435271013,0.028591485691597043,,no_data,0.0
2026-10-05,ATEC,299,1.0,0.9971621234876653,0.9631257011115987,0.8228495575154189,0.7776585263712685,0.8625381507389686,scored,0.7986372489719583,19.0,XLV,True,0.4749103303017737,0.044301336781881875,,no_data,0.0
2026-10-05,ATEN,299,1.0,0.9819766527294317,0.9754986057659973,0.9506066095659841,1.0279905836216507,1.4205425012974093,scored,0.9186679195631149,19.0,XLK,True,1.052262669001146,0.037327515750306704,,no_data,0.0
2026-10-05,ATEX,299,1.0,1.0107344830298823,0.9938633613702489,0.9649437475633167,0.8233052275960261,1.1406443979911276,scored,-0.9708486063990579,19.0,XLC,True,4.502931048972211,0.05259819003588613,,no_data,0.0
2026-10-05,ATI,299,1.0,1.048897501677988,0.9988967806971712,0.9430440371481942,0.8931196588338233,0.8016034374863192,scored,0.3452685051325168,19.0,XLI,True,7.563550428744251,0.03917111413716014,,no_data,0.0
2026-10-05,ATKR,299,1.0,0.9408625628489994,0.9484166722248701,0.9321291087301615,0.684106719596586,0.6731135818525368,scored,0.635830989221393,19.0,SPY,False,0.3660390741694699,0.0038619864335246875,,insufficient_history,1.0
2026-10-05,ATMU,299,1.0,1.0362217899772022,0.9718680248963232,0.9264812162812727,0.7997334277872397,0.9080773309331868,scored,-0.20427707342720514,19.0,XLI,True,1.4067023184741796,0.030461288836599817,,no_data,0.0
2026-10-05,ATO,299,1.0,0.9456939310083121,0.8967985023231512,0.9212421915456495,1.01635861951266,1.1662201121478593,scored,-0.9659239295988047,19.0,XLU,True,2.225795198917557,0.014082854785938353,,no_data,0.0
2026-10-05,ATR,299,1.0,0.9827247473505858,1.0537536940160699,0.9811256011130748,1.0422098648906468,1.108735043013308,scored,-1.2207244847500596,19.0,SPY,False,2.3598387716237754,0.019565863291798154,,no_data,0.0
2026-10-05,ATRC,299,1.0,1.0047299452505283,0.930930256726077,0.8393264438974753,0.845670666648133,1.1473591609129519,scored,0.8091623990045411,19.0,XLV,True,2.425814358228471,0.043033783186596966,,no_data,0.0
2026-10-05,ATRO,299,1.0,0.9706739408851713,0.8782008327096825,0.7682564832835064,0.6730381341641695,0.730339590702546,scored,-0.005219200675219502,19.0,XLI,True,3.0070092115113987,0.04395569670386491,,no_data,0.0
2026-10-05,AU,299,1.0,1.0320204400476969,1.0816597985499683,1.0937259315156223,0.9670749663970603,0.9181910063507684,scored,-0.9416965939621998,19.0,XLB,True,3.4686202559963606,0.036712746147294244,,no_data,0.0
2026-10-05,AUB,299,1.0,0.9037436973394586,0.7824248349170657,0.7346601845506047,0.7739745525377616,1.0030674894143448,scored,0.7869480879733216,19.0,XLF,True,0.7463084777578687,0.019455382631852678,,no_data,0.0
2026-10-05,AUGO,299,1.0,0.9631132834336434,1.0037987440770224,1.08218589460746,1.1460517910758545,1.1485739779246162,scored,0.16583741995150028,19.0,XLB,True,4.355363898427663,0.05113730067427102,,no_data,0.0
2026-10-05,AVA,299,1.0,0.9000282707255202,0.9344175745859559,0.9302156588441507,0.8822390112487676,0.96204206079103,scored,-0.13310191871773272,19.0,XLU,True,0.6073650813409571,0.017289071487075352,,no_data,0.0
2026-10-05,AVAH,299,1.0,1.1637160605059447,1.2420379932772243,1.3490324230602655,1.3280102155221736,1.1606163444124784,scored,-1.0198858776389783,19.0,XLV,True,0.49956145941899377,0.04038491992069473,,no_data,0.0
2026-10-05,AVAV,299,1.0,1.0246152296314357,1.1087860204193016,1.1908546622017027,1.2499091762743126,1.157031846625125,scored,-0.8577485229570244,19.0,XLI,True,7.68328334901464,0.055156377236286,,no_data,0.0
2026-10-05,AVEX,118,1.0,0.9630542270326126,1.0317116998322517,1.0700966714895952,0.9815966231226532,0.7041173126019035,scored,-0.34896091055835265,19.0,XLI,True,1.0546836549504484,0.07064190589085388,,insufficient_history,1.0
2026-10-05,AVGO,299,1.0,1.0438115026542731,1.0254066047918797,1.0602196400637967,0.8610037644097768,0.6844658803830017,scored,-1.0670691295008494,19.0,XLK,True,10.722629468978388,0.029578851532311903,,no_data,0.0
2026-10-05,AVNT,299,1.0,1.0617185039710397,1.069165254228434,1.1181706890095275,1.229983772864651,1.3329041689037398,scored,0.6888082357149274,19.0,XLB,True,1.1360974839125368,0.027310035670974443,,no_data,0.0
2026-10-05,AVPT,299,1.0,0.9748449761008098,0.9069308792133076,0.8065688129370021,0.687387836509279,0.6365307944252685,scored,-0.5784844991521978,19.0,XLK,True,0.5042363971187128,0.034395388616556125,,no_data,0.0
2026-10-05,AVT,299,1.0,1.0056751394552956,0.9254932098364761,0.9466220101775098,1.0254265679851582,1.2027283750625997,scored,1.562617868537822,19.0,SPY,False,3.8973826371088967,0.03670197416996795,,insufficient_history,1.0
2026-10-05,AVTR,299,1.0,1.056336277367278,1.0701022405418736,1.0318314033224405,0.923056132369171,1.1096832682131632,scored,0.7413818764426793,19.0,XLV,True,0.4652300840128434,0.029426317774373396,,no_data,0.0
2026-10-05,AVY,299,1.0,0.991920540301457,1.010719465302297,0.9475258854051432,0.9613872179294449,0.9721252359627983,scored,0.2643103972725236,19.0,SPY,False,3.976548021593194,0.0233914589505482,,no_data,0.0
2026-10-05,AWI,299,1.0,1.0305618079858676,1.0072038153359206,1.0235566520711394,1.1874685830078773,1.0969805962232373,scored,0.982832236485227,19.0,SPY,False,3.823713716288009,0.023390920146130843,,no_data,0.0
2026-10-05,AWK,299,1.0,0.8943921277683405,0.808651759541055,0.74186030025154,0.6978306031801874,0.613705232188196,scored,-0.834642810109047,19.0,XLU,True,2.6669092326666175,0.02086130501147229,,no_data,0.0
2026-10-05,AWR,296,1.0,0.9285337262083108,0.8829937316985911,0.8799757385151414,0.6858878398425051,0.595783382294749,scored,-0.6290710693350262,19.0,XLU,True,1.5648098727106234,0.01913906400086379,,insufficient_history,1.0
2026-10-05,AX,299,1.0,0.9556358148098302,0.872747066485671,0.8100510547896742,0.8459257346012239,0.9774982745184359,scored,-0.09159534117906387,19.0,XLF,True,2.279921511955226,0.025758914382049778,,no_data,0.0
2026-10-05,AXGN,299,1.0,0.9985013184636097,0.950716490877947,0.8956849244737553,0.9156213223393899,0.9695394918330439,scored,-1.3640511918252956,19.0,XLV,True,2.1460772942372612,0.05765925024818005,,insufficient_history,1.0
2026-10-05,AXON,299,1.0,1.1100295004325613,1.1977220534459523,1.3242013247721356,1.4266830953390868,1.2229187508966366,scored,-1.4014658549314902,19.0,XLI,True,21.650361025274083,0.05257366510107594,,no_data,0.0
2026-10-05,AXP,299,1.0,0.9731268646653978,0.9086902986252018,0.8398121324729955,0.8845448626180499,1.0163577607806402,scored,0.39648433307835296,19.0,XLF,True,5.639730682272227,0.018550525236077323,,no_data,0.0
2026-10-05,AXS,299,1.0,0.9304244828678833,0.8775057894167726,0.8491724556226037,0.8768317568333279,0.8438949218623053,scored,0.40396355832626574,19.0,XLF,True,1.9738432524085183,0.02064257741485587,,no_data,0.0
2026-10-05,AXSM,299,1.0,0.9483795693523714,0.8628776667771526,0.7950913854165013,0.8451522411376977,0.9854680514662489,scored,-0.016830446665830164,19.0,XLV,True,7.409365661751766,0.041841911349400074,,no_data,0.0
2026-10-05,AXTA,299,1.0,1.0361359830444679,1.0306063713492835,1.0187268953507358,1.1662662758594287,1.3409028205614477,scored,-1.1814197919531637,19.0,XLB,True,0.841796780788068,0.025758775421911503,,insufficient_history,1.0
2026-10-05,AXTI,299,1.0,0.9651087054351651,0.9691363744641749,0.9176138666629028,0.8665893654545775,0.8694900965480195,scored,1.1571193980830334,19.0,XLK,True,6.906791317343232,0.07969987672909337,,no_data,0.0
2026-10-05,AYA,107,1.0,1.036017677823867,1.1140352374335236,1.1743471110219945,0.5255024688776092,0.5887532785690608,scored,0.21388359514332295,19.0,XLB,True,1.4484192906945823,0.05358561933757241,,no_data,0.0
2026-10-05,AYI,299,1.0,0.9903699874631531,0.9480491067143912,0.8608481849821841,0.8269436896224818,0.7361668073903054,scored,-0.6537487868007881,19.0,SPY,False,10.346169045964775,0.033939670141598134,,insufficient_history,1.0
2026-10-05,AZN,299,1.0,0.9815488265820106,0.9911209591228456,0.997073366383661,1.0944561269255961,1.1477071333431013,scored,-0.6001897763549598,19.0,XLV,True,3.2292534573510245,0.020630252714182742,,no_data,0.0
2026-10-05,AZO,299,1.0,0.9556002610565739,0.8956720736158599,0.8452439378688981,0.7899737751072202,0.8099913494851264,scored,0.7832962586873687,19.0,XLY,True,82.01942746138388,0.029212006660677445,,no_data,0.0
2026-10-05,AZTA,299,1.0,1.035376999063052,1.023274699433508,1.0069885633924398,1.1118973143943256,1.0423769386010258,scored,1.7196656109336543,19.0,XLV,True,1.8231769153866202,0.042667374570246205,,insufficient_history,2.0
2026-10-05,AZZ,299,1.0,0.9290780245123285,0.8756617310853633,0.8173492244487781,0.8406019632609621,0.9124574117719605,scored,-0.19116171468685525,19.0,SPY,False,3.616342223442392,0.025988805055281294,,no_data,0.0
2026-10-05,B,299,1.0,1.0020888839047764,1.0367904438107165,1.049108204703128,0.8952843776274186,1.031153790361675,scored,-0.6149880192845287,19.0,XLB,True,1.2714370301088205,0.03178592575272051,,no_data,0.0
2026-10-05,BA,299,1.0,0.9751121498231777,1.0271139839914987,0.9914146715427772,1.0001799904900368,1.0247949638998972,scored,-0.49670663841919566,19.0,XLI,True,6.279929911360597,0.032585771644668936,,insufficient_history,4.0
2026-10-05,BABA,299,1.0,1.0093377946037432,1.0001727329399699,0.9809948584859083,1.1775653045234937,1.4188332572563838,scored,0.7970444744228499,19.0,XLY,True,3.011165731603964,0.027176586025306537,,no_data,0.0
2026-10-05,BAC,299,1.0,1.0155603988709299,1.0237816568516571,1.0477505638430373,1.2455052313208665,1.2940308261240292,scored,-1.1939182305975797,19.0,XLF,True,1.1148264038601476,0.02064493340481755,,no_data,0.0
2026-10-05,BAH,299,1.0,0.9921085605948126,1.0224359670477088,1.0265189492248175,1.0088055721255265,0.9661715946244971,scored,-0.6162680115938448,19.0,SPY,False,2.5374373719026657,0.03698349179278044,,insufficient_history,1.0
2026-10-05,BALL,299,1.0,1.0751552264369821,1.1574387445778587,1.2295927169851366,1.2636814245384038,1.4500468089651108,scored,-1.3967151331691758,19.0,SPY,False,1.2683359420327183,0.022208648958723837,,no_data,0.0
2026-10-05,BAM,299,1.0,0.9069087517219845,0.9226107621932668,0.8973816336743885,0.8223049289347436,0.8180570144119069,scored,0.42008786875297205,19.0,XLF,True,1.127220226969637,0.02520054162686423,,no_data,0.0
2026-10-05,BANC,299,1.0,0.8914595984559214,0.8033241805635056,0.7410524649438727,0.7670277306708959,0.8386240918215534,scored,0.46824655244423036,19.0,XLF,True,0.434123183411539,0.024736363727153217,,no_data,0.0
2026-10-05,BAND,299,1.0,1.167872998786378,1.220366948689459,1.2711545278947076,1.4095379924270135,1.5843270150979547,scored,1.039516882869283,19.0,XLC,True,4.295576379900471,0.06869624787942541,,no_data,0.0
2026-10-05,BANR,299,1.0,0.9156750813021473,0.8251485331678257,0.7368554949468521,0.6047274036232143,0.5601290783804668,scored,1.023322383935083,19.0,XLF,True,1.32396485957045,0.019643395542588277,,no_data,0.0
2026-10-05,BAP,299,1.0,0.8287772167824724,0.733200992173317,0.6709204530667412,0.6554047733231237,0.7025652806962241,scored,1.5033479898466082,19.0,XLF,True,9.422016875493043,0.024921355504253295,,no_data,0.0
2026-10-05,BATRK,299,1.0,1.0064714560816976,0.986420857224049,0.9736294310986623,0.9487824424955591,0.9747364580264014,scored,0.7887970948687362,19.0,XLC,True,1.2413344379753135,0.023794027946622838,,no_data,0.0
2026-10-05,BAX,299,1.0,1.0209324690525583,0.915095075640173,0.8586328436444571,0.7883239566821502,0.8278992535328097,scored,0.19498660275547516,19.0,XLV,True,0.7297231221989112,0.030128948067667683,,no_data,0.0
2026-10-05,BBIO,299,1.0,0.9438394754339938,0.8314143528128213,0.7169137954659119,0.6128363147677042,0.7122107355267525,scored,0.026310785314875677,19.0,XLV,True,2.508145041838944,0.037921757511928396,,no_data,0.0
2026-10-05,BBNX,299,1.0,1.176023961065452,1.2216745232972872,1.2439560969664007,1.262438218884954,1.345391245068232,scored,-0.5069455496334053,19.0,XLV,True,1.3083668553824346,0.06904310582493059,,no_data,0.0
2026-10-05,BBT,299,1.0,1.0011468870451752,1.0164751354550492,0.98860848682283,0.8963307108793591,0.8674000636621726,scored,-0.4513122909965946,19.0,XLF,True,0.6387763702110475,0.022708011738750356,,no_data,0.0
2026-10-05,BBVA,299,1.0,0.8757778364593308,0.7941740878042508,0.7497206612040525,0.6860228774892925,0.6191964245120858,scored,0.7107254398881299,19.0,XLF,True,0.5876883588193998,0.021814712651054186,,no_data,0.0
2026-10-05,BBWI,299,1.0,1.0002845906680011,0.9739354958529874,0.9051208394199257,0.7132277210400154,0.6881553500512368,scored,0.11822437063979008,19.0,XLY,True,0.8036067910986072,0.046025589410000414,,insufficient_history,1.0
2026-10-05,BBY,299,1.0,0.9996817344401984,0.9883801444368882,0.9527135007390117,0.8695843170633446,0.8563714849659139,scored,0.9274378546279912,19.0,XLY,True,2.8857612597267353,0.033021641603464186,,no_data,0.0
2026-10-05,BC,299,1.0,0.9985745851872785,0.984500154955044,0.9309668506476904,0.9458174311386652,0.9407836534883292,scored,-2.134700169409526,19.0,SPY,False,2.1884404180168517,0.03375660061725824,,no_data,0.0
2026-10-05,BCC,299,1.0,0.9877690610042159,0.9134245283930756,0.864645973074578,0.8939488568594219,0.9468352907745798,scored,0.9843710412951355,19.0,SPY,False,2.3588170707579166,0.031518132960421115,,no_data,0.0
2026-10-05,BCE,299,1.0,0.9877180311478687,1.024565764416653,1.0921370955216,1.27813639687063,1.3626984765597794,scored,-2.4824590321268047,19.0,XLC,True,0.44434365181760654,0.02250981012247247,,insufficient_history,1.0
2026-10-05,BCO,299,1.0,0.8676105440814508,0.9151809541409234,0.9680185286395405,1.0696924015462177,1.1056887072671946,scored,-1.4896262339833894,19.0,SPY,False,3.444563404684439,0.03352046909969286,,no_data,0.0
2026-10-05,BCPC,299,1.0,1.0087190745611048,1.051126739959615,1.0959505066321118,1.1751455949397083,1.1500113718225868,scored,0.0264235595925129,19.0,XLB,True,3.2964637846615883,0.019853431610826238,,no_data,0.0
2026-10-05,BCS,299,1.0,0.9860700355472951,0.9194580678088644,0.8870211067839869,1.0017414552975579,1.1661509948359512,scored,-0.9538355797944671,19.0,XLF,True,0.5326404348203493,0.022579077355673983,,insufficient_history,1.0
2026-10-05,BDC,299,1.0,1.0456249812391822,1.061762965659157,1.2028326374484781,1.473939394123638,1.3745995245881304,scored,-0.4630497217876459,19.0,SPY,False,4.217896938919875,0.0378796312431062,,no_data,0.0
2026-10-05,BDX,299,1.0,0.9319671155262105,0.8681915354856387,0.8554341822562077,0.7550023568008034,0.8716505900120028,scored,-0.8647856453191111,19.0,XLV,True,3.8475501216372825,0.021296009971978096,,no_data,0.0
2026-10-05,BE,299,1.0,0.9465267584665678,0.9222525615834141,0.8885236179424781,0.8521148305789948,0.8541411494563603,scored,0.6141677547585916,19.0,SPY,False,20.11632343958358,0.07017730137653438,,no_data,0.0
2026-10-05,BEAM,299,1.0,0.9454126414862081,0.8922774409593859,0.8730122946016713,0.8964235757933944,0.8171204472882935,scored,-0.2830270356889197,19.0,XLV,True,1.4362001785785485,0.0559485850634417,,no_data,0.0
2026-10-05,BEKE,299,1.0,0.963120414138512,0.977783577295576,0.9763489604903461,0.9722712402472632,0.8474539327658767,scored,-0.13605008535207633,19.0,XLRE,True,0.4526576005273075,0.027433793971351973,,insufficient_history,2.0
2026-10-05,BELFB,299,1.0,0.9293272211016814,0.9228800148187832,0.8842768906475069,0.7395501505231566,0.6939268448824153,scored,0.6690644925892868,19.0,SPY,False,9.960708798051721,0.038662845157985175,,no_data,0.0
2026-10-05,BEN,299,1.0,0.972789984678143,0.9231393167285694,0.8810225491916226,0.9622079997155614,1.2419189262986294,scored,1.0976062507995543,19.0,XLF,True,0.7967284632179353,0.024231400949450588,,no_data,0.0
2026-10-05,BEP,299,1.0,0.8947750296898538,0.8699321642825191,0.7986558168082388,0.8563139706522782,0.9387822039904643,scored,-0.056458835980279384,19.0,XLU,True,0.7741114372475508,0.027431305359587203,,no_data,0.0
2026-10-05,BEPC,299,1.0,0.8789394924162586,0.8715928311040121,0.7848794311469657,0.8245825854078002,0.9137162656555828,scored,0.06288537677440989,19.0,XLU,True,0.786366314695837,0.027767172129090287,,no_data,0.0
2026-10-05,BETA,230,1.0,0.9656224167628691,1.0435377050075456,1.14965580265011,1.1666191495664124,0.8766316390242356,scored,0.951802000281189,19.0,XLI,True,1.6038063076883509,0.07747856558880922,,no_data,0.0
2026-10-05,BF.B,299,1.0,0.9871393985970808,0.9518812845372181,0.9423810132519116,1.0302280937969488,0.9514951990691939,scored,0.06622199976760433,19.0,XLP,True,0.6965495202943363,0.02651501790233484,,no_data,0.0
2026-10-05,BFAM,299,1.0,0.9243183343108279,0.8271486278440019,0.7323523220411325,0.735981780190154,0.8138609680806017,scored,-0.6787080322546007,19.0,SPY,False,2.0955945512370096,0.03263657609775751,,no_data,0.0
2026-10-05,BFH,299,1.0,0.9563193964838981,0.9531198841886067,0.9111657510975846,0.898366617618913,0.7693149303010332,scored,-0.14241218062474434,19.0,XLF,True,3.5801762865896665,0.03619996245287833,,no_data,0.0
2026-10-05,BG,299,1.0,1.0646135420465466,1.1360407544898627,1.2518101508863275,1.2653699873361206,1.0646486574231135,scored,-0.5359942919851597,19.0,XLP,True,3.670705268687252,0.03420336627550552,,no_data,0.0
2026-10-05,BGC,299,1.0,0.9966978630904119,1.0042759241086663,0.9860684283862745,0.9861700127375522,0.6469790617893765,scored,0.7329899612463961,19.0,XLF,True,0.4092531658964643,0.033545341466923305,,no_data,0.0
2026-10-05,BHE,299,1.0,1.029338596246018,0.9724296493200624,0.9733229955427282,0.9663633206141741,1.0636102350799101,scored,1.9819754184619882,19.0,SPY,False,3.0541991288780306,0.03546857657505552,,no_data,0.0
2026-10-05,BHF,299,1.0,0.8470491229325993,0.7898876329667645,0.7219087429884076,0.7973188466424377,0.8138574829089262,scored,0.1633685628786992,19.0,XLF,True,1.563910169238718,0.03139121174706379,,no_data,0.0
2026-10-05,BHP,299,1.0,1.0453041666198748,1.0472040461628418,1.0261891712301463,0.8473151134749525,0.8286887670750126,scored,-0.8584234309457164,19.0,XLB,True,2.1718747793457966,0.025012953810270605,,no_data,0.0
2026-10-05,BHVN,299,1.0,0.9207147286421486,0.9111632418399139,0.9783238294546972,0.9307984301656005,0.863932906569922,scored,-0.9424556660516016,19.0,XLV,True,0.937957687975756,0.07231747787014309,,no_data,0.0
2026-10-05,BIDU,299,1.0,0.9869120875480782,1.0026048002121244,1.0044295909967804,1.1018475342551324,1.3107376800267592,scored,0.5407524135658359,19.0,XLC,True,2.3933149176855406,0.027512529229630312,,no_data,0.0
2026-10-05,BIIB,299,1.0,0.9098866975786567,0.8281637139806767,0.7402781068338787,0.5503408260148939,0.3920022727556012,scored,0.4560220019319713,19.0,XLV,True,5.478955050180137,0.024504472696364493,,insufficient_history,1.0
2026-10-05,BILI,299,1.0,0.9741769344452993,0.9608834449100887,1.010588239418657,1.0873329307190513,1.071138271229962,scored,0.5907165960007194,19.0,XLC,True,0.4521000814439233,0.030650852979249035,,no_data,0.0
2026-10-05,BILL,299,1.0,1.0178846982045193,0.9981832558246493,0.8243698087021271,0.655603372815454,0.7363249953313464,scored,-1.3470602254700004,19.0,XLK,True,1.799986562684463,0.04045822797672428,,no_data,0.0
2026-10-05,BIO,299,1.0,0.9192636389544995,0.8873366194063415,0.824860729040625,0.8508667011134692,0.7013290953434064,scored,-0.23801484160119782,19.0,XLV,True,11.565824081419985,0.03045080322631769,,no_data,0.0
2026-10-05,BIP,299,1.0,1.0138030614691709,0.9648064760864684,0.9731860393204866,1.0448940426853546,1.1258884131721973,scored,1.2970935622373234,19.0,XLU,True,0.8710784001508277,0.02408289743297837,,no_data,0.0
2026-10-05,BIPC,299,1.0,1.005661986166567,0.9856687231478268,1.047208369606364,1.0899927689921103,0.9981330136520045,scored,0.8980477313420454,19.0,XLU,True,0.9014563550467372,0.02479252901668694,,no_data,0.0
2026-10-05,BIRK,299,1.0,1.0286589112084916,1.009638840506595,0.9858099051951039,0.7823947344204472,0.7486765678132183,scored,-0.139015128525656,19.0,SPY,False,1.2100251141388798,0.03583136257444121,,no_data,0.0
2026-10-05,BJ,299,1.0,1.0292993517404232,0.9896491534966945,0.8182349878218482,0.5622687778378327,0.3872459398329872,scored,0.9414417842819172,19.0,XLY,True,2.7065441942028308,0.02885441571644809,,no_data,0.0
2026-10-05,BJRI,299,1.0,1.0117888410137326,1.0053014827853566,0.9172959279500543,0.8625571686204305,1.1308826319956364,scored,0.4637395057629963,19.0,XLY,True,2.3624160028417163,0.03831359070453643,,no_data,0.0
2026-10-05,BKD,299,1.0,1.025181423553604,1.08244237675847,1.1460660230239996,1.3304239805378206,1.5900178453544804,scored,-0.5307890877657607,19.0,XLV,True,0.37928582774591824,0.036019546794484165,,insufficient_history,1.0
2026-10-05,BKE,299,1.0,0.9955583015256846,0.9952663886450135,1.015365095994117,1.029539037768856,0.9379935902375699,scored,1.1942733383839061,19.0,XLY,True,1.0255659087434579,0.023603358083854036,,no_data,0.0
2026-10-05,BKH,299,1.0,0.9544020001936718,0.9657662220724792,0.9031958583399377,0.6648739954717879,0.6236173759236698,scored,0.7573665530071879,19.0,XLU,True,1.5193305169041857,0.021556902907267108,,no_data,0.0
2026-10-05,BKNG,299,1.0,0.9948282850544544,1.001335339413218,0.9487967599796361,1.0527330953141367,1.2127910555407146,scored,-1.7841492340134588,19.0,XLY,True,5.932593196112019,0.037469798497517956,,no_data,0.0
2026-10-05,BKR,299,1.0,1.011080168815699,1.054314939403413,1.160712264128793,1.133091668159567,1.122109935745902,scored,-1.1860021840867823,19.0,XLE,True,1.629457538213088,0.02839765664365786,,no_data,0.0
2026-10-05,BKSY,299,1.0,0.9858715074612379,0.9639120525960624,0.9742452168313482,1.0258752461984957,1.1081410612801768,scored,0.217212871134355,19.0,SPY,False,1.4505921901623526,0.06787984043810728,,no_data,0.0
2026-10-05,BKU,299,1.0,0.9428234187414956,0.8472874046540289,0.7906406234434527,0.6815221134192109,0.6728767839407962,scored,0.048199724012508466,19.0,XLF,True,0.9224117496646713,0.02133730626103797,,no_data,0.0
2026-10-05,BKV,299,1.0,1.0112265796899345,1.034543245885676,1.0318337194755,0.96500031918987,0.7389963129782954,scored,-1.4531683773202224,19.0,XLE,True,0.9415464379070126,0.04321002468595744,,no_data,0.0
2026-10-05,BL,299,1.0,1.0393227956871316,1.019784968056789,0.8988694680581352,0.7379992038508691,0.7734865519682408,scored,-1.585087087930258,19.0,XLK,True,1.2183010989267342,0.04330967290887786,,no_data,0.0
2026-10-05,BLBD,299,1.0,1.0123380708229386,0.9635083747215522,0.9307181995352838,0.8765534300048363,0.8431433862560113,scored,-1.7347819105360172,19.0,XLI,True,2.1663910625428247,0.03798686765812423,,no_data,0.0
2026-10-05,BLDR,299,1.0,0.9925262759561161,0.9794274103225504,0.9451562911508047,0.9388584216266885,0.8544749270567398,scored,-0.5185082455625868,19.0,SPY,False,2.54170575635971,0.04568947971166115,,no_data,0.0
2026-10-05,BLFS,299,1.0,0.9716304103892821,0.9462570058838896,0.920374274026673,0.8445226252173773,0.8216970539370801,scored,0.9444436861929874,19.0,XLV,True,1.1341581418329298,0.029374725248198133,,insufficient_history,2.0
2026-10-05,BLK,299,1.0,0.9781933785533123,0.9288426830049249,0.8993363792128535,0.8805820658581575,0.8615514110886592,scored,0.7711088180420556,19.0,XLF,True,24.006852767922396,0.02251099701619616,,no_data,0.0
2026-10-05,BLLN,228,1.0,0.9456270407310271,0.9015954359257771,0.8118523320326605,0.5833615555548057,0.5298713719487033,scored,1.226630676965436,19.0,XLV,True,6.8696629637811615,0.06298975759931379,,no_data,0.0
2026-10-05,BLSH,288,1.0,1.0052846075501845,1.0014009264452783,0.9429344903794756,0.9180148833418885,1.0071158481252955,scored,-0.07451609235632616,19.0,XLF,True,2.3193175914777315,0.0675201627795555,,no_data,0.0
2026-10-05,BLZE,299,1.0,1.1402911232118376,1.2727229969328213,1.4724980952506912,1.7226475744624117,1.7507021342725828,scored,0.7063760097318478,19.0,XLK,True,0.8416958308325131,0.06064091000234244,,no_data,0.0
2026-10-05,BMA,293,1.0,1.0351700482149515,1.0220286673177699,1.1021910744290182,1.2330900197298866,1.511041636512083,scored,-1.9263600431943737,19.0,SPY,False,3.0743380686065946,0.04469813999137241,,insufficient_history,1.0
2026-10-05,BMI,299,1.0,1.03298525607685,0.9692887530646942,0.8427947200741791,0.6870534444640334,0.5671704059964497,scored,-0.19993044892574044,19.0,SPY,False,4.224623268431581,0.03382675369070046,,insufficient_history,1.0
2026-10-05,BMNR,299,1.0,0.9631207230734675,0.9791037432871712,1.0511708223337415,0.9566458891552019,0.7784643351657425,scored,-0.1846973894341774,19.0,XLK,True,1.6022101453868314,0.05980627642354727,,no_data,0.0
2026-10-05,BMO,299,1.0,0.9555325256412863,0.8473481766041409,0.8068672389443319,0.9099753508211057,0.9997267062388137,scored,0.9999361592816044,19.0,XLF,True,2.9823266756276006,0.018135157650517486,,insufficient_history,1.0
2026-10-05,BMRN,299,1.0,0.9739805472245862,0.9552971874654282,0.8198521570207442,0.6951475280185595,0.5644355675982983,scored,-0.8685681198675724,19.0,XLV,True,1.5760187520217377,0.027389967883589463,,no_data,0.0
2026-10-05,BMY,299,1.0,0.981173169109698,0.9020199555776507,0.7853513094599894,0.7095525469127762,0.7347285972375169,scored,-2.089901107720676,19.0,XLV,True,1.5085700334930576,0.02565159043518207,,insufficient_history,1.0
2026-10-05,BN,299,1.0,0.9521392357631963,0.9231820264772852,0.8772386354369663,0.8902529355773163,0.90130076431512,scored,0.0023362779268909922,19.0,XLF,True,0.7567995079403776,0.02054845256422421,,no_data,0.0
2026-10-05,BNL,299,1.0,1.0669160236300352,1.075529112073661,1.1120405017245498,1.1772848438589099,1.046991638932674,scored,-1.4812706614893865,19.0,XLRE,True,0.3590512554125408,0.019513655185464177,,no_data,0.0
2026-10-05,BNS,299,1.0,0.9413479537900771,0.9412421256986221,0.8634713730038196,0.8662795641800638,0.9839367840511523,scored,1.0406924812234646,19.0,XLF,True,1.5122282647239345,0.016750423844970476,,insufficient_history,1.0
2026-10-05,BNTX,299,1.0,0.8441207655791684,0.8334528913393378,0.8097622395006644,0.7869799571084808,0.7300983489238078,scored,-0.10247631718173753,19.0,XLV,True,3.266506893376457,0.0334545974331878,,insufficient_history,1.0
2026-10-05,BNY,299,1.0,1.0336253853673332,1.0017370767397094,0.8675005369954062,0.8651420388106518,0.7950278934963371,scored,-0.22702279684192084,19.0,XLF,True,2.92261020314579,0.020331201413188105,,no_data,0.0
2026-10-05,BOH,299,1.0,0.9220193817123379,0.8291299416894138,0.7923105050723026,0.7807510060215838,0.8351478840348505,scored,-0.8384783954981074,19.0,XLF,True,1.5392488971564149,0.022626031120923342,,no_data,0.0
2026-10-05,BOKF,299,1.0,0.9786771962258797,0.8932150161440761,0.8519095253571727,0.807634729867489,0.9532717598630548,scored,0.38537958767960734,19.0,XLF,True,2.3577631697985044,0.01838698564921239,,no_data,0.0
2026-10-05,BOOT,299,1.0,0.90268599403805,0.9315168475900557,0.9312277239125559,0.9723181636966091,0.847957120449305,scored,-0.514405936740271,19.0,XLY,True,5.313153429039054,0.04323855329621626,,no_data,0.0
2026-10-05,BOX,299,1.0,1.0353767568137549,1.0261091882233246,0.9267297589539885,0.7732403791653355,0.7798102965895615,scored,-0.9250774394949328,19.0,XLK,True,1.1087340277225488,0.03137334543640489,,no_data,0.0
2026-10-05,BP,299,1.0,0.994428658475393,0.9817585860378295,0.9061669184363311,0.9207863547696268,0.9204087857480081,scored,1.0516118453216874,19.0,XLE,True,1.0512277410330346,0.023559563895854653,,no_data,0.0
2026-10-05,BPOP,299,1.0,0.9413522203526029,0.855539474838469,0.8585256059154888,1.0297409754026061,1.2358012835213121,scored,-0.28629404964089655,19.0,XLF,True,2.9028443410766767,0.018277574241762226,,no_data,0.0
2026-10-05,BR,299,1.0,1.037220401637271,1.0084176007744445,1.0242179389176804,1.1320972653000356,1.2520200336341787,scored,-1.0684416822710676,19.0,SPY,False,3.9732199546797795,0.024976238085741634,,no_data,0.0
2026-10-05,BRC,299,1.0,1.082076887940364,1.0506814307449475,0.9484099990489405,0.8504350675661392,0.7153982532587463,scored,-1.995655080018699,19.0,SPY,False,2.199456331673936,0.02575174255560164,,insufficient_history,1.0
2026-10-05,BRK.B,299,1.0,0.9781569444557304,0.9647737851440362,0.8821079087726977,0.8154217016324531,0.5198783774553838,scored,2.3235024202026477,19.0,XLF,True,5.6702002781647645,0.011244596593354151,,no_data,0.0
2026-10-05,BRKR,299,1.0,1.0321378376568853,1.043686101362958,1.053888950112518,0.8438707918705204,0.7991048108642724,scored,0.4640047896168572,19.0,XLV,True,2.8647227643523006,0.0448594231812136,,no_data,0.0
2026-10-05,BRO,299,1.0,1.0129663998731102,1.0080651448427846,1.05289705340878,1.1115531573935271,1.1880841965453586,scored,-0.9652567956039436,19.0,XLF,True,1.75222577043453,0.028758013629321025,,no_data,0.0
2026-10-05,BROS,299,1.0,0.9673940812244286,1.0047444635585263,0.9953406923499949,0.9144245674010317,1.0508946953154474,scored,-1.3776142018522133,19.0,XLY,True,1.565908761970217,0.04096020826498083,,no_data,0.0
2026-10-05,BRUN,299,1.0,1.0176967634801186,1.0397661209367028,0.9834542584307621,0.8282363509665432,1.214699979798921,scored,-0.17210655423420965,19.0,SPY,False,1.554724995890422,0.10849441701956887,,insufficient_history,1.0
2026-10-05,BRX,299,1.0,0.9864837478229781,1.029720843611828,1.0557147121510524,1.0331987575303965,1.1679994924061883,scored,0.9812215595564034,19.0,XLRE,True,0.4453730279482952,0.01646480694818097,,no_data,0.0
2026-10-05,BRZE,299,1.0,1.0672990390312798,1.1199922210432678,1.085920277876546,1.115161864640199,1.1092688844071414,scored,-1.430732081194701,19.0,XLK,True,1.506333023527785,0.05660777991461049,,no_data,0.0
2026-10-05,BSP,67,1.0,1.138597866469033,1.218289633015885,1.3412137066296326,1.214931699897096,1.5665290006564598,scored,-1.7316195364909537,19.0,XLK,True,2.4740206386569983,0.07702430381871103,,no_data,0.0
2026-10-05,BSX,299,1.0,0.970915257087348,0.988880257202887,0.9895535091150846,0.864248352447446,0.8226950694423322,scored,-0.18909286269421605,19.0,XLV,True,1.3489882294618991,0.03181576012881838,,no_data,0.0
2026-10-05,BSY,299,1.0,1.000275121299274,1.0476412872647347,1.0183063466689588,0.937282259176635,0.7998230335088409,scored,-1.005308445275964,19.0,XLK,True,1.312759381796067,0.03777724839700912,,insufficient_history,1.0
2026-10-05,BTDR,299,1.0,0.9726235464205164,1.0315098322182314,1.0822521941572838,1.1164376816037818,1.2904969393189394,scored,-0.479484079758855,19.0,XLK,True,0.8908671363296781,0.08150659984718006,,insufficient_history,1.0
2026-10-05,BTI,299,1.0,1.0591588253545356,1.1403537679535773,1.1062168597757065,0.9523669774533219,0.8544912470640088,scored,-0.37975644336096614,19.0,SPY,False,1.0317298623172848,0.019510776518859393,,no_data,0.0
2026-10-05,BTSG,299,1.0,0.8770298649481332,0.8034189335119509,0.6654796688901516,0.6060584228275179,0.6302419905850948,scored,0.10141002624699184,19.0,XLV,True,2.1137626891709296,0.034092946599531125,,no_data,0.0
2026-10-05,BTU,299,1.0,0.960372229957478,0.9643434229525892,1.0258382123709275,1.2756819439182665,1.4406005208255628,scored,-1.1858749008326372,19.0,XLE,True,1.1729170806714495,0.04599674826162547,,no_data,0.0
2026-10-05,BUD,299,1.0,1.0871349162796105,1.0218913715707267,0.957371135126807,0.9409945591947594,0.8687842672118281,scored,-0.4554134115351217,19.0,XLP,True,1.4548176700941684,0.019444235098826097,,no_data,0.0
2026-10-05,BURL,299,1.0,0.9622041003973119,0.9639841935631803,1.014320794386934,1.1106478253688568,1.2296651470307691,scored,1.560346212123112,19.0,XLY,True,9.335848063090099,0.03434696318417313,,no_data,0.0
2026-10-05,BUSE,299,1.0,0.9410813657214513,0.8279862874355749,0.8028052661416955,0.6954024659665717,0.729554354276275,scored,1.3974322719267829,19.0,XLF,True,0.5289899160412674,0.017925785023424852,,no_data,0.0
2026-10-05,BVN,299,1.0,1.0098850100712644,0.9845090235204454,1.0123635387075143,0.8808249939019915,0.8307282946492844,scored,0.19726094173052333,19.0,XLB,True,1.3171054811794773,0.041693747425751104,,no_data,0.0
2026-10-05,BWA,299,1.0,0.9925983653817166,0.9656935329101773,0.9674482477818644,0.9975933588213288,0.9516572403440092,scored,0.4184765469408102,19.0,SPY,False,1.8338349208114313,0.030432043159831255,,no_data,0.0
2026-10-05,BWIN,299,1.0,1.086501091156202,1.1036460802805947,1.2102614179164966,1.2458038987092577,1.1952055746711778,scored,0.34772859534082823,19.0,XLF,True,0.5571521948884219,0.017465586046658994,,no_data,0.0
2026-10-05,BWXT,299,1.0,0.9042269682348455,0.8371688474337676,0.7783238155522658,0.7454981395384884,0.7110230331796016,scored,-1.938907075604175,19.0,XLI,True,5.11406476357841,0.03778400268620916,,no_data,0.0
2026-10-05,BX,299,1.0,1.00724185194068,1.003986389915629,0.96675139149423,1.0191039898389134,1.3227744600909603,scored,-1.6453835265915158,19.0,XLF,True,3.825626776370835,0.0342644583642708,,insufficient_history,2.0
2026-10-05,BXDC,99,1.0,0.9611457718417208,0.9273959732700273,0.6968645076562678,0.44375430734334254,0.3650050118487919,scored,-0.6499256177465295,19.0,XLRE,True,0.6419254566656363,0.03727790108395101,,no_data,0.0
2026-10-05,BXMT,299,1.0,0.9195756329461504,0.9292592391269295,0.8821945865989423,0.9255149638590742,0.9756099897007635,scored,-1.0552255401217299,19.0,XLRE,True,0.38105035777541757,0.034609478453716404,,no_data,0.0
2026-10-05,BXP,299,1.0,1.0042660034679916,0.9427616897384173,0.8759006932768199,0.8875592067772041,1.1348125174104025,scored,-0.8058475370847809,19.0,XLRE,True,1.4455032648676922,0.024347368449851647,,no_data,0.0
2026-10-05,BXSL,299,1.0,0.9165247395768784,0.8278229994240177,0.7782555029258515,0.6038157128482722,0.666754576058109,scored,1.6239847182250833,19.0,XLF,True,0.4445134435234823,0.018899381102188875,,no_data,0.0
2026-10-05,BYD,299,1.0,0.919471730203407,0.8815886612438498,0.7980050659009678,0.7318437002061137,0.6741305936236793,scored,0.7806584786588319,19.0,XLY,True,1.8703618370824737,0.027221100816219965,,no_data,0.0
2026-10-05,BZ,299,1.0,0.9449937961250346,0.9026975117237926,0.834421578067345,0.8551266505446677,0.9227940328480663,scored,-0.502756477469742,19.0,SPY,False,0.5371121437754972,0.03557034064738392,,no_data,0.0
2026-10-05,BZH,299,1.0,0.937527990233074,0.9257575633640418,0.9433413477335219,0.8747584682990422,0.8187724078692449,scored,1.8822770463219507,19.0,XLP,True,0.1228967703686183,0.0036828519738872733,,no_data,0.0
2026-10-05,C,299,1.0,1.0102857979688367,0.9119895085599884,0.7967355356133421,0.8571828948171473,0.867535990015302,scored,-0.07638230622237972,19.0,XLF,True,3.153151442158341,0.024528599316673207,,no_data,0.0
2026-10-05,CACC,299,1.0,0.9835829137805727,0.9798111687368138,0.8996328664924866,0.8600849130701806,0.7674363020183985,scored,-0.9337396607862933,19.0,XLF,True,18.330105659729693,0.034497234703546986,,no_data,0.0
2026-10-05,CACI,299,1.0,1.005119721397837,0.9753947773174505,1.1006699176088839,1.1560990554039812,1.1374080296012792,scored,-0.2864792240446685,19.0,SPY,False,18.586989806025297,0.029777775686930734,,no_data,0.0
2026-10-05,CAE,299,1.0,0.9128406707077497,0.8460169279982169,0.7408224646437871,0.7496426345117371,0.742159645244607,scored,0.2393172529703339,19.0,XLI,True,0.5983184441734932,0.025234856354849986,,no_data,0.0
2026-10-05,CAG,299,1.0,1.0248332688969353,0.9885879158740913,0.975325611996463,0.9815353180744831,1.0449382881900222,scored,-1.653991219592062,19.0,XLP,True,0.44272757819498887,0.03356539637566254,,insufficient_history,2.0
2026-10-05,CAH,299,1.0,1.0008970620228952,0.946418753909573,0.99488102205475,1.1702726326718664,1.2752237320818307,scored,-0.9849723669041612,19.0,XLV,True,5.741848012785448,0.02463043931359578,,no_data,0.0
2026-10-05,CAI,299,1.0,1.0052858245395069,1.0222554844788558,1.0285659543101935,1.0432625349825406,1.1166030016712878,scored,0.14165191092310975,19.0,XLV,True,1.5423603927562846,0.05075223404923608,,no_data,0.0
2026-10-05,CAKE,299,1.0,1.0336757366477458,1.0344382142319286,1.113014267894318,1.2633542193689595,1.5924737897591348,scored,0.6632040837253964,19.0,XLY,True,3.5740793064316305,0.03278069619766698,,no_data,0.0
2026-10-05,CALM,299,1.0,0.9031000390386394,0.8636605126540682,0.8919520298129714,1.0318977208789728,1.0183272199717825,scored,-1.6194005784607672,19.0,XLP,True,2.489235726544104,0.0383018268432698,,insufficient_history,1.0
2026-10-05,CALX,299,1.0,1.1586310309664956,1.1519396208197463,1.037482188569017,0.8283576613224315,0.5891667081978122,scored,-0.6968841103342946,19.0,SPY,False,1.1041234949391323,0.032152693504342814,,no_data,0.0
2026-10-05,CALY,299,1.0,0.9772230267450339,0.9425444195204603,0.7917714587338982,0.565045732712249,0.6109875613607468,scored,-1.8193945774860638,19.0,SPY,False,0.41507335397504946,0.029066761482846603,,no_data,0.0
2026-10-05,CAMT,299,1.0,1.01952009649218,0.9535769776989832,0.9574879833603218,0.8327825124841447,0.6822043916630376,scored,-0.24990375483413638,19.0,XLK,True,7.79541317345576,0.048104987185780684,,insufficient_history,2.0
2026-10-05,CAR,299,1.0,1.3651742811938,1.5265906207459212,1.6627894550119162,1.9150515015686722,1.8829041167386606,scored,-2.016753454727634,19.0,SPY,False,5.941851672863085,0.05502733536639271,,no_data,0.0
2026-10-05,CARG,299,1.0,1.1942743942971217,1.244036907575503,1.3145224126421249,1.4057201207217442,1.5891609974066032,scored,-1.3939780176281256,19.0,XLC,True,1.2739449769722848,0.04340528030569965,,insufficient_history,1.0
2026-10-05,CARR,299,1.0,0.9704101356547996,0.9015596468405271,0.8011428338844054,0.7681402912165014,0.8458156317816983,scored,-0.495822977236977,19.0,SPY,False,1.540953989970502,0.027650349721344017,,no_data,0.0
2026-10-05,CART,299,1.0,0.9566812351284083,0.8723185251835762,0.712612445599797,0.7627040028263418,0.7751116174642253,scored,-0.8582219581623401,19.0,XLY,True,1.5818427456858224,0.034636364039540665,,no_data,0.0
2026-10-05,CASY,299,1.0,1.0863193818361023,1.080826083383828,1.1124552428608234,1.2643228046848771,1.2941199078933707,scored,-0.6697003949160188,19.0,XLY,True,22.201738554809427,0.0359641335344296,,no_data,0.0
2026-10-05,CAT,299,1.0,0.9494792263701866,0.8483305036489657,0.8108118658832995,0.7818823582837812,0.8290123937884875,scored,1.122111805487139,19.0,XLI,True,24.219239364318156,0.02855570939269243,,no_data,0.0
2026-10-05,CATY,299,1.0,0.9233623168186532,0.7749893852263913,0.6777772926773385,0.6555088058149499,0.7628783041968437,scored,1.037690885026268,19.0,XLF,True,1.1126992807229885,0.018397805567509733,,no_data,0.0
2026-10-05,CAVA,299,1.0,1.0576109092284882,1.076097443009956,1.1124389920225035,1.135102090631113,1.162144447537272,scored,-0.8330643967327838,19.0,XLY,True,2.39388424580844,0.04424924668777153,,no_data,0.0
2026-10-05,CB,299,1.0,0.9462571881839101,0.893431189040553,0.8905213766529556,0.7825223989923903,0.6967594627380219,scored,0.7884530508592358,19.0,XLF,True,5.007352270145887,0.015151297377064016,,insufficient_history,1.0
2026-10-05,CBC,218,1.0,0.9003337712702926,0.746164067573272,0.6214407418102627,0.5156382195516876,0.5557157116422883,scored,1.8060961888500031,19.0,XLF,True,0.7473618202577491,0.02340625807258845,,no_data,0.0
2026-10-05,CBOE,299,1.0,1.0942772101103186,1.1432535318539474,1.2444220197628406,1.3260934103048745,1.4654291150701237,scored,0.11526308588706624,19.0,XLF,True,11.334684198865084,0.040850125054474655,,insufficient_history,2.0
2026-10-05,CBRE,299,1.0,1.028311455926644,1.0190471176593674,0.8908772211472994,0.8188554443658811,0.8404741050427276,scored,0.0999322150678613,19.0,XLRE,True,4.046202295625893,0.0312689512799528,,no_data,0.0
2026-10-05,CBRL,299,1.0,1.0849683729988076,1.164190664052049,1.1649525032384092,1.1187552363664552,1.4365965709057673,scored,-0.10314602296782102,19.0,XLY,True,2.6530554706276677,0.047106808782451486,,no_data,0.0
2026-10-05,CBRS,99,1.0,0.8771905334414529,0.8869252496065065,0.6279018562629071,0.5120878400868577,0.3598314025255976,scored,-0.5646497936791207,19.0,XLK,True,14.274126908676179,0.07862366790788311,,insufficient_history,5.0
2026-10-05,CBSH,299,1.0,0.8830940205085419,0.784152021069071,0.7438202049369109,0.7525943668135958,0.8819490779561915,scored,0.6655264102627384,19.0,XLF,True,0.9523671962935985,0.017271802616858876,,no_data,0.0
2026-10-05,CBT,299,1.0,0.9283219919969146,0.8577555181588871,0.8967876830180063,0.7873615804446008,0.7860024270478124,scored,0.7490354169741994,19.0,XLB,True,2.128470116220181,0.02750672158464954,,no_data,0.0
2026-10-05,CBZ,299,1.0,1.014008081624826,0.9800728848113381,1.0667122870697017,1.1835467432057707,1.5487726914754527,scored,0.5890976055362916,19.0,SPY,False,0.21500226243257617,0.003929134912876026,,no_data,0.0
2026-10-05,CC,299,1.0,0.9997613688893661,0.925689816685108,0.8920842728513863,0.8574173168233165,0.8980465952053283,scored,-0.5453762234263346,19.0,XLB,True,0.5477503827308986,0.03943487276680335,,no_data,0.0
2026-10-05,CCEP,299,1.0,0.9701046620961499,0.992175126996903,1.0181332228880087,0.9998016811353997,1.08652881986929,scored,-0.7057180034194375,19.0,XLP,True,2.0123438358017895,0.01983190929143382,,no_data,0.0
2026-10-05,CCI,299,1.0,0.9681987341315765,0.8782852369701405,0.9069397396462379,0.7607215094347988,0.6276898777863135,scored,-1.6767967785638322,19.0,XLRE,True,1.9232752419506052,0.028459237081246008,,no_data,0.0
2026-10-05,CCJ,299,1.0,0.9307990440146546,0.8966633587080296,0.8436726328284593,0.7040613611983719,0.6981074171573741,scored,-1.2931675962659168,19.0,XLE,True,3.2617895759120095,0.037290380426569215,,no_data,0.0
2026-10-05,CCK,299,1.0,1.0013793113351552,1.027610932920074,1.0217282969885535,0.9937922514040833,1.068013523788391,scored,-1.3173238602075952,19.0,SPY,False,2.358977325680605,0.02213339581235321,,no_data,0.0
2026-10-05,CCL,299,1.0,0.8699222312327127,0.859863953947138,0.81502972142978,0.8883273164964669,0.8849766162639509,scored,1.1912405623950515,19.0,XLY,True,0.8936357942507646,0.0349622767703742,,insufficient_history,1.0
2026-10-05,CCXI,165,1.0,1.143619891714817,1.2434331755822998,1.4984146615299212,1.5336813212473273,1.4170648227263334,scored,-0.643901771047782,19.0,SPY,False,0.7083497398295179,0.0586868052882782,,no_data,0.0
2026-10-05,CDE,299,1.0,0.9670525413781972,0.9792380426726687,1.0011648635214647,0.9319553840618192,1.0401976947857854,scored,-1.2661041768346124,19.0,XLB,True,0.9283010157751502,0.054445807376841654,,no_data,0.0
2026-10-05,CDNA,299,1.0,0.9420325053850643,0.8473350572926135,0.7307640581800386,0.5606952740959211,0.6201161250083627,scored,2.4485069493830727,19.0,XLV,True,3.0492005379807834,0.043653551009030546,,no_data,0.0
2026-10-05,CDNS,299,1.0,0.9385734465930667,0.9534637773934486,0.96557000001956,0.9214729907302341,0.7271480135341518,scored,0.9993607329936757,19.0,XLK,True,12.11869500115787,0.0342839623208042,,no_data,0.0
2026-10-05,CDP,299,1.0,1.0714680182680267,1.1423746006425026,1.2307523840240695,1.182778968165132,1.3727144302245835,scored,1.4114136517447364,19.0,XLRE,True,0.7002662156778072,0.0209911935155218,,no_data,0.0
2026-10-05,CDW,299,1.0,0.9808168455187393,1.0550897424165269,1.1440463407392154,1.0697522311085594,0.7001775660579326,scored,-0.7888267611984603,19.0,SPY,False,5.866513086085768,0.0438061012999236,,no_data,0.0
2026-10-05,CE,299,1.0,0.9501006917018457,0.9124774686965139,0.8360895386485993,0.6796783981760971,0.5931512888806408,scored,0.7638192385338788,19.0,XLB,True,1.8845941719827775,0.04139236046524879,,no_data,0.0
2026-10-05,CECO,299,1.0,0.9449276232829873,0.8834905836154218,0.8627053142706382,0.8345534062668185,0.6881012794616456,scored,0.030358773101851064,19.0,XLI,True,3.7743110510131013,0.05035100121415557,,no_data,0.0
2026-10-05,CEG,299,1.0,0.9486829268641015,0.9614255201319047,0.943141545917759,0.8204692070198025,0.7636267981398857,scored,-0.7496085146232272,19.0,XLU,True,10.811756664361553,0.040399658711462345,,no_data,0.0
2026-10-05,CELC,299,1.0,0.9037833215440613,0.8703804754973226,0.9328237766347209,1.0358582534314442,0.9964597956102409,scored,-1.1418747020507973,19.0,XLV,True,4.517507195790169,0.061362499263653475,,insufficient_history,1.0
2026-10-05,CELH,299,1.0,1.0266919291625876,1.0257874113706453,1.0659496052554187,1.0922548918811277,1.0107551713902587,scored,-0.46431245410056765,19.0,XLP,True,1.2712365191808546,0.04619318747023454,,no_data,0.0
2026-10-05,CENX,299,1.0,1.0330957856294594,0.9370687278944572,0.9151467458248148,0.9575502635566503,1.0161438962109244,scored,-1.584909776219342,19.0,XLB,True,1.7962575561222007,0.04862635506557122,,no_data,0.0
2026-10-05,CERT,293,1.0,1.006543374237292,1.0333444059590349,1.1795534708494761,1.2324624026918303,1.13085135732147,scored,1.440058650555544,19.0,SPY,False,0.3977433449728364,0.039497849550430626,,no_data,0.0
2026-10-05,CEVA,297,1.0,0.9796037009281812,0.932228605067836,0.9235363312367915,0.9291625046861037,1.221244420185668,scored,2.5134889436155867,19.0,XLK,True,1.6971580221319023,0.04629454506633667,,no_data,0.0
2026-10-05,CF,299,1.0,1.0131922179570725,0.9166155507886913,0.7945003905168954,0.8811217810691365,0.9464762031250052,scored,-1.211442612756437,19.0,XLB,True,4.465434692709447,0.0384884907146134,,no_data,0.0
2026-10-05,CFG,299,1.0,0.9355067819459989,0.8752953521389805,0.8163292797369945,0.863605081387124,1.0246129436228995,scored,0.31278903884842674,19.0,XLF,True,1.3975741400996622,0.021731832375986037,,no_data,0.0
2026-10-05,CFR,299,1.0,0.9571547862466945,0.8504836495294618,0.8050935125188364,0.7875070330972249,0.8649417220057403,scored,0.4406840410931446,19.0,XLF,True,3.005984885604313,0.01954095355655147,,no_data,0.0
2026-10-05,CG,299,1.0,1.0108945466274954,1.0056571279224606,0.9348800218950374,0.9246435172525668,1.060153364168745,scored,-0.9941104964854088,19.0,XLF,True,1.3642810866090178,0.0346968740236271,,no_data,0.0
2026-10-05,CGAU,299,1.0,0.9685611073141274,0.9668529222500999,0.9158180528327962,0.7877715245336618,0.8986987550162772,scored,-0.06475770222148178,19.0,XLB,True,0.8210987729946705,0.0380843586732222,,no_data,0.0
2026-10-05,CGEM,299,1.0,1.0362981292036453,1.047240786352311,1.0891495257589372,0.9814321076856548,0.7591651570876278,scored,-1.047213221828364,19.0,XLV,True,1.204141260041585,0.07507115087541054,,no_data,0.0
2026-10-05,CGNX,299,1.0,0.9766215431627677,0.8865592207583158,0.8666283754943732,0.804289481884498,0.6980979416288474,scored,1.0783370329740993,19.0,SPY,False,2.156232355311222,0.033497473284312906,,no_data,0.0
2026-10-05,CGON,299,1.0,0.9387104473829705,0.9286148728738616,0.874416501203142,0.9122910699180489,0.9122836703532381,scored,0.3730040867557895,19.0,XLV,True,3.354253856010001,0.048817549934652905,,no_data,0.0
2026-10-05,CHD,299,1.0,0.9496963174389637,0.8638343626995483,0.8281399586339382,0.7373304575218882,0.8538158556809015,scored,0.4926598157672074,19.0,XLP,True,1.6127937885911676,0.016859646546008442,,no_data,0.0
2026-10-05,CHDN,299,1.0,0.9690490060219535,0.9031525661707002,0.9026755312867656,0.868420966068265,0.8553194289423789,scored,-1.5890643602197205,19.0,XLY,True,2.84467372126966,0.036672343963770275,,no_data,0.0
2026-10-05,CHE,299,1.0,0.9292557817042993,0.8591786136049782,0.7781760706667229,0.7716084657968347,0.8304100210360866,scored,0.8927108734151654,19.0,XLV,True,12.783268566527747,0.02500150316160326,,no_data,0.0
2026-10-05,CHEF,299,1.0,0.9720246082023186,0.9906618450168443,1.0291007632220166,1.0119152478254918,0.9331846603308587,scored,0.42211304160168867,19.0,XLY,True,4.077657548297182,0.03671250156025194,,no_data,0.0
2026-10-05,CHH,299,1.0,0.9124344963796213,0.9168432260664999,0.9257709736140586,0.8875409974873725,0.7627740391088476,scored,1.25546286064258,19.0,XLY,True,3.073452523999977,0.030864154689696496,,no_data,0.0
2026-10-05,CHKP,299,1.0,0.9147252994176566,0.8485512848284317,0.7414366391004926,0.6610261343972519,0.49970289679208296,scored,-0.49117536619733565,19.0,XLK,True,4.5458254491942895,0.03508122742085421,,no_data,0.0
2026-10-05,CHPT,296,1.0,1.0736171419825764,1.031901681545779,0.9417750359744772,0.8130909292099365,0.7275632445124102,scored,0.8983802561047678,19.0,SPY,False,0.7861827239068887,0.08803837893694162,,no_data,0.0
2026-10-05,CHRD,299,1.0,0.9124184727052554,0.9172059712724355,0.8811641618988544,0.9437569596914082,0.9927713526769286,scored,0.2942346520631373,19.0,XLE,True,4.449899058799699,0.031988347773702096,,no_data,0.0
2026-10-05,CHRW,299,1.0,0.9435237158087879,0.9206616170374659,0.9288953778820925,0.9172452242369176,0.8395455703236516,scored,1.1269711981701864,19.0,SPY,False,5.836365744334406,0.04150747275680539,,insufficient_history,1.0
2026-10-05,CHTR,299,1.0,1.0069075656632847,0.9936951706927466,1.0608636195102719,1.0955605853995807,1.1570482454601776,scored,-2.052635508664866,19.0,XLC,True,5.795180322453044,0.05377359490074273,,no_data,0.0
2026-10-05,CHWY,299,1.0,0.9522292132514217,0.9724414978109134,0.8979859752467588,0.830406330125377,0.7599637744133008,scored,-1.7835810877953866,19.0,XLY,True,0.8789631978636556,0.04824166837890536,,no_data,0.0
2026-10-05,CHYM,299,1.0,0.9703705594138664,0.9813539000570065,1.0501042529532323,1.2249148668466798,1.351891233990645,scored,-0.805623597338297,19.0,XLF,True,1.2749716790280257,0.045067927855356155,,no_data,0.0
2026-10-05,CI,299,1.0,1.0524505525413148,0.9700826337220101,0.8169273167346229,0.60453636912548,0.4280037869969645,scored,0.062030951021807106,19.0,XLV,True,7.288667642079305,0.026866702208261654,,insufficient_history,1.0
2026-10-05,CIB,299,1.0,1.0345217877700459,1.029002580522771,1.0774088620757347,1.2107309153775252,1.3861782636081088,scored,-0.10583817794555954,19.0,XLF,True,3.0330590985492836,0.0315746314652226,,no_data,0.0
2026-10-05,CIEN,299,1.0,0.9982794673343317,0.9624274708744648,0.8917787551783812,0.8228200954539421,0.8979312852031299,scored,0.6845068171340317,19.0,SPY,False,21.518957771036167,0.05522070818095452,,no_data,0.0
2026-10-05,CIFR,299,1.0,1.0508866905930876,1.0217599977369576,0.9453064534907057,0.8284981477470191,0.816015494318724,scored,-1.3689592156402068,19.0,XLK,True,1.3717169040097787,0.0886122031014069,,no_data,0.0
2026-10-05,CIGI,299,1.0,1.0565095806903764,1.088607364972698,1.032328311130493,1.0418497050553743,0.9243238051755547,scored,0.24904305036722643,19.0,XLRE,True,2.8632444106658594,0.03215683300388431,,no_data,0.0
2026-10-05,CINF,299,1.0,1.0850235530358885,1.0617169846142882,1.0389858435540655,0.9250465363156385,0.6891680982479663,scored,0.014735734741381103,19.0,XLF,True,2.6783275329371725,0.01651861066323654,,no_data,0.0
2026-10-05,CL,299,1.0,0.9068475888939218,0.7904344093303529,0.7983523006405459,0.8194103537844947,1.072079679227693,scored,-0.5217248696253632,19.0,XLP,True,1.5107973517917728,0.017528684903025556,,no_data,0.0
2026-10-05,CLBK,299,1.0,0.9627672785210507,0.9403192804588115,0.8878410796527605,0.8371824176888811,0.7900728496329193,scored,-0.11995733234440016,19.0,XLF,True,0.28194841222690536,0.02488512023185396,,no_data,0.0
2026-10-05,CLBT,299,1.0,1.0633510937012434,1.1275028907467521,1.0765114788495114,0.8513309470134969,0.7019438802956929,scored,-1.3254657627716147,19.0,XLK,True,0.46665793642806935,0.041665887181077624,,no_data,0.0
2026-10-05,CLDX,299,1.0,1.0016082203155265,0.9669889149850803,0.9249031288326071,0.8131063010179039,0.6829155120295473,scored,-0.6805848009183252,19.0,XLV,True,1.780977884857481,0.05464798664797425,,no_data,0.0
2026-10-05,CLF,299,1.0,0.9633920162153843,0.979916989542771,1.0428383832519066,1.0624191128498748,1.1031120864848487,scored,0.5132262172135944,19.0,XLB,True,0.6511108578708513,0.053369742448430436,,insufficient_history,3.0
2026-10-05,CLH,299,1.0,0.9091355781029372,0.8846852041042446,0.838835982405188,0.8176384767555269,0.7991440254197478,scored,0.7208057355014206,19.0,SPY,False,6.305046478603237,0.019558415729141163,,no_data,0.0
2026-10-05,CLMT,299,1.0,1.033488943654634,1.1037824457659862,1.077175251065088,1.0598038462709916,0.7153437308654521,scored,0.8936929773716343,19.0,XLE,True,2.4291057843538346,0.04335366382926708,,no_data,0.0
2026-10-05,CLS,299,1.0,0.9510473659354927,0.8971922690518446,0.749081369718301,0.6233382389932495,0.5530146997083506,scored,1.7171125374765284,19.0,SPY,False,19.775653770375285,0.05167538678924269,,no_data,0.0
2026-10-05,CLSK,299,1.0,0.9870570188714609,0.9767035552423722,1.080864220415787,1.1564531501256494,1.127951013697565,scored,-0.6029748751584065,19.0,XLK,True,0.8974055406121451,0.07190749524135777,,no_data,0.0
2026-10-05,CLX,299,1.0,1.0456630900072648,1.0536832928209905,1.0295201138877037,1.1334260184136857,1.3889929318960594,scored,-2.137927852874653,19.0,XLP,True,2.4145116046068136,0.029441673022885178,,no_data,0.0
2026-10-05,CLYM,299,1.0,1.1722638527330398,1.2412041643334628,1.3029520723828145,1.3147292129222643,1.1578240378128286,scored,-1.2198380767853358,19.0,XLV,True,0.8982104610766367,0.08128601457707119,,no_data,0.0
2026-10-05,CM,299,1.0,0.9934147621449267,0.9498932814659644,0.8807004332284587,0.8562543628803206,0.784760806648488,scored,0.4709621905984394,19.0,XLF,True,2.142347972327933,0.019419397863741233,,no_data,0.0
2026-10-05,CMBT,299,1.0,1.0840489532919881,1.018387682153268,0.9747846153602084,0.9224263942283717,0.8018869246444037,scored,1.2943417441240788,19.0,XLE,True,0.5248817933558931,0.026257218276933125,,no_data,0.0
2026-10-05,CMC,299,1.0,1.0067429835149657,0.9659662383609502,0.8947112945291383,1.0117015039235815,1.1524166780157847,scored,0.9805347670689444,19.0,XLB,True,2.096726189844492,0.032006200425041854,,no_data,0.0
2026-10-05,CMCSA,299,1.0,0.9545554221858955,0.8776947016366615,0.8454880836551898,0.8914775403767929,0.9832899218431561,scored,-1.5582392084933234,19.0,XLC,True,0.6194625491251488,0.028718708814332347,,no_data,0.0
2026-10-05,CME,299,1.0,1.1019412793371008,1.1504103500156302,1.2503126993766662,1.2245242736313457,1.2671466122525747,scored,1.1948519321695104,19.0,XLF,True,6.123309979448569,0.022676406249115173,,no_data,0.0
2026-10-05,CMG,299,1.0,1.0628089702817012,1.1252372813364726,1.1443679634311814,1.1502685809732383,1.0749902227894417,scored,-0.5697552277232959,19.0,XLY,True,1.195804496590545,0.03876189616176807,,insufficient_history,3.0
2026-10-05,CMI,299,1.0,0.9161246527858866,0.7878889180052562,0.7408811807499561,0.7455189642359366,0.8963257938307176,scored,-1.1952194045970232,19.0,XLI,True,14.335217247210734,0.027390215807575394,,no_data,0.0
2026-10-05,CMPS,299,1.0,0.999183554530293,0.9490272207104453,0.8757025418053118,0.8485783242248283,0.8294863212955533,scored,0.7427762308892906,19.0,XLV,True,0.7490562570322837,0.06457381526140377,,no_data,0.0
2026-10-05,CMS,299,1.0,0.9315984318148047,0.9280750466260318,0.9330124867638467,0.8997747436613966,0.9727246759026886,scored,-0.14034310509382134,19.0,XLU,True,1.0480278220824517,0.01636776233144544,,no_data,0.0
2026-10-05,CNA,299,1.0,0.979789243118354,1.0198802210918545,1.078058825186657,1.1756444173171223,1.2827164728035318,scored,0.4470246369541295,19.0,XLF,True,0.9514914503283645,0.020590596198406502,,no_data,0.0
2026-10-05,CNC,299,1.0,1.0309970463338927,1.060576595607048,1.0574155260712796,1.159742857592439,1.3045020367428566,scored,-0.29741396593884617,19.0,XLV,True,2.151791601038056,0.033464877154557635,,no_data,0.0
2026-10-05,CNH,299,1.0,1.0405758017309916,1.034400664256717,0.9121006678755113,0.930566474261471,0.9290934491143288,scored,0.48055326658349473,19.0,XLI,True,0.5050918330972801,0.037976829556186475,,no_data,0.0
2026-10-05,CNI,299,1.0,0.8851436374345992,0.8443296483039407,0.8302308366764564,0.8451514574548021,0.7599657506935024,scored,-0.999911611740965,19.0,SPY,False,2.136805072042602,0.017908188669482083,,no_data,0.0
2026-10-05,CNK,299,1.0,0.9739217180853063,1.0113055967469322,1.0980194539275905,1.170433763309028,1.1906624633666822,scored,1.1448250928768753,19.0,XLC,True,1.2106343850950978,0.03365678023617175,,no_data,0.0
2026-10-05,CNM,299,1.0,1.03415342358675,1.0150892939154645,0.973213183939509,0.930671732402664,0.7241120922540026,scored,-0.7892080849871578,19.0,SPY,False,1.1997057338942052,0.028687368098857132,,no_data,0.0
2026-10-05,CNO,299,1.0,0.8015594191524994,0.7496023071569984,0.694922888528104,0.6780538205027997,0.6261996297324723,scored,0.5016549284616681,19.0,XLF,True,1.0982257123501666,0.020326220846754887,,no_data,0.0
2026-10-05,CNP,299,1.0,0.9458781273623094,0.9052929847305989,0.889373110653883,0.8390362310360343,0.8955371685015394,scored,0.004665858606050839,19.0,XLU,True,0.656483092702649,0.017390280601394678,,no_data,0.0
2026-10-05,CNQ,299,1.0,1.0452857438732142,1.0536485777222482,1.0209658013666174,1.0728860006224257,1.2580513810887688,scored,-1.9815527978677732,19.0,XLE,True,1.2158670782473044,0.025168020663367922,,no_data,0.0
2026-10-05,CNR,299,1.0,0.9793611760544816,0.9260516766586518,0.9413968708060373,1.096693876276771,0.9299088521278588,scored,-1.1035708397736599,19.0,XLE,True,3.175679143073972,0.03489373852405199,,no_data,0.0
2026-10-05,CNS,299,1.0,1.0449266054379547,0.9995565134536275,0.9762026249883212,0.9255090703978757,0.9939536746591247,scored,0.12971344045464328,19.0,XLF,True,2.2077111114003314,0.030234334585049732,,no_data,0.0
2026-10-05,CNX,299,1.0,1.0085775473629792,0.9860513030792686,0.8948921263742364,0.9507432445255489,1.084305142694424,scored,-2.4042721615124045,19.0,XLE,True,0.8843473201943888,0.027430127797592702,,no_data,0.0
2026-10-05,CNXC,299,1.0,0.9704304206250254,0.9350936098864954,0.7892289203305106,0.6948701103297135,0.6498355852231155,scored,-1.1050930557960166,19.0,SPY,False,2.253369933188536,0.08710359231498013,,no_data,0.0
2026-10-05,COCO,299,1.0,1.0133738892689461,1.020502703137225,1.0768558469156384,1.1409392637596287,1.1249822466134354,scored,1.3182071589760567,19.0,XLP,True,2.489778088939071,0.04500683457952045,,no_data,0.0
2026-10-05,COF,299,1.0,0.9497868857834771,0.9170268248014639,0.8178629021223381,0.8772279490411944,0.9562467211218678,scored,-0.6223019839558056,19.0,XLF,True,4.52629226028907,0.023195102287019938,,no_data,0.0
2026-10-05,COGT,299,1.0,1.0073050780695894,1.0505543921899052,1.0320992021402526,0.9625033765403407,1.087679571719634,scored,0.06243709260212513,19.0,XLV,True,1.3597724094420032,0.04404834497706521,,no_data,0.0
2026-10-05,COHR,299,1.0,0.9714251457443734,0.9259803527332573,0.8741475381880821,0.6613486958116537,0.5215527268608695,scored,0.6292502230519521,19.0,SPY,False,21.040740409116932,0.06306420216136234,,insufficient_history,1.0
2026-10-05,COHU,299,1.0,1.074640377954662,1.0621784287103297,1.060075690801659,0.9035782505180202,0.8054839943784258,scored,1.5621265579432209,19.0,XLK,True,3.6128150643500176,0.0490006112077854,,no_data,0.0
2026-10-05,COIN,299,1.0,0.9210552186338269,0.8694410047793492,0.8110880833751839,0.7588799588389914,0.6936492442103801,scored,0.7290860869971431,19.0,XLF,True,11.355631159218726,0.06033169248336376,,no_data,0.0
2026-10-05,COKE,299,1.0,1.1413357693764659,1.2227369582327363,1.3472434586352549,1.3060759055109183,1.2831742840324236,scored,-0.21291521572657168,19.0,XLP,True,5.808294344585319,0.02989958995462431,,no_data,0.0
2026-10-05,COLB,299,1.0,0.9756414647018035,0.8456562514510187,0.768256505738474,0.7322787759815534,0.7534212001200655,scored,0.6916631093839,19.0,XLF,True,0.6258931911300243,0.021702260441401673,,no_data,0.0
2026-10-05,COLD,299,1.0,1.0193191192898685,0.9909612951369657,0.9230085049421631,0.8850811565725039,0.9089392121236146,scored,0.5449850443203932,19.0,XLRE,True,0.4966305843908267,0.035347372554507234,,no_data,0.0
2026-10-05,COLL,299,1.0,1.0662124047249422,1.1489459910746052,1.296974033393508,1.3258527366301742,1.5358320680053503,scored,-1.1947574639840133,19.0,XLV,True,0.9605442677777783,0.043920634100492836,,no_data,0.0
2026-10-05,COLM,299,1.0,0.8463245627721163,0.8220913057069659,0.7393496491948924,0.6450724761416502,0.557248131797056,scored,-0.11948351410500285,19.0,SPY,False,1.4922531718865326,0.026212070470516997,,no_data,0.0
2026-10-05,CON,299,1.0,1.0376241724661175,1.0402830415354296,1.1518937497280257,1.166564329357776,1.1668954931687447,scored,1.0895628466094143,19.0,XLV,True,0.9723050394167156,0.02685183759781043,,no_data,0.0
2026-10-05,COO,299,1.0,1.017574749998813,1.0900821724190894,1.1725710903043662,1.208446478980358,1.3952934888160045,scored,-0.8082324910108385,19.0,XLV,True,1.8185398372317751,0.032033465514035145,,no_data,0.0
2026-10-05,COP,299,1.0,0.9743999798789634,0.9277134970361378,0.9165889489784125,0.9068008355183208,0.857474358693673,scored,-0.33174688822097304,19.0,XLE,True,3.2248053826372156,0.025115306718358377,,no_data,0.0
2026-10-05,COR,299,1.0,0.9732016529973192,0.8721997352992652,0.8089092021994114,0.7907849145079205,0.9307539484021511,scored,-1.3385903026764494,19.0,XLV,True,8.19326691058291,0.026016152511932525,,no_data,0.0
2026-10-05,CORT,299,1.0,1.0133916083393475,1.0751050168733844,1.089706543247621,1.1274669680910343,1.2628739901244366,scored,0.6283481928071484,19.0,XLV,True,5.261406258372604,0.04311567859028603,,no_data,0.0
2026-10-05,CORZ,299,1.0,1.0069707198269395,1.0571472898258165,1.021733760548009,0.8594001750428052,0.8239414604911508,scored,-1.3349524402361916,19.0,XLK,True,1.0311921444113434,0.062120008699478514,,no_data,0.0
2026-10-05,COST,299,1.0,1.033551363343518,0.9923745770096463,0.9866836566734496,0.8903478966626973,0.7361911833735626,scored,1.1200907150008939,19.0,XLY,True,15.292954506241275,0.01655941886070824,,no_data,0.0
2026-10-05,CP,299,1.0,0.8810030701091429,0.8434117528909054,0.8234672077411836,0.9203103646840651,1.0249993919241454,scored,-1.927396201327517,19.0,SPY,False,1.6685601177543088,0.019447087619514088,,no_data,0.0
2026-10-05,CPA,299,1.0,0.9176607365053647,0.8526449909503526,0.7448781351330305,0.8018277377272272,0.8474132116657979,scored,1.2779503108306114,19.0,XLI,True,3.9282564456228695,0.028988683090715592,,no_data,0.0
2026-10-05,CPAY,299,1.0,1.0359172796278306,1.0256284778170657,0.8938848422941077,0.7308301249517875,0.6793239299462593,scored,0.4383440263423247,19.0,XLF,True,8.496625041476669,0.021150614959366397,,no_data,0.0
2026-10-05,CPB,299,1.0,0.9430873013522452,0.9177599593352651,0.9112221928552416,0.8574963088132918,0.9398136183150768,scored,-1.3226030804723128,19.0,XLP,True,0.689039727086019,0.0357015402635243,,no_data,0.0
2026-10-05,CPK,299,1.0,0.8782586406989774,0.8395808825123795,0.8579684275239329,0.8543036827770593,0.8837694564491438,scored,0.18125484799551292,19.0,XLU,True,2.9439600502123495,0.023314802013244235,,no_data,0.0
2026-10-05,CPNG,299,1.0,0.9452445929473591,0.9417512017865783,0.9426555730684312,0.934314146815264,0.92195474258113,scored,-1.084469885073196,19.0,XLY,True,0.45545045375094395,0.03207397561626366,,insufficient_history,1.0
2026-10-05,CPRI,299,1.0,0.8923136024106211,0.8805898153041153,0.7942495830264628,0.8588204309910504,0.8333592897628868,scored,0.20049292428477106,19.0,SPY,False,0.7011056899411562,0.04838548584825094,,no_data,0.0
2026-10-05,CPRT,299,1.0,1.0158516068494903,0.9892158062617628,0.889823881656228,0.9082695753573048,0.8938792444414081,scored,-2.0077269517716525,19.0,SPY,False,0.8513663263790893,0.03079082554716417,,no_data,0.0
2026-10-05,CPT,299,1.0,0.9611959457291955,0.9380747110202675,0.8508855981542817,0.8022149078723232,0.8598450676874053,scored,0.40614582096353063,19.0,XLRE,True,1.7671772485844586,0.01814909364880824,,no_data,0.0
2026-10-05,CR,299,1.0,0.953192361539412,0.9421376415008286,0.9220073172626552,0.9901792522756993,0.9080366218349878,scored,1.2229474997708356,19.0,XLI,True,5.2294652776313155,0.024948548626646225,,no_data,0.0
2026-10-05,CRAI,299,1.0,1.0902727416840303,1.1010486241216315,1.1305277187425327,1.0904382259621903,1.0365107832148654,scored,-0.8912198333168267,19.0,SPY,False,5.984264494064675,0.03493644984566919,,no_data,0.0
2026-10-05,CRBG,299,1.0,0.912936371083146,0.8766303057682281,0.7607847611254668,0.8074091767278845,0.9043601076784207,scored,1.4393719954117066,19.0,XLF,True,0.8888931415092138,0.02551358041071222,,no_data,0.0
2026-10-05,CRC,299,1.0,0.8734137885687048,0.8806643905379656,0.873644902126366,0.8762256838933598,0.9918399139933577,scored,0.30145507148148515,19.0,XLE,True,1.6249442262313283,0.030653541336188046,,no_data,0.0
2026-10-05,CRCL,299,1.0,0.930795931937233,0.8939589334890344,0.9466025033798592,1.129363083415487,1.302170538310088,scored,-1.037850976224422,19.0,XLK,True,5.993634981197067,0.07195240073465867,,no_data,0.0
2026-10-05,CRDO,299,1.0,1.0305104709164394,1.0562621284390736,1.086912031471747,1.0830738808463136,0.9067788572637928,scored,0.7754726796277379,19.0,XLK,True,14.303977056756016,0.06731916913006408,,no_data,0.0
2026-10-05,CRGY,299,1.0,0.9690591365263597,0.9522642178660837,0.8685195999107014,0.906283219277897,0.9725380359617039,scored,0.7525053407924607,19.0,XLE,True,0.4889419731201872,0.03605766763423209,,no_data,0.0
2026-10-05,CRH,299,1.0,0.9757409180363478,0.9430267617517187,0.9050183209638146,0.9514037781526938,0.9865098829569482,scored,-1.3174888121645538,19.0,XLI,True,2.4491247879455997,0.02963248382269328,,insufficient_history,1.0
2026-10-05,CRI,299,1.0,0.9543965178040055,0.8736824362986099,0.858308788086508,0.7564941690122089,0.6771674665237618,scored,-0.31878732775068835,19.0,SPY,False,1.162631102997857,0.03597249699869607,,no_data,0.0
2026-10-05,CRK,299,1.0,1.0673052996583634,1.1022051859895834,1.0748695856412585,1.1664640196926244,1.0380956158275003,scored,-0.9113550101398488,19.0,XLE,True,0.6468663912562029,0.049530351551010945,,no_data,0.0
2026-10-05,CRL,299,1.0,1.056612583053769,1.1214787486206361,1.2270526566744964,1.2714920033526298,1.1801646962905923,scored,-0.3657629311031265,19.0,XLV,True,10.412572259684529,0.033505718890769795,,insufficient_history,1.0
2026-10-05,CRM,299,1.0,1.0538757227388553,1.0559686475208137,1.0258166539476932,1.0289966176044874,1.094396393145675,scored,-0.6258158868339982,19.0,XLK,True,8.69269305309369,0.037828857013332565,,no_data,0.0
2026-10-05,CROX,299,1.0,0.9404625616865236,0.9284852337375029,0.8724656779656886,0.7898675990849823,0.668834361167211,scored,0.3459221659405948,19.0,SPY,False,4.189579791751448,0.035447836464603165,,no_data,0.0
2026-10-05,CRS,299,1.0,1.0025760270305784,0.9793817436058014,0.8915198746776867,0.8892431578654987,1.0757707939713137,scored,-1.3765431789374658,19.0,XLI,True,14.987585348797053,0.03821413908413323,,no_data,0.0
2026-10-05,CRSP,299,1.0,0.908471944404579,0.8521460698472875,0.8267621635875224,0.8586969181709347,0.7320583241166267,scored,0.23329383195021444,19.0,XLV,True,2.8098664046628756,0.04900359966276378,,no_data,0.0
2026-10-05,CRUS,299,1.0,0.9222215236956158,0.8562641507770347,0.8318078375117558,0.8582494418280929,1.023387390226604,scored,0.1372111106937804,19.0,XLK,True,3.3133670684746765,0.027304219764933472,,no_data,0.0
2026-10-05,CRWD,299,1.0,1.0521775643286841,1.0631856086422908,1.08090700457317,0.9699916979449371,0.9750121887162675,scored,0.8840029849405476,19.0,XLK,True,11.047055776477897,0.040514379200050965,,no_data,0.0
2026-10-05,CRWV,299,1.0,1.1042922622919602,1.1608978799161884,1.116430634325984,0.945937729715713,0.8488154974751778,scored,0.5533283750271564,19.0,XLK,True,5.0627408548611275,0.05793272519580189,,no_data,0.0
2026-10-05,CSCO,299,1.0,0.9920119588130799,1.0237743118595573,0.9457140680747367,0.8636740972572403,1.0400742986261176,scored,-0.07748727121512346,19.0,SPY,False,2.550114188530541,0.022603387595555233,,no_data,0.0
2026-10-05,CSGP,299,1.0,0.9550186044868407,0.9442568092980114,0.8985794481816743,0.7332163818598946,0.6460782141446891,scored,-1.0649464130254749,19.0,XLRE,True,1.0663653043390433,0.038552614039734034,,no_data,0.0
2026-10-05,CSIQ,299,1.0,0.9343276825761139,0.884188418967953,0.882052874848309,0.860209797879202,0.9082561188845905,scored,-1.030871172997367,19.0,XLK,True,0.6984738309745278,0.062419466575024826,,insufficient_history,1.0
2026-10-05,CSL,299,1.0,1.0031855718364588,0.9430667837145569,0.9076068681091841,0.9112294347725052,0.8434915789826779,scored,0.6884354670527923,19.0,SPY,False,10.547796503676274,0.0318683802757758,,no_data,0.0
2026-10-05,CSQR,57,1.0,1.1206869463398565,1.2313864588460914,1.2391078206653285,0.7078286220404237,0.9264218073320772,scored,-0.17635097313614634,19.0,SPY,False,0.9722254615395682,0.05508359555464976,,no_data,0.0
2026-10-05,CSR,299,1.0,0.9327712618081652,0.9058325140706791,0.8907033919599515,0.9559905390858657,0.9324944743894438,scored,1.1812995697852529,19.0,XLRE,True,1.2243847492491482,0.02218892260328286,,no_data,0.0
2026-10-05,CSTM,299,1.0,0.9398756857707725,0.8234016725077928,0.6784858471922803,0.7183953624424751,0.7820927333731944,scored,0.8658540105327194,19.0,XLB,True,0.9210716111123258,0.0364203879443387,,insufficient_history,1.0
2026-10-05,CSW,299,1.0,0.9749351196696807,0.9825321016556431,0.9539498634849887,0.9043702100079729,0.8042186499596826,scored,0.44440818749241934,19.0,SPY,False,9.7764890464787,0.03237355225828239,,no_data,0.0
2026-10-05,CSX,299,1.0,1.0095594447261997,0.9549322920873555,0.9103104549680144,1.0681927482419389,1.1839574808524584,scored,-0.39006702934025916,19.0,SPY,False,0.8743093368403353,0.018433677774411454,,no_data,0.0
2026-10-05,CTAS,299,1.0,1.0213587174859378,1.0235890123849536,1.0311734913306885,1.148641780180336,1.2340837729278915,scored,-0.20607976973932898,19.0,SPY,False,3.921571201239404,0.020069453435206774,,no_data,0.0
2026-10-05,CTRE,299,1.0,0.9202997050201808,0.9220249441779981,0.9262426910369015,0.9410612171454196,0.7887792561515673,scored,-0.5838940252120894,19.0,XLRE,True,0.7211328535380002,0.019920797059060778,,insufficient_history,1.0
2026-10-05,CTRI,299,1.0,0.959687873907555,0.9099599110747268,0.838775732911492,0.8531481257392417,0.7823834854777042,scored,0.762288158303894,19.0,XLI,True,0.7598908011665803,0.036674266465568546,,no_data,0.0
2026-10-05,CTSH,299,1.0,1.0599425962962739,1.1634862635830199,1.2513948886006176,1.4728718138817236,1.7948388398595352,scored,-0.21663332548188013,19.0,XLK,True,2.337213885720416,0.040179025025277905,,no_data,0.0
2026-10-05,CTVA,299,1.0,1.0333133083404238,1.030957112129616,0.6454821429159686,0.3723367334222856,0.27480511892755677,scored,-1.0328233895120786,19.0,XLB,True,5.998803587071717,0.4841649384238674,,insufficient_history,2.0
2026-10-05,CUBE,299,1.0,0.9431014713042581,0.938397368292086,0.9547032616652424,0.9541100209707587,0.8192327029961841,scored,0.31017107049386927,19.0,XLRE,True,0.7431786590078727,0.019983292793973453,,no_data,0.0
2026-10-05,CUBI,299,1.0,0.900414012909688,0.7827561344917293,0.7020490179463892,0.6039265523715229,0.6609482425815689,scored,0.7220728992784057,19.0,XLF,True,1.8272707433124193,0.024353868363486863,,no_data,0.0
2026-10-05,CURB,299,1.0,0.975420756236218,0.9038565692489926,0.847829145263751,0.8685020995508587,0.8406187953972334,scored,0.5807568337960575,19.0,XLRE,True,0.5839861976831778,0.020961457203272714,,no_data,0.0
2026-10-05,CUZ,299,1.0,0.9921758867496022,0.9910366514449167,0.9291580773190367,0.8190831855678551,1.0977534900303079,scored,-0.11856850062167403,19.0,XLRE,True,0.6394599848234858,0.02339773087535623,,no_data,0.0
2026-10-05,CVBF,299,1.0,0.9491697804595084,0.8526835343887773,0.7239856712425164,0.6083975464454505,0.6281439510833263,scored,1.4277303152255667,19.0,XLF,True,0.4208686339531724,0.019026610938208517,,no_data,0.0
2026-10-05,CVCO,299,1.0,1.12223807596997,1.129213507007558,1.1933888432189348,1.126033979628696,0.8519322360725671,scored,1.474845832280214,19.0,XLP,True,18.137593082457556,0.03147412338393037,,insufficient_history,1.0
2026-10-05,CVE,299,1.0,1.0358482851048492,1.0432397942506368,0.9914406564642514,0.9382427060556218,0.9697234132318274,scored,-0.29062940255218767,19.0,XLE,True,1.004814271539131,0.03192927459609568,,insufficient_history,1.0
2026-10-05,CVI,299,1.0,1.003826681699598,0.9832744535428118,0.9911778936625988,1.1514392276601306,1.4767101483114724,scored,2.16985538268803,19.0,XLE,True,2.738810194777831,0.048099933171370415,,no_data,0.0
2026-10-05,CVLT,299,1.0,0.9181181236997369,0.9143945896633991,0.8533810194942657,0.9462851382132375,1.0575047535922644,scored,-0.08246901816140662,19.0,XLK,True,5.70905897557731,0.03713692171714897,,no_data,0.0
2026-10-05,CVNA,299,1.0,0.9138594568484634,0.8215280464064678,0.721222781633123,0.7464652022361553,0.8522035235394309,scored,-1.0240214452192722,19.0,XLY,True,3.2073516080534197,0.05033508487215034,,insufficient_history,2.0
2026-10-05,CVS,299,1.0,0.9634246687680532,0.9770943189677997,0.975401997518576,0.9813077564421131,0.9716001675516278,scored,-0.2537064480528562,19.0,XLV,True,2.1290304870121277,0.02446880228723282,,no_data,0.0
2026-10-05,CVSA,299,1.0,0.9818822775439071,1.044914273506732,1.099669272533157,1.1300663128429944,1.121068897963423,scored,-0.520688954228061,19.0,SPY,False,3.9453672293979705,0.03146476775977327,,no_data,0.0
2026-10-05,CVX,299,1.0,0.998466574971636,0.963661688936224,0.9545209153608131,1.0101022326750408,1.0535093478942787,scored,0.30776084362443745,19.0,XLE,True,4.177217559189235,0.020231595675832978,,no_data,0.0
2026-10-05,CW,299,1.0,0.9387672077617727,0.8557415430714277,0.7223625196449031,0.7453242661613334,0.8787126870043044,scored,-0.1625669970743828,19.0,XLI,True,15.713123236834006,0.029055868704735678,,no_data,0.0
2026-10-05,CWEN,299,1.0,0.9227702308376282,0.9411283085467113,1.0114599354316465,1.0476041259265567,0.9867348001572089,scored,0.4672764086262884,19.0,XLU,True,0.7855629103770086,0.02661120970111818,,no_data,0.0
2026-10-05,CWK,299,1.0,0.9960404420076435,1.007899634966649,0.9227731376488262,0.8726736918623661,0.8347930378882755,scored,0.26853384010471276,19.0,XLRE,True,0.49553915924322667,0.04181765056904867,,insufficient_history,2.0
2026-10-05,CWST,299,1.0,0.956134580871662,0.969900434576495,0.98185447393046,0.9013652930609556,0.7656732935964085,scored,-2.6875090253578264,19.0,SPY,False,2.9471744267622286,0.03532935059652636,,insufficient_history,1.0
2026-10-05,CWT,299,1.0,0.9205724989040541,0.8646300437725231,0.7715254062568835,0.6632359665062991,0.6364450615121462,scored,-1.1228411096766224,19.0,XLU,True,0.9728327409422898,0.021222354732597943,,insufficient_history,1.0
2026-10-05,CXT,299,1.0,1.0181067270362445,1.0651317629290806,1.1639796954239747,1.2073923446666992,1.3664711736562805,scored,0.5663173877111095,19.0,SPY,False,1.7678303319490185,0.03596074719180266,,no_data,0.0
2026-10-05,CXW,299,1.0,0.9834800676885709,0.9192183003746822,0.8751242288426286,0.9114379223603873,0.9804455963597447,scored,-0.44266582614575667,19.0,SPY,False,1.670469014832115,0.04952472620314602,,no_data,0.0
2026-10-05,CYTK,299,1.0,0.959587613242012,0.8962562361952928,0.9104849472168902,0.7966610427744802,0.6824911336874405,scored,-0.7044362467342576,19.0,XLV,True,2.403899439789348,0.038339703983881146,,no_data,0.0
2026-10-05,CZR,299,1.0,1.0542770884877093,0.9330459107962498,0.7825864559563342,0.858113559185247,0.921642915684478,scored,1.640158432481356,19.0,XLY,True,0.1092663171842931,0.003685204626788975,,no_data,0.0
2026-10-05,D,299,1.0,0.9616733035365397,0.9124177505308065,0.8753447634190474,0.7643538458841581,0.6749918483151043,scored,-1.2264496265042157,19.0,XLU,True,1.0832978556069863,0.01775316053108794,,no_data,0.0
2026-10-05,DAC,297,1.0,1.005741238310821,1.0444106868991525,1.0026353597307864,0.9475262738506677,0.9264259001527242,scored,1.134176013816011,19.0,SPY,False,3.9481641252469166,0.0238099392428351,,insufficient_history,1.0
2026-10-05,DAL,299,1.0,0.9282761814124939,0.889080564987855,0.8747582694629287,0.8933563453949187,0.7892345050085936,scored,1.7405792850277075,19.0,XLI,True,2.368779151959023,0.02851202638371477,,no_data,0.0
2026-10-05,DAN,299,1.0,1.0213691047642957,1.0207236328052496,1.0142489543925128,1.0461579112389372,1.197882328348297,scored,-1.3562695692138134,19.0,SPY,False,1.0233604858267327,0.03641852262728586,,no_data,0.0
2026-10-05,DAR,299,1.0,1.0454089361773364,1.0293786088537322,1.0222529291883378,0.9461887733013065,0.8235920373790772,scored,0.05385583651829321,19.0,XLP,True,2.401372249896259,0.03829939792498021,,no_data,0.0
2026-10-05,DASH,299,1.0,1.0036109970840785,0.9919176153198304,0.9719247882564119,1.0741444709372614,1.165522949936865,scored,-0.8758377339480412,19.0,XLY,True,7.882976825750978,0.041106413024722205,,insufficient_history,2.0
2026-10-05,DAVE,299,1.0,1.1032853466781722,1.15487072801127,1.1197153607230683,1.0956642142291804,0.9750951569579328,scored,-0.3327994372694356,19.0,XLF,True,20.025153037585113,0.054277533034057336,,no_data,0.0
2026-10-05,DB,299,1.0,1.0150062240376678,0.989040908410237,1.0086394772599407,1.0356390170484155,0.918706479334569,scored,-1.5089802923465994,19.0,XLF,True,0.7838839928849806,0.02241589913883273,,no_data,0.0
2026-10-05,DBRG,295,1.0,1.0863344038474034,1.1252044172769375,1.154703573235603,1.0817204850923483,0.9767039016095808,scored,1.3545338944285625,19.0,XLF,True,0.03401094848045011,0.002125684280028132,,no_data,0.0
2026-10-05,DBX,299,1.0,0.9576028749850578,0.9257903239099545,0.8786443780808695,0.7348820450219632,0.7453269753499216,scored,-0.36144090133418183,19.0,XLK,True,1.2414139747474329,0.03611911477298321,,no_data,0.0
2026-10-05,DCI,299,1.0,0.9738010303738155,0.8804987897298902,0.8574068562316859,1.0463790685639418,1.3261031867776414,scored,0.04801161032671338,19.0,XLI,True,1.8152281136797592,0.02035237261665836,,no_data,0.0
2026-10-05,DCO,299,1.0,0.9668800466684803,0.887967870921724,0.8439060695170527,0.7511935510004708,0.734629164893444,scored,1.688296941780506,19.0,XLI,True,6.111031519160438,0.035354535835466806,,no_data,0.0
2026-10-05,DD,299,1.0,0.916768575172105,0.8585499819611806,0.8121449189911188,0.7518930951993746,0.755219838602576,scored,1.4844858386984647,19.0,XLB,True,2.542638223653672,0.01945549180238482,,no_data,0.0
2026-10-05,DDOG,299,1.0,1.0774281003133883,1.045154664884525,1.0538087926132196,1.0007487504464243,1.1290895867828847,scored,1.2942295842673863,19.0,XLK,True,11.468171979544417,0.04148896398366375,,no_data,0.0
2026-10-05,DE,299,1.0,0.9236100845402698,0.900149606871203,0.7976204832108387,0.7510490442495074,0.7330103397961403,scored,-0.19349628562988275,19.0,XLI,True,17.44137326777642,0.02556636362910645,,no_data,0.0
2026-10-05,DECK,299,1.0,0.9727656609283427,0.9618712289353929,0.981206787105199,1.0853804582079853,1.1612290434552672,scored,0.5124534035600615,19.0,SPY,False,2.1524006281917907,0.02683456711372386,,no_data,0.0
2026-10-05,DELL,299,1.0,1.0192204697497016,0.9847630141480993,0.9714769044549889,0.902353941916792,0.9691711796691119,scored,-0.31099524234086484,19.0,XLK,True,28.069400042547052,0.05082366155922985,,no_data,0.0
2026-10-05,DEO,299,1.0,1.0539009982908205,1.0050326142484125,0.9110409243773416,0.9321759840405259,1.0707237756088028,scored,-0.40395119055161804,19.0,XLP,True,1.5835520283671571,0.018858545056176696,,no_data,0.0
2026-10-05,DFTX,299,1.0,0.9355511241827714,0.9209324342645648,0.9291395464553798,0.9388710361311626,0.9598796805521453,scored,0.2008552963539268,19.0,XLV,True,2.000428759481838,0.055214704926354906,,no_data,0.0
2026-10-05,DG,299,1.0,1.053397033555448,1.007167272496753,0.9798979285325259,1.0645139165409914,1.302449166352844,scored,0.3143143278958911,19.0,XLY,True,3.6444849270274386,0.030543789197346956,,no_data,0.0
2026-10-05,DGII,299,1.0,0.957631199647938,0.9047154367500279,0.9060412175365664,0.8814686410061064,0.7046467561287432,scored,-0.935255944954101,19.0,SPY,False,2.758082114216329,0.03699144466491858,,no_data,0.0
2026-10-05,DGX,299,1.0,1.081856009581571,1.1188955859614715,1.098018095061432,0.9339175074698514,0.7741795448856316,scored,0.10946605302991588,19.0,XLV,True,5.330344392366061,0.022953855793497808,,no_data,0.0
2026-10-05,DHI,299,1.0,0.9582556527733391,0.9766010743427844,0.9972254868179968,0.9690851342134709,0.8253479783305421,scored,0.20008654297459794,19.0,XLP,True,3.8606973097739834,0.02897768753114151,,insufficient_history,1.0
2026-10-05,DHR,299,1.0,1.0839271385342248,1.03556086621751,0.9544480256984718,0.8281341027748561,0.8069438320546356,scored,0.383426030208298,19.0,XLV,True,6.1601399955670635,0.027847475229723175,,no_data,0.0
2026-10-05,DHT,299,1.0,1.0375017870243586,1.0265744235374787,1.0248642153309884,1.0658966933403728,0.9489439561024666,scored,2.0735388657268596,19.0,XLE,True,0.8955709426800987,0.03759743672040717,,no_data,0.0
2026-10-05,DINO,299,1.0,1.0092514265315107,1.028533419202342,1.1322380365596794,1.1674958157012592,0.9910787979069238,scored,1.6672472134161187,19.0,XLE,True,4.685937401560612,0.04066947927061806,,no_data,0.0
2026-10-05,DIOD,299,1.0,0.9153395951353727,0.8185210624343007,0.8358783760989614,0.8361315070205552,0.7719266401219447,scored,-0.12833993100740224,19.0,XLK,True,4.420174838514985,0.04269462801617874,,insufficient_history,1.0
2026-10-05,DIS,299,1.0,0.9110733922285954,0.7747218608530076,0.6755366893487377,0.616866837564769,0.6109906128004857,scored,-0.7014418343180691,19.0,XLC,True,2.1335939395473797,0.020592548398295336,,no_data,0.0
2026-10-05,DK,299,1.0,0.9655518595390433,0.9607523041867706,1.0025200072511193,0.9835386597839183,1.0094916303077945,scored,0.5018670713783049,19.0,XLE,True,4.0660509492568,0.05392640516255703,,no_data,0.0
2026-10-05,DKNG,299,1.0,0.9959684165152627,0.9655055232126852,0.9820838702139396,0.9654522721195629,0.9345061635241979,scored,-0.32571296384073517,19.0,XLY,True,1.190247696792304,0.060726923305729784,,insufficient_history,2.0
2026-10-05,DKS,299,1.0,0.9194294479143594,0.8228087373789209,0.8037665994077472,0.8027873284739991,0.8300806759760657,scored,-0.20688188795100015,19.0,XLY,True,5.560845295267194,0.04055163199348935,,no_data,0.0
2026-10-05,DLB,299,1.0,0.9349723450826571,0.904813048733409,0.9257263539035124,0.9927854662107238,1.1010200030987984,scored,-0.5066499138150026,19.0,XLK,True,1.5680103474383429,0.026415268656306317,,no_data,0.0
2026-10-05,DLO,299,1.0,1.0317519683821068,1.0545734286126582,0.953471346080382,0.9070588379203993,0.6656269807709447,scored,-1.170500573294766,19.0,XLF,True,0.4748510385807221,0.03270323957167508,,insufficient_history,1.0
2026-10-05,DLR,299,1.0,0.9663087020739923,0.9599818511191675,0.9237074374121172,0.7697520506056335,0.7603663248062377,scored,0.1521136738341107,19.0,XLRE,True,4.469855978482601,0.02485048078324679,,no_data,0.0
2026-10-05,DLTR,299,1.0,1.0195339991141095,1.0030739975085887,1.0506130890005407,1.1769736352988336,1.2025651296457855,scored,-0.028326086107561904,19.0,XLY,True,3.897486651134753,0.03443313588775292,,no_data,0.0
2026-10-05,DNA,295,1.0,0.9436621224232831,0.932372894893449,0.9324021527522818,0.9339702087076156,0.7454070985971898,scored,2.224736263939468,19.0,XLV,True,1.0781162288770558,0.07197037575948304,,insufficient_history,1.0
2026-10-05,DNLI,299,1.0,0.9564115002313839,0.9398029633923383,0.8413784945860214,0.7629229224873738,0.6986799019411565,scored,-0.9729710968184079,19.0,XLV,True,0.8182541262807687,0.041097645719777434,,no_data,0.0
2026-10-05,DNOW,299,1.0,1.0610984049998016,1.1107389020985277,1.2011720918722417,1.2178519436858035,1.0517771426459759,scored,0.07464240703997921,19.0,SPY,False,0.4673172400060403,0.02939102138402769,,no_data,0.0
2026-10-05,DNTH,299,1.0,1.1025284595171212,1.124875218316359,1.1538522428395666,1.2597093668287862,1.2922833705349868,scored,-0.8259244724498145,19.0,XLV,True,4.601358254621702,0.05226440543641187,,no_data,0.0
2026-10-05,DOC,299,1.0,1.0453121130934688,1.060436304993604,1.09744600563718,1.0188704997480151,0.8925960666045825,scored,-0.27484091588417836,19.0,XLRE,True,0.4192214156960632,0.02225166749979104,,no_data,0.0
2026-10-05,DOCN,299,1.0,1.0791627131294959,1.0590850116343513,0.9986311518173521,0.8148943650633059,0.7838904335563845,scored,1.039370236019302,19.0,XLK,True,8.749282142709768,0.0637563371180483,,no_data,0.0
2026-10-05,DOCS,299,1.0,0.9460300018360507,0.9340133183412606,0.9807796193441608,1.0231613974651885,1.0331179165807178,scored,0.767145461334888,19.0,XLV,True,1.1855457053125094,0.04148165518938102,,no_data,0.0
2026-10-05,DOCU,299,1.0,0.9991132834630441,1.023206225876267,0.9441354744301449,0.9014055131891502,1.0711321348885097,scored,0.7776214992212047,19.0,XLK,True,2.594787660090937,0.03705251549465854,,no_data,0.0
2026-10-05,DOO,299,1.0,0.9265611637466783,0.834733974748836,0.7289457244900295,0.7397618354887365,0.6181948627504857,scored,0.10399131667090757,19.0,SPY,False,2.021796149188027,0.036759929985236854,,no_data,0.0
2026-10-05,DORM,299,1.0,0.9962583973160892,0.9815539480836777,0.9178752288077116,0.9036236631093973,0.9095130653962342,scored,0.07188828336586078,19.0,SPY,False,3.5637632261022474,0.028870408506985155,,insufficient_history,1.0
2026-10-05,DOV,299,1.0,0.8517499370385186,0.7701318520146513,0.7905833349112313,0.8367462887285839,0.9081679561597198,scored,0.9794211820541256,19.0,XLI,True,4.006561345643142,0.020943864849153903,,no_data,0.0
2026-10-05,DOW,299,1.0,1.0185130140480987,1.0007764400683206,0.9635145254192058,0.9586662533631467,0.8936636524999035,scored,-0.01252579210243039,19.0,XLB,True,0.9009487718172919,0.03160114948499796,,no_data,0.0
2026-10-05,DOX,299,1.0,0.9394776942275803,0.9065590503180725,0.8517537582536978,0.9551811079062615,1.1499564463005376,scored,-1.0478989891311437,19.0,XLK,True,1.4827234251067583,0.025363041825295213,,no_data,0.0
2026-10-05,DPC,71,1.0,0.9238811022833502,0.7365396129997781,0.7019740149311032,0.6297859760184877,0.6971802412069087,scored,0.7295271391360036,19.0,SPY,False,2.581585556896337,0.06256872411285354,,no_data,0.0
2026-10-05,DPZ,299,1.0,0.9306929079512846,0.9310626126418678,0.925411035933473,0.8996348076623047,0.8619458806446714,scored,-0.7233624920352302,19.0,XLY,True,8.823266774584873,0.0296809862232478,,no_data,0.0
2026-10-05,DRH,299,1.0,0.970843159749245,0.9839163789784763,1.0075486340127697,0.9255835044356479,0.8397072563310956,scored,3.0016440278781813,19.0,XLRE,True,0.28102274212896367,0.022626629801043772,,no_data,0.0
2026-10-05,DRI,299,1.0,0.968739803292097,0.9665064560729502,0.9796490437549419,0.8561130384677464,0.8056759457159023,scored,0.5606667531393221,19.0,XLY,True,5.323424002025024,0.02665443622083429,,no_data,0.0
2026-10-05,DRS,299,1.0,0.9523018646543531,0.9050763991123385,0.9130224228956519,1.0251678252647274,1.1683905233050809,scored,0.48003376122665514,19.0,XLI,True,0.9896824800468937,0.027040504919314035,,no_data,0.0
2026-10-05,DSGX,299,1.0,1.0710800642872396,1.0841780062909498,1.0523962901453825,0.9202464754757981,0.8323580377711689,scored,-0.742896393562344,19.0,XLK,True,2.7963334870281527,0.03466385877064773,,no_data,0.0
2026-10-05,DT,299,1.0,1.0128340729386898,0.9857167152772669,0.9016603998150452,0.6819265720442949,0.6516975112980906,scored,0.7307283257275111,19.0,XLK,True,1.7262708197328827,0.02867083241542738,,no_data,0.0
2026-10-05,DTE,299,1.0,0.9624068762043273,1.006017288919924,1.0089486670250065,1.0349951750693147,1.1197884777052383,scored,-1.0375348137457452,19.0,XLU,True,2.280753083227993,0.018240187805726112,,no_data,0.0
2026-10-05,DTM,299,1.0,0.9533388603411687,0.9657085206230367,0.938671054343084,0.9719897336731828,1.101625930660238,scored,-0.9482756568166351,19.0,XLE,True,3.0282441699385987,0.024797282754164745,,no_data,0.0
2026-10-05,DUK,299,1.0,0.8802289521002249,0.8608659292121063,0.8509719922776227,0.7854897561636206,0.8399678048196283,scored,0.048394440921067226,19.0,XLU,True,1.5564094019939971,0.013671902687930403,,no_data,0.0
2026-10-05,DUOL,299,1.0,0.9308876524550356,0.8914121436236262,0.8032384657522745,0.8546051358933447,1.1088887815616184,scored,-1.3634548264533186,19.0,SPY,False,6.8345535536678845,0.04646195481759269,,no_data,0.0
2026-10-05,DV,299,1.0,0.961110710609095,0.9270828389788948,0.9410315493972988,1.012158244391218,0.9348072810214887,scored,0.40867793021025023,19.0,XLC,True,0.07668634052824347,0.005705828908351448,,no_data,0.0
2026-10-05,DVA,299,1.0,1.1416271112930367,1.234753294013608,1.2763046986079112,1.3409639696813922,1.5003521875962385,scored,0.23030133907888622,19.0,XLV,True,5.069588866462487,0.028366097059436476,,no_data,0.0
2026-10-05,DVN,299,1.0,0.9736953191031441,0.9677905479067958,0.8633097087022131,0.7968092450500225,0.7415680480175441,scored,0.34847157130594425,19.0,XLE,True,1.4651001205443697,0.030535642362325338,,no_data,0.0
2026-10-05,DX,299,1.0,1.0215365008666486,0.9857543492632179,0.9787543389537698,1.1293767732496123,1.127120127000826,scored,-1.2857481677028124,19.0,XLRE,True,0.2676192525975302,0.024710918984074813,,no_data,0.0
2026-10-05,DXC,299,1.0,0.8765429372179286,0.88239486476453,0.8396663126501674,0.6800739819323982,0.5971371465685392,scored,-0.397521294864012,19.0,XLK,True,0.537124090312812,0.04606553090161338,,insufficient_history,1.0
2026-10-05,DXCM,299,1.0,1.0418517651699486,1.0079804004644617,0.9777851275447716,0.950921277467482,0.8944933071849991,scored,-0.5974393179538482,19.0,XLV,True,2.1574124811228,0.02482638068035443,,no_data,0.0
2026-10-05,DXPE,299,1.0,0.901047577664183,0.8578540234141826,0.8317197244706356,0.904456879182528,0.8294825245258749,scored,0.34441698112291325,19.0,SPY,False,6.671471803328474,0.03407288970034971,,insufficient_history,1.0
2026-10-05,DY,299,1.0,1.0530978864921818,1.042098242774924,1.068333352328274,1.070440377383873,1.1446963057524762,scored,-0.5850917856246431,19.0,XLI,True,12.227492767543989,0.04455920982305305,,no_data,0.0
2026-10-05,DYN,299,1.0,0.9546671638835391,0.9517337216968529,0.8913834987905057,0.9052602277841589,1.0009742097120673,scored,-1.7032881644065752,19.0,XLV,True,0.9751542799992909,0.06315766062171574,,no_data,0.0
2026-10-05,EAT,299,1.0,1.0088985964739607,0.9981329460109118,1.0130162647841592,1.1738332077028941,1.2511971183784356,scored,-1.230981573934823,19.0,XLY,True,9.480234432729453,0.04882691817433794,,no_data,0.0
2026-10-05,EBAY,299,1.0,0.9695830192006095,0.9055226955162122,0.8213730787922198,0.7283230426964087,0.5986023575239994,scored,0.7329255487217098,19.0,XLY,True,3.2048094496561887,0.029912352526191795,,no_data,0.0
2026-10-05,EBC,299,1.0,0.8983070457653577,0.792998334168171,0.7724825199819976,0.7699578208241539,0.9470907912537334,scored,1.1429526924784346,19.0,XLF,True,0.4277929163418758,0.020140909432291704,,no_data,0.0
2026-10-05,EC,299,1.0,0.9997400339962742,0.9391539629524727,0.8818812650105726,0.9625106577532627,0.8370130553204324,scored,-0.4781042255305359,19.0,XLE,True,0.5537876350418761,0.032103631016920355,,no_data,0.0
2026-10-05,ECG,299,1.0,0.9070843010788266,0.766206814982865,0.7089640080527698,0.5657542625202292,0.4911339386425874,scored,1.3993820956581733,19.0,XLI,True,5.0961164301459565,0.04039087287109421,,insufficient_history,1.0
2026-10-05,ECHO,299,1.0,1.0867883927514732,1.1325126499103488,1.265514882934797,1.5020799376002163,1.7123376858751065,scored,-0.055862552855381144,19.0,XLC,True,3.2353486036502197,0.0329431687572571,,insufficient_history,2.0
2026-10-05,ECL,299,1.0,1.0261322104762798,1.0447338802151842,1.0037924236631415,1.0868515786806177,1.049133708219005,scored,1.0658195911996906,19.0,XLB,True,5.397814469534072,0.01948177164447278,,no_data,0.0
2026-10-05,ECO,299,1.0,1.033919241177408,1.0513310457510423,1.0382178412763345,1.0000976803352688,0.7669994004506683,scored,1.8876921629809718,19.0,XLE,True,3.5113179919137982,0.03963112857690517,,no_data,0.0
2026-10-05,ECPG,299,1.0,1.0498919771297541,0.9866045108959359,0.9783414760118413,0.7686331503041727,0.651943083289435,scored,0.6603144934121022,19.0,XLF,True,3.3088462706529107,0.03379132220846518,,no_data,0.0
2026-10-05,ED,299,1.0,0.9292390066276237,0.9120268044880616,0.897943814496959,0.819978179687653,0.7701722478615253,scored,0.02695938252618388,19.0,XLU,True,1.6410134893203654,0.015873606977368598,,no_data,0.0
2026-10-05,EDU,299,1.0,0.979257064042781,0.9750608570880649,0.9099277688058935,0.9288849865109033,0.8344526604645652,scored,-0.5578609698876301,19.0,SPY,False,1.4177909086161298,0.025178314839568987,,insufficient_history,1.0
2026-10-05,EEFT,299,1.0,0.9964187481682204,0.9370595473715564,0.8631630543220125,0.8794468546569041,0.8057071525046524,scored,-0.859386878375866,19.0,XLF,True,2.1267480186268584,0.03310371264109049,,insufficient_history,1.0
2026-10-05,EFC,293,1.0,0.9405682973308565,0.9166513877734656,0.9400877122903913,0.9548023423906897,1.1198624440198344,scored,-2.380796319763545,19.0,SPY,False,0.23672138153632002,0.02058446795968,,no_data,0.0
2026-10-05,EFOR,299,1.0,1.0162227587511639,0.9844647818827436,0.8929861830325541,0.897921071048766,1.063788400176633,scored,0.8695294557898875,19.0,XLK,True,1.9324262965458954,0.05347056714294121,,insufficient_history,1.0
2026-10-05,EFX,299,1.0,1.0055395832707783,0.9846706852999737,0.8785946488493506,0.8210791360367298,0.7498863895408434,scored,-2.2880505819800185,19.0,SPY,False,5.910417230813325,0.04144752616278629,,insufficient_history,1.0
2026-10-05,EG,299,1.0,1.0154265990208575,0.9755315257099655,0.9351162231212243,0.8588670499204525,0.81871280818223,scored,0.5500927983066984,19.0,XLF,True,6.637016380886202,0.018093880703596417,,no_data,0.0
2026-10-05,EGO,299,1.0,1.052474286281564,1.151844928771104,1.162588254375793,0.9069966296726617,1.0013118901006077,scored,-0.5384203892828685,19.0,XLB,True,1.8289685474469366,0.0482577453152226,,no_data,0.0
2026-10-05,EGP,299,1.0,0.964179686599067,0.9155041359240057,0.8539160723566541,0.7083830140602136,0.6081415546773516,scored,2.0130721349689487,19.0,XLRE,True,3.2013561038024623,0.016346793830690678,,no_data,0.0
2026-10-05,EHC,299,1.0,1.0363943469106522,1.0677170164512435,1.1365767301597138,1.0834519843026231,0.9234373421700699,scored,0.07950003085942095,19.0,XLV,True,2.9068101359741534,0.024029181912657297,,no_data,0.0
2026-10-05,EIX,299,1.0,0.8824807943868219,0.9308424126816625,0.9349532298669618,0.9036965784545742,0.8341258724669409,scored,0.47411409159543627,19.0,XLU,True,2.024082741199513,0.03731715968288187,,no_data,0.0
2026-10-05,EL,299,1.0,0.9706494749406578,0.9698485774886569,0.9998134380984337,0.9576547777180956,1.0479382417990808,scored,0.9462017091807529,19.0,XLP,True,3.20949538759711,0.03439973620146956,,no_data,0.0
2026-10-05,ELAN,299,1.0,0.9821813974831259,0.9344283992924456,0.9168142556695132,0.7089713626049667,0.4802575331709168,scored,-1.2788098318521077,19.0,XLV,True,0.7512900957264574,0.03337583721574666,,no_data,0.0
2026-10-05,ELF,299,1.0,1.0132988192749421,1.013039083177359,1.0331063592763248,1.0855527849487991,1.2358384308146515,scored,1.1807659530609536,19.0,XLP,True,4.056392061579099,0.03909775481040095,,no_data,0.0
2026-10-05,ELS,299,1.0,0.9190037285093768,0.8647107497533517,0.8339830829383581,0.7342836016189419,0.6987335912630352,scored,-0.13093800157479799,19.0,XLRE,True,0.9601651364638923,0.01641588539004774,,no_data,0.0
2026-10-05,ELV,299,1.0,0.9820271778384267,0.9607262926828524,0.9038864920183857,0.9680241172166879,0.9788727915194908,scored,-0.7231676103819932,19.0,XLV,True,9.950998317576987,0.02522369095226227,,no_data,0.0
2026-10-05,ELVN,299,1.0,1.0881581059993337,1.1280582849512495,1.1717796617374698,1.150488255967385,1.0957762048732138,scored,-0.9050998802896959,19.0,XLV,True,2.023015045051596,0.0444912039817813,,no_data,0.0
2026-10-05,EMBJ,299,1.0,0.9397820430362169,0.8337170991888051,0.7555542199391606,0.8324679162259875,0.7962344854538148,scored,1.1745936501926948,19.0,XLI,True,2.502408063815111,0.033245756128804455,,no_data,0.0
2026-10-05,EME,299,1.0,0.8528509456416713,0.7324199419046271,0.6469248858442841,0.6436536756132936,0.657350167663191,scored,1.447150998930013,19.0,XLI,True,22.768492282880327,0.029220344305544568,,no_data,0.0
2026-10-05,EMN,299,1.0,0.920662699108161,0.8916350281103113,0.7522923862615961,0.61153513193747,0.5879905699818722,scored,-0.6582638780799008,19.0,XLB,True,1.7149573804820968,0.026408336625840727,,no_data,0.0
2026-10-05,EMR,299,1.0,0.9482686340676004,0.9173158357995838,0.8287052416810128,0.817110225326526,0.725110034830741,scored,1.4957783577188464,19.0,SPY,False,3.909320696856123,0.024082552189097044,,insufficient_history,1.0
2026-10-05,ENB,299,1.0,1.029135013664613,1.034994480274871,0.9621304968021904,0.9570438826337737,1.1224012916048476,scored,-1.4567646596248152,19.0,XLE,True,0.7741390995333521,0.016814489564147526,,no_data,0.0
2026-10-05,ENOV,299,1.0,0.9528170104308396,0.8707920596464257,0.7761822542048327,0.747248716134975,0.7191148338667441,scored,-0.04965707256856618,19.0,XLV,True,1.023626417702483,0.05476866868392097,,no_data,0.0
2026-10-05,ENPH,299,1.0,0.9648121938306052,0.9233860012507843,0.9281369645029225,1.0685630282789957,1.1749093708984315,scored,-0.12466426679401282,19.0,XLK,True,1.7410568096754748,0.052049530932002236,,no_data,0.0
2026-10-05,ENR,299,1.0,1.035210634737414,1.0904364497554961,1.0961659777751789,1.0882431052921326,1.0312277447457179,scored,0.9821514223124955,19.0,XLP,True,0.8179621285565508,0.03858311927153542,,no_data,0.0
2026-10-05,ENS,299,1.0,0.9030050000362327,0.8052096790564293,0.7224255987570255,0.6653644623374656,0.880900633493687,scored,0.028347648848710463,19.0,SPY,False,5.841907966545624,0.030265816840460178,,no_data,0.0
2026-10-05,ENSG,299,1.0,1.0327950073084304,1.065247910973693,1.0732486383183164,1.1762686887500609,1.240299516393121,scored,0.6064084939252133,19.0,XLV,True,3.80046260268491,0.021981968897477645,,no_data,0.0
2026-10-05,ENTG,299,1.0,0.9614581603673279,0.9568582590601946,0.9850430981288459,0.9521319788433251,0.7521311657002522,scored,0.9824707923628643,19.0,XLK,True,6.795751719761342,0.04071262712533754,,no_data,0.0
2026-10-05,ENVA,299,1.0,1.0273731029170423,0.9813914230087571,1.0284751972118646,1.2844704603823378,1.5307571388680088,scored,-0.7572737215993849,19.0,XLF,True,7.521316991994714,0.04225458984266693,,no_data,0.0
2026-10-05,EOG,299,1.0,0.9788038397126975,0.9564175199443741,0.8831267649660202,0.7566170957499749,0.7935674744471503,scored,-0.07486849515110833,19.0,XLE,True,3.595691910290397,0.024956218144714024,,no_data,0.0
2026-10-05,EPAM,299,1.0,1.0507413354246424,1.1139054286954906,1.1192789355049853,1.1743590649563447,1.3813845277171704,scored,0.2953652736528359,19.0,XLK,True,5.3167910754363055,0.048356444524204685,,no_data,0.0
2026-10-05,EPD,299,1.0,0.9550166348518524,0.9014954610659339,0.8287973695420341,0.7406666726347803,0.7541642922007938,scored,-1.4397540036710212,19.0,XLE,True,0.6642725773551085,0.018050885254214905,,insufficient_history,2.0
2026-10-05,EPR,299,1.0,1.0665262055507458,1.1133044634498201,1.2389740222279864,1.2736323560946772,1.2510650069298723,scored,-0.02025782423637818,19.0,XLRE,True,1.1140207837548655,0.020039949338997397,,no_data,0.0
2026-10-05,EPRT,299,1.0,1.0611481726066916,1.1372118545404828,1.2575886450273255,1.3107086088953868,1.228633978953387,scored,-1.6011011824856893,19.0,XLRE,True,0.514585299535313,0.020069629467055886,,no_data,0.0
2026-10-05,EQH,299,1.0,0.964142522382835,0.9214771614077683,0.7451042489910321,0.7212080353935695,0.77119225662699,scored,1.3937479596410889,19.0,XLF,True,1.4229834830322865,0.02635154598207938,,no_data,0.0
2026-10-05,EQIX,299,1.0,0.9704585127560819,0.9549986753645916,0.8876120817402059,0.8301549100096017,0.9877996374015681,scored,0.5825861234330663,19.0,XLRE,True,25.9197486859747,0.025326104789704037,,no_data,0.0
2026-10-05,EQNR,299,1.0,0.9724734212008829,0.9483322595234148,0.9183696122674551,1.0572950548112083,1.2456100742745375,scored,-0.05909773031038258,19.0,XLE,True,1.0997011398712289,0.025966969064255697,,no_data,0.0
2026-10-05,EQPT,176,1.0,0.9063813446320568,0.8835318144787414,0.8333878631055459,0.6979991792569233,0.5991863650376998,scored,0.38615771496895057,19.0,SPY,False,1.1855384935696804,0.06272690442167622,,no_data,0.0
2026-10-05,EQT,299,1.0,0.9726349665572501,0.9788212066908818,0.9762205763484273,0.9403118137472508,0.8342950156356783,scored,-1.3380239451374707,19.0,XLE,True,1.427255655799529,0.027919711576673105,,no_data,0.0
2026-10-05,EQX,299,1.0,1.0165746326360554,1.0417572805683284,1.0798988074617644,1.0527310759739623,1.1717646318628099,scored,-0.7315198395575142,19.0,XLB,True,0.5243622591699875,0.04669298834995436,,no_data,0.0
2026-10-05,ERAS,299,1.0,1.0744517417536168,1.1020895615470818,1.179889141289502,1.2972114061718116,1.4312726674018093,scored,-0.23422345452669566,19.0,XLV,True,1.0042691767028422,0.06822480819992134,,no_data,0.0
2026-10-05,ERIE,299,1.0,0.92879830483366,0.9016342501744055,0.8629042214433054,0.8135257795836865,0.6418339801546843,scored,-0.5042769916530431,19.0,XLF,True,7.024468667022402,0.031718904845219914,,no_data,0.0
2026-10-05,ERO,299,1.0,1.0499983358703942,1.0895040774804916,1.1572156874765682,0.9496528062619468,0.9271440050861377,scored,0.7414224354557036,19.0,XLB,True,1.9034014753813069,0.049516167413665636,,no_data,0.0
2026-10-05,EROC,81,1.0,1.234336320184765,1.3074484907377997,1.142269233761206,0.9279799798691994,0.8584946031015032,scored,0.2442136191217011,19.0,SPY,False,1.0791124554031921,0.08709543627144407,,no_data,0.0
2026-10-05,ES,299,1.0,0.9788561524633718,0.9423039500965411,0.8839108852993283,0.8440174542893876,0.8283765998544746,scored,-0.7896038643588712,19.0,XLU,True,1.226695767817463,0.018962679978628275,,no_data,0.0
2026-10-05,ESAB,299,1.0,0.9093832422265105,0.8290659234029252,0.8096281312019717,0.7672519259785217,0.7294313903835941,scored,-1.0251867348943404,19.0,XLI,True,3.1484804657527095,0.0440593404107572,,no_data,0.0
2026-10-05,ESE,299,1.0,1.015926153498043,1.0141827352653763,0.9670873651990546,1.033394175141556,1.2844996407808156,scored,0.7565765463598572,19.0,XLI,True,7.8873082004646715,0.02900598779223548,,no_data,0.0
2026-10-05,ESI,299,1.0,0.9547397585566493,0.9399836466921423,0.9273377258622681,0.8489493375236966,0.735218627572302,scored,0.8186122358806756,19.0,XLB,True,1.3525506688098254,0.03602958627623403,,no_data,0.0
2026-10-05,ESLT,299,1.0,0.9403669042836246,0.9917237010373413,0.9926142358536149,0.9645470448326908,1.113533770110281,scored,-0.013059427416362408,19.0,XLI,True,17.709122404850365,0.02496457758976326,,no_data,0.0
2026-10-05,ESNT,299,1.0,0.9825890822230788,0.9544436204650439,0.9660311183469968,0.9758613573033342,0.8929538519479531,scored,-1.0888518136726053,19.0,XLF,True,1.6137223218624817,0.02641549061814506,,no_data,0.0
2026-10-05,ESS,299,1.0,0.8638235671464766,0.7732214576192837,0.6424973867290913,0.5121366941300503,0.5087829141848204,scored,1.490371394061029,19.0,XLRE,True,4.597227377783154,0.016905922030607708,,no_data,0.0
2026-10-05,ESTA,299,1.0,1.046846295567563,1.0410632002715816,1.0030182328548662,0.8993673487015009,1.0330018777539374,scored,-1.4989267704317866,19.0,XLV,True,2.8828005520919735,0.043369949632796355,,no_data,0.0
2026-10-05,ESTC,299,1.0,1.089951030580521,1.0650873187976522,0.9702001540340089,0.8824631738030796,0.9802370571244818,scored,-0.23543196856003873,19.0,XLK,True,3.848933207327053,0.04055350550339325,,no_data,0.0
2026-10-05,ET,299,1.0,0.9250249505506032,0.8844936084329571,0.8376765702701818,0.8155671676332464,0.8321150631588353,scored,-0.3912753928742479,19.0,XLE,True,0.37398623532197267,0.01804952873175544,,no_data,0.0
2026-10-05,ETN,299,1.0,0.9183682333861264,0.8615404555593652,0.8305128536296057,0.6807905936182395,0.581139776050432,scored,1.1655717181267244,19.0,SPY,False,13.575648131912924,0.03138152596373769,,no_data,0.0
2026-10-05,ETON,299,1.0,1.055869385805322,1.0318399757843602,0.964423337942466,0.9185922958728842,0.7951389710246883,scored,-0.8391129846296069,19.0,XLV,True,3.527892408523991,0.06342848630931304,,no_data,0.0
2026-10-05,ETOR,299,1.0,1.105460899981177,1.092690908447027,1.0522740562411175,1.0532919513408743,0.918850016846929,scored,-1.8084921997509964,19.0,XLF,True,1.0270575045245447,0.03997888300990832,,no_data,0.0
2026-10-05,ETR,299,1.0,0.9860796494860581,0.9692657724544498,0.9135523358155253,0.8719936559004794,0.8948478280998274,scored,0.3677458018484213,19.0,XLU,True,1.9738923945651674,0.01957838121965054,,no_data,0.0
2026-10-05,ETSY,299,1.0,1.007201143338112,1.0632823101439268,1.1116976049504639,1.0057462453578827,0.9680102519039946,scored,-0.7368949970067564,19.0,XLY,True,2.98391934941267,0.04209224642985852,,no_data,0.0
2026-10-05,EVER,295,1.0,0.9390389736170374,0.9143458262554588,0.8489212700378799,0.834455943339736,0.9216113281338466,scored,-1.1539490793603528,19.0,XLC,True,1.1778517391805288,0.060682727417853105,,no_data,0.0
2026-10-05,EVR,299,1.0,0.9722065174708833,0.962109004814971,0.9012995138617423,0.977121232967211,1.1066512236310082,scored,-0.38504721978955114,19.0,XLF,True,8.328585397277628,0.03138716938864755,,no_data,0.0
2026-10-05,EVRG,299,1.0,0.9591024758842653,0.9668325759457006,0.8512718552073884,0.8075215583122108,0.8667354331819793,scored,2.2568228652654123,19.0,XLU,True,1.1896068676593117,0.015041179259821869,,no_data,0.0
2026-10-05,EW,299,1.0,0.9824782589031972,0.9192139630783214,0.9425392263573894,1.0502818454353926,0.7296795307261063,scored,0.13282192697412756,19.0,XLV,True,2.115945605188409,0.024257085924434357,,no_data,0.0
2026-10-05,EWBC,299,1.0,0.9510322751040685,0.8828452975643672,0.7948107044067594,0.7921242323920024,0.9160692385456379,scored,2.05331612550357,19.0,XLF,True,2.4857244111603594,0.019597322699151366,,no_data,0.0
2026-10-05,EWTX,299,1.0,0.8401833525147799,0.6918538578532863,0.6326564262939353,0.4320696341547981,0.3322626122312997,scored,0.8765794195564395,19.0,XLV,True,2.12477486762963,0.05272394212480472,,no_data,0.0
2026-10-05,EXC,299,1.0,0.9319662425777723,0.9384609358131176,0.9132878732286327,0.9082404288676332,0.9548146070685936,scored,-0.343340799075301,19.0,XLU,True,0.724335195996574,0.017744615286540276,,no_data,0.0
2026-10-05,EXE,299,1.0,0.9768016687398199,0.9362698654379986,0.9305067602256771,0.9757117551812234,0.8255410391079084,scored,-2.0020557650227797,19.0,XLE,True,2.291514513722465,0.02651295283723782,,no_data,0.0
2026-10-05,EXEL,299,1.0,0.8766989021404858,0.855559016535469,0.7279492050127534,0.4949256970611753,0.39110835237566466,scored,0.8038661621028506,19.0,XLV,True,1.6502901079630607,0.028042312794614454,,no_data,0.0
2026-10-05,EXLS,299,1.0,0.9992545782469646,1.0422347532474083,1.0424889545920715,1.086955736594327,1.22048402847717,scored,-0.6146267673216327,19.0,SPY,False,1.0455261726907432,0.029123291718405105,,insufficient_history,1.0
2026-10-05,EXP,299,1.0,1.011396249861648,0.9692398939033812,0.905985039076828,0.9777711125344267,0.8911357924218329,scored,-1.6044462259857355,19.0,XLI,True,4.904620993836671,0.028881291919895604,,no_data,0.0
2026-10-05,EXPD,299,1.0,0.9050131023327098,0.8263467149489521,0.7488364245593493,0.6282004323600393,0.6433012085266858,scored,0.162133614562506,19.0,SPY,False,4.069866154351159,0.02096572302880259,,no_data,0.0
2026-10-05,EXPE,299,1.0,1.0063838177839681,1.0383202817613533,0.9991868197729896,0.9761635237280133,1.0668319498258276,scored,-1.0860805094547703,19.0,XLY,True,11.37362378828753,0.04371612325897501,,no_data,0.0
2026-10-05,EXPO,299,1.0,1.0441378174522415,1.0655330186948644,0.9206506145121482,0.7449786150861225,0.6378872605312286,scored,0.3235805460754646,19.0,SPY,False,2.12510622196354,0.03091063595583331,,no_data,0.0
2026-10-05,EXR,299,1.0,0.9549098743815594,0.8906086994406159,0.9193652860828214,0.9990925125556428,0.8588613955522998,scored,-0.0037327049383882615,19.0,XLRE,True,2.6424852351221637,0.019881763863683424,,no_data,0.0
2026-10-05,EXTR,299,1.0,0.9317895026719651,0.902454062279947,0.8651898204317667,0.8625243245972224,1.2211232194873431,scored,0.19912560462169493,19.0,SPY,False,0.824226676312012,0.03532904742014625,,no_data,0.0
2026-10-05,EYE,299,1.0,1.0033205413057902,0.9773368485556241,1.0202001121744664,0.9883924127628285,1.0847416150362066,scored,0.08031694685159851,19.0,XLY,True,0.7109029510699156,0.04303286628752516,,no_data,0.0
2026-10-05,EZPW,299,1.0,0.978038884112304,0.929572026775962,0.8564503775380231,0.8345779312384609,0.7820580817206545,scored,-0.7505413078784618,19.0,XLF,True,1.1672602707891757,0.03827082855046478,,no_data,0.0
2026-10-05,F,299,1.0,1.0459723408745758,0.9991440076469267,1.0104597115972405,0.9732729328542349,0.8920127160591997,scored,-0.5256852246346089,19.0,XLY,True,0.3725490160220464,0.030662470454489412,,no_data,0.0
2026-10-05,FA,299,1.0,1.0432590380138258,1.0319891682549696,0.9475787844110467,0.8889202459340185,0.9071931629296562,scored,-1.0988320343653062,19.0,SPY,False,0.8309092330562582,0.04523185808689484,,no_data,0.0
2026-10-05,FAF,299,1.0,1.0558434504615926,1.0356760292407061,0.9385532226494289,0.8919068011465853,0.8893681273647617,scored,-1.2148442406580966,19.0,XLF,True,2.0158765012329347,0.03252987737990858,,no_data,0.0
2026-10-05,FANG,299,1.0,1.0056704158202034,1.0121528058014326,0.9069124903209059,0.7996663732455531,0.6065590066076526,scored,-0.9409821618071733,19.0,XLE,True,5.105388270025714,0.02773461685150866,,no_data,0.0
2026-10-05,FAST,299,1.0,1.018524855055242,1.0102421748989872,0.9113838536154389,0.8934752832764902,0.8177620442326702,scored,0.8807945804745666,19.0,SPY,False,0.9712428875664287,0.019160443629244996,,no_data,0.0
2026-10-05,FBIN,299,1.0,1.0477730468534339,1.0545688635990045,1.1178806925447853,1.023784548415587,1.2470261193448935,scored,-1.218926101671641,19.0,SPY,False,1.44245498980244,0.0373113034092716,,no_data,0.0
2026-10-05,FBK,299,1.0,0.9830379362470947,0.8928440443768284,0.8781598016163767,0.8502286676954032,0.9047556341402707,scored,0.2402225379458901,19.0,XLF,True,1.0533159526277356,0.02003263508230764,,no_data,0.0
2026-10-05,FBP,299,1.0,0.91764352192278,0.7927402913053679,0.7330943702766571,0.8373731262562915,0.9646717018453276,scored,-0.006891907525154673,19.0,XLF,True,0.5217867038256305,0.01925412191238489,,no_data,0.0
2026-10-05,FCEL,299,1.0,1.0263945514125217,1.0447507396391709,0.9835087376502512,1.032392124491387,0.9675449760855807,scored,1.2986716387060833,19.0,SPY,False,1.4588609203923104,0.08073386388446654,,no_data,0.0
2026-10-05,FCF,299,1.0,0.9312869542260273,0.8370134184839232,0.7986801474512725,0.7745118235412921,0.9205934519376957,scored,1.5807231716707757,19.0,XLF,True,0.37483256948330634,0.01839217710909256,,no_data,0.0
2026-10-05,FCFS,299,1.0,0.9176355302947405,0.7636841119201644,0.6228634316499653,0.4519128160682954,0.4273156193973929,scored,0.6406176236676522,19.0,XLF,True,6.385654801286962,0.03021650878383079,,no_data,0.0
2026-10-05,FCN,299,1.0,0.9848145017224055,0.9959797040230306,0.9862286259113506,0.9558567446452061,0.8316742144185657,scored,-0.79726397267277,19.0,SPY,False,4.733511049562018,0.03429583429620357,,no_data,0.0
2026-10-05,FCNCA,299,1.0,0.9384110965400096,0.8338376496544178,0.7377238972200677,0.7321051701374744,0.8728210456922437,scored,0.7253502195118819,19.0,XLF,True,48.26875031720038,0.023083278090738412,,no_data,0.0
2026-10-05,FCPT,299,1.0,0.941705509836341,0.9385680745867985,0.9603356755947146,0.9544313991708656,0.9153012967014157,scored,-1.8951729922366236,19.0,XLRE,True,0.41957196278250614,0.019763163579015832,,no_data,0.0
2026-10-05,FCX,299,1.0,1.0376231323623548,1.0235753759311323,0.9809661907618487,0.8454829385853645,0.7512853525141523,scored,0.7224881662674562,19.0,XLB,True,2.7558157952449265,0.03795889525130753,,no_data,0.0
2026-10-05,FDS,299,1.0,1.015941784002212,1.0101214443185889,1.0935957811958246,1.160299653256287,1.1570716814647741,scored,-0.911376739982094,19.0,XLF,True,12.344315207249926,0.04465459125759632,,no_data,0.0
2026-10-05,FDX,299,1.0,1.0170274057296775,0.998447031175529,0.9481966755283778,0.9012024557027682,0.977404570529842,scored,-1.9064067414326187,19.0,SPY,False,6.672387832263958,0.02307746630326828,,no_data,0.0
2026-10-05,FDXF,88,1.0,1.0497122620327548,1.0203887324178522,0.830775344653332,0.4588936083590797,0.31199609747205986,scored,-0.8774200804221026,19.0,SPY,False,4.607402923458257,0.04129237249917778,,no_data,0.0
2026-10-05,FE,299,1.0,1.057014458637363,1.117839898832663,1.1776004922904142,1.2945468747499864,1.3587047128345737,scored,-0.34127600831620625,19.0,XLU,True,0.7287564806085864,0.016699277740801707,,no_data,0.0
2026-10-05,FEIM,299,1.0,0.8945066805234512,0.881746845520391,0.9138525834482053,0.8960593442986106,0.8052755130596262,scored,1.6501477809439704,19.0,SPY,False,4.704367212523711,0.055047592002383704,,no_data,0.0
2026-10-05,FELE,299,1.0,1.0432885761870883,0.9589746969604573,0.8723433636645901,0.6588271895217924,0.5796583746692439,scored,-0.04093415922022912,19.0,XLI,True,2.0584285955043358,0.02078381053619079,,no_data,0.0
2026-10-05,FER,299,1.0,0.9832398910257338,0.9687791512853595,1.020441291367603,1.0958513604268525,1.159473118904809,scored,-1.1398037655767974,19.0,XLI,True,1.1575496257714626,0.022329275188492717,,insufficient_history,1.0
2026-10-05,FERG,299,1.0,0.9807293625923358,0.9577351594304793,1.0012382809675422,1.059835176641836,1.1467756903503554,scored,0.8072748201620803,19.0,SPY,False,5.724754478129734,0.025679605607723203,,no_data,0.0
2026-10-05,FFBC,299,1.0,0.9889398879473997,0.9015176322850985,0.8683017049461655,0.9359503089016084,1.111521045735149,scored,0.5560226648667219,19.0,XLF,True,0.6228897862767084,0.019768003372793032,,no_data,0.0
2026-10-05,FFIN,299,1.0,0.9005977165560332,0.8176232923652351,0.7756331326037165,0.7049659071615834,0.8394814964542813,scored,1.0085575850251771,19.0,XLF,True,0.6340662473830243,0.019796011469966415,,no_data,0.0
2026-10-05,FFIV,299,1.0,0.9782202894678343,0.9859471838375344,0.9483079915130133,0.9854447288506459,1.2836698077377953,scored,1.5734067945483192,19.0,SPY,False,13.31087898875136,0.02902946151560718,,no_data,0.0
2026-10-05,FHB,299,1.0,0.9370126963138925,0.8303676293702213,0.7529255824994673,0.72012126307242,0.8989707691412884,scored,1.7520521083392044,19.0,XLF,True,0.46067766673241056,0.018397670396661764,,no_data,0.0
2026-10-05,FHI,299,1.0,0.968742338184877,0.869303881996718,0.7555595580707573,0.6584286699809573,0.6446686538498667,scored,-0.605496020663405,19.0,XLF,True,1.4186965241699818,0.02510967299415897,,no_data,0.0
2026-10-05,FHN,299,1.0,0.9587693374757067,0.872102240652828,0.8272518460021859,0.7636987960346787,0.8275961177081376,scored,1.079291725777631,19.0,XLF,True,0.44203579778653873,0.01892276531620457,,no_data,0.0
2026-10-05,FIBK,299,1.0,0.9164547974556518,0.8018101366397463,0.7095121054898719,0.613017226166531,0.6917483747938751,scored,1.0708087082168387,19.0,XLF,True,0.7111067401376899,0.019963692873040145,,insufficient_history,1.0
2026-10-05,FICO,299,1.0,1.0641495905716885,1.0387968253178461,0.9366958167941636,0.783518417640697,0.7073320620454503,scored,-1.48156363915846,19.0,XLK,True,57.915682669752016,0.08398324077341109,,insufficient_history,1.0
2026-10-05,FIG,297,1.0,0.98655848629005,0.9176990290579164,0.9097693203981012,0.8529914288351116,0.911892041452978,scored,-1.5550479001325286,19.0,XLK,True,1.2293336756457944,0.0558534155222987,,no_data,0.0
2026-10-05,FIGR,268,1.0,0.9833579100211971,0.9589027114674541,0.9198265477639284,0.8870322315302872,0.9552016999977008,scored,-0.3936267209779748,19.0,XLF,True,2.1882980622037382,0.07832133365081383,,no_data,0.0
2026-10-05,FIGS,299,1.0,1.066240389851198,1.1262945849847732,1.113710326825875,1.1241007670026197,1.0958059778663676,scored,-1.1917043678367067,19.0,SPY,False,0.6607356542713761,0.048476570379411305,,no_data,0.0
2026-10-05,FIS,299,1.0,1.012158569252676,0.9889048362056089,0.9552120012818779,0.8630254822034386,0.9562838694246625,scored,-1.6061320223568527,19.0,XLF,True,1.1343786747846147,0.03378137804599806,,no_data,0.0
2026-10-05,FISV,299,1.0,1.063182371506662,1.0540223850053105,1.0673566150949243,1.0682565305449114,1.0924851625892549,scored,0.3137473827241535,19.0,XLF,True,1.6222750657363725,0.03515984104326772,,no_data,0.0
2026-10-05,FITB,299,1.0,0.9564519005016351,0.9261981795150209,0.92390643824275,1.0241292971364642,1.2943042981267716,scored,0.1294236753610177,19.0,XLF,True,1.0425623926932992,0.020522881745931087,,no_data,0.0
2026-10-05,FIVE,299,1.0,0.903419460212136,0.8659839415729786,0.8122592119074473,0.7590050823940022,0.7997802995614004,scored,-0.19539888928155377,19.0,XLY,True,9.219882165878047,0.042698477126281886,,no_data,0.0
2026-10-05,FIVN,299,1.0,0.9810083447806767,0.9719049841281063,0.9224281958176879,0.9081398001957427,0.8512348146107933,scored,-0.9465123021055458,19.0,XLK,True,1.9525468414813805,0.05680962587958629,,no_data,0.0
2026-10-05,FIX,299,1.0,0.8641171645169373,0.731367532144046,0.6452259696235655,0.5845455783268326,0.5460923162022462,scored,2.150848983864026,19.0,XLI,True,67.22220244927604,0.03924077968166861,,no_data,0.0
2026-10-05,FLEX,299,1.0,0.952193702086035,0.9495442554929197,0.942645966253683,0.904697421122061,1.0711909197855556,scored,0.9359103274797811,19.0,SPY,False,5.304630782413808,0.04543191831460952,,no_data,0.0
2026-10-05,FLG,299,1.0,0.9606518683524454,0.8944982265962236,0.899547738784205,0.9930808237395348,1.097650847546112,scored,-0.879177400898737,19.0,XLF,True,0.2781096484800209,0.024037134700088236,,insufficient_history,1.0
2026-10-05,FLR,299,1.0,0.9710905342941466,0.9100345415688273,0.6797187691484765,0.5774837611904841,0.4043239751114349,scored,-1.4326720478071633,19.0,XLI,True,1.9626858153048825,0.038780593070635895,,no_data,0.0
2026-10-05,FLS,299,1.0,0.952117176847382,0.9580680343715962,0.9914217743102809,1.0594166397606912,1.049733325538828,scored,-0.5429493749760009,19.0,XLI,True,2.2902175660088693,0.030823924172393935,,no_data,0.0
2026-10-05,FLUT,299,1.0,0.9619390460446358,0.9160325287347966,0.882449684178058,0.9729588574843415,1.0740717828459416,scored,-1.1900007062631208,19.0,XLY,True,4.196532930757495,0.0554144055296117,,no_data,0.0
2026-10-05,FLY,292,1.0,0.9599415988578737,0.9520118164442238,0.9394944293786358,1.0007450680507004,1.1328991282412548,scored,1.0260743233242833,19.0,XLI,True,1.6586350240413306,0.07342341850559232,,no_data,0.0
2026-10-05,FLYW,299,1.0,1.0854311534876755,1.0968367703170245,0.9921136954875017,0.9704683538787066,0.9669392095824892,scored,0.8118787475401079,19.0,XLF,True,0.568724877669913,0.03130021341056208,,no_data,0.0
2026-10-05,FMX,299,1.0,0.9065656430299298,0.8178365868646423,0.7304783461999029,0.7348669408082849,0.6221911389585382,scored,0.00014576606658160262,19.0,XLP,True,2.7894460802053027,0.023857732468399784,,no_data,0.0
2026-10-05,FN,299,1.0,0.9926272794238734,0.9581891648097427,0.8435467026864367,0.70013427040349,0.5609527538867319,scored,1.2476588550256091,19.0,SPY,False,21.62165314217526,0.04764157663973043,,no_data,0.0
2026-10-05,FNB,299,1.0,0.9196380457852371,0.8187178369949385,0.7541276772676142,0.7288340481312886,0.8017019725579876,scored,0.636425592345393,19.0,XLF,True,0.3271771657773082,0.018803285389500473,,no_data,0.0
2026-10-05,FND,299,1.0,0.9279650026922048,0.9398781619743187,0.9463796871517354,0.9398594831509827,0.916742237198109,scored,0.3877819791827568,19.0,XLY,True,2.0007083633935077,0.042979771501471704,,no_data,0.0
2026-10-05,FNF,299,1.0,1.0588837583356405,1.0537918453899904,0.9858576696231148,0.9793594079544172,1.093074901264651,scored,-1.382719180484797,19.0,XLF,True,1.1560562260205518,0.029642467333860303,,no_data,0.0
2026-10-05,FNV,299,1.0,1.0485909615965199,1.0905262688074098,1.1088063426701962,1.0066988804635277,1.0142538892377804,scored,-0.7016829209431857,19.0,XLB,True,9.45129788175563,0.039252836123247904,,no_data,0.0
2026-10-05,FORM,299,1.0,1.0372021708459178,0.9840150676011122,0.9236790676095832,0.7918128338865124,0.6897824544446121,scored,1.7292774538225975,19.0,XLK,True,7.29356693217926,0.049284187662539766,,insufficient_history,2.0
2026-10-05,FOUR,299,1.0,1.0743386081255686,1.0083063419112899,0.8889243589333458,0.5878581843662802,0.4697911031801227,scored,-1.1125787989441918,19.0,XLF,True,2.175666232437971,0.057940512182103096,,no_data,0.0
2026-10-05,FOX,299,1.0,1.137897076667775,1.208866558383919,1.291613233036322,1.4660536144739722,1.3811405602532014,scored,-1.0765607531267725,19.0,XLC,True,1.5449046449607031,0.027246995501952434,,no_data,0.0
2026-10-05,FOXA,299,1.0,1.1503741741336737,1.2283092227105172,1.3098991486243285,1.4865611004241792,1.4078776107968314,scored,-1.3706089377419497,19.0,XLC,True,1.7242615499524352,0.027226615347425157,,no_data,0.0
2026-10-05,FPS,167,1.0,0.9250129494843737,0.8646317977460104,0.8699412595588146,0.9836072172830189,1.2771017553838695,scored,0.24400651694444414,19.0,SPY,False,2.346453599011035,0.060211793662074284,,no_data,0.0
2026-10-05,FR,299,1.0,0.9915647653395937,0.9457834212490682,0.9078809234340272,0.8252814977692079,0.7316555351438834,scored,1.3799541473142354,19.0,XLRE,True,1.0388206359235808,0.01754171962045898,,no_data,0.0
2026-10-05,FRME,299,1.0,0.9436171557894337,0.8879796836716577,0.8603355152503818,0.828251615256213,0.960725676668185,scored,0.999022905096842,19.0,XLF,True,0.7382509642134644,0.0185630114210074,,insufficient_history,1.0
2026-10-05,FRO,299,1.0,1.061164582923209,1.1066568896342577,1.116174844550126,1.0259580890304811,0.8319385167320469,scored,2.466212095137073,19.0,XLE,True,1.9530618726831903,0.036336034840617495,,no_data,0.0
2026-10-05,FROG,299,1.0,1.0565844790486114,0.9969354422967499,0.8912554681413335,0.7885089145041315,0.9123697200856082,scored,0.06061924873127531,19.0,XLK,True,5.075986801626732,0.05186988352367395,,no_data,0.0
2026-10-05,FRPT,299,1.0,1.0126262358506313,1.0131910360518088,1.101021332142471,1.3072542309166824,1.369972614818646,scored,-1.2719525499106075,19.0,XLP,True,2.2746597413105465,0.03708885930719952,,insufficient_history,1.0
2026-10-05,FRSH,299,1.0,1.0563226068314078,1.078200065625838,1.0205130537817062,1.0194232524908335,1.1188219315204724,scored,-0.9990792262963355,19.0,XLK,True,0.4872173965857335,0.03685456857683309,,no_data,0.0
2026-10-05,FRT,299,1.0,1.032188568450952,1.039173843208908,1.0368750507350553,0.9554177618478732,0.9886218321111416,scored,0.3251090323686624,19.0,XLRE,True,1.754354524141975,0.016555199812607106,,no_data,0.0
2026-10-05,FRVO,100,1.0,0.8831001022186303,0.7412500899440315,0.623506976609193,0.37163873454302193,0.21732576928474615,scored,-0.03156083733556553,19.0,XLU,True,1.4219235485367023,0.10564067968326168,,insufficient_history,1.0
2026-10-05,FSK,295,1.0,1.0506022725254993,1.045780910718974,1.0282005090109614,0.9668873764591026,1.1012539771345446,scored,0.28876039500358913,19.0,XLF,True,0.2906749779248368,0.02644904257732819,,insufficient_history,1.0
2026-10-05,FSLR,299,1.0,0.9196914646134736,0.9158020388053165,0.8941949010779408,0.8915831439698678,0.8684748937497503,scored,-1.8680350565217363,19.0,XLK,True,8.524642723529373,0.048391477767537314,,no_data,0.0
2026-10-05,FSLY,299,1.0,1.0169014781378376,1.0086980604217972,1.0250007547786295,0.895791723270235,0.873112014725522,scored,1.2463515901090019,19.0,XLK,True,2.2224672108959185,0.08544664401752858,,no_data,0.0
2026-10-05,FSM,299,1.0,1.0339536379420045,1.0544642824790884,1.0485872120070454,0.8637041543349672,0.8390783537813271,scored,-0.2422787564951524,19.0,XLB,True,0.4281438894029024,0.038433024183384415,,no_data,0.0
2026-10-05,FSS,299,1.0,0.9111387068990731,0.7935969875979093,0.7188842626424992,0.6757800784126302,0.5061786669001632,scored,-0.12214527157373438,19.0,XLI,True,3.634951694820421,0.031220060936360223,,no_data,0.0
2026-10-05,FSV,299,1.0,0.9367344423132997,0.8974002588460269,0.8944724861867466,0.839331331358995,0.8404209727539877,scored,-0.32651420810142295,19.0,XLRE,True,3.3085846559016954,0.025791897847690173,,no_data,0.0
2026-10-05,FTAI,299,1.0,0.8842954703666163,0.8536287832815209,0.8801468171289318,0.9104710388017734,0.8761405411009081,scored,-1.0954928156681132,19.0,XLI,True,8.2773196515744,0.05025694991848452,,no_data,0.0
2026-10-05,FTDR,299,1.0,1.0778154809125113,1.0494997287444956,1.0568422639493116,1.1180978969819855,1.0013873945690053,scored,-0.7610930336150009,19.0,SPY,False,2.6288133542169474,0.0338677319533232,,no_data,0.0
2026-10-05,FTI,299,1.0,0.8850063962466177,0.9432460480389043,1.0280398873044798,1.1057475998229203,1.070361023232509,scored,-1.8127972963262635,19.0,XLE,True,2.1745193472830597,0.030954012060968823,,no_data,0.0
2026-10-05,FTNT,299,1.0,1.0041616133419926,1.0379028228827951,1.0325284387158906,0.938060347435841,1.0901844257872293,scored,0.14987924030234528,19.0,XLK,True,6.2287223373577225,0.033827851720837035,,no_data,0.0
2026-10-05,FTRE,299,1.0,1.0074407868352129,0.9939280724753216,1.0149566604146758,1.0459129138804821,1.1766624132894603,scored,0.624016776121172,19.0,XLV,True,1.0254580935074304,0.04857688742337425,,no_data,0.0
2026-10-05,FTS,299,1.0,0.9517590103812332,0.9721751626697793,0.9197522467537481,0.8094918123555774,0.7723967417972718,scored,0.3416167896712997,19.0,XLU,True,0.6990548517230258,0.013297600375176447,,no_data,0.0
2026-10-05,FTV,299,1.0,0.9678930862285027,0.8863049152575655,0.7223651383932506,0.5227003789940022,0.5076928089594936,scored,-0.032587001919445566,19.0,XLI,True,1.1285194207293103,0.019667469862832177,,insufficient_history,1.0
2026-10-05,FUL,299,1.0,1.0579217759352444,1.0899758123823124,1.0887865244854729,1.1035234287411115,1.014691028659352,scored,0.45195953177887893,19.0,XLB,True,1.8234194293708392,0.03615026624446549,,no_data,0.0
2026-10-05,FULT,299,1.0,0.8977269263355571,0.8115966435249024,0.7727290548055805,0.8136724230145121,0.9891827427570582,scored,0.7758182072494205,19.0,XLF,True,0.42789485776494984,0.018858301355881436,,no_data,0.0
2026-10-05,FUN,299,1.0,1.0100882366915072,0.9684578860323761,0.87805885197602,0.9099111122989371,0.8694040521132743,scored,-1.4986335108389433,19.0,XLY,True,0.7569249987559135,0.06240107162043804,,no_data,0.0
2026-10-05,FUTU,299,1.0,0.7980933154026748,0.6703547213947396,0.6350359907439194,0.7190184088510899,0.7566577032650048,scored,-0.7828463633530972,19.0,XLF,True,4.230137757681347,0.03856096406272878,,insufficient_history,3.0
2026-10-05,FWONK,299,1.0,1.0481058585452943,1.045527851831016,0.978225674846212,0.9007095662958494,0.7257781656170772,scored,0.47903776719193253,19.0,XLC,True,2.6684812061741545,0.028089275854464784,,insufficient_history,1.0
2026-10-05,G,299,1.0,1.0428914846447956,1.105688193400881,1.0717621212032964,1.0345543846193535,1.0234578949226956,scored,-0.5647726848489707,19.0,SPY,False,1.100085772394616,0.032818787959266585,,no_data,0.0
2026-10-05,GAP,299,1.0,0.9185738555338971,0.9212651854690591,0.8872351943341287,0.7309030139793088,0.6413332616999521,scored,1.2989623896287354,19.0,XLY,True,0.8438616175257405,0.03621723680367985,,no_data,0.0
2026-10-05,GATX,299,1.0,0.9793794660004405,1.0125468222278549,1.0812127947301466,1.2815674062316371,1.5759158930575508,scored,0.342561787763456,19.0,SPY,False,4.619803720415681,0.026817227145850588,,no_data,0.0
2026-10-05,GBCI,299,1.0,0.982304353264751,0.9290238982259443,0.8921243807488021,0.8854030908900152,1.173413229297508,scored,0.9237876486407547,19.0,XLF,True,0.9209545098340777,0.02105038879620749,,no_data,0.0
2026-10-05,GCT,299,1.0,0.9255787128665852,0.8749921526173988,0.8559205910522666,0.7995283165009252,0.6445163143052535,scored,1.1095443725460696,19.0,SPY,False,2.4665317310490416,0.045124985932108334,,no_data,0.0
2026-10-05,GD,299,1.0,1.040094019216773,1.0561537345846688,1.0465734832634013,0.8667502683446984,0.8095781899669846,scored,-1.1094383786093183,19.0,XLI,True,6.141030412596064,0.0185126926703125,,no_data,0.0
2026-10-05,GDDY,299,1.0,0.8927094990115841,0.8014991853595961,0.632186373197215,0.49112953216326066,0.5100570089516963,scored,-1.097684956222826,19.0,XLK,True,4.560044192803749,0.045719312139600454,,no_data,0.0
2026-10-05,GDS,299,1.0,0.8886288562195807,0.8768339620773108,0.8618999922891396,0.7103656234893009,0.5904796807247962,scored,0.28240589950904277,19.0,XLK,True,1.4411919622141056,0.0492042322367397,,insufficient_history,1.0
2026-10-05,GE,299,1.0,0.9363039339224665,0.9065461756214304,0.8806271431585666,0.9533282616876402,0.9554964295665311,scored,-0.44067210514459765,19.0,XLI,True,8.205923430448655,0.026786979925731723,,no_data,0.0
2026-10-05,GEF,299,1.0,1.1052015410559912,1.1919902434055445,1.2086404918717533,1.3434481154931939,1.618767546687516,scored,-0.5274857858314719,19.0,SPY,False,2.047496944510313,0.024954258921515086,,no_data,0.0
2026-10-05,GEHC,299,1.0,0.9753313623947385,0.945165825686322,0.9360351347125232,0.9237891555885083,0.8078096512153959,scored,-1.31883897593506,19.0,XLV,True,1.541111756173055,0.023442527474491253,,no_data,0.0
2026-10-05,GEN,299,1.0,1.1696121115386113,1.3238226688531178,1.4340460484152828,1.409169572754575,1.2976983086163711,scored,-1.4382898621508624,19.0,XLK,True,1.1968777710410343,0.053719828143672994,,no_data,0.0
2026-10-05,GEO,299,1.0,0.9169727196081392,0.9012327427802564,0.8487129436506955,0.9104164280029332,1.0562203699653712,scored,0.9995658086437984,19.0,SPY,False,1.3392612783177724,0.041411913367896486,,insufficient_history,1.0
2026-10-05,GEV,299,1.0,0.9224306426412222,0.8013291654042995,0.7268612669786981,0.6099450637934516,0.6237609055902718,scored,1.1042151593068639,19.0,SPY,False,35.923195817204935,0.036286056381015085,,no_data,0.0
2026-10-05,GFF,299,1.0,1.1055535761383524,1.1691425294465236,1.2021745294934671,1.105559315874258,1.1012217374602375,scored,0.039697661957145455,19.0,SPY,False,2.6579938345469505,0.028249482777627274,,no_data,0.0
2026-10-05,GFI,299,1.0,0.9420004015881639,0.9667279928701152,0.9408843396785684,0.78196570758142,0.8861515445633477,scored,-1.6602702105934928,19.0,XLB,True,1.6784477827797812,0.04702851730960441,,no_data,0.0
2026-10-05,GFL,299,1.0,0.9842107322489352,0.9930002780596573,0.9666913275590236,0.7380844191773391,0.5972079064046518,scored,-0.7896160879029439,19.0,SPY,False,1.2909647489514768,0.030533697941141837,,insufficient_history,1.0
2026-10-05,GFS,299,1.0,1.0768414536845485,1.0452734257514356,1.006016929270118,1.0476550049703555,1.275271576863348,scored,1.0117208672782707,19.0,XLK,True,2.0551086684881152,0.042321018708569094,,no_data,0.0
2026-10-05,GGAL,299,1.0,1.0496427116059954,1.0573118181216945,1.1134638547716929,1.2056628609135185,1.401546301906993,scored,-1.6040194602819735,19.0,XLF,True,1.6334197882768322,0.042703785314426985,,insufficient_history,1.0
2026-10-05,GGG,299,1.0,0.9826608492430953,0.9344923749597054,0.8466923952518279,0.9392944044886741,1.0685261694268233,scored,1.2775377623169863,19.0,XLI,True,1.399202589945095,0.017749620575226374,,no_data,0.0
2026-10-05,GH,299,1.0,1.0256494108658192,1.0085224162912527,1.026417932291319,1.0475166404980136,1.0919050557067196,scored,1.6315373071774237,19.0,XLV,True,7.66126029014431,0.04092116381873897,,no_data,0.0
2026-10-05,GIB,299,1.0,0.9510995213345322,0.915014757014906,0.8309825177139258,0.7533346183263482,0.8067008286753757,scored,-0.08236843366408425,19.0,XLK,True,1.8604775953028505,0.026181784341441746,,no_data,0.0
2026-10-05,GIII,299,1.0,0.916126707867769,0.920895955643198,0.9594163256125192,0.9685797122230617,1.0376350069622984,scored,0.6823798864572594,19.0,SPY,False,0.812517020803289,0.03010437276040345,,no_data,0.0
2026-10-05,GIL,299,1.0,0.8973338067249802,0.8235434126777769,0.7500006722261959,0.7130070924052629,0.8419271948184269,scored,-1.822805743942487,19.0,SPY,False,1.7760044595844284,0.043657926735113775,,no_data,0.0
2026-10-05,GILD,299,1.0,0.9372071778081558,0.8823010756786326,0.8385390010349703,0.8607319348764616,0.8713978436677747,scored,0.5242163392306177,19.0,XLV,True,3.372354412615481,0.023317115485137808,,no_data,0.0
2026-10-05,GIS,299,1.0,0.997288035095605,0.947588632298915,1.0022927235985513,0.9943533291469021,1.1264586142729545,scored,-2.028618385828975,19.0,XLP,True,1.0859845077850327,0.03427981400836593,,no_data,0.0
2026-10-05,GKOS,299,1.0,0.994764257697003,1.0314458653055387,1.0647159408006408,0.9927742034894887,0.8868029117469058,scored,0.6288955416434489,19.0,XLV,True,6.408235047072361,0.03907222149303311,,no_data,0.0
2026-10-05,GL,299,1.0,0.9849386764576844,0.9605469042302499,0.9356288746482813,0.9041328790159647,0.9815642828155497,scored,0.42291846815237516,19.0,XLF,True,3.098509186132136,0.01867471785277324,,no_data,0.0
2026-10-05,GLBE,299,1.0,0.9472898346571309,0.9022486751289635,0.776760819647194,0.672401601985735,0.5834015201401065,scored,1.6820003242419423,19.0,XLY,True,1.4849972195884533,0.03734902463753655,,no_data,0.0
2026-10-05,GLNG,299,1.0,1.0286143364357994,1.0454016585536643,1.0759080485165562,1.081371949787422,0.9335161969324708,scored,-1.2393821879313158,19.0,XLE,True,1.2939768682101034,0.02601481439907727,,no_data,0.0
2026-10-05,GLOB,299,1.0,1.01831008374375,1.0255225617349522,0.971448256595278,0.8591089009302775,0.8869755731833431,scored,0.0512862320845198,19.0,XLK,True,1.9041097238692022,0.05326181045787978,,no_data,0.0
2026-10-05,GLPI,299,1.0,1.0089705038551862,0.9930879965155363,0.9995091053295363,0.893120351359866,0.9150088860052227,scored,-1.1779553154014508,19.0,XLRE,True,0.7185704248160457,0.01895464059129638,,no_data,0.0
2026-10-05,GLW,299,1.0,1.0354858480558058,1.002769454673948,0.9756034042120401,0.8465069497852217,0.7879063935279496,scored,0.9501147554684336,19.0,SPY,False,7.974664991645337,0.050038683514120205,,no_data,0.0
2026-10-05,GLXY,299,1.0,0.9699756860144126,0.9537643880610167,0.9417963610608369,0.969297296465369,0.9213443334011332,scored,-0.26496868530208684,19.0,XLF,True,1.6003663134800432,0.07065634938101736,,no_data,0.0
2026-10-05,GM,299,1.0,0.9042295793928915,0.8792346592446963,0.8914616310624575,0.9073358415622806,0.7976825290720204,scored,-0.39661674014038056,19.0,XLY,True,2.594807996772807,0.03234211637508173,,no_data,0.0
2026-10-05,GMAB,299,1.0,0.9491577277241552,0.9408841514958,0.9175848634711649,0.9942540994484335,1.164057281012826,scored,0.5973481802705382,19.0,XLV,True,1.1814713826462762,0.030703518260038365,,insufficient_history,2.0
2026-10-05,GME,299,1.0,0.9402517016509897,0.9392262615732248,0.9832662258351235,1.134207992387727,1.2431636140390119,scored,1.40022407325799,19.0,XLY,True,0.8883309930568755,0.03519536422570822,,no_data,0.0
2026-10-05,GMED,299,1.0,1.0802059785191458,1.0770140614097068,1.0996742333892668,0.9821043345844942,1.0562012262502913,scored,0.3759716352926235,19.0,XLV,True,1.8454489078945269,0.02410146151096418,,no_data,0.0
2026-10-05,GNRC,299,1.0,0.9852538095342642,0.9375852310627482,0.9879206271297365,1.1241539772189295,1.0820701098893903,scored,1.282390294281101,19.0,SPY,False,9.610544192859345,0.044658662606223726,,no_data,0.0
2026-10-05,GNTX,299,1.0,0.9457293500323962,0.887202305397826,0.7910015102956894,0.7853466918180579,0.942429386612875,scored,-1.1482385495385818,19.0,SPY,False,0.4576173219513125,0.020886231033834437,,no_data,0.0
2026-10-05,GO,299,1.0,0.928780792743325,0.9532306319186132,1.0507378627106014,1.1357124922070052,1.1972331138121275,scored,0.1996088843196152,19.0,XLY,True,0.5138291560661504,0.04499379650316554,,no_data,0.0
2026-10-05,GOLD,299,1.0,0.9522348772740389,0.9522117842554738,0.913022055739515,0.9700921704185413,1.2736916105918548,scored,-1.2827919218253976,19.0,SPY,False,1.838154401908864,0.04414395777879116,,no_data,0.0
2026-10-05,GOLF,299,1.0,1.0306859640165231,1.0536773958552632,1.0705434934844242,1.291876511428077,1.765525672371343,scored,-0.6615945119920329,19.0,SPY,False,2.1854416002495936,0.026207478117874966,,no_data,0.0
2026-10-05,GOOG,299,1.0,1.0616963685457395,1.0565082791353293,1.115822265912053,1.1440037893667827,1.2536285223130548,scored,0.5150915026706187,19.0,XLC,True,8.592603807297378,0.024990849568965415,,no_data,0.0
2026-10-05,GOOGL,299,1.0,1.067970935000876,1.0648817210100288,1.1203498049086853,1.139365911527094,1.2343180160803997,scored,0.40164473390462885,19.0,XLC,True,8.767407321272902,0.025304953737041884,,no_data,0.0
2026-10-05,GPC,299,1.0,1.051233429471738,1.1223586461590183,1.1844403064150506,1.3251124064625437,1.5700288612057258,scored,-2.343973497409038,19.0,SPY,False,2.9638122176153887,0.023477599949424815,,no_data,0.0
2026-10-05,GPCR,299,1.0,1.0195256790182254,1.0913792306429215,1.1342660697180207,1.1203124937946607,1.2935510599698234,scored,-1.8172555361636562,19.0,XLV,True,2.1489248907711236,0.07788781771551735,,no_data,0.0
2026-10-05,GPGI,299,1.0,0.9724489364101915,0.9600853699059981,0.9695716118106165,0.9053275603633241,0.8802302699599842,scored,-2.045211491214505,19.0,XLK,True,0.6848540044643618,0.052762249958733576,,no_data,0.0
2026-10-05,GPI,299,1.0,0.9996049362891339,0.9227019913060506,0.8568605140742978,0.8737682855266705,0.6704522217099577,scored,0.5664969668096941,19.0,XLY,True,11.674792352697187,0.04835483910162851,,no_data,0.0
2026-10-05,GPN,299,1.0,1.0174910572469262,1.02693279755963,0.895084615316715,0.7857572557905055,0.7821757229586355,scored,-0.4472467299446358,19.0,XLF,True,2.6683587835169424,0.032469685854428595,,no_data,0.0
2026-10-05,GPOR,299,1.0,1.0207499025438278,1.0232284728695236,1.0382124939431012,1.0250732909971452,0.9098916487431314,scored,-1.751997675221734,19.0,XLE,True,4.8357717925991714,0.030637175573993737,,no_data,0.0
2026-10-05,GPRE,299,1.0,0.8661753797944158,0.8132180930326488,0.7225169483745163,0.5431424005691909,0.5169316749706311,scored,0.9302696150493015,19.0,XLE,True,0.5766119994036899,0.03806019798044158,,no_data,0.0
2026-10-05,GRAL,299,1.0,1.0125032206253946,0.9428395179314641,0.8551797631492144,0.9021304804160768,1.0088151783599724,scored,1.553585893081946,19.0,XLV,True,9.058313365164754,0.0587896765651918,,no_data,0.0
2026-10-05,GRBK,299,1.0,0.9991773944550228,1.0499226426288297,1.1172240332076822,1.0515577401546612,0.9363769976039289,scored,0.9540955931502776,19.0,XLP,True,1.778701886296041,0.02716819743846099,,no_data,0.0
2026-10-05,GRDN,299,1.0,1.0483616916298195,1.0541531490686782,1.0043672744355132,0.9841745138622537,0.8159815543238348,scored,0.4895393783937684,19.0,XLV,True,1.6155774822311795,0.038374762048246545,,no_data,0.0
2026-10-05,GRMN,299,1.0,1.0675931187664045,1.1447396462742851,1.2702222780668782,1.4867509555430596,1.529934243701004,scored,1.3382967995887756,19.0,XLP,True,7.144132331448639,0.025021477764950405,,no_data,0.0
2026-10-05,GRND,299,1.0,0.9953812582190353,0.9517099087521076,0.9626103065996084,0.9671041509284356,0.9537647784778991,scored,-0.05290376519833623,19.0,XLC,True,0.7074468381484171,0.0522486586520249,,insufficient_history,1.0
2026-10-05,GRPN,299,1.0,0.8736300960688309,0.8665650064753514,0.9474697236974549,0.9664224297765247,1.0852041872605132,scored,1.2119387114268811,19.0,XLY,True,1.0902824432970082,0.055316207168797975,,no_data,0.0
2026-10-05,GS,299,1.0,0.9712169735579984,0.903147112990685,0.7606339153527752,0.7242456059968081,0.7714452535693942,scored,-1.2254302950379725,19.0,XLF,True,23.508935494201275,0.026312241727890755,,no_data,0.0
2026-10-05,GSAT,299,1.0,0.9989204970982337,0.925913874645044,0.7483974749759973,0.6095173774442376,0.5979782054728632,scored,0.4426662580722054,19.0,XLC,True,0.653292540500999,0.007820116596851796,,no_data,0.0
2026-10-05,GSHD,299,1.0,1.103469520634272,1.1011667943061116,1.116427691169051,1.1539551433425626,1.3096834671398538,scored,-1.1073762277406503,19.0,XLF,True,3.005926312847312,0.06507742612789158,,no_data,0.0
2026-10-05,GSK,299,1.0,1.0124824824512793,1.0158623669266318,0.9926212688398507,1.0371051129824753,0.9905838570731408,scored,-0.017089505361973747,19.0,XLV,True,0.9329573990272813,0.020042049388341168,,insufficient_history,3.0
2026-10-05,GTES,299,1.0,1.0228925901544663,0.9733472871457816,0.8937658460922819,0.8337106128863927,0.8294200256098481,scored,1.209171798729884,19.0,XLI,True,0.8670426726982827,0.031177370467396,,no_data,0.0
2026-10-05,GTLB,299,1.0,0.9994853910510171,0.9978735931764054,0.8930307437733163,0.8629810695228975,1.003261627738069,scored,-0.6077248912008048,19.0,XLK,True,2.0966181239887454,0.04071103153376204,,no_data,0.0
2026-10-05,GTX,299,1.0,1.1040058067016112,1.0878891659961059,1.1050763165893258,1.2388096406495177,1.4437865900128863,scored,0.6983257420712823,19.0,SPY,False,0.8367268969177416,0.031361577845492566,,no_data,0.0
2026-10-05,GTY,299,1.0,0.9694513307539497,1.0405190851990318,1.060813187159482,1.1548133593147496,1.076667101191188,scored,-1.0274244892751554,19.0,XLRE,True,0.6175081623932978,0.0221567334909687,,no_data,0.0
2026-10-05,GVA,299,1.0,1.070969309536286,1.1174565410756363,1.144693872700105,1.2479068099745814,1.0559369967242314,scored,0.07326216656198654,19.0,XLI,True,3.370117614665441,0.028344134690205556,,insufficient_history,1.0
2026-10-05,GWRE,299,1.0,1.1429789512682667,1.2679017701887774,1.2894467014377542,1.2406275402303781,1.1624619127954845,scored,-0.5295865798053581,19.0,XLK,True,8.347309887010255,0.051138331722172733,,no_data,0.0
2026-10-05,GWW,299,1.0,0.9623918828378076,0.9148195217444293,0.8034801879135183,0.7764297356809416,0.7029643066243919,scored,-0.7549507056296634,19.0,SPY,False,25.72871453502439,0.01999371680630412,,no_data,0.0
2026-10-05,GXO,299,1.0,0.9191148064114678,0.8231821410078707,0.7335576762295202,0.7659232222713362,0.7231269537896315,scored,0.3368365172380228,19.0,SPY,False,1.415056574048173,0.030768788302852207,,no_data,0.0
2026-10-05,H,299,1.0,0.9896135656757808,0.9362973463054847,0.8653240591552455,0.8037955965688516,0.844028721124063,scored,0.131740132285879,19.0,XLY,True,4.5894507645847025,0.02927505750197552,,no_data,0.0
2026-10-05,HAE,299,1.0,1.1132668769265506,1.207586321813842,1.3525677246291838,1.3760786091209554,1.5096612796719286,scored,1.2664479192789564,19.0,XLV,True,2.6196969449881435,0.025025763708331518,,no_data,0.0
2026-10-05,HAFN,295,1.0,1.0565831323199655,1.0625996566800355,1.0743029597280205,1.0909175585287214,1.2305114323071076,scored,1.54619846858345,19.0,XLE,True,0.3732359309925687,0.03630699717826544,,no_data,0.0
2026-10-05,HAL,299,1.0,1.0266048048132914,1.055206954041878,1.125046167331079,1.1720227397876266,0.8829117887199283,scored,-1.8833891474116948,19.0,XLE,True,0.9217314388928469,0.028118713816133217,,no_data,0.0
2026-10-05,HALO,299,1.0,1.11031979830537,1.1752812686670426,1.2305746882827433,1.3570744555443164,1.4283507399757422,scored,-0.08878886095734047,19.0,XLV,True,3.003526962972342,0.027730837069267305,,no_data,0.0
2026-10-05,HAPN,299,1.0,0.9342775667017553,0.8797261973889159,0.823623485342791,0.7508244667202678,0.7476267930254396,scored,-0.12691379324027602,19.0,XLF,True,0.5346965461260448,0.0345858050534311,,no_data,0.0
2026-10-05,HAS,299,1.0,0.92925713512297,0.852330051846743,0.7968053919233123,0.8961505816647412,0.9786601861609225,scored,-0.1911899163995202,19.0,SPY,False,2.367196813053087,0.025624559569745475,,no_data,0.0
2026-10-05,HASI,299,1.0,0.9542314586731437,0.9336074521616564,0.9349444741938489,0.9106820254464232,0.8198070553091681,scored,0.1999955926633985,19.0,XLF,True,0.923720374207328,0.02543983404591925,,no_data,0.0
2026-10-05,HAWK,104,1.0,0.7776536985246172,0.759300518849597,0.8514284411392742,0.9387683862534028,1.2451018009388108,scored,-0.7579979064314812,19.0,XLI,True,0.8886210248986112,0.061795620646634984,,no_data,0.0
2026-10-05,HAYW,299,1.0,0.9318321865112352,0.9310462393372567,0.9835139324832034,1.0559311440893246,0.9138242076544473,scored,-0.967701186939513,19.0,SPY,False,0.33481350174264957,0.0269359212986846,,no_data,0.0
2026-10-05,HBAN,299,1.0,0.9709059045959445,0.9792584106031443,0.957444606985648,0.9390897133761397,1.1075041501559566,scored,-0.7303722794717972,19.0,XLF,True,0.34110382438839654,0.022308948619254188,,no_data,0.0
2026-10-05,HBM,299,1.0,1.0057277001992435,1.0027911038218276,1.0403231877276706,0.902892664541403,1.0114555223254713,scored,0.6690828171241913,19.0,XLB,True,1.25619768071158,0.046082086599837854,,no_data,0.0
2026-10-05,HCA,299,1.0,0.9337243683849972,0.906086011710439,0.970873222310424,1.0521524819710817,0.9816109010930243,scored,0.8990890205630462,19.0,XLV,True,12.043189233649633,0.027690585012530196,,no_data,0.0
2026-10-05,HCC,299,1.0,0.9305119898659209,0.8959012620326257,0.9307078535385634,0.9559241225633256,0.8668016820185793,scored,-0.39873053125130076,19.0,XLB,True,3.8031752343288816,0.041208963423218996,,no_data,0.0
2026-10-05,HCI,299,1.0,1.0738410182743916,1.0843656929730623,1.0301139887116917,1.0687527264513732,1.1210969167538085,scored,0.8081092360922681,19.0,XLF,True,4.412333268399399,0.023733705924368777,,no_data,0.0
2026-10-05,HD,299,1.0,0.9480131315075713,0.9469941781951311,0.9444810370063854,1.0061690079262506,1.137794125797908,scored,-1.53974772717906,19.0,XLY,True,6.489125642041181,0.023080653181722144,,no_data,0.0
2026-10-05,HDB,299,1.0,0.9332252654363372,0.92585558219615,0.8759468867108097,0.9761403194849055,0.917204149318327,scored,0.9296632721713709,19.0,XLF,True,0.5646076596805225,0.025536303015853575,,no_data,0.0
2026-10-05,HEI,299,1.0,0.9449333920576629,0.9033091698842665,0.8763589810478628,0.9280053430200093,0.9836536517107243,scored,-1.1423223230380046,19.0,XLI,True,7.7777514923373925,0.02579086610849021,,no_data,0.0
2026-10-05,HEI.A,299,1.0,0.9364632334055714,0.8964543422392295,0.836467317095287,0.8397315336123848,0.8848425075798917,scored,0.02620144605426482,19.0,XLI,True,6.005967929318432,0.026707434762177303,,no_data,0.0
2026-10-05,HELP,299,1.0,1.059634030857521,1.0375109543632384,0.9379025561915196,0.9678211172917861,1.0750752867122622,scored,0.3011368550095075,19.0,XLV,True,0.8601648039009565,0.07532091102460214,,no_data,0.0
2026-10-05,HESM,299,1.0,0.8867869994418169,0.8584274205670185,0.8404424404733966,0.8981975064317125,1.1182231908326998,scored,-0.010587554246342645,19.0,XLE,True,0.8448014466664494,0.02199430998871256,,no_data,0.0
2026-10-05,HGV,299,1.0,0.9925655969233355,0.9438306272332226,0.8648839354792712,0.8623561504008426,0.8461832598199782,scored,-1.6356311552000522,19.0,XLY,True,1.3367651412408037,0.03925888814216751,,no_data,0.0
2026-10-05,HHH,299,1.0,1.0926571081283123,1.0806527563698953,1.043518151607066,0.9922895718064015,1.0453149058273883,scored,1.3188447419038023,19.0,XLRE,True,2.497791402159793,0.03485614571811042,,no_data,0.0
2026-10-05,HIG,299,1.0,0.9441491770331201,0.9246575126924783,0.9855244222299304,1.1034505793877007,0.9394957444705393,scored,-0.667764966093477,19.0,XLF,True,2.4889022724739056,0.019720325429632403,,no_data,0.0
2026-10-05,HII,299,1.0,0.9569795279826324,0.9312287587563736,0.9350882006375741,0.9838530749465894,1.1299539052158991,scored,-1.1329189930379626,19.0,XLI,True,7.474906112100521,0.02805053329368253,,no_data,0.0
2026-10-05,HIMS,299,1.0,0.9573728128865974,0.9680006294517481,1.0010572911088738,1.1784504390861268,1.1949004363780948,scored,1.2173107700346488,19.0,XLV,True,1.7001854717980018,0.057303184084866926,,no_data,0.0
2026-10-05,HIW,299,1.0,0.9796501962443472,0.9663802694184835,0.972488726574396,1.0394690172778775,1.4294222634231233,scored,0.7049053329193333,19.0,XLRE,True,0.7286985153783491,0.0247100208673567,,no_data,0.0
2026-10-05,HL,299,1.0,0.9704558723359626,1.0133660167930718,1.076690196604797,0.9565729298073157,0.9951413492773747,scored,-1.2724221087695373,19.0,XLB,True,0.8633130660321531,0.05075326666855691,,no_data,0.0
2026-10-05,HLF,299,1.0,0.9753531339330278,0.9873171757522907,1.0660836819078625,1.0419930124253198,1.1904517381113484,scored,1.290323265164563,19.0,XLP,True,0.4579154696507527,0.03663323757206022,,no_data,0.0
2026-10-05,HLI,299,1.0,1.0263486244561344,1.019189567041643,0.990912090889285,0.9781247699616537,0.8834312949281061,scored,0.652946873654167,19.0,XLF,True,4.208357929688136,0.03316278904403574,,no_data,0.0
2026-10-05,HLIO,299,1.0,0.9871312356708168,0.9402968308974307,0.9130025666979251,0.8800145588416698,0.8371109142177244,scored,-0.2977006649729065,19.0,XLI,True,2.267447926473291,0.031967403446683924,,no_data,0.0
2026-10-05,HLNE,299,1.0,1.085906083549509,1.1137645083559113,1.1211299095190201,1.2084690506498434,1.476604615349796,scored,-0.5974301513504127,19.0,XLF,True,3.6057618362609327,0.041288925183338286,,no_data,0.0
2026-10-05,HLT,299,1.0,0.9030961436669044,0.8470661527877745,0.8299982159325192,0.7821202928252152,0.7313029710121363,scored,0.6854620953427422,19.0,XLY,True,6.335665721678472,0.02004196419612322,,no_data,0.0
2026-10-05,HMC,299,1.0,1.002771761145119,0.9432536354677935,0.81066018729593,0.8566054711808282,1.034888590276274,scored,-0.46657356592374327,19.0,XLY,True,0.599062910671662,0.018850311852475203,,insufficient_history,2.0
2026-10-05,HMY,299,1.0,1.0470680830387615,1.0873803343844914,1.0516044583594315,0.9018199792041337,0.8864509133628682,scored,-0.8112426680279955,19.0,XLB,True,0.7362485312563027,0.04255771856972848,,no_data,0.0
2026-10-05,HNGE,299,1.0,1.0163872715205249,1.0638275046843788,1.1119325856253262,1.1548291316073995,1.215587542503863,scored,0.9486422654195705,19.0,XLV,True,3.9190711676121075,0.039848207093158186,,insufficient_history,1.0
2026-10-05,HNI,299,1.0,1.066475866519619,1.17842543114221,1.2803145761235906,1.4919892783418522,1.958620845386232,scored,-0.482495761613972,19.0,SPY,False,1.4514822237164224,0.030830123698309737,,no_data,0.0
2026-10-05,HOG,299,1.0,0.8067233244902925,0.7907108726269395,0.8026325145990115,0.8308041283672724,0.9106328405432329,scored,-0.485411058591906,19.0,XLY,True,1.0126302595106473,0.03866476744981471,,insufficient_history,1.0
2026-10-05,HOMB,299,1.0,0.8871466677725831,0.7848174142639088,0.7536908475116366,0.7550416522006026,0.8636482080734591,scored,0.6553872925626156,19.0,XLF,True,0.4942226208827095,0.01729865666372802,,no_data,0.0
2026-10-05,HON,299,1.0,1.012142663564405,1.0166684205475076,0.9819324147351923,1.0085177749048526,0.9578343072048405,scored,0.852688567112269,19.0,XLI,True,4.377336160944805,0.02044146894996173,,no_data,0.0
2026-10-05,HONA,78,1.0,0.758256778889988,0.6685265000147705,0.5197530570370313,0.344602869675487,0.38048366574134024,scored,0.7253436612922373,19.0,XLI,True,5.854988244605768,0.037594633649709566,,no_data,0.0
2026-10-05,HOOD,299,1.0,1.0051033329198071,0.9874253572487678,0.8939647549423281,0.8226837356598807,0.8301665437224082,scored,-0.8007484434602643,19.0,XLF,True,6.019949614524448,0.05275567097120715,,no_data,0.0
2026-10-05,HP,299,1.0,0.9036637511160268,0.9368491440911919,0.9445840968847891,0.9042520902973897,0.8526382655628556,scored,-2.17381960112489,19.0,XLE,True,1.5721495596220607,0.03917641563972242,,no_data,0.0
2026-10-05,HPE,299,1.0,1.0354101008790346,1.0735026042832225,1.055254072550552,1.0003027439419834,1.048358671924672,scored,0.6876746401397568,19.0,XLK,True,3.6642845923031278,0.05360275881075377,,no_data,0.0
2026-10-05,HPQ,299,1.0,0.8883914545172672,0.8338997334917316,0.8240961786104503,0.9088728002244406,0.9561632658885972,scored,-0.43405419095691367,19.0,XLK,True,1.344882736646234,0.04273539042409387,,no_data,0.0
2026-10-05,HQY,299,1.0,1.0009630625199193,0.9379027097286425,0.7825992967418114,0.6360186536787165,0.6358816006954027,scored,-1.0369778695067373,19.0,XLV,True,2.6694575829497067,0.029158466225556602,,no_data,0.0
2026-10-05,HR,299,1.0,1.0249731362072048,1.0571674618443583,1.08368702353986,1.1483727062655706,1.222675837361254,scored,-0.11473242172992949,19.0,XLRE,True,0.3404982966818288,0.01993549746380731,,no_data,0.0
2026-10-05,HRB,299,1.0,1.0340074782941748,0.9998987056944044,0.9213062675595315,1.0506200516280153,1.358814030099209,scored,-1.9637353866135934,19.0,SPY,False,1.540883096283915,0.03668769276866465,,no_data,0.0
2026-10-05,HRI,299,1.0,1.0200139906800607,1.005152686481589,0.9426503057636322,0.8975413181882167,1.0780149770430147,scored,0.8800451655522433,19.0,SPY,False,7.74152639681591,0.05712881998978607,,no_data,0.0
2026-10-05,HRL,299,1.0,0.9527250430730918,0.9590540632152635,0.9830755930831023,0.9624155567231896,1.0494764756471746,scored,-0.37379580811047025,19.0,XLP,True,0.46448380658636257,0.023131663674619652,,no_data,0.0
2026-10-05,HRMY,299,1.0,1.0579132204819008,1.0794588402316456,1.025651907503144,1.096348053358098,1.3972790868628482,scored,-0.8208336091692324,19.0,XLV,True,1.3085839968975754,0.03278016024292524,,no_data,0.0
2026-10-05,HROW,293,1.0,1.0414369778450703,1.0605078254962856,1.0977210600523533,1.0505022659825725,1.032673718697978,scored,-2.4215042949092282,19.0,SPY,False,1.378839463459251,0.04508958350095654,,no_data,0.0
2026-10-05,HSAI,299,1.0,0.9957542678296805,1.01178424750037,0.925451028874906,0.8854770207943716,0.7915248220346914,scored,-1.2806453683167915,19.0,SPY,False,0.6639313300322698,0.04173044186249339,,no_data,0.0
2026-10-05,HSBC,299,1.0,0.9474370708719126,0.9132033888982487,0.8216302923393517,0.8128019019001869,0.7124749887337428,scored,0.5347816559967425,19.0,XLF,True,1.7588767488400399,0.018192767364915596,,insufficient_history,1.0
2026-10-05,HSIC,299,1.0,0.9782456980549464,0.9357202100459829,0.9279538815806613,0.8039171722997408,0.8456787167314913,scored,0.5572272946345401,19.0,XLV,True,1.8215031306602336,0.02162534881467688,,insufficient_history,1.0
2026-10-05,HST,299,1.0,0.9621452445421185,0.9811718407037884,1.0024650366173193,0.9491434914286152,0.9379131763102747,scored,2.8489929710925836,19.0,XLRE,True,0.4224765571688208,0.01882694105030396,,no_data,0.0
2026-10-05,HSY,299,1.0,1.108518475915042,1.1095980988965846,1.1877331981098478,1.1338739818297938,1.1565030394429585,scored,-0.8866392836975675,19.0,XLP,True,3.49397284741406,0.0217003468568043,,no_data,0.0
2026-10-05,HTFL,291,1.0,1.035943708290023,1.0744259734946695,1.0220380999542007,1.0045011403850843,1.1234006154867422,scored,-0.22429787799133954,19.0,XLV,True,2.4383003863773864,0.04670178866840426,,no_data,0.0
2026-10-05,HTGC,299,1.0,0.970766900350946,0.9811506281571835,0.9868903785824329,1.0368014983457008,1.317243817611571,scored,1.3391919814470765,19.0,XLF,True,0.31942951290453603,0.019138976207581548,,no_data,0.0
2026-10-05,HTHT,299,1.0,0.9884021977297794,0.9981531278925307,0.9728712832550411,0.9770598985858406,1.0838349483362257,scored,-0.14642113792732153,19.0,XLY,True,0.9619806692765369,0.023030420619500523,,no_data,0.0
2026-10-05,HTO,299,1.0,0.9695705416972991,0.9483738529340748,0.8805114087808171,0.7195257308225562,0.6514838384641289,scored,-0.04353773081409547,19.0,XLU,True,1.3479785602436665,0.023066026013751992,,no_data,0.0
2026-10-05,HUBB,299,1.0,0.9560023737815625,0.892018451487937,0.8782698952087085,0.8563671400134488,0.7525404017875045,scored,0.5086301452974781,19.0,SPY,False,12.957251474107263,0.026957768592754113,,no_data,0.0
2026-10-05,HUBG,299,1.0,0.9702383850361116,0.8637324045479324,0.9011521641226784,0.9640387323954072,1.0591304204653076,scored,-2.1226367101909105,19.0,SPY,False,1.5346564740795685,0.053397928812789444,,no_data,0.0
2026-10-05,HUBS,299,1.0,1.0508249732969832,1.0775556188210917,0.9813794062501296,0.8200678510222389,0.7065891473446174,scored,-0.2766185449584684,19.0,XLK,True,13.51385321171467,0.061256757226393496,,no_data,0.0
2026-10-05,HUM,299,1.0,1.0964462913957622,1.1544716466222011,1.253022205620019,1.454688596586067,1.8326650151453392,scored,0.4683510770410582,19.0,XLV,True,14.078865306014329,0.034842639409048755,,insufficient_history,1.0
2026-10-05,HURN,299,1.0,1.038718595039723,0.9996455216289412,0.9845530784175639,0.9401753985230118,0.9757495553812761,scored,-0.07412716340409028,19.0,SPY,False,5.556617687325459,0.03470716856543073,,no_data,0.0
2026-10-05,HUT,299,1.0,0.9914787541162191,0.938851871071373,0.8454726948668255,0.653144161235616,0.6969180573386764,scored,-0.6811165386719528,19.0,XLK,True,7.172085312966554,0.0803414956084525,,no_data,0.0
2026-10-05,HWC,299,1.0,0.9756573526069914,0.9099000060842757,0.8623721636526944,0.8841167470300858,1.0033443514634939,scored,1.5056950455849194,19.0,XLF,True,1.4598482612979058,0.01994873273159204,,no_data,0.0
2026-10-05,HWKN,299,1.0,1.1696203541708834,1.2741716325673722,1.3320246755324658,1.208471911197816,1.0919799280094238,scored,0.879713671668358,19.0,XLB,True,4.052154327242303,0.030684191482979732,,no_data,0.0
2026-10-05,HWM,299,1.0,0.9445570732735811,0.9467857958968686,0.8994684842551496,1.0218450036936333,0.9551853594688334,scored,-0.8400129074347519,19.0,XLI,True,6.803982929787433,0.02963794454757779,,no_data,0.0
2026-10-05,HXL,299,1.0,0.9589862904053146,0.9603309171133274,1.0012686775920812,1.0164093976282993,0.9574973968143307,scored,0.00021974794669098047,19.0,XLI,True,2.4088662084687433,0.02804267995889107,,no_data,0.0
2026-10-05,HYMC,299,1.0,1.003083831452595,1.0089517580346252,1.0259833633062774,1.0910406112055053,1.2992819052888598,scored,-0.8223542134502387,19.0,XLB,True,1.4205959103315233,0.07556361225167676,,no_data,0.0
2026-10-05,HZO,299,1.0,0.9949296891728522,0.9076797626061103,0.7950118706318517,0.7244312680102267,0.6725008429355565,scored,1.733888839763657,19.0,XLY,True,0.27909246508014673,0.005331279180136518,,no_data,0.0
2026-10-05,IAG,299,1.0,0.9793864008464597,1.0211934721878237,1.0661280044181198,0.9438564477649921,0.9836560410089833,scored,-0.15037219143607825,19.0,XLB,True,0.7738851066826424,0.04196773897411293,,no_data,0.0
2026-10-05,IBKR,299,1.0,0.9198577719540239,0.8630098200269375,0.7496144842324767,0.6566104128724889,0.5888659086103281,scored,-0.027117706846977216,19.0,XLF,True,2.7174291605301453,0.03051576822605441,,no_data,0.0
2026-10-05,IBM,299,1.0,1.0743784382235706,1.1289528519469187,1.1624049141168438,1.181248930152047,0.7677600701925669,scored,-1.0494728799299444,19.0,XLK,True,6.543522228048825,0.029531195180290754,,no_data,0.0
2026-10-05,IBN,299,1.0,0.9274685110109744,0.9522725977827001,1.0203865022098904,1.2115802327337502,1.1425506897870212,scored,-0.23664612164535567,19.0,XLF,True,0.4445755371855574,0.016020740078758824,,no_data,0.0
2026-10-05,IBOC,299,1.0,0.9200267844644571,0.8372637094458497,0.73847715305681,0.6578366318076296,0.5752791540790357,scored,1.9616959789784898,19.0,XLF,True,1.092899649277669,0.01572743775043415,,no_data,0.0
2026-10-05,IBP,299,1.0,0.9140163615329323,0.9049269167692964,0.9432128701290369,0.9303347349126322,0.8855441195739265,scored,-0.3866574394945755,19.0,XLP,True,8.968561776223954,0.04692879376392629,,no_data,0.0
2026-10-05,IBRX,295,1.0,1.0326083431322484,1.1160196415889656,1.3228226283692004,1.4560654148669545,1.4079117683611115,scored,1.4632885367453041,19.0,XLV,True,0.6120238713867905,0.05896183732050004,,insufficient_history,1.0
2026-10-05,ICE,299,1.0,1.0728281969787228,1.0943110081338985,1.0785553344927215,1.140162084216835,1.228735230784235,scored,0.9340333010393403,19.0,XLF,True,3.4232658619157976,0.02249928269415575,,no_data,0.0
2026-10-05,ICHR,299,1.0,0.9989397337772925,1.015746576038438,0.9499962914653259,0.864276487436145,0.9235334956601607,scored,0.8798857244202889,19.0,XLK,True,3.3918787353215825,0.05355879891554686,,no_data,0.0
2026-10-05,ICLR,299,1.0,0.9793136473606411,1.021901181400731,0.9721754946554086,0.9720748694546776,0.9140974854988798,scored,0.3827993835828442,19.0,XLV,True,6.571206655570176,0.039037644243867256,,no_data,0.0
2026-10-05,ICUI,299,1.0,1.0266636250519514,1.036196804546498,1.023649792128842,0.8268930703255813,0.932184850795512,scored,-0.898693445474522,19.0,XLV,True,4.653206323039142,0.02883027461610373,,no_data,0.0
2026-10-05,IDA,299,1.0,0.903470866326607,0.9111606379191994,0.8423615200553465,0.8765929799794341,1.004606374014844,scored,1.414042214913316,19.0,XLU,True,2.4721406882389627,0.018766725030281355,,no_data,0.0
2026-10-05,IDCC,299,1.0,0.9376557719976107,0.9404728687578017,1.0127607624397703,1.1888956801171546,1.1742709831652733,scored,0.5032750551810203,19.0,XLK,True,11.381536619908525,0.0336542671868137,,no_data,0.0
2026-10-05,IDT,297,1.0,1.0365957760287636,1.0293413735067243,1.0870645687437095,1.2498816407984445,1.2952341482706018,scored,1.3252665674425075,19.0,XLC,True,2.913136824583222,0.03637783247481546,,no_data,0.0
2026-10-05,IDXX,299,1.0,0.890820552661482,0.7208455287622079,0.5979483437837584,0.4639245000901106,0.3795835612159727,scored,-0.30802816676952266,19.0,XLV,True,12.989341649785917,0.024644433661156803,,no_data,0.0
2026-10-05,IDYA,299,1.0,0.8662390687334126,0.8012743138381532,0.6792085226221607,0.6442640939510528,0.6012060391283772,scored,-0.14261896470320842,19.0,XLV,True,1.4805447625442627,0.03890028277835687,,no_data,0.0
2026-10-05,IE,299,1.0,0.9671589086494489,0.9488593183019056,1.003162641710729,0.9317286796531603,1.1384759395211175,scored,0.7704105582617695,19.0,XLB,True,0.6937914652982927,0.06716277495627229,,no_data,0.0
2026-10-05,IESC,299,1.0,0.9821913625922623,0.8544394969820366,0.7838130913135889,0.595129364231265,0.44579315037509487,scored,1.8200776545503397,19.0,XLI,True,15.749569003686995,0.04637409164268004,,no_data,0.0
2026-10-05,IEX,299,1.0,0.8665173703695285,0.7940400126631477,0.691814565038291,0.6666480454221259,0.6984408742404138,scored,1.746679503865203,19.0,XLI,True,4.749560600684926,0.02018598580766257,,no_data,0.0
2026-10-05,IFF,299,1.0,0.8957732421079311,0.9393685583101034,0.9606167599147263,0.7766334219993476,0.6147788728357032,scored,0.8460732332693179,19.0,XLB,True,1.7818585884496483,0.02140113606112957,,no_data,0.0
2026-10-05,IIPR,297,1.0,0.9284504356611811,0.901642793221607,0.8109755245591607,0.6514096418759281,0.5788892985713606,scored,-0.302633969003924,19.0,XLRE,True,1.3075502123119362,0.025871591062760907,,no_data,0.0
2026-10-05,ILMN,299,1.0,1.0593498277689268,1.0349662343386443,1.0045378262781173,0.9000578961046973,0.689384628978422,scored,1.6248061422552809,19.0,XLV,True,12.15657129664266,0.04139252714305104,,no_data,0.0
2026-10-05,IMAX,299,1.0,1.0214331700892845,1.003942363165847,0.955178947302968,0.9526862841481215,0.9395548589749931,scored,1.3623129783828065,19.0,XLC,True,1.8680525761520077,0.035527816206770785,,no_data,0.0
2026-10-05,IMMX,297,1.0,0.9474465871109082,1.007144905721331,1.1215245676310421,1.147664397708304,1.1390144981420933,scored,-1.2395112558131984,19.0,XLV,True,0.8793266054155633,0.08680420586530732,,no_data,0.0
2026-10-05,IMNM,299,1.0,0.8969451704022758,0.7960236237414684,0.7100484353385502,0.8186743901324418,0.9052385085323176,scored,-0.43598681432932995,19.0,XLV,True,1.1220396088336329,0.05300139862227835,,no_data,0.0
2026-10-05,IMO,299,1.0,1.0410531685407909,1.0864879312720037,1.1303874266204263,1.2173846955743648,1.4589657279319688,scored,-1.0410668780339731,19.0,XLE,True,2.9774930694605084,0.02410730361477215,,no_data,0.0
2026-10-05,IMVT,299,1.0,0.8785306559799966,0.7918691397186778,0.7297308892594602,0.7321279517772304,0.6742781881716078,scored,-0.7185728155871489,19.0,XLV,True,1.3668202309463626,0.0411073753668079,,no_data,0.0
2026-10-05,INBX,299,1.0,0.962446935647485,0.9393705445776336,0.9781137406604848,1.0812438512215528,1.1961392609562054,scored,-1.7145868365283257,19.0,XLV,True,6.72962929797514,0.0711678225251178,,no_data,0.0
2026-10-05,INCY,299,1.0,1.006526198634375,0.9841185384238423,0.8655656836579441,0.7433851278188007,0.7244310541675889,scored,-0.47700719585902135,19.0,XLV,True,3.3181742424028684,0.029073637452053522,,no_data,0.0
2026-10-05,INDB,299,1.0,0.9393736882219454,0.8285011378417491,0.7637556905823455,0.7193683523149399,0.7710136997953554,scored,0.980862018283469,19.0,XLF,True,1.5860381066574276,0.019897605151893462,,no_data,0.0
2026-10-05,INDV,299,1.0,1.1047970017095403,1.0881049847374795,1.1049206649896297,1.081355966781896,1.2203598724033375,scored,1.092531876427074,19.0,XLV,True,0.9673128980574209,0.026877268631770517,,no_data,0.0
2026-10-05,INFQ,299,1.0,1.0174220536668337,0.9896981197741356,0.9849718165239909,0.9578804116543573,0.9772860142568132,scored,0.7247605388626961,19.0,XLK,True,0.8318189369540498,0.06570449738973537,,no_data,0.0
2026-10-05,INFY,299,1.0,0.9760806962466233,0.9236058858738061,0.8087927716977066,0.755802834552412,0.7441261247095834,scored,-0.7198489887639822,19.0,XLK,True,0.3593808720957742,0.033399709302581244,,no_data,0.0
2026-10-05,ING,299,1.0,0.9957676080088861,0.9774146730629646,0.9570670625495293,0.9177401905456175,0.7668295940174622,scored,0.24486564428691485,19.0,XLF,True,0.6426755131463942,0.018483621315685768,,insufficient_history,1.0
2026-10-05,INGM,299,1.0,1.0481861063509044,0.9881336277697726,0.8809164980023132,0.7963116742372051,0.6700657403208861,scored,-0.3256583188204834,19.0,SPY,False,1.023980411588572,0.037127643639904714,,no_data,0.0
2026-10-05,INGR,299,1.0,0.9435081774450101,0.9168461474713763,0.860709915102026,0.9234212410600782,1.1392639899389685,scored,-0.021971000023815773,19.0,XLP,True,1.8501482930383726,0.01910323482744835,,insufficient_history,1.0
2026-10-05,INIO,85,1.0,0.8398822224329857,0.7980441323723609,0.7339259715474467,0.7386020842160566,0.528150178493347,scored,0.9993627493132377,19.0,SPY,False,1.4389924662049185,0.07581625217096515,,no_data,0.0
2026-10-05,INOD,299,1.0,1.0718087721007574,1.0591043841210674,1.0859391783455525,1.23204938438606,1.4710575637946606,scored,1.9681912525421745,19.0,SPY,False,4.686258637536264,0.06997549107863617,,no_data,0.0
2026-10-05,INSM,299,1.0,0.9741912607111706,0.9704166987666525,0.8750321436059075,0.8430581892331621,0.8624666484433057,scored,0.22489492857940024,19.0,XLV,True,5.320378119087411,0.051241241636207364,,insufficient_history,2.0
2026-10-05,INSP,299,1.0,1.0951421667207637,1.112498745952475,1.1586381953151752,1.0936449791243426,1.091096331018036,scored,1.482539172469324,19.0,XLV,True,3.5063300669822604,0.049559435575721,,no_data,0.0
2026-10-05,INSW,299,1.0,0.9921399264701416,0.9607502705998214,0.9099926792617551,0.805607446985275,0.7620578623148975,scored,1.3909846373200714,19.0,XLE,True,4.468028261802539,0.038319281833640986,,no_data,0.0
2026-10-05,INTA,299,1.0,1.1636060037920126,1.2822517448977009,1.3374117563679842,1.4315000006960656,1.6920942259344631,scored,-1.4680721366359408,19.0,XLK,True,1.56044727280809,0.041745512916214284,,no_data,0.0
2026-10-05,INTC,299,1.0,1.0059255964979399,0.9390667295082246,0.9842270282959161,1.1030289926684822,1.2218246957506043,scored,1.5869884340734453,19.0,XLK,True,5.99197722784577,0.05157050716796428,,no_data,0.0
2026-10-05,INTU,299,1.0,1.069228656647327,1.1322003358671209,1.1149304883150986,1.1069808235721559,1.3839635304783662,scored,-1.0739633849921326,19.0,XLK,True,12.422717012031136,0.043637477209607756,,no_data,0.0
2026-10-05,INVA,299,1.0,1.011492565397831,1.035997517871191,1.1233618254734068,1.1764369281000957,1.3398415726494501,scored,0.7543548541402085,19.0,XLV,True,0.4851328173898896,0.02350449696656442,,no_data,0.0
2026-10-05,INVH,299,1.0,0.8932590565291999,0.8577728306929056,0.8359374958516623,0.7181184454369393,0.8231546448388085,scored,0.8472968927605162,19.0,XLRE,True,0.43564881227149715,0.016717145520778864,,no_data,0.0
2026-10-05,INVX,299,1.0,0.9650322517892859,0.9674910081479846,0.8813733925051577,0.7064947193990708,0.5507510537294907,scored,-1.5439251011881412,19.0,XLE,True,1.1377443590939391,0.04004731992586903,,no_data,0.0
2026-10-05,IOND,49,1.0,0.9332053119683543,0.8404115186700345,0.8141218614256991,0.503132122979175,0.5028346122559177,scored,0.573120637504886,19.0,SPY,False,4.134176248571433,0.049618053871476636,,no_data,0.0
2026-10-05,IONQ,299,1.0,1.0327114100470824,1.081891905806474,1.137883062393602,1.2207205879507144,1.3321926285026209,scored,0.5646537506800684,19.0,XLK,True,2.645244519121766,0.06156026341917072,,no_data,0.0
2026-10-05,IONS,299,1.0,1.1899427919920844,1.2372954498272688,1.3346427289526868,1.4969600121410118,1.5116240967330714,scored,-1.7168594055561397,19.0,XLV,True,2.044969709058474,0.04701079790939021,,no_data,0.0
2026-10-05,IOSP,296,1.0,0.9976388063088321,1.0436828903543833,1.1511922192955086,1.1977623615121795,1.4488116620716776,scored,1.4502223780317705,19.0,XLB,True,2.2010642950712485,0.022540340963351238,,no_data,0.0
2026-10-05,IOT,299,1.0,1.0804306580894882,1.0719403563069918,0.9367933954239128,0.7850989187060011,0.638794807469311,scored,0.4792850527697684,19.0,XLK,True,2.0471063436103463,0.04829219966054131,,no_data,0.0
2026-10-05,IOVA,299,1.0,1.0264837459780103,0.989080639066574,0.9717347932715202,0.7921464819381968,0.652576837161872,scored,1.6331395942072546,19.0,XLV,True,0.8353576770906668,0.05903587823962309,,insufficient_history,1.0
2026-10-05,IP,299,1.0,1.0116662438444604,1.0338337804419957,1.0619855492950894,1.0224990245085517,1.02936044847102,scored,-0.2814190611698268,19.0,SPY,False,1.177490824177286,0.03673918328166259,,no_data,0.0
2026-10-05,IPAR,299,1.0,0.9506471805341498,1.0056799251201194,1.062099086473779,1.10845113703068,1.4962822761475485,scored,0.4386176534330589,19.0,XLP,True,3.4686097562895393,0.03049059209115277,,no_data,0.0
2026-10-05,IPGP,299,1.0,0.9255590436322632,0.8326254795342136,0.7492331450453876,0.7311151941939328,0.7715590685535286,scored,1.2245162053382026,19.0,SPY,False,3.201231857113918,0.03829224709466409,,insufficient_history,1.0
2026-10-05,IQV,299,1.0,1.0442062839092445,1.1149887610289821,1.134915286938848,1.1260547962053056,1.168628239861316,scored,0.6461250416918333,19.0,XLV,True,7.131619332593925,0.026801530807598655,,no_data,0.0
2026-10-05,IR,299,1.0,0.9490111788610167,0.8994731106379436,0.8590645902698266,0.8358270071459959,0.9213304429233019,scored,0.3316282832735868,19.0,XLI,True,2.102991004489597,0.026772641686691242,,no_data,0.0
2026-10-05,IRDM,299,1.0,1.0049393175684853,1.0300799635196738,0.9777767602822269,0.9444022061173558,0.9833239335708319,scored,0.1559994265184836,19.0,XLC,True,1.016725056108577,0.02098936944897971,,no_data,0.0
2026-10-05,IREN,299,1.0,0.9866675265929866,0.9886044997835117,0.9408350474707221,0.9065524799324067,1.0818815029511621,scored,-0.4859920397513637,19.0,XLK,True,2.6970161255399043,0.06662589242934547,,no_data,0.0
2026-10-05,IRM,299,1.0,1.0360831946168167,1.0825148813062937,1.153927814732144,1.1787807123939764,1.2471781071214383,scored,0.8135380744366328,19.0,XLRE,True,3.11750849733981,0.027753124698119917,,no_data,0.0
2026-10-05,IRON,299,1.0,0.7559368697304855,0.7107601505273607,0.6974149960806248,0.7331374977657784,0.833530822499715,scored,-2.1317851012363263,19.0,XLV,True,2.7406745228217524,0.043276085943814185,,no_data,0.0
2026-10-05,IRT,299,1.0,0.9193475623809421,0.8601289364576616,0.7701134020884894,0.7166919231811207,0.8179591776133968,scored,0.006053281555823234,19.0,XLRE,True,0.3159276723990339,0.021462477744499584,,no_data,0.0
2026-10-05,IRTC,299,1.0,1.0477571109760178,1.0029514936896025,0.8142150843903431,0.7171655263037838,0.6259042094679803,scored,-0.09791902536748776,19.0,XLV,True,4.300176102926866,0.0394186094319082,,no_data,0.0
2026-10-05,ISRG,299,1.0,0.9625479323232657,0.9168012032593124,0.9676261892675998,0.9600101030128529,0.8800916295235673,scored,1.2972825543290163,19.0,XLV,True,11.777888608929239,0.028975321316987893,,no_data,0.0
2026-10-05,IT,299,1.0,0.9887563750501986,1.0313931107075571,1.0556784578115992,0.9055450009513583,0.9108118708950416,scored,0.215078463759427,19.0,XLK,True,8.340828229987633,0.04442281758621449,,no_data,0.0
2026-10-05,ITGR,299,1.0,0.9993889477991568,1.012569341295232,1.0770911032900918,1.1195578943533724,1.2316527299486626,scored,1.0378372899945718,19.0,XLV,True,0.3988163612564289,0.0031539451265830674,,no_data,0.0
2026-10-05,ITRI,299,1.0,0.9589984666618752,0.8498885496014672,0.7278650554665899,0.7246440303938031,0.7154613931523309,scored,-1.991030968478011,19.0,SPY,False,2.5964300551585633,0.029575464804175455,,no_data,0.0
2026-10-05,ITT,299,1.0,0.8949841414658638,0.7838167496804445,0.7519756381475919,0.7331654743353089,0.7067891053632795,scored,0.08533380567559105,19.0,XLI,True,6.087005897359043,0.029519912208336774,,no_data,0.0
2026-10-05,ITW,299,1.0,0.9582677222275473,0.9443972909661158,0.9111520331253914,1.0009348942250562,1.1952415934297465,scored,-0.649341618587527,19.0,XLI,True,5.358704902256519,0.02028352663710405,,no_data,0.0
2026-10-05,IVT,297,1.0,1.0703750528217284,1.1174286130353992,1.1740481110853405,1.1898161652771373,1.2534778444913406,scored,0.49631087103241284,19.0,XLRE,True,0.5809736121502536,0.019521962773866045,,no_data,0.0
2026-10-05,IVZ,299,1.0,0.9501037068159567,0.8637887790862676,0.7578252132242672,0.6632014795256032,0.646036697016423,scored,0.49500225174117146,19.0,XLF,True,0.8639413384907981,0.02832594552428846,,no_data,0.0
2026-10-05,J,299,1.0,1.0160374620913262,1.0009893497150137,0.888723163865344,0.749674730276004,0.7079939184737553,scored,-0.9372890825737044,19.0,SPY,False,3.61225720654607,0.026049305592745875,,no_data,0.0
2026-10-05,JAN,137,1.0,1.0652244996735016,1.108010224699775,1.0743245913681092,0.9470227757835891,0.8621710375768314,scored,0.01106921694599597,19.0,XLRE,True,0.8217939112061642,0.028584136041953537,,no_data,0.0
2026-10-05,JAZZ,299,1.0,0.9754826437717155,0.943469921818906,0.9388230565261086,0.8976881392255265,0.6763319481049785,scored,-0.12976474803950055,19.0,XLV,True,5.934347537759078,0.02514127918047398,,no_data,0.0
2026-10-05,JBHT,299,1.0,0.9444682200500756,0.8985524318006888,0.8934776872223137,0.9356533468085687,0.9024920373375263,scored,-0.7611182387364711,19.0,SPY,False,7.696490301298619,0.033500871860793154,,no_data,0.0
2026-10-05,JBL,299,1.0,0.9316948334168519,0.9151713139246983,0.8375176878798374,0.7562684414794408,0.6891549627069096,scored,-0.35136419296998916,19.0,SPY,False,13.594885322464723,0.04517473689926471,,insufficient_history,2.0
2026-10-05,JBS,299,1.0,1.1184266583569282,1.1861524261753307,1.3628514202116306,1.5646594898061144,1.8203434068012587,scored,-2.109417932541697,19.0,XLP,True,0.4206509610163272,0.03537855012752962,,insufficient_history,1.0
2026-10-05,JBTM,299,1.0,1.063571383957688,1.043462064425958,1.0061408694523777,0.8534831904746311,0.8100309879363313,scored,-1.1796197066981358,19.0,XLI,True,3.4177357232035526,0.031138262784288925,,no_data,0.0
2026-10-05,JCI,299,1.0,0.9831754730664095,0.914067101960115,0.8720962781928784,0.8592026019619433,0.7968901259228172,scored,1.0727000244080602,19.0,SPY,False,3.5614124240413148,0.02270584905349898,,no_data,0.0
2026-10-05,JD,299,1.0,1.0315985173750961,1.0652060836849804,1.056512153032698,1.0510538919697112,1.0644478410620608,scored,0.0733816201466874,19.0,XLY,True,0.5280319056111488,0.020031559393442668,,insufficient_history,1.0
2026-10-05,JEF,299,1.0,1.1018305073822379,1.1697890269920217,1.1905553480972333,1.402502899908936,1.6396880740755817,scored,-0.6660438756047341,19.0,XLF,True,1.6891266425042781,0.0368483124455558,,no_data,0.0
2026-10-05,JHX,299,1.0,0.9737469130927214,0.9408342740742466,0.9571482626937624,0.9964688949441411,0.928535796092535,scored,-1.550401183655595,19.0,XLI,True,0.9518926665103347,0.03777351851231487,,no_data,0.0
2026-10-05,JKHY,299,1.0,1.0358429900779003,1.0132671582199688,1.0617554945104284,1.2245840013021287,1.3570671462422912,scored,-0.9018711978822378,19.0,XLF,True,4.236657525187975,0.02919416706992816,,no_data,0.0
2026-10-05,JLL,299,1.0,1.065187148821039,1.0906203729473665,0.9993123223827373,1.0100993073925773,1.0398176047632246,scored,-1.6338180429500893,19.0,XLRE,True,9.673253135704032,0.03198721317318882,,no_data,0.0
2026-10-05,JMKE,47,1.0,0.9354494182832352,0.8950053182513915,0.9223254211659718,0.9754908238947789,0.7262384118189785,scored,-1.1884843432955552,19.0,XLY,True,1.0161901909332935,0.06315663088460495,,no_data,0.0
2026-10-05,JNJ,299,1.0,1.1209510561931701,1.134698280166921,1.2279821198093144,1.050926193094463,1.030528981515753,scored,-1.6227489024953976,19.0,XLV,True,5.042701141677291,0.019937141271012895,,insufficient_history,1.0
2026-10-05,JOYY,299,1.0,0.9543071697136264,0.9474155163442116,0.9795724946766315,0.9203200299710682,0.8425817311726778,scored,1.7541603351759696,19.0,XLC,True,1.8434063573020278,0.022899457854683575,,no_data,0.0
2026-10-05,JPM,299,1.0,0.9494121203159895,0.8674834825036217,0.7570774717458559,0.8093825980891767,0.7477234070312186,scored,0.27976035786423764,19.0,XLF,True,6.224345995865446,0.018726596052305932,,no_data,0.0
2026-10-05,JXN,299,1.0,0.8979515055465468,0.84580063938893,0.750422617449252,0.7351646119780969,0.6395421185368851,scored,0.762478514686428,19.0,XLF,True,3.9679051544824517,0.02964441654450842,,no_data,0.0
2026-10-05,KAI,299,1.0,1.0766277622659446,1.0947552767408788,1.0154728054277293,0.8220285366238252,0.6891703433053902,scored,-0.6110192430546151,19.0,XLI,True,9.299658966656411,0.03481192994930153,,no_data,0.0
2026-10-05,KALU,299,1.0,0.9776333685491029,0.9423061269422316,0.919981358710758,0.8698000741779527,0.8922944415333272,scored,0.18344144696799597,19.0,XLB,True,6.567645032447275,0.042165158143600896,,no_data,0.0
2026-10-05,KBH,299,1.0,0.9703205653365363,0.9694326185972545,0.9986109376677387,1.0059864232070015,0.8773997047306649,scored,-1.2078526392901994,19.0,XLP,True,1.5720589018009323,0.034903616825065105,,no_data,0.0
2026-10-05,KBR,299,1.0,0.9545830161950495,0.9696365656289063,0.9334082025880693,0.8624414220949336,0.5657051350447454,scored,-1.0760922068704917,19.0,SPY,False,1.0658862621622291,0.0308773540603195,,no_data,0.0
2026-10-05,KD,299,1.0,0.8838058427118628,0.8433147215701617,0.8098871531284885,0.6738244505599672,0.6658713983003142,scored,-0.7328454665729065,19.0,XLK,True,0.6072636374168776,0.05230522286105751,,no_data,0.0
2026-10-05,KDP,299,1.0,1.0760068007658627,1.0199260910439014,1.0302557939712478,1.0429557110718222,1.1479138991391313,scored,-0.05165220454941636,19.0,XLP,True,0.8398059402214034,0.027186984144428727,,no_data,0.0
2026-10-05,KEX,299,1.0,1.0378113635846113,0.9469301537235304,0.8959971119249482,0.9102197216655725,0.9221729520418587,scored,-1.3651507061160617,19.0,SPY,False,3.6160470653978996,0.02585661112190132,,no_data,0.0
2026-10-05,KEY,299,1.0,0.9857242311256809,0.9620086294365064,0.9580900386803316,1.0506882304230467,1.2878820014658319,scored,0.745883455758903,19.0,XLF,True,0.4049423034506718,0.020066516523819217,,no_data,0.0
2026-10-05,KEYS,299,1.0,1.015209797946742,0.9687090338758323,0.9877600488457923,0.868606861885178,0.7116598206913313,scored,2.387015901117964,19.0,SPY,False,10.621701409674014,0.027648440559320128,,no_data,0.0
2026-10-05,KFY,299,1.0,0.9599603546280043,0.8881611654348907,0.7749795919885777,0.8067564327731215,0.8495457652027236,scored,-2.396692618526261,19.0,SPY,False,1.91178236751481,0.026659913087642033,,no_data,0.0
2026-10-05,KGC,299,1.0,0.9856981857544481,1.0372934745435294,1.0596129045772618,0.9190405845281011,0.9884874333806175,scored,-1.2177333001267705,19.0,XLB,True,1.076022955869135,0.045632864964764,,no_data,0.0
2026-10-05,KGS,299,1.0,1.073481540357233,1.0916946889231922,1.089462502107564,1.1147742314317852,1.123508247859387,scored,-0.8047938739338918,19.0,XLE,True,2.445110537713606,0.045651802421837306,,no_data,0.0
2026-10-05,KHC,299,1.0,0.9822680579624532,0.9575595825014613,0.8783149196009236,0.6689278857857479,0.5688344743944013,scored,-1.535803874044931,19.0,XLP,True,0.6019236911029536,0.027560608566985056,,no_data,0.0
2026-10-05,KIM,299,1.0,1.0229792981323136,1.0427115415316535,1.0789201423623436,1.0728876177939326,1.1308023281118547,scored,0.8394156168808756,19.0,XLRE,True,0.3327479595369996,0.015104310464684502,,no_data,0.0
2026-10-05,KKR,299,1.0,0.9499933910564955,0.9265851594212905,0.8469999808137041,0.8917664359993098,1.0731415135467401,scored,-1.784148936855807,19.0,XLF,True,3.051909047945132,0.03392517838978582,,no_data,0.0
2026-10-05,KLAC,299,1.0,1.0167280061124693,0.9519429513097211,0.8724210205416375,0.7451547971509079,0.7319586646226665,scored,1.297951019838762,19.0,XLK,True,7.613666504645132,0.03680766983149689,,no_data,0.0
2026-10-05,KLAR,269,1.0,1.0174096810461872,1.0409459315700753,0.9172122642157123,0.9510964736664792,1.0137571192788188,scored,-0.3001026363783886,19.0,XLF,True,0.5299965675033187,0.040488660619046504,,no_data,0.0
2026-10-05,KLIC,299,1.0,1.0558584922456442,1.0667017317734528,1.091837174226324,1.041979507244263,1.0265222367971392,scored,1.3506440116713605,19.0,XLK,True,3.9972377646450394,0.04048655691932583,,no_data,0.0
2026-10-05,KMB,299,1.0,1.0052182766024211,0.9506239820433845,0.9204109907779583,0.852066886930836,0.8466342757566833,scored,-0.807047813144581,19.0,XLP,True,2.1092894880435638,0.02210763534266391,,no_data,0.0
2026-10-05,KMI,299,1.0,0.9670529779049004,0.9703864674405229,0.9587803433381963,0.8176227360618586,0.8521564831145998,scored,-0.6701531908631279,19.0,XLE,True,0.7274183025682602,0.023158812561867564,,no_data,0.0
2026-10-05,KMPR,299,1.0,0.9279093347346706,0.8683782962312666,0.8621596229486158,0.8086518154892645,0.7938591138437888,scored,-1.0226768275082236,19.0,XLF,True,0.9370203295775645,0.03630454589606992,,no_data,0.0
2026-10-05,KMT,299,1.0,1.0256959111060477,0.9704652627443416,0.9146757624066197,0.7297995678092731,0.7736647039003995,scored,1.8747501356282983,19.0,XLI,True,1.0787093645060934,0.032827430447537845,,insufficient_history,1.0
2026-10-05,KMX,299,1.0,0.9312661534996038,0.9160142349622654,0.8714297733945958,0.9234304945261408,0.9976016107979264,scored,0.1025882111114238,19.0,XLY,True,2.613409813011636,0.047637801914174924,,no_data,0.0
2026-10-05,KN,299,1.0,0.9594094349344288,0.9369281496431667,0.9001834442597961,0.8469779032731353,0.8521369726519296,scored,1.7971090594433219,19.0,SPY,False,1.2029475154372122,0.030531662828355642,,no_data,0.0
2026-10-05,KNF,299,1.0,0.9958905142772192,0.9594676615906739,0.9641903514177392,0.9847695242954528,0.8611348393403109,scored,-1.9552148857889955,19.0,XLI,True,2.417650422630191,0.04652011588666906,,no_data,0.0
2026-10-05,KNSA,299,1.0,1.0315213117689759,0.9985764836469271,0.9159693690123882,0.9065241519700042,0.6401798557734095,scored,-0.3538223270436336,19.0,XLV,True,2.4277971236691367,0.03181492758051548,,no_data,0.0
2026-10-05,KNSL,299,1.0,1.0111489090171835,0.9715562293244787,0.9497863122810464,0.9267319690612434,0.8639610826381857,scored,-1.220365209883074,19.0,XLF,True,9.661497901867278,0.02906412942021322,,no_data,0.0
2026-10-05,KNTK,299,1.0,0.9611083903913473,0.9718482442921836,0.9431085288773504,0.9643668820743139,0.7731458457929868,scored,-0.697135469297835,19.0,XLE,True,1.5906418029040934,0.0299668764676732,,no_data,0.0
2026-10-05,KNX,299,1.0,0.9367641103627168,0.8833350340639347,0.8626241914541798,0.8839110709815018,0.8417882242352928,scored,-0.7286918318800938,19.0,SPY,False,2.2591461500063246,0.03462823651143968,,no_data,0.0
2026-10-05,KO,299,1.0,0.9623490056852495,0.9437133669938899,0.9680697563426509,0.7800236268034867,0.8140948147271541,scored,1.0873524226663456,19.0,XLP,True,1.2455705581448309,0.01439799512362537,,no_data,0.0
2026-10-05,KOD,299,1.0,0.9287198958189403,0.9019879899416728,0.8979432170052685,0.6960506043737709,0.4687011949205701,scored,0.7864781950407428,19.0,XLV,True,7.570165620355098,0.08069678733989018,,no_data,0.0
2026-10-05,KR,299,1.0,1.0920475792699915,1.0496279383368763,0.9540874662325075,0.7408630165478548,0.6012278016505845,scored,1.2485851048591754,19.0,XLY,True,1.5128617689485206,0.025737695967140536,,no_data,0.0
2026-10-05,KRC,299,1.0,0.9970181531279897,0.9814716287273402,0.9824752880785474,1.0818071677319665,1.4075108710934237,scored,0.6765943612829112,19.0,XLRE,True,0.7263649201572276,0.021825868995109004,,no_data,0.0
2026-10-05,KRG,299,1.0,1.0344750861749636,1.0437192044325332,1.0750900769378526,1.0452425852027443,1.072063770978388,scored,0.696647141261048,19.0,XLRE,True,0.4279286392224863,0.017734299180376556,,no_data,0.0
2026-10-05,KRMN,299,1.0,1.0761171453988638,1.1012685861650475,1.1868493729406269,1.4311286712303974,1.5874074935085132,scored,-1.257567142606413,19.0,XLI,True,2.480434113814213,0.07511914336202946,,no_data,0.0
2026-10-05,KRYS,299,1.0,1.0014901147159472,0.9638832734787641,0.8454909576313759,0.6945708380489115,0.7111314471869334,scored,-1.2506373152732495,19.0,XLV,True,11.101909965123088,0.03315487521314943,,insufficient_history,1.0
2026-10-05,KSPI,299,1.0,1.0243570859165418,0.9205954883869634,0.8636084435623548,0.866466540232818,0.8839165395874469,scored,-0.7597031063010894,19.0,XLF,True,2.8738248484725637,0.03057911096480702,,no_data,0.0
2026-10-05,KSS,299,1.0,0.9388148390867951,0.9414662044504569,0.988622055028366,0.9099757551142353,0.9388643759181945,scored,0.6820844026012993,19.0,XLY,True,0.9234886126943159,0.047285643251117046,,no_data,0.0
2026-10-05,KT,299,1.0,1.0246172067441224,1.0851375357272754,1.1364300277499433,1.3165116489392028,1.5543553952855516,scored,0.5748843715376112,19.0,XLC,True,0.35376287439588266,0.018609304281740277,,insufficient_history,2.0
2026-10-05,KTB,299,1.0,1.020897153999465,1.0042851397591392,0.9949728111861702,0.843121668784279,0.8896514174673774,scored,-1.3786758491972397,19.0,SPY,False,2.2390531022410016,0.034876216545809996,,no_data,0.0
2026-10-05,KTOS,299,1.0,1.0235600996696281,1.0797005376656075,1.1554471672425497,1.2884317895070536,1.2367195688018284,scored,-0.6232815063015245,19.0,XLI,True,2.211386757533184,0.05262700517689633,,no_data,0.0
2026-10-05,KURA,299,1.0,1.0115855306688237,0.96146824975356,0.9000256457033811,0.9500412754957874,0.8864576908521529,scored,0.33900122042819764,19.0,XLV,True,0.5208493542608829,0.049044195316467316,,no_data,0.0
2026-10-05,KVUE,299,1.0,0.8223902292655717,0.7761608278841295,0.7633957655307297,0.7419012328703118,0.9150098063355862,scored,-0.8725054751638656,19.0,XLP,True,0.32103978156464585,0.018461172027869226,,no_data,0.0
2026-10-05,KVYO,299,1.0,1.0136483969011378,1.0210517754840216,0.9184195370286307,0.8169590884501295,0.6845279123511442,scored,-0.976063836479219,19.0,XLK,True,0.9338340446157275,0.05591820626441482,,no_data,0.0
2026-10-05,KWR,299,1.0,1.0646372004903475,1.0363112946348896,1.037741663157645,1.1665046978034026,1.2743850166446073,scored,1.6828420969362394,19.0,XLB,True,4.4339251735472995,0.027531357799113934,,no_data,0.0
2026-10-05,KYMR,299,1.0,0.8282125310670584,0.806204686608052,0.8441639149036982,0.8569079157093051,0.8893310306284292,scored,0.5278701327479256,19.0,XLV,True,5.238328882590587,0.04768619829395164,,no_data,0.0
2026-10-05,L,299,1.0,0.9941026516591873,1.016574780330437,1.0854381172658019,1.129961598101418,0.9556676019295928,scored,1.3573652345250258,19.0,XLF,True,1.5218516030726643,0.014401926782177195,,no_data,0.0
2026-10-05,LAD,299,1.0,1.0139628795217193,0.9879592905093206,0.9676184636401775,1.0658300924257305,1.226710970814822,scored,-0.0889885403514978,19.0,XLY,True,13.854570736775152,0.04572465589694769,,no_data,0.0
2026-10-05,LAMR,299,1.0,1.058150823913587,1.0228669168320275,0.8292465350622295,0.8376036845380317,0.8726401882516238,scored,1.3925166346478328,19.0,XLRE,True,2.6475390570164703,0.01839462972984416,,insufficient_history,1.0
2026-10-05,LASR,299,1.0,0.964356433392242,0.9229391945816574,0.7690817257877696,0.5730862663021008,0.6593248605722136,scored,-0.0030550050060844554,19.0,SPY,False,2.0312726472883047,0.0514246239819824,,no_data,0.0
2026-10-05,LAUR,299,1.0,0.8957713246709793,0.821545075797771,0.76050185224262,0.6606872040328833,0.6062693513826591,scored,1.198589857238079,19.0,SPY,False,1.06740123567167,0.027717508067298627,,insufficient_history,1.0
2026-10-05,LAZ,299,1.0,0.9027529228145128,0.8843380726707571,0.8811527177601014,0.8940599617790401,0.915467185330459,scored,-0.6650828817491263,19.0,XLF,True,1.5639497491359062,0.04432964141541684,,no_data,0.0
2026-10-05,LBRT,299,1.0,1.0576309354548303,1.1013392930638044,1.0835000713289549,1.0849858358717526,0.9437236226817066,scored,-0.23584116003739514,19.0,XLE,True,0.9555026435631386,0.04877502009000197,,no_data,0.0
2026-10-05,LCII,299,1.0,0.9994693914140521,0.9949319601578763,1.0815372780223997,1.3324533390076656,1.7172802656358133,scored,-2.3283094095339116,19.0,SPY,False,2.7728203991280984,0.033577384344007005,,no_data,0.0
2026-10-05,LDOS,299,1.0,0.9772412293374363,1.0246447000459826,1.1015674640073527,1.2264761485280251,1.4155208207378596,scored,-0.9293409808214053,19.0,SPY,False,3.6251011435508844,0.03034827244496345,,no_data,0.0
2026-10-05,LEA,299,1.0,1.0795818246882602,1.0918271838206821,1.0868764892861968,1.0630601419150776,0.9296385941009602,scored,0.8585927197241633,19.0,SPY,False,3.4726971014603945,0.028621916273472305,,no_data,0.0
2026-10-05,LECO,299,1.0,0.9820920689821584,0.8632014179938574,0.7773582615581266,0.7902431574536092,0.7845854697511311,scored,-0.34070721724435254,19.0,XLI,True,7.366581787331379,0.026793415971962532,,no_data,0.0
2026-10-05,LEGN,299,1.0,1.0191600123864415,1.0389941405389616,0.9745110494165772,0.9239411578585933,1.0439655595740356,scored,-0.8051910005334654,19.0,XLV,True,0.9248615891895287,0.0492602710620255,,no_data,0.0
2026-10-05,LEN,299,1.0,0.9545410476796962,0.9754495231102691,1.012676735855669,0.9891091063757803,0.7714617697914562,scored,-0.2049750291698236,19.0,XLP,True,3.229617923270366,0.04338551750766209,,insufficient_history,3.0
2026-10-05,LEU,299,1.0,0.9150247565828002,0.849110512578284,0.8239656479403804,0.7553457064366632,0.9036293433708847,scored,0.8285152458648777,19.0,XLE,True,8.600373759148217,0.06080580994872892,,no_data,0.0
2026-10-05,LEVI,299,1.0,1.0295830201916598,1.0982151513587302,1.1842579108278106,1.1830176855617336,1.230673545057633,scored,0.679169909099353,19.0,SPY,False,0.530812357446837,0.026187092128605673,,insufficient_history,1.0
2026-10-05,LFST,299,1.0,0.89595448299688,0.9005390194581337,0.934135710057863,0.8972068530925351,0.7857581989980897,scored,0.4633392315146247,19.0,XLV,True,0.44333648500169265,0.036279581424033765,,no_data,0.0
2026-10-05,LFUS,299,1.0,1.0117099516812982,0.9353505324766117,0.8893213646350474,0.8692351030902846,0.9242754739053558,scored,1.3606132339572756,19.0,SPY,False,14.691086549226121,0.03254416408051509,,no_data,0.0
2026-10-05,LGN,267,1.0,0.9367642493726394,0.8878485075675376,0.8326361183730103,0.7402774735874079,0.8338851580564248,scored,0.509319505118947,19.0,XLI,True,2.9380646185702304,0.05462101912196004,,no_data,0.0
2026-10-05,LGND,299,1.0,0.947996437578654,0.8950302049122846,0.8895796106778626,0.9330721631188825,0.9202619001642318,scored,1.3735245930142357,19.0,XLV,True,9.447859945622753,0.030797861412858993,,no_data,0.0
2026-10-05,LH,299,1.0,1.0273276480734537,1.0595934912700333,1.0444225282160147,0.9853863325029557,0.9777785910256043,scored,-0.1534683744292113,19.0,XLV,True,6.974136804014886,0.0225956157589985,,no_data,0.0
2026-10-05,LHX,299,1.0,1.021286337318768,1.0047252838789957,0.9481970624873536,0.9392015253307161,1.1533201401738047,scored,-1.46964430484369,19.0,XLI,True,5.156894840535589,0.02177007278172741,,no_data,0.0
2026-10-05,LI,299,1.0,0.9353006635881,0.9341737324138433,0.88796665634071,0.7994589150545844,0.9249675099735299,scored,0.22983276041626016,19.0,XLY,True,0.39083872586797064,0.03602200238414476,,insufficient_history,1.0
2026-10-05,LIF,299,1.0,0.9653182940594259,0.8766007913096153,0.7739813179394195,0.7266086111782829,0.6129999359253573,scored,-1.1125336084451456,19.0,XLK,True,1.9547349226521367,0.0459181330197824,,insufficient_history,1.0
2026-10-05,LIFE,172,1.0,1.1048746571115304,1.2238410528809986,1.431980320673667,1.5944597711900552,1.5501772991599507,scored,0.10390394052388727,19.0,XLF,True,2.681794859263249,0.07422626236543728,,no_data,0.0
2026-10-05,LII,299,1.0,0.9964683792711824,0.9574269664876046,0.8285713535695487,0.806872578565648,0.867005524227815,scored,-0.8414729055803054,19.0,SPY,False,11.039288140270896,0.03056704455287525,,no_data,0.0
2026-10-05,LIN,299,1.0,1.0412443770537643,1.033571277675854,1.0219075103763393,0.94403574695288,1.0811559447891075,scored,0.7850156274936002,19.0,XLB,True,8.351803647699363,0.017313743620588257,,no_data,0.0
2026-10-05,LIND,299,1.0,1.1181772743370944,1.1440332102856208,1.1655238267931507,1.1786794520319934,1.1500633223255645,scored,2.707136729162233,19.0,XLY,True,1.4475283075372458,0.040660907515091174,,no_data,0.0
2026-10-05,LINE,299,1.0,0.9893464901261835,0.9729768242613857,0.9146703983420991,0.8236653794942328,0.7640939128729997,scored,-0.10149907710722232,19.0,XLRE,True,1.0458855831946814,0.02989953068023675,,insufficient_history,1.0
2026-10-05,LION,299,1.0,0.9980958027363529,0.9531429563722499,0.8877486581006035,0.8482167452452384,0.8473002249410899,scored,0.16973157522990098,19.0,XLC,True,0.4176915936909047,0.037394054940994154,,no_data,0.0
2026-10-05,LITE,299,1.0,0.9205934857841837,0.857522320849011,0.7543019501851185,0.6152304321385725,0.6696479886016552,scored,1.2073652808266537,19.0,SPY,False,65.2419284459768,0.05976341609275403,,no_data,0.0
2026-10-05,LIVN,299,1.0,1.11813849948619,1.0899212554705724,1.0469442615239644,0.923229252052741,0.7778412376498878,scored,-1.1022889406808702,19.0,XLV,True,2.2250101743939297,0.029111738510976443,,no_data,0.0
2026-10-05,LKQ,299,1.0,0.9943976748317886,0.924132349711067,0.8219478056138896,0.6614475003260452,0.6329657754601467,scored,-1.4007043095159728,19.0,SPY,False,0.6541609911319717,0.029203615675534454,,no_data,0.0
2026-10-05,LLY,299,1.0,1.0240922663573382,1.0553344341790498,1.0184719399751057,0.8216971892633524,0.7553877902212072,scored,1.5349904485069634,19.0,XLV,True,31.519893840625826,0.027573565190553772,,no_data,0.0
2026-10-05,LLYVK,299,1.0,1.0058051863211865,0.9500382220898027,0.887438414574965,0.8888332266441711,0.7992001651457717,scored,0.05277873966787861,19.0,XLC,True,2.7355095803082805,0.027667741279541625,,no_data,0.0
2026-10-05,LMAT,299,1.0,0.9265136565748339,0.8561921815348413,0.7727990431313119,0.6845625719422711,0.7638734067103897,scored,1.0885706477915535,19.0,XLV,True,2.2341847963273875,0.027585934020587576,,no_data,0.0
2026-10-05,LMB,299,1.0,0.9126676158235552,0.833640530400087,0.7654938746702113,0.8219267922567518,0.8217988586306391,scored,0.6518737338928798,19.0,XLI,True,2.532623052654986,0.05071331703353998,,no_data,0.0
2026-10-05,LMND,299,1.0,1.0031531892839793,0.9761838180988419,0.9323190937960343,0.9282291509001273,0.8023141298049016,scored,-1.0025386827997624,19.0,XLF,True,2.026900464385598,0.04343047920260548,,no_data,0.0
2026-10-05,LMT,299,1.0,1.1243382916289621,1.1744314591045382,1.2384773295098468,1.4309723097460352,1.8729988200233212,scored,-1.0061844159457145,19.0,XLI,True,11.245741341686536,0.022197148494338147,,no_data,0.0
2026-10-05,LNC,299,1.0,0.9239843334046859,0.8847631175454912,0.8406654977072413,0.8525505261537335,0.8725954397561141,scored,-1.522480518273139,19.0,XLF,True,1.1396792276933203,0.027858206494581286,,no_data,0.0
2026-10-05,LNG,299,1.0,1.0826942621791493,1.1427965230128523,1.2148389494595289,1.2495662869073543,1.4450931520590151,scored,-0.34451870298406256,19.0,XLE,True,7.58435542438397,0.027586496287724038,,no_data,0.0
2026-10-05,LNN,299,1.0,1.0346398096207639,0.9958362814326525,0.9844214305289571,0.9291554656354907,1.0997067621434542,scored,-1.4519600498412577,19.0,XLI,True,3.0937669390178035,0.027045781440841014,,no_data,0.0
2026-10-05,LNT,299,1.0,0.9926380942495368,0.9766521917480536,0.9451408722838659,0.9089165349072039,0.9419697357181281,scored,1.566691810018412,19.0,XLU,True,1.1344508910169981,0.017645837471099674,,insufficient_history,1.0
2026-10-05,LNTH,299,1.0,0.9000705446836701,0.7714316056011435,0.6807796832999327,0.6031647240005692,0.5340723477660473,scored,1.0093541194340003,19.0,XLV,True,0.5605587981001338,0.005594957561634232,,no_data,0.0
2026-10-05,LOAR,299,1.0,0.9939777792182447,0.9376473038326859,0.9455082826853829,1.0397494077634821,0.8879759309422973,scored,-0.5596220350412989,19.0,XLI,True,2.526445977769803,0.04052038456727832,,no_data,0.0
2026-10-05,LOGI,299,1.0,0.9337102105585522,0.9331407074536464,0.8818462360916944,0.8328362761370215,0.8383757196230047,scored,-1.120541692575996,19.0,XLK,True,2.843752958261082,0.028050433598945376,,no_data,0.0
2026-10-05,LOPE,299,1.0,1.000648686566433,0.9767661971499364,1.0255630094846695,1.085739770546729,1.1107995430024165,scored,0.3435138372912602,19.0,SPY,False,4.304439802494658,0.027783126589393,,no_data,0.0
2026-10-05,LOW,299,1.0,0.954734536881126,0.9570126816932334,0.9567305564849632,1.160381164382756,1.2183605108752127,scored,-0.08363733308360626,19.0,XLY,True,4.337352326175978,0.024163522708501268,,no_data,0.0
2026-10-05,LPG,299,1.0,1.0838473013889587,1.114801217679715,1.120681054288723,1.1325394455332982,1.090310523850116,scored,0.9351367837831243,19.0,XLE,True,2.1938929472096222,0.03806198728677346,,no_data,0.0
2026-10-05,LPLA,299,1.0,1.0461693789645816,0.9968767431552956,0.9613083112153881,0.9594907426889979,0.9799776504142266,scored,0.11344635364451366,19.0,XLF,True,11.683637147741724,0.035193798264177734,,insufficient_history,1.0
2026-10-05,LPTH,297,1.0,0.9126757018287369,0.8013405892282243,0.7442960959071372,0.7550558549594757,0.6661062701724703,scored,1.0554446653108513,19.0,SPY,False,0.7094851944990894,0.0656323029138843,,no_data,0.0
2026-10-05,LPX,299,1.0,0.9691672141938675,0.913010001332633,0.859698806550119,0.7234652144986268,0.5933118421422161,scored,-0.9090032205622081,19.0,SPY,False,2.3470377272980345,0.035947889834554055,,no_data,0.0
2026-10-05,LQDA,299,1.0,1.1011367376339847,1.0980253456111557,0.9804822601589842,0.7829161575794297,0.6782847110412379,scored,-0.7447723331488029,19.0,XLV,True,5.983980302472211,0.21649711658727244,,insufficient_history,6.0
2026-10-05,LRCX,299,1.0,0.9902510486166499,0.9385593344517332,0.9055304770561967,0.7597263313749599,0.7266893411068248,scored,1.1803411836186937,19.0,XLK,True,13.54072244148888,0.03915767044964974,,no_data,0.0
2026-10-05,LRN,299,1.0,1.0434870455039051,1.0388545597324235,1.0031773693678996,0.9804381182564016,0.9989844425916817,scored,-1.1567812722331094,19.0,SPY,False,2.3232703555459038,0.02945322458856369,,no_data,0.0
2026-10-05,LSCC,299,1.0,0.946498092515279,0.8827493863713987,0.7695040409862236,0.6210899296755024,0.5580238556492895,scored,0.9608238218888269,19.0,XLK,True,5.402699193399582,0.04066766423334273,,insufficient_history,1.0
2026-10-05,LSTR,299,1.0,0.9964931353437159,0.989259393055133,1.0159274921449513,1.0185794242559512,0.8725379475311947,scored,-0.7100165237968713,19.0,SPY,False,4.4908655163796585,0.026228627008408237,,no_data,0.0
2026-10-05,LTC,299,1.0,1.0518727428985963,1.065217227079132,1.104682361009203,1.0340083329879008,0.8811730133509028,scored,1.3361888779769906,19.0,XLRE,True,0.8477002115758757,0.019978793579445573,,no_data,0.0
2026-10-05,LTH,299,1.0,0.9090282823958088,0.8830856347126989,0.8672323997846754,0.865544945983001,0.8675146794190005,scored,-0.42215923888505397,19.0,XLY,True,1.371159272557992,0.034227640353419665,,no_data,0.0
2026-10-05,LTM,299,1.0,1.0099834359952973,0.9391628660623965,0.9029481596664173,0.9257263128469226,0.968371994620877,scored,0.7135134675670561,19.0,XLI,True,1.696299237478456,0.03339829174007592,,insufficient_history,1.0
2026-10-05,LULU,299,1.0,0.9172320915452763,0.8719937169793741,0.881486655028762,0.8643922876623475,0.7582376992550794,scored,-1.0963723795726632,19.0,SPY,False,3.967538776749468,0.04259758188479137,,no_data,0.0
2026-10-05,LUNR,299,1.0,0.9575966761137816,0.9424924938199247,0.9202467733773245,0.98425071824802,1.2546803135230835,scored,0.5522938232979087,19.0,XLI,True,1.0204929939879732,0.07141308565346209,,no_data,0.0
2026-10-05,LUV,299,1.0,0.9779481953213414,0.9930425728784572,1.0680333561054212,1.1772201428452795,1.311971677556637,scored,1.6808231812725118,19.0,XLI,True,1.224372325017403,0.029256208483092065,,no_data,0.0
2026-10-05,LVS,299,1.0,1.0095854533478132,0.9948799931556609,0.9259258981150928,0.9424996136771052,1.0060454198236157,scored,-2.8991226594740795,19.0,XLY,True,1.0145052231242195,0.02771115059066429,,no_data,0.0
2026-10-05,LW,299,1.0,1.045003955147853,1.1147159088964658,1.180982220446898,1.2433501063764616,1.3370327226811967,scored,-2.0643676491239398,19.0,XLP,True,1.6416841358890462,0.036833837466660226,,insufficient_history,2.0
2026-10-05,LXP,299,1.0,0.9616822581522007,0.9127543313363675,0.8821160623992859,0.7277040253993308,0.6922364960790262,scored,3.0370871119061715,19.0,XLRE,True,0.14565313616582767,0.002390891926556593,,no_data,0.0
2026-10-05,LYB,299,1.0,1.0204400891098317,1.0098773893388033,0.9585289064596477,1.0156188975679468,1.0979251576764235,scored,-0.10388515485933353,19.0,XLB,True,1.9236775565781428,0.03248357913843537,,no_data,0.0
2026-10-05,LYFT,299,1.0,0.9844477758479424,0.9935853282324896,0.9738910193412478,0.9792598088963685,1.0552224875400318,scored,-0.8214032831008152,19.0,SPY,False,0.5230667567949852,0.03325281352797108,,no_data,0.0
2026-10-05,LYV,299,1.0,0.9502046619129433,0.8945321305326672,0.8069483496478627,0.7511806417736698,0.7530693126997503,scored,-0.3855876211367985,19.0,XLC,True,4.025026589568701,0.02358367955451281,,no_data,0.0
2026-10-05,LZB,299,1.0,0.931188611580652,0.8931503923316868,0.9014638351016564,0.8984276099430469,0.8892785922681185,scored,0.6255133779595874,19.0,XLP,True,0.914988934455876,0.030995560110293904,,no_data,0.0
2026-10-05,M,299,1.0,1.0276649115394325,1.020308292129228,0.9955183009294962,1.0131917987933812,1.097180177154761,scored,1.145383328851228,19.0,XLY,True,0.7925224085166084,0.03520757034725048,,no_data,0.0
2026-10-05,MA,299,1.0,0.947900284376705,0.9099172438089722,0.855431337179631,0.7250728454632294,0.7104702718766108,scored,1.5247391390942897,19.0,XLF,True,9.67193557416748,0.017130901316295858,,insufficient_history,1.0
2026-10-05,MAA,299,1.0,0.9434979888004766,0.8911139039252859,0.8146948325124144,0.7702789396838913,0.7709260219660456,scored,0.210927556554491,19.0,XLRE,True,2.1149728813447,0.018158949784019062,,insufficient_history,1.0
2026-10-05,MAC,299,1.0,0.9805087212025014,0.96961002463298,0.8653827569845236,0.7130877613094375,0.7069822279878499,scored,1.9468557713678787,19.0,XLRE,True,0.48727372727397317,0.021306240807781946,,no_data,0.0
2026-10-05,MAIN,299,1.0,1.0051559563154833,0.967590074121577,0.9271417128952102,0.8260179230479321,0.8453687803374703,scored,1.6778723065241041,19.0,XLF,True,1.019665561243535,0.01854274524901864,,no_data,0.0
2026-10-05,MAIR,119,1.0,0.977479815607615,0.9919806997485525,0.9761373851500869,0.8635805320546072,0.8202109500646868,scored,-0.5137928321176546,19.0,SPY,False,1.1556041032173598,0.0462796997684165,,no_data,0.0
2026-10-05,MAN,299,1.0,1.003189765968943,0.9620360712656616,0.9277079294464274,0.9865184187233791,1.1373143120384244,scored,-1.2777581319796198,19.0,SPY,False,2.3905602453886083,0.044106277590195725,,no_data,0.0
2026-10-05,MANE,168,1.0,0.936073988396323,0.9095892422604179,0.8282528010502709,0.7425156809381729,0.7819996640297745,scored,2.074983416630713,19.0,XLV,True,5.996174977110775,0.05044313095912152,,no_data,0.0
2026-10-05,MANH,299,1.0,1.022461346261583,1.0459276156330155,0.988214177892081,0.88143767961292,0.8780953802989274,scored,-1.4718699200962075,19.0,XLK,True,6.518404356314204,0.03172744880172404,,no_data,0.0
2026-10-05,MAR,299,1.0,0.9803016854439321,0.929569786343787,0.9133237287227436,0.866994361398108,0.7620669276820998,scored,2.0552645852966362,19.0,XLY,True,7.049555594624215,0.019808242981326298,,no_data,0.0
2026-10-05,MARA,299,1.0,0.8483314851575982,0.7796291184597346,0.8182113537584306,0.838930908624631,0.8743180547516386,scored,-0.3400403919930664,19.0,XLK,True,0.836795245428024,0.0749145251054632,,no_data,0.0
2026-10-05,MAS,299,1.0,0.9535572155354813,0.9525326257968253,0.9577328655713588,0.973579078983241,1.030585351141299,scored,0.1169565932108146,19.0,SPY,False,1.7577492842191462,0.025675566523797055,,no_data,0.0
2026-10-05,MAT,299,1.0,0.9839141962285054,0.9680419875814376,0.8111266597527192,0.6381859940872795,0.6525102582266661,scored,-0.42866268502472843,19.0,SPY,False,0.7788679931865614,0.04852760082159261,,insufficient_history,2.0
2026-10-05,MATW,299,1.0,0.9317016594109148,0.8193339756084377,0.7309869288057836,0.7548808990679134,0.8676174985442964,scored,-0.94193102779582,19.0,SPY,False,0.6867269394759398,0.03552648419430625,,insufficient_history,1.0
2026-10-05,MATX,299,1.0,0.8805342729528273,0.7749699169720197,0.7528537592744358,0.800030891378523,0.7669023750167703,scored,0.40446403841192785,19.0,SPY,False,7.106464221638658,0.030809261344137077,,no_data,0.0
2026-10-05,MAZE,299,1.0,0.9142156774227153,0.9077795109169411,0.9149319309016687,1.0465370719769862,1.226728599487963,scored,0.39736504283291985,19.0,XLV,True,1.7210811225927678,0.06511846850521255,,no_data,0.0
2026-10-05,MBGL,67,1.0,0.9646384246092019,0.7756405760034528,0.4912738211071506,0.4692007176436503,0.35016293506429175,scored,-1.7238834054133012,19.0,SPY,False,0.6903517364746137,0.03924682981663523,,insufficient_history,1.0
2026-10-05,MBX,299,1.0,0.9353650015691749,0.9770977185023185,0.972966455844411,0.9530056792893041,0.7374361602028799,scored,0.32060010856746857,19.0,XLV,True,3.425649182307715,0.058518093308980446,,no_data,0.0
2026-10-05,MC,299,1.0,0.9847424715455121,1.0038021351882964,0.9370510007170161,0.9842962877711843,1.1266299247883511,scored,-1.1198428864903185,19.0,XLF,True,2.091894293510457,0.03732193208760851,,no_data,0.0
2026-10-05,MCD,299,1.0,0.8711023059268878,0.8509341483026139,0.8366707892971003,0.8158171261084842,0.8307514522844761,scored,-1.0115856626885638,19.0,XLY,True,4.450074711638999,0.019095754855986094,,no_data,0.0
2026-10-05,MCHP,299,1.0,0.9623861916531375,0.8725174768605246,0.910866532505799,1.0702563538409162,1.2044638854634657,scored,0.44227117807850586,19.0,XLK,True,2.7753967968317506,0.03405812733871335,,no_data,0.0
2026-10-05,MCK,299,1.0,0.96177781382238,0.9241189137774615,0.8723188655174666,0.735848299810651,0.8494825762204891,scored,0.4819644940137589,19.0,XLV,True,24.23008505974606,0.02646795025369606,,no_data,0.0
2026-10-05,MCO,299,1.0,0.9867139345021492,0.9856045000814583,0.9753138560107573,1.01318177246652,0.8161963329339389,scored,-0.4455693556849067,19.0,XLF,True,10.874793562244573,0.024265968006793648,,insufficient_history,1.0
2026-10-05,MCRI,299,1.0,1.0802002778567303,1.055366589649688,1.0826842682941875,1.0902041663015878,1.1174992939173267,scored,1.0321803452156024,19.0,XLY,True,2.6918609604162187,0.022779563005976295,,no_data,0.0
2026-10-05,MCY,299,1.0,0.9749143561996609,0.9328964947443839,0.9140932593753182,0.8575325740151777,0.7418385651721308,scored,1.4104213697695756,19.0,XLF,True,2.1953171888412766,0.021541724942020182,,no_data,0.0
2026-10-05,MD,293,1.0,0.9823447055569314,0.9054478756157549,0.8484690170995598,0.8045284925094395,0.8521732099504219,scored,-0.6050438366908134,19.0,SPY,False,0.8128258941795021,0.031142754566264447,,no_data,0.0
2026-10-05,MDA,143,1.0,1.0873782088750277,1.2546713345154448,1.4550534224748781,1.4753719372051879,1.0052349138684484,scored,0.28979869016528703,19.0,XLI,True,1.329719383849802,0.045075233350840745,,no_data,0.0
2026-10-05,MDB,299,1.0,1.062491972674484,1.073767278309425,1.0292432907616378,0.9361250658247273,0.8862149116829049,scored,-1.0382346261774331,19.0,XLK,True,26.153811748935745,0.07280519931223936,,insufficient_history,4.0
2026-10-05,MDGL,299,1.0,1.0211720294051299,0.9458182875345337,0.8570151029521818,1.0053300080305674,1.1027213096846684,scored,-0.7683756468620521,19.0,XLV,True,16.316411126224633,0.03305459893485806,,no_data,0.0
2026-10-05,MDLN,200,1.0,1.0105691747432202,0.9972030598252817,0.9952524295134649,0.8708395282103653,0.8668342975073794,scored,0.27440855759898386,19.0,XLV,True,1.241651604249915,0.034683005705304894,,no_data,0.0
2026-10-05,MDLZ,299,1.0,0.9412919437620824,0.8420766372803671,0.7807281690362825,0.6918658633929222,0.66913327747623,scored,-0.27419362753097276,19.0,XLP,True,1.1663622496878188,0.01994122499038842,,no_data,0.0
2026-10-05,MDT,299,1.0,0.9842605515114459,0.9299491434897833,0.897252473251525,0.9301637457458916,1.073931807098796,scored,-0.640101508594725,19.0,XLV,True,2.102796892938429,0.023903568181634978,,insufficient_history,7.0
2026-10-05,MDU,299,1.0,1.031925059869303,1.0618723851572485,1.0664809936130761,0.9358589569554507,1.0685694863826072,scored,0.22593102630074405,19.0,XLU,True,0.3749205439039295,0.020059954194966798,,no_data,0.0
2026-10-05,MEDP,299,1.0,1.0353240410666744,1.0334846209349537,1.0305260336566977,1.021768704963094,1.0202013634994938,scored,1.5995846671155243,19.0,XLV,True,17.41672395459652,0.028068401725349343,,no_data,0.0
2026-10-05,MELI,299,1.0,0.8848904544504936,0.8150262731807736,0.833890079320787,0.7537892588273929,0.6539302868591519,scored,-1.818168864416681,19.0,XLY,True,63.83361115331128,0.03430789426763872,,insufficient_history,1.0
2026-10-05,MEOH,299,1.0,0.8833986604492846,0.7658721032844756,0.6619715701584167,0.7490192434051679,0.6483986827197233,scored,0.7024339693355237,19.0,XLB,True,1.9913489886352531,0.03283345405828942,,no_data,0.0
2026-10-05,MET,299,1.0,0.8912198654713842,0.8302659367003189,0.7293245989546329,0.7447729709105703,0.8310635630422227,scored,1.2355281174409767,19.0,XLF,True,1.9065224813935675,0.019679216364508336,,no_data,0.0
2026-10-05,META,299,1.0,0.9773898221363851,0.9433372658109539,0.962055681704065,1.0795595983007005,0.8462245248963584,scored,1.8578615404358687,19.0,XLC,True,24.998175348415035,0.033694804351550124,,no_data,0.0
2026-10-05,MFC,299,1.0,0.9599211353175389,0.8828355243840678,0.7474425775114942,0.7577035766378233,0.8610048874552335,scored,0.9870135082370274,19.0,XLF,True,0.6802404280244116,0.015841649464937393,,no_data,0.0
2026-10-05,MFG,299,1.0,1.0760475991546854,1.0445309026977976,0.9396026911619744,0.9262884533041033,0.8686620280032649,scored,0.317763769527812,19.0,XLF,True,0.2661776150935388,0.024132150053811318,,no_data,0.0
2026-10-05,MFP,69,1.0,0.8150142767571974,0.7788179853006757,0.6985499601987976,0.640253265958095,0.6259302760327038,scored,-0.08433542813531722,19.0,XLI,True,2.132847703414727,0.05013746364397571,,insufficient_history,1.0
2026-10-05,MGA,299,1.0,0.9574137558797342,0.9090855895275266,0.8827486423317819,0.8951135371984498,0.7615748546492572,scored,-0.3070286082706163,19.0,SPY,False,1.6626456111886894,0.02561068409101493,,no_data,0.0
2026-10-05,MGM,299,1.0,1.0075736262871622,1.0469206004685467,1.0850760792620409,1.065747308583268,1.0467114396459194,scored,-1.5034879104458423,19.0,XLY,True,1.1387858812311786,0.03774563742894195,,no_data,0.0
2026-10-05,MGNI,299,1.0,0.9558482302826145,1.0131390256935582,1.0359388681301502,1.1316431475828503,1.2151010983725297,scored,0.7725063380123988,19.0,XLC,True,1.0744050268270564,0.04304507319018655,,no_data,0.0
2026-10-05,MGY,299,1.0,0.955033563830196,0.9335783713965249,0.8465577123837493,0.809146320783196,0.7692139847476873,scored,-0.7616821184959343,19.0,XLE,True,0.8057446780281021,0.03357269491783759,,insufficient_history,1.0
2026-10-05,MHK,299,1.0,1.0026506571832587,0.9827480898452231,0.9773242522713019,1.0291704263600765,1.0688629757578036,scored,-0.6316918081962448,19.0,XLP,True,4.137403137892084,0.033117771054927435,,no_data,0.0
2026-10-05,MHO,299,1.0,0.9299333888445729,0.9276051039641958,0.9553645306376135,0.9089925784972626,0.9401435098523508,scored,-0.17451025366030756,19.0,XLP,True,3.780168200627837,0.02863763788354422,,no_data,0.0
2026-10-05,MIAX,287,1.0,1.0966901083314646,1.169112228010622,1.2862435321398458,1.2928731732176701,1.3081939151919546,scored,-1.5500806684199975,19.0,XLF,True,1.532013345018102,0.044639083479548425,,no_data,0.0
2026-10-05,MIDD,299,1.0,1.0765737009701006,1.078623105855019,1.0621019902119857,0.9334034044177806,0.9774985247759257,scored,-1.152167625977597,19.0,XLI,True,2.971411044358741,0.02826953709788546,,no_data,0.0
2026-10-05,MIR,299,1.0,0.8972417620954739,0.7915936015303351,0.6875445518879837,0.5534354197642152,0.4274496957658118,scored,-1.4667768037966105,19.0,SPY,False,0.6680037711012636,0.04477237071724287,,no_data,0.0
2026-10-05,MIRM,299,1.0,0.9523929885988975,0.9844489413379216,1.0722601455649754,1.137178367791077,1.2125707407055033,scored,-0.7082108066274058,19.0,XLV,True,3.69843561977741,0.04541858798695088,,no_data,0.0
2026-10-05,MKC,299,1.0,1.0746372806977322,1.0424803744155404,1.0898347555931762,1.1921985671046993,1.2667457604500427,scored,-1.8554420365154938,19.0,XLP,True,1.4942620541201719,0.032812078483095565,,no_data,0.0
2026-10-05,MKL,299,1.0,1.0007018661249298,0.9326688273662986,0.9286640298934006,1.0071867746818275,0.8756384400151523,scored,-0.4116180269479663,19.0,XLF,True,26.549766433447218,0.01537708442901413,,insufficient_history,1.0
2026-10-05,MKSI,299,1.0,1.0007515031689596,0.9395852364508817,0.8762831993307291,0.7452071704297202,0.8583427893945408,scored,-0.013842799802644535,19.0,XLK,True,11.56889698050099,0.04124383950267732,,no_data,0.0
2026-10-05,MKTX,299,1.0,1.0914032382455965,1.1908538590237328,1.3410698189421957,1.4437701569700214,1.6312485378023387,scored,2.5972574421392953,19.0,XLF,True,0.5667473369858615,0.0034549337782605557,,no_data,0.0
2026-10-05,MLI,299,1.0,1.0370421709635809,1.0525503939341998,1.0959435384740723,1.226265012611496,1.1907829938138224,scored,1.0405799047670725,19.0,XLI,True,1.5718166265281261,0.024961356622647708,,no_data,0.0
2026-10-05,MLM,299,1.0,0.9842800344718716,0.8823990982571962,0.7340855530992371,0.7382070606388371,0.7435031460816635,scored,0.13462390767910473,19.0,XLI,True,13.239819893748184,0.02727048381822489,,no_data,0.0
2026-10-05,MLTX,299,1.0,0.919884050045048,0.8908101025614491,0.827642124134271,0.7167177419243899,0.7039814652423989,scored,-0.22876907316330608,19.0,XLV,True,0.6623103117241791,0.058199500151509584,,no_data,0.0
2026-10-05,MLYS,299,1.0,1.0503201840000047,1.124347012816936,1.237244983089381,1.3162149335744533,1.5135672648634584,scored,-0.05106486620615776,19.0,XLV,True,1.4123086111938299,0.06061410348471373,,no_data,0.0
2026-10-05,MMED,147,1.0,1.03874740314084,1.05548923431875,1.1331191873071569,1.2325732962509948,1.481714602907325,scored,-1.601009151352268,19.0,XLV,True,0.9025093013841394,0.0447673264575466,,insufficient_history,2.0
2026-10-05,MMM,299,1.0,1.0154172884113857,1.0109369965878312,0.9744473595462145,0.9462863221678957,0.8314403854353556,scored,0.5117104231340904,19.0,XLI,True,3.4883246370239984,0.02137584801166737,,no_data,0.0
2026-10-05,MMS,299,1.0,1.0873123385640666,1.142083423077164,1.1926934031071263,1.2511602390824086,1.1083973522539539,scored,-0.31909855926155073,19.0,SPY,False,1.6834671929389375,0.030940400531867997,,no_data,0.0
2026-10-05,MMSI,299,1.0,0.9308645526203303,0.9858189887312683,1.0191162616177731,1.0706617421472564,1.3161294255789915,scored,-0.17780375871603848,19.0,XLV,True,1.9038199955762527,0.021847831025662758,,no_data,0.0
2026-10-05,MMYT,299,1.0,0.9870714083168448,0.9875159513008014,1.0040723818048525,1.2067402037128374,1.359215177738967,scored,-0.6947681676904817,19.0,XLY,True,2.084184589647851,0.046315213103285575,,insufficient_history,2.0
2026-10-05,MNDY,299,1.0,0.9631889710594304,1.010131682431771,1.0192880871098027,1.0702758763979963,0.9485097219246249,scored,-1.3540252114633942,19.0,XLK,True,4.964604199679678,0.06006053955576673,,no_data,0.0
2026-10-05,MNST,299,1.0,0.9607624326152873,0.9531859021352539,0.9696355196087665,0.8554526487359053,0.8390094722617394,scored,0.10100943600668576,19.0,XLP,True,0.9996203169543917,0.022974495907938215,,no_data,0.0
2026-10-05,MO,299,1.0,1.0756040627412589,1.1333419728589034,1.0645075220426423,0.9310892172149682,0.886226337499637,scored,-0.08833707556469553,19.0,SPY,False,1.383265362177109,0.02037809903030508,,no_data,0.0
2026-10-05,MOD,299,1.0,1.0177963502276282,0.9461273538437263,0.9172058418647874,0.8232355624720187,0.8533218583128376,scored,-0.38964602610744414,19.0,SPY,False,10.949859403677149,0.05986473896275299,,no_data,0.0
2026-10-05,MOG.A,299,1.0,0.9601549739069939,0.9972953959463483,1.0293194260081917,1.0961933293573183,1.279900064010101,scored,1.3964467295766412,19.0,XLI,True,12.475106357108439,0.03273962407387266,,no_data,0.0
2026-10-05,MOH,299,1.0,1.0353791656393534,1.085210597770475,1.1500334025698244,1.255805110053743,1.3013524665361715,scored,0.5535216195973661,19.0,XLV,True,7.221590158000957,0.037215100015464866,,no_data,0.0
2026-10-05,MORN,299,1.0,1.028986587107034,1.0303078935058587,1.089565440980458,1.1702708367627814,1.0848831636578415,scored,-0.4880798104166352,19.0,XLF,True,6.852459350768556,0.03622573139547767,,no_data,0.0
2026-10-05,MOS,299,1.0,1.0654283271567004,1.0045789430795438,0.9179681373486964,0.7040998555244182,0.6936745551862495,scored,-0.356747997143099,19.0,XLB,True,1.054414653400084,0.049526287148900144,,no_data,0.0
2026-10-05,MP,299,1.0,1.0072384808946004,0.9938979160593067,0.9825656003062055,0.950031204664001,0.787369171411631,scored,-0.46551327185381447,19.0,XLB,True,2.4816128726471796,0.05298063348947864,,no_data,0.0
2026-10-05,MPC,299,1.0,1.0236085260325543,1.0920495867881048,1.181870000853301,1.2025941429351443,1.000749111909749,scored,1.8085357796827564,19.0,XLE,True,15.60365515790288,0.03599708205389734,,no_data,0.0
2026-10-05,MPLX,299,1.0,0.8655025420389366,0.8357791220819699,0.7436698108258052,0.621367463974107,0.5706405532063951,scored,-1.094498201294057,19.0,XLE,True,1.103520226787952,0.019235144270314662,,no_data,0.0
2026-10-05,MPWR,299,1.0,0.8709464187731651,0.7479847677881597,0.7233781500898236,0.7583732652331185,0.865933219493289,scored,0.5632755837855772,19.0,XLK,True,54.415876270796254,0.0367702168882797,,no_data,0.0
2026-10-05,MRCY,299,1.0,1.0171459038435227,0.99278505974808,0.9933259480833778,1.023166554641057,0.9383552798427468,scored,0.3489724110020988,19.0,XLI,True,3.5527762851077984,0.04283549897646249,,no_data,0.0
2026-10-05,MRK,299,1.0,1.007093621875415,1.0218635188273903,1.0478356134656193,0.9301825924926684,0.6946098696038651,scored,0.14556625704885034,19.0,XLV,True,3.536829345917371,0.02534634761299535,,no_data,0.0
2026-10-05,MRNA,299,1.0,0.8060457856627204,0.7816297685001706,0.7595316690970628,0.7895286108755788,0.7447691621782264,scored,1.0348153757677445,19.0,XLV,True,13.878664835380018,0.06829715484169095,,no_data,0.0
2026-10-05,MRP,299,1.0,1.0472096965615547,1.0746597186230704,1.0163001544456074,0.9768507210611612,0.8990364253697662,scored,-1.7025080948756313,19.0,XLRE,True,1.0560095100502145,0.046912905821866475,,insufficient_history,2.0
2026-10-05,MRSH,299,1.0,0.925632670576521,0.8288382589591573,0.842752054681957,0.7578960897147051,0.6982591472409432,scored,0.4468113904492446,19.0,XLF,True,3.4208176946725266,0.020071687465073793,,no_data,0.0
2026-10-05,MRVL,299,1.0,0.9676547446155117,0.9549358807453098,0.901852678659908,0.9337495914574486,1.1163512697103999,scored,1.0333547972502362,19.0,XLK,True,12.908484400497146,0.04758888258247796,,no_data,0.0
2026-10-05,MRX,299,1.0,1.0271834840577077,0.9812934297056609,1.0178444718036361,0.8930735357749351,0.8664074503969444,scored,-0.24734647848528502,19.0,XLF,True,3.1974036043110967,0.042513011624931485,,no_data,0.0
2026-10-05,MS,299,1.0,0.9391890293399027,0.8882700441528398,0.7942770562645584,0.7978567287824163,0.8726008383827049,scored,-1.3353538642022789,19.0,XLF,True,4.657978917531507,0.024491187325997723,,insufficient_history,1.0
2026-10-05,MSA,299,1.0,0.9558092236248525,0.9095322516078582,0.8915310437164938,0.957371222124862,1.0647445266076685,scored,-1.0587428052434333,19.0,SPY,False,3.8099059951682857,0.0208043793762261,,no_data,0.0
2026-10-05,MSCI,299,1.0,0.906044522659264,0.8976694374709624,0.8789607334179592,0.7400236724938284,0.44829439921431447,scored,0.5502749539598704,19.0,XLF,True,12.548302988495848,0.022718028403178867,,no_data,0.0
2026-10-05,MSFT,299,1.0,1.0814165440536538,1.136944599072462,1.2316258574592185,1.2239176620754344,1.2489490590919294,scored,-0.2088848973467742,19.0,XLK,True,11.816617367846566,0.022500128275727498,,no_data,0.0
2026-10-05,MSGE,299,1.0,0.9864581456733682,0.9691839424247133,0.8266819970842978,0.6631607435565195,0.599938326628481,scored,1.0590509833276207,19.0,XLC,True,2.6980303390761504,0.03372116409294026,,no_data,0.0
2026-10-05,MSGS,299,1.0,0.8814634878451636,0.9234880282534774,0.8560191796262029,0.7255238187927142,0.6122784863861763,scored,1.5494744131936726,19.0,XLC,True,11.265428341034404,0.028141058006181066,,no_data,0.0
2026-10-05,MSI,299,1.0,0.9735566933533655,0.9806664522931894,1.0047953065282824,1.1142367334114063,1.414231549549015,scored,-0.5711140113840476,19.0,SPY,False,8.469964316309323,0.018600180767967416,,no_data,0.0
2026-10-05,MSM,299,1.0,0.9604025247916774,0.8926341434599686,0.8344765925132381,0.5933611807776392,0.6776364651187412,scored,1.2181416062535089,19.0,SPY,False,3.1386635729314114,0.0241138873150846,,no_data,0.0
2026-10-05,MSTR,299,1.0,0.9078218313405404,0.874594901931993,0.873023509668012,0.9262417588275379,1.1539727774395816,scored,0.6648291928523331,19.0,XLK,True,9.106706277685566,0.0553834840216844,,no_data,0.0
2026-10-05,MT,299,1.0,0.978202182533669,0.9396199524206267,0.9233728493030671,0.9720672132497457,0.990058146870333,scored,-1.2679250781604212,19.0,XLB,True,1.9897514017229678,0.030739246125798977,,insufficient_history,2.0
2026-10-05,MTB,299,1.0,0.9592252413419282,0.953338629485389,0.9952085227699494,1.182363374624449,1.442955820894542,scored,-0.26111580067738044,19.0,XLF,True,4.102738396725848,0.018797481887317183,,no_data,0.0
2026-10-05,MTCH,299,1.0,0.8741792686227621,0.8452517586981002,0.8020146662551841,0.7226644145230644,0.7065259585121607,scored,0.36983984306507367,19.0,XLC,True,1.186780608361074,0.029426744566354426,,no_data,0.0
2026-10-05,MTD,299,1.0,1.0578891111005622,1.0891410329786086,1.164742964100398,1.123966089175734,0.9431191461641844,scored,0.9767856627557929,19.0,XLV,True,43.22065028170019,0.028035683193567966,,no_data,0.0
2026-10-05,MTDR,299,1.0,0.950111546534331,0.9620028716344359,0.9289175148688043,0.8609023522579918,0.8257010927861621,scored,-0.1752448503243865,19.0,XLE,True,1.8796050120562457,0.035457555405701675,,no_data,0.0
2026-10-05,MTG,299,1.0,0.9773693236272432,0.9294273161985921,0.8787924970746378,0.8707070822599927,0.8916151370901679,scored,-1.2485412791569266,19.0,XLF,True,0.767885119819999,0.028314348075958663,,no_data,0.0
2026-10-05,MTH,299,1.0,0.980918250029173,0.9774319294901223,1.0242562375567164,1.1149472234713336,1.045141347140766,scored,-0.2841588251266551,19.0,XLP,True,2.1700048132478114,0.03484272339832709,,no_data,0.0
2026-10-05,MTN,299,1.0,0.8730155294876794,0.8249079966113139,0.7502620399380324,0.6436742283803845,0.41616077023134623,scored,1.1316281042287717,19.0,XLY,True,4.645214070744251,0.03334683467870962,,no_data,0.0
2026-10-05,MTRN,299,1.0,1.0363227574594618,1.0338001029567603,1.0277179263288099,0.8409097251015504,0.671509422813533,scored,2.080090075936538,19.0,XLB,True,13.349245003522451,0.04182356351752131,,insufficient_history,2.0
2026-10-05,MTSI,299,1.0,1.054586812452399,1.0451938554667946,1.0188648190387162,0.9785465129972885,0.9835284324018492,scored,1.051693282254389,19.0,XLK,True,14.85591763287277,0.04525104365785187,,no_data,0.0
2026-10-05,MTZ,299,1.0,0.8877877285123219,0.8037266334647513,0.8068266191729576,0.8541259721233487,1.031846547296446,scored,-0.661568157552797,19.0,XLI,True,11.417229959918368,0.052038422789053636,,no_data,0.0
2026-10-05,MU,299,1.0,0.9536238685830835,0.9108140283125777,0.9700090778089416,0.8201138801996355,0.8748367028731324,scored,1.2066771340212872,19.0,XLK,True,44.545258448290916,0.04186741836938505,,insufficient_history,1.0
2026-10-05,MUFG,299,1.0,1.0644681846108652,1.0262492278619155,0.9316087049884813,0.9403837595308148,0.815709125894868,scored,0.3167865131633718,19.0,XLF,True,0.4780964019704398,0.020813948714429247,,no_data,0.0
2026-10-05,MUR,299,1.0,0.9265484326156233,0.8943507057924236,0.7623648276846571,0.6469325955432728,0.5051775312989649,scored,0.16326427703544608,19.0,XLE,True,1.3807070101953944,0.03596527768156797,,no_data,0.0
2026-10-05,MUSA,299,1.0,1.0532241446052306,1.0140382144172844,0.9085808236762444,0.8500635784325061,0.702334844862684,scored,0.5253642743691013,19.0,XLY,True,14.78527367785516,0.02889554736916659,,no_data,0.0
2026-10-05,MUX,299,1.0,0.9658969738737171,0.9888719207458367,1.0155945148268095,0.9413542429903899,1.0277969190850098,scored,-0.45107386924773807,19.0,XLB,True,0.843514806643033,0.04712373221469458,,no_data,0.0
2026-10-05,MWA,299,1.0,0.9844290883929394,0.9438590962349316,0.9196449386163822,0.9791981110073957,1.0020844546243146,scored,-0.40660821027704386,19.0,XLI,True,0.49736512156801405,0.022856853013235937,,insufficient_history,1.0
2026-10-05,MWH,163,1.0,0.9871947322570517,1.0010053895561364,0.914656522064444,1.030088059177878,1.1486646901921778,scored,0.3896203469317645,19.0,XLI,True,1.2646305579522241,0.05040376875058685,,no_data,0.0
2026-10-05,MXL,299,1.0,1.011612625084792,0.9903399638151437,1.0296229029462396,1.321016865219475,1.7968032281394597,scored,1.8663292903727593,19.0,XLK,True,6.880604262116296,0.06522518022671624,,insufficient_history,1.0
2026-10-05,MYRG,299,1.0,1.064481415338111,1.0360075692594588,0.9951760862794223,1.0561972213709638,1.318660033375556,scored,0.9820692828448908,19.0,XLI,True,11.937303116216249,0.03944260074745168,,no_data,0.0
2026-10-05,MZTI,299,1.0,1.025157986223836,0.9479724171128058,0.9514527314419043,0.8952182663909128,0.7974042078356248,scored,0.46473379085586297,19.0,XLP,True,3.081969673976424,0.030977682922669857,,no_data,0.0
2026-10-05,NAMS,299,1.0,0.9955652688915407,1.003041111495849,1.029983575489665,0.9945891354024397,0.8986108850902725,scored,0.46436989740824086,19.0,XLV,True,1.3607698622002147,0.05968288869299187,,no_data,0.0
2026-10-05,NATL,299,1.0,1.0054918939387771,0.9551866404088493,0.9409483173565786,0.8488242077377228,0.6870249120817256,scored,1.9684631954175926,19.0,XLF,True,0.5872650408891013,0.012906923975584643,,insufficient_history,1.0
2026-10-05,NAVN,233,1.0,0.9717827899708325,0.9619715275981556,0.9316338080055349,0.9558460525254785,1.1620840053251145,scored,-0.9690365802669215,19.0,XLY,True,1.1850072055154204,0.054258571681108994,,no_data,0.0
2026-10-05,NBHC,293,1.0,0.9069840011426016,0.8248050047713631,0.7594702442923811,0.628894021891817,0.6150066930843244,scored,-1.1094481069369773,19.0,SPY,False,0.7413161140043316,0.01961672701784418,,insufficient_history,1.0
2026-10-05,NBIS,299,1.0,1.017962316235109,1.039774755013846,0.9611939207871184,0.7557749277159762,0.5896344110958376,scored,0.42807525783541533,19.0,XLK,True,15.923793415583644,0.06846881977720104,,no_data,0.0
2026-10-05,NBIX,299,1.0,0.9555362235145942,0.8984511281302988,0.8925896761191177,0.8702384680248542,0.8146501594913778,scored,-0.5991843072606974,19.0,XLV,True,4.150081860203272,0.02877804493588012,,no_data,0.0
2026-10-05,NCLH,299,1.0,0.9187039032691102,0.8829839896192572,0.7862308503005597,0.8662134489062134,0.9530150752283075,scored,0.42604593090984116,19.0,XLY,True,0.5891420369863397,0.03961950484104504,,insufficient_history,2.0
2026-10-05,NCNO,299,1.0,1.0849726947568514,1.1014804361711215,1.077830875697956,1.0953695386654367,1.245525927614632,scored,-1.4241421283626117,19.0,XLK,True,0.9285858648735259,0.04816316726522437,,no_data,0.0
2026-10-05,NDAQ,299,1.0,1.0328450456623022,1.0669909775584943,1.0579657391892447,1.1122777792206426,1.0855112703205902,scored,-0.32940581707735517,19.0,XLF,True,2.1749561874999643,0.023592105298838966,,no_data,0.0
2026-10-05,NDSN,299,1.0,0.9388255325139565,0.8563187193310021,0.8371386062924216,0.7854171623249102,0.7748030779777875,scored,1.5984713097425778,19.0,XLI,True,6.097216826197711,0.018231668289919296,,no_data,0.0
2026-10-05,NE,299,1.0,0.8178888648121654,0.8516247631325297,0.8794397964617487,0.9791896638836007,1.102529064997013,scored,-1.0407821317105894,19.0,XLE,True,1.5911252191859724,0.03739424721941181,,no_data,0.0
2026-10-05,NEE,299,1.0,0.9290211140182854,0.925549406316876,0.9301655339474886,1.153229315994542,1.293567449492776,scored,-0.9123726526969819,19.0,XLU,True,1.3239118724055694,0.017355950083974427,,insufficient_history,1.0
2026-10-05,NEM,299,1.0,0.9710337522485251,0.9931428408816921,0.9925686161770088,0.8795026324556805,0.9334569804456454,scored,-0.6639751996794535,19.0,XLB,True,3.7987344759077195,0.03279860538687377,,no_data,0.0
2026-10-05,NEO,299,1.0,1.039042024927515,0.9882834733961644,1.0192821766924287,0.9810680994315103,1.1734028412506396,scored,1.3257338072795286,19.0,XLV,True,0.8562240702765576,0.04475818454137782,,no_data,0.0
2026-10-05,NEOG,299,1.0,0.9752579631706589,0.9241435611679455,0.8381483928402592,0.724238886656043,0.7259679162042493,scored,0.40892781358696245,19.0,XLV,True,0.5717163550139465,0.043944377787390194,,no_data,0.0
2026-10-05,NESR,299,1.0,1.0862189633871944,1.0542701845486526,1.085834891847982,1.0274342483160568,0.8906910242122433,scored,0.5840148158835875,19.0,XLE,True,1.5948936943519936,0.06623312684186021,,insufficient_history,1.0
2026-10-05,NET,299,1.0,1.0114523431801057,1.0282230923827542,0.9383912280203885,0.7034108097249264,0.4103930916077191,scored,0.7768750603169859,19.0,XLK,True,16.12724302785689,0.04486145102188347,,no_data,0.0
2026-10-05,NEU,299,1.0,1.0672467108091963,1.0939954719905294,1.1166585765138073,1.0741946152938866,0.9889700313177511,scored,1.268654868710917,19.0,XLB,True,22.080988935324932,0.02388812563999019,,no_data,0.0
2026-10-05,NFG,299,1.0,1.003515991415295,0.9920721656033946,1.0073153195373783,1.0379028712945606,1.3198780143378603,scored,-0.2777222433864866,19.0,XLU,True,1.5471556497814791,0.020266644613328257,,no_data,0.0
2026-10-05,NFLX,299,1.0,1.0599428289610593,1.0686017078377594,1.152861955044405,1.1715380820695982,1.0474530905326982,scored,-2.1989910326216413,19.0,XLC,True,1.90494873897041,0.02822146279956163,,no_data,0.0
2026-10-05,NGG,299,1.0,0.9356866558002872,0.9423597373181428,0.8941819972592449,0.7830480631544573,0.8564698409339236,scored,0.54440290565013,19.0,XLU,True,1.1651585456648617,0.015327000074518045,,no_data,0.0
2026-10-05,NHC,299,1.0,0.9544672754415906,0.9772680546953247,0.9639731850304857,0.70978285199512,0.560352928997306,scored,0.4238880663184611,19.0,XLV,True,6.441088901059731,0.027959755615139695,,no_data,0.0
2026-10-05,NHI,299,1.0,0.9550032391604606,0.9678527161939052,1.0346087951804246,1.0969560970978351,1.0207495452436726,scored,-0.48891652171347755,19.0,XLRE,True,1.2769186718048438,0.01963885991702313,,no_data,0.0
2026-10-05,NI,299,1.0,0.9296611744857628,0.899293972853506,0.8694362745664955,0.8182528692655566,0.8608741454495317,scored,1.144975005963607,19.0,XLU,True,0.6723781722089056,0.017000712318809244,,no_data,0.0
2026-10-05,NIC,299,1.0,0.9940369141958613,0.9149967719394098,0.866163119788213,0.8661346930087997,1.0011552926575904,scored,0.0519735169621644,19.0,XLF,True,3.639935499546137,0.022111137769081135,,no_data,0.0
2026-10-05,NICE,299,1.0,1.138116374752793,1.1066354229695599,0.9389668283635113,0.6496968973317058,0.4915303087906832,scored,-0.9091960361759461,19.0,XLK,True,5.037680387415647,0.04349201750337259,,no_data,0.0
2026-10-05,NIQ,299,1.0,1.0689584791994344,1.093532051480033,1.2480618391396805,1.4548302098200085,1.5708750943884202,scored,-1.1912198964736391,19.0,XLC,True,0.6641406165895513,0.03834530118877317,,insufficient_history,1.0
2026-10-05,NJR,299,1.0,0.9650280386283365,0.9793970465469131,1.0238707562592984,1.0022996773217445,0.97015722751624,scored,1.3917229359084677,19.0,XLU,True,1.007824547173002,0.019803980097720615,,no_data,0.0
2026-10-05,NKE,299,1.0,0.9700622276763137,0.9515619687799506,0.9304617712872674,0.7424608698370262,0.5969405765312056,scored,-1.8407473460093797,19.0,SPY,False,1.1610079277004328,0.03418751259424125,,insufficient_history,2.0
2026-10-05,NKTR,299,1.0,1.1434406221379385,1.2551303925501596,1.2705087046748043,1.4555281900131651,1.7649572980534158,scored,-1.771180512176487,19.0,XLV,True,4.154121156218936,0.09839225855563563,,insufficient_history,1.0
2026-10-05,NLY,299,1.0,0.9089613343403532,0.9065290877817058,0.888358961925691,0.8960035910653374,0.931561534602415,scored,-1.3840412155578035,19.0,XLRE,True,0.47567811581881475,0.026036021664959757,,insufficient_history,3.0
2026-10-05,NMIH,299,1.0,1.0497849155741656,1.0301194907414055,0.988017061206336,1.007123686046633,1.0493518512131497,scored,-1.3677273661947442,19.0,XLF,True,1.1551586732383474,0.029326191247482796,,no_data,0.0
2026-10-05,NMRK,299,1.0,1.003972599860416,0.9655781487534751,0.8609846639605525,0.8392628875509569,0.7568911902062343,scored,-1.1406308297208825,19.0,XLRE,True,0.4870712997946202,0.038717909363642306,,no_data,0.0
2026-10-05,NN,299,1.0,1.0381800372862022,1.075537575291526,1.046357246907275,0.9486084700526035,0.7998811015884822,scored,-1.3499239206766651,19.0,XLK,True,0.9411000736759145,0.07065315868437796,,no_data,0.0
2026-10-05,NNE,299,1.0,0.9140473138887731,0.9039968272906236,0.8591372046375151,0.6921746650559659,0.659758923795278,scored,0.688025026428963,19.0,SPY,False,0.9719234383719204,0.06266430937278662,,no_data,0.0
2026-10-05,NNN,299,1.0,0.9366442191284302,0.9284908728492611,0.9555357933654198,0.9900073596676988,1.0055116042874532,scored,-0.8141117298416048,19.0,XLRE,True,0.7313116353745139,0.01811073886514398,,insufficient_history,1.0
2026-10-05,NOC,299,1.0,1.0595071914877836,1.069435236834719,1.1245111579969467,1.2286704289641837,1.4899000865549419,scored,-1.3724411937838006,19.0,XLI,True,11.49988364723175,0.024153837657750834,,insufficient_history,1.0
2026-10-05,NOG,299,1.0,0.9954383678187354,1.0207665799091246,0.9662480731426594,0.9718728911607674,0.9842670230940029,scored,-0.8669720051436017,19.0,XLE,True,0.8654862148887462,0.036016904489752234,,no_data,0.0
2026-10-05,NOK,299,1.0,0.9903409500713479,0.9586991967731349,0.9155580703955315,0.9125607911231236,1.2160372244441655,scored,0.15546820646668222,19.0,SPY,False,0.45436759938660914,0.04454584307711855,,no_data,0.0
2026-10-05,NOV,299,1.0,0.8559853405275758,0.8130276420992478,0.8214445064158115,0.7536534805799698,0.5396198824332089,scored,-1.9900748230206873,19.0,XLE,True,0.6286944391099409,0.03222421522859769,,no_data,0.0
2026-10-05,NOVT,299,1.0,0.9594177443045906,0.9322876656033658,0.8997101244651531,0.907999891806013,0.7208611512799663,scored,0.24153283958016888,19.0,SPY,False,5.510996505370962,0.03659117260056412,,no_data,0.0
2026-10-05,NOW,299,1.0,1.0463708707252193,1.0634871830739339,0.9910507939778566,0.9052677286618034,0.8821357243104259,scored,-0.04481318320886225,19.0,XLK,True,5.8757303424229566,0.043178500458722485,,no_data,0.0
2026-10-05,NPO,299,1.0,0.9968701143882553,0.9434315450132738,0.8660514329887139,0.8298271063930018,0.7365778897939259,scored,1.7711539170323518,19.0,XLI,True,11.309373148168122,0.03397636588405973,,insufficient_history,1.0
2026-10-05,NRG,299,1.0,0.9140408887084144,0.8559402342412121,0.7807030433097744,0.6986319991289531,0.5561676022276272,scored,0.7895363997851802,19.0,XLU,True,4.052013844415367,0.04185964715305131,,no_data,0.0
2026-10-05,NRIX,299,1.0,0.9274696134988529,0.9297024039013555,0.9574742158394967,0.9934222504295486,1.134627053719467,scored,-0.8724388110257641,19.0,XLV,True,0.9677401129147408,0.0422963336064135,,no_data,0.0
2026-10-05,NSC,299,1.0,0.9608106353157372,0.9097097225858579,0.8492188720390409,1.0213496486498181,1.1143096587362769,scored,-1.6134516113253667,19.0,SPY,False,5.41162203021915,0.01711293055756617,,no_data,0.0
2026-10-05,NSIT,299,1.0,1.0798913833482173,1.0538211533562576,1.105712865129217,1.1602761175897351,1.3754262375833164,scored,0.9622795043149053,19.0,SPY,False,5.64947146260634,0.03544432814233227,,no_data,0.0
2026-10-05,NSP,299,1.0,1.0334978687434537,1.0286121604198835,0.9957205727432492,1.2379684530897692,1.6204065617417738,scored,-0.2870051717688426,19.0,SPY,False,2.1807966023459278,0.045853587097265086,,no_data,0.0
2026-10-05,NTAP,299,1.0,0.9110385147795848,0.8917088932080002,1.0172845464322775,1.112412287348834,1.117480468159921,scored,0.8650904086512771,19.0,XLK,True,8.635611473141452,0.0385914620956404,,insufficient_history,1.0
2026-10-05,NTCT,299,1.0,0.9044661221468435,0.8594425938348339,0.7397275894530698,0.6320543692613084,0.6669086791389085,scored,1.4472255926705113,19.0,SPY,False,1.0355101057018148,0.025133740429655698,,no_data,0.0
2026-10-05,NTES,299,1.0,0.8885067353915832,0.8527092223662327,0.7133502907739714,0.5923038739327702,0.6032529095363542,scored,0.678050682363614,19.0,XLC,True,2.6993613823603533,0.02261150429184414,,no_data,0.0
2026-10-05,NTLA,299,1.0,0.9985530961916519,1.0126096174971413,1.1441607850998887,1.3262290095807197,1.572080227750493,scored,0.03592823102928614,19.0,XLV,True,0.6915376181014086,0.05423824455697322,,no_data,0.0
2026-10-05,NTNX,299,1.0,1.0188348496767763,1.0619404447218088,1.1327063164160747,1.2414302494319962,1.3977415139942624,scored,-0.21623588768481686,19.0,XLK,True,1.9957064392680661,0.027185757243809647,,no_data,0.0
2026-10-05,NTR,299,1.0,1.0195797411585725,0.9684780314062247,0.9564630084838601,0.8240317745560032,0.735566756677855,scored,-1.3104579278521797,19.0,XLB,True,2.1020951324166415,0.029918803478745253,,no_data,0.0
2026-10-05,NTRA,299,1.0,0.9259233564936595,0.8280424855623361,0.779132245165712,0.8347703188301298,0.7725525211000868,scored,3.8075742981870393,19.0,XLV,True,13.813109267169713,0.03245256382663686,,no_data,0.0
2026-10-05,NTRS,299,1.0,0.9136542664557873,0.8071904642562124,0.7007244881662883,0.7540465278452559,0.7833215948220202,scored,0.3904101119168778,19.0,XLF,True,3.7319322696808106,0.021866363565247616,,no_data,0.0
2026-10-05,NTSK,263,1.0,0.9981934543262316,1.0144212996281112,1.0094108584114212,1.0155897980873072,0.9462471159803609,scored,0.19119345261219745,19.0,XLK,True,0.9423984519117019,0.05116169662929977,,no_data,0.0
2026-10-05,NTST,299,1.0,1.0005491684561985,1.0017186386145416,1.0618440834803025,1.1588035452758407,1.2722216722839808,scored,-1.6355512936692052,19.0,XLRE,True,0.39392844906924446,0.022587640428282364,,no_data,0.0
2026-10-05,NU,299,1.0,0.9400745006587938,0.871775997273407,0.8651053510913196,0.7984599226125714,0.8651666477368343,scored,-1.414615692393611,19.0,XLF,True,0.6607464639389038,0.04352743504208852,,insufficient_history,4.0
2026-10-05,NUE,299,1.0,1.1065687720347515,1.103953635913629,1.0722752733225438,1.2709532638363998,1.3614175734660916,scored,-0.9672228418627371,19.0,XLB,True,8.087305114091837,0.03216779409765656,,no_data,0.0
2026-10-05,NVAX,299,1.0,0.9625948417170518,0.9605633852293766,0.954921920787042,0.909588388322462,0.7602056991191407,scored,0.6931702564449097,19.0,XLV,True,0.7475566483685537,0.059518841430617336,,insufficient_history,1.0
2026-10-05,NVDA,299,1.0,0.9343239568353952,0.9589783424191904,0.8525688132135257,0.6304044660183205,0.48778172094863625,scored,-0.9307231356458493,19.0,XLK,True,5.9267765043644385,0.024808608222538463,,no_data,0.0
2026-10-05,NVMI,299,1.0,0.9512836470207932,0.8474083908724422,0.8086411388768232,0.7486736283387024,0.7707053299621435,scored,0.5644394680667463,19.0,XLK,True,14.186259126120149,0.03611021515583197,,no_data,0.0
2026-10-05,NVO,299,1.0,1.1406742452329448,1.166966192805248,1.1368313181376297,1.1015895050253677,1.3431439918508876,scored,-2.28102749556778,19.0,XLV,True,1.0481180012129512,0.027920031998213937,,no_data,0.0
2026-10-05,NVS,299,1.0,1.00671670980301,1.0277547304737247,0.9328202771553049,0.8651416893188313,0.7503869759643781,scored,-0.9557767575529518,19.0,XLV,True,2.7950684593973696,0.019833026746593128,,no_data,0.0
2026-10-05,NVST,299,1.0,0.9936874881747837,0.9670065671998319,0.9312608956730297,0.8505952884902545,0.9048890709835707,scored,-1.5963303706466887,19.0,XLV,True,0.7224831755387378,0.03095472046010016,,no_data,0.0
2026-10-05,NVT,299,1.0,0.9750152272808374,0.904430014272266,0.8232068390825534,0.6496523328257634,0.5283816813996388,scored,1.0398799090467814,19.0,SPY,False,6.322214953705088,0.03781907611237117,,no_data,0.0
2026-10-05,NVTS,299,1.0,1.064210130766011,1.0375722943197214,1.0986826150917468,1.1453744068940868,1.2984665908381878,scored,0.251463199107278,19.0,XLK,True,0.8215559205028288,0.06657665482194723,,insufficient_history,4.0
2026-10-05,NWE,299,1.0,0.9051321403777816,0.8658780640127853,0.8018772586389075,0.5949720245396078,0.5307403663910317,scored,0.9951057718355318,19.0,XLU,True,1.476886499284799,0.02147886124614309,,insufficient_history,1.0
2026-10-05,NWG,299,1.0,0.9328477994679968,0.9351149615881896,0.9308250769502849,0.8394983319601448,0.6697066903608119,scored,-0.030652966138084593,19.0,XLF,True,0.4045979909044961,0.023119885194542635,,insufficient_history,2.0
2026-10-05,NWS,299,1.0,1.0799393859265334,1.030082992103903,0.9562393262949609,0.9885005315443571,0.8749850475768264,scored,-1.3008950830745327,19.0,XLC,True,0.763362229631074,0.023855069675971063,,no_data,0.0
2026-10-05,NWSA,299,1.0,1.082013349997914,1.0181685679194983,0.9628904222577681,0.9877083137692865,0.8604904331025586,scored,-1.4112293410843215,19.0,XLC,True,0.7057541420259013,0.02437838141712958,,no_data,0.0
2026-10-05,NXPI,299,1.0,0.9098038525269502,0.8573055453326315,0.9112463633749021,1.0051324012437544,1.1931051430917077,scored,-0.025330846899846604,19.0,XLK,True,7.24675989813074,0.02994900152139001,,no_data,0.0
2026-10-05,NXRT,293,1.0,0.9150414861815515,0.8964876472996345,0.8520196109156182,0.8821039064061851,1.026134017005502,scored,-2.1626063860570683,19.0,SPY,False,0.7623778767752495,0.0409660331421413,,no_data,0.0
2026-10-05,NXST,299,1.0,1.0751638555467724,1.019434508729965,0.9763890223735797,1.0149725966672478,1.0326681594892881,scored,-1.3056423651855835,19.0,XLC,True,5.922074509637923,0.037802084192760904,,no_data,0.0
2026-10-05,NXT,299,1.0,0.8916821466602948,0.8359672061673556,0.7962960382395194,0.6645478728269927,0.7115876394643421,scored,0.6792380402556066,19.0,SPY,False,3.873392697891428,0.046684255729678534,,no_data,0.0
2026-10-05,NYT,299,1.0,0.9446839595533754,0.9238006493286369,0.914466993632462,0.7577028172829393,0.6615909371972122,scored,0.24798689277209093,19.0,XLC,True,2.4674906534203105,0.03855454145969235,,no_data,0.0
2026-10-05,O,299,1.0,0.986706433997871,1.0117791221659282,1.0928194846351236,1.214829268233501,1.348316110696334,scored,-2.0887847637889254,19.0,XLRE,True,0.8589651901466866,0.015974803610687868,,no_data,0.0
2026-10-05,OBDC,299,1.0,1.0318158673209636,1.0239915370182857,1.0200139515539415,0.9199980940365242,0.6671169593913494,scored,0.6157150437542172,19.0,XLF,True,0.21870143532091013,0.021504565911593918,,no_data,0.0
2026-10-05,OC,299,1.0,0.9917820493374884,0.9944699363172762,1.071385912546061,1.1987803427652672,1.2772227430964493,scored,-0.5647045639026173,19.0,SPY,False,4.524944404828813,0.03851672118512779,,no_data,0.0
2026-10-05,OCTV,94,1.0,0.877656993154424,0.801718463565707,0.5556717995965125,0.42957608319921586,0.2647563048038801,scored,-0.04747592554962454,19.0,XLK,True,0.8141289315324887,0.040483785754972086,,no_data,0.0
2026-10-05,ODD,299,1.0,0.9853773166153074,1.0734574308464622,1.071121625770265,0.9905202771527578,1.0816271388405747,scored,0.6650428199758313,19.0,XLP,True,1.2632265918637717,0.06448323592974843,,no_data,0.0
2026-10-05,ODFL,299,1.0,0.8978446744726044,0.8885462672475268,0.919698918546887,1.0051086928128323,0.9580716102936204,scored,-0.5513773642025794,19.0,SPY,False,5.2311820890276355,0.02916419740774731,,no_data,0.0
2026-10-05,OGC,126,1.0,0.8604204265401342,0.9081600544350441,0.9462552433633342,0.7433781494369663,1.0260390800395378,scored,-0.7388873353373234,19.0,XLB,True,1.1150457808844123,0.041856072856021484,,no_data,0.0
2026-10-05,OGE,299,1.0,0.9454247831797056,0.9587701141738932,0.9333716942518806,0.8324263314052526,0.7778075472567066,scored,3.7664633848158777,19.0,XLU,True,0.815928507450622,0.018143840503682944,,insufficient_history,1.0
2026-10-05,OGN,299,1.0,1.156046116264839,1.233937135744909,1.2595470047238815,1.3883250716866875,1.8683668724003568,scored,1.2199065928844708,19.0,XLV,True,0.04033285127701849,0.002944003742848065,,no_data,0.0
2026-10-05,OGS,299,1.0,0.8984137582469047,0.8997657991865284,0.9041003690619119,0.9841752180755546,1.1440050654644904,scored,-1.5171415919593665,19.0,XLU,True,1.3995596098529117,0.019285649853285267,,no_data,0.0
2026-10-05,OHI,299,1.0,1.0232199397755894,1.0205020326373924,1.0315183110110209,1.1036062190048772,1.0324191985556834,scored,1.0574453113263742,19.0,XLRE,True,0.8370196801711045,0.01845281481858696,,insufficient_history,1.0
2026-10-05,OII,299,1.0,0.8470305923931168,0.8195889271490971,0.7493627569425102,0.6136664855766423,0.6308873790531738,scored,-1.7429519477018616,19.0,XLE,True,1.755532929020893,0.03844793975078609,,no_data,0.0
2026-10-05,OKE,299,1.0,0.9630641217998247,0.9582347955992931,0.9803009480705245,0.8230538627585361,0.6737228699583547,scored,-1.0051877896168404,19.0,XLE,True,2.4538505050708026,0.027702082920194205,,no_data,0.0
2026-10-05,OKLO,299,1.0,0.9679503717146142,0.9759793372889999,0.9942650572275669,0.9131681753336339,0.9717733578624319,scored,0.9625169624380505,19.0,XLU,True,2.1515406439512423,0.05981486360720718,,no_data,0.0
2026-10-05,OKTA,299,1.0,1.0894736071993056,1.0905424804268373,1.027402839534128,0.8918808563881528,0.8547961197588912,scored,0.5680071503869126,19.0,XLK,True,9.415726401342953,0.043134025385235024,,no_data,0.0
2026-10-05,OLED,299,1.0,0.9370626766141623,0.9248879756496978,0.893920319668754,0.8294029023652689,0.6983501983854015,scored,-1.6045173136807007,19.0,XLK,True,2.7603342209520747,0.03459065439789567,,no_data,0.0
2026-10-05,OLLI,299,1.0,0.9504838440524833,0.9146552245898827,0.8510260003942265,0.7621289288154185,0.6598746343868162,scored,2.506743783553406,19.0,XLY,True,3.0056447493627894,0.03460730857067115,,no_data,0.0
2026-10-05,OLN,299,1.0,0.9103866280631676,0.8307017137996762,0.7800002250640128,0.7632342401574205,0.7211965094372701,scored,-0.9222848958038494,19.0,XLB,True,0.6519535172366447,0.040070898416511666,,insufficient_history,1.0
2026-10-05,OMC,299,1.0,1.0142736041243263,0.9369070839142495,0.8789786156160295,0.9345287196777872,0.7146669096794684,scored,-1.4322904757201214,19.0,XLC,True,2.0468556009264347,0.027200738882743318,,no_data,0.0
2026-10-05,OMDA,299,1.0,1.0054428667113862,1.0208378823977147,1.0496725010431187,1.2759110231937425,1.3566329641870947,scored,-0.092635659878166,19.0,XLV,True,1.016460122721951,0.04851838294615518,,no_data,0.0
2026-10-05,OMER,299,1.0,0.9191730771423612,0.8248425718817792,0.7656100918117303,0.6671024402151399,0.5843805080870673,scored,0.4948729617057842,19.0,XLV,True,0.8429962197121189,0.0446029745879428,,no_data,0.0
2026-10-05,OMF,299,1.0,0.9704429591473102,0.9413586092148221,0.8825559227546874,1.0695564989181687,1.2577812080818311,scored,-1.0691033370273693,19.0,XLF,True,1.4430804611451369,0.025659325411542262,,no_data,0.0
2026-10-05,ON,299,1.0,0.9357733730882383,0.8569980391171859,0.8543220444964253,0.8521025401497104,1.0593837605330747,scored,-0.2611947801652037,19.0,XLK,True,3.529094308143661,0.04106940891590435,,insufficient_history,1.0
2026-10-05,ONB,299,1.0,0.919358478989862,0.8054385010359498,0.7265516551538184,0.7350087345049102,0.893447406017561,scored,1.7489108123767663,19.0,XLF,True,0.5075081645216959,0.020414648613101202,,no_data,0.0
2026-10-05,ONC,299,1.0,0.9726873221092899,0.9911209479188363,0.9910367614670141,0.9485783488701658,0.9944233189135304,scored,0.19764496751474228,19.0,XLV,True,9.213529829262216,0.025476371710942115,,no_data,0.0
2026-10-05,ONON,299,1.0,1.01001575837372,0.9452566689475791,0.8621173080140716,0.8459467034315131,0.8198110316104594,scored,0.4121915418783917,19.0,SPY,False,1.1338449432228073,0.03556602707725243,,no_data,0.0
2026-10-05,ONTO,299,1.0,1.010520005345895,0.962008464007586,0.9406745463474637,0.866911912478574,0.720638360194563,scored,1.4798479127864597,19.0,XLK,True,15.213572478804137,0.04675201278019771,,no_data,0.0
2026-10-05,OPCH,299,1.0,1.0621229857439345,1.0175040799949076,1.0165838442061266,1.001582075834433,0.9602380297210484,scored,-0.30999296283373495,19.0,XLV,True,0.659586356408038,0.02822363527633881,,no_data,0.0
2026-10-05,OPLN,299,1.0,1.037756067041191,1.0356951405741452,0.99382657959251,0.9152640819381986,1.0218091363428077,scored,0.5854882844041234,19.0,SPY,False,0.8422238353838865,0.023845521953111168,,no_data,0.0
2026-10-05,OR,299,1.0,1.0218174194638778,1.0954847657553124,1.1562797305647803,1.1048703028951623,1.1721933512564893,scored,0.28253099120589076,19.0,XLB,True,1.1400810894011655,0.03308418715615686,,no_data,0.0
2026-10-05,ORA,299,1.0,0.9656013782132798,0.9388436711422211,0.9811246592796158,1.1042578019587173,1.298315897897985,scored,-0.547611093076185,19.0,XLU,True,3.2680596683500616,0.03579865996659066,,no_data,0.0
2026-10-05,ORCL,299,1.0,1.094442464340033,1.1131511513905055,1.1824035897214518,1.1052027237387498,1.1786755985816462,scored,-1.8256032476396016,19.0,XLK,True,6.691260691536455,0.046962806650312015,,no_data,0.0
2026-10-05,ORI,299,1.0,1.102914721203927,1.1457966969700546,1.2254557119554967,1.351746293946956,1.1582512576291941,scored,-0.7020098156845017,19.0,XLF,True,0.7285988027138305,0.01928020118321859,,no_data,0.0
2026-10-05,ORIC,293,1.0,0.8184849958057114,0.7419279163989014,0.7716586221816278,0.7481673213776294,0.7222514684471028,scored,-0.30832248755029773,19.0,SPY,False,0.744341097953571,0.05959496380733154,,no_data,0.0
2026-10-05,ORKA,299,1.0,0.9275782640083455,0.8573644802076714,0.8499810864068582,0.9401706099251059,1.0502684686484016,scored,0.2739359743147463,19.0,XLV,True,4.526332372592261,0.053642241912683825,,no_data,0.0
2026-10-05,ORLY,299,1.0,0.9281808396630878,0.8646597327665931,0.8056936170120077,0.6503912620384673,0.5713745457295777,scored,-0.11982369468742991,19.0,XLY,True,1.7964455073197168,0.021411746213584226,,no_data,0.0
2026-10-05,OSCR,299,1.0,1.0308681027454796,1.0064295375275942,0.9820928354996417,1.0334139444699204,0.9864581948776363,scored,-0.3560377432811017,19.0,XLF,True,1.6622491537869006,0.0512723366374738,,no_data,0.0
2026-10-05,OSIS,299,1.0,0.9530087992841141,0.9277378061471585,0.922427689873979,0.8863743376549162,0.7895857714756467,scored,-0.6338237345918567,19.0,SPY,False,6.115858991967951,0.030908470167119576,,no_data,0.0
2026-10-05,OSK,299,1.0,1.0746206771687294,1.06804404939769,1.0215186455487493,0.956946583967474,0.9064296685447877,scored,-1.9943776613823352,19.0,XLI,True,4.690805447483073,0.03535694164078596,,no_data,0.0
2026-10-05,OSW,299,1.0,0.9872029826216031,0.9598460427083948,0.9127726727001585,1.0136653449572162,0.8627763839327973,scored,1.1594603217294395,19.0,SPY,False,0.7536759158706096,0.032882893362592036,,no_data,0.0
2026-10-05,OTEX,299,1.0,1.0265777375229803,1.0519809631990218,0.9906216600608729,0.9417613583747836,1.0755165067390349,scored,-1.4409821892092252,19.0,XLK,True,0.706416357061585,0.03139628253607044,,no_data,0.0
2026-10-05,OTIS,299,1.0,0.8931387669352264,0.8443040561692975,0.7337705030574121,0.7419178421330827,0.7958485281720133,scored,-1.4512215019958694,19.0,XLI,True,1.6087561359211853,0.024419492044948168,,no_data,0.0
2026-10-05,OTTR,299,1.0,0.9186177864418117,0.8347105147893618,0.7462002998649568,0.6209138122304246,0.46963372720580376,scored,1.2872395759702402,19.0,XLU,True,1.7873745766385647,0.02021459598098354,,insufficient_history,2.0
2026-10-05,OUST,299,1.0,1.1030318360025093,1.111635635812734,0.9881717014152034,0.9255372509957027,0.7138719914831602,scored,0.9371467948109311,19.0,SPY,False,2.701572990825273,0.06123238873130719,,insufficient_history,2.0
2026-10-05,OUT,299,1.0,0.9876185802829296,1.019488964668161,1.0201036217384087,1.06136701657131,1.1450983257104321,scored,1.1431102496458247,19.0,XLRE,True,0.6711461819652141,0.02323108971842209,,no_data,0.0
2026-10-05,OVV,299,1.0,0.9017025220319836,0.8976725398099328,0.8068902558548826,0.8334710323250734,0.9017510385337734,scored,-0.8390968769681046,19.0,XLE,True,1.876004649198903,0.030779403596372486,,no_data,0.0
2026-10-05,OXY,299,1.0,0.9947752752852795,0.9839090062593778,0.9316108267104477,0.9470443567652673,0.9648797137804636,scored,0.6680978547742142,19.0,XLE,True,1.587568866513037,0.027226356825810958,,no_data,0.0
2026-10-05,OZK,299,1.0,0.9819910046988063,0.9396421786355001,0.8865522840411083,0.8634901735801723,0.9542234245271933,scored,0.6450454011740865,19.0,XLF,True,0.8736516900979064,0.018751914361406018,,no_data,0.0
2026-10-05,P,299,1.0,0.9300777704515201,0.892248325497356,0.8936920549288695,0.8877691897897227,0.8544020835812792,scored,1.5814395737916134,19.0,XLK,True,6.332084758837308,0.04400948539642277,,no_data,0.0
2026-10-05,PAA,299,1.0,1.0213642612747451,1.081722329250755,1.1225474692078994,1.1478526288781283,1.0082506671566043,scored,0.8773596180670878,19.0,XLE,True,0.518515457172581,0.02168613371696282,,no_data,0.0
2026-10-05,PAAS,299,1.0,1.0260129327013041,1.0589727843549444,1.089074585829391,0.8340308987400291,0.854562091567268,scored,-0.285621464580067,19.0,XLB,True,1.805707237486797,0.03984349597278899,,no_data,0.0
2026-10-05,PACS,299,1.0,1.0310273701909194,1.029601407763086,1.2213485861778095,1.3385419180372842,1.2996893588095235,scored,0.7853640485392783,19.0,XLV,True,1.5849988729278226,0.03711072050872916,,no_data,0.0
2026-10-05,PAG,299,1.0,1.0162132911214308,0.9581936428648957,0.9105867984449971,0.9973047514582511,1.1329003575333139,scored,-0.3784676993565615,19.0,XLY,True,3.5249734729585533,0.01757302693533353,,no_data,0.0
2026-10-05,PAGP,299,1.0,1.032492436963281,1.1117613089712555,1.1907437385859823,1.2951474965479475,1.2425643646910571,scored,-1.0875015004356128,19.0,XLE,True,0.5118163288441777,0.0195498979696019,,no_data,0.0
2026-10-05,PAGS,293,1.0,0.8458024649771537,0.7983617339524173,0.7233938895514603,0.6475682999845861,0.5608220202074413,scored,-1.0627186939262987,19.0,SPY,False,0.4609340073709398,0.04209442989688948,,insufficient_history,1.0
2026-10-05,PANW,299,1.0,1.0879336544411267,1.1191511959362697,1.140304779596272,1.0604536753878602,1.2495970564533454,scored,0.9839243335539358,19.0,XLK,True,16.64503313873754,0.040921017648582796,,no_data,0.0
2026-10-05,PARR,299,1.0,0.9317833331426028,0.9198182346079881,0.8849425881732037,0.8471306454309423,0.9099730509973811,scored,0.8231988484091185,19.0,XLE,True,4.50884362319174,0.05151786589570087,,no_data,0.0
2026-10-05,PATH,299,1.0,1.0494316019779484,1.11890116104101,1.147508252000088,1.0640981513083334,1.0946882069147448,scored,-1.0016583840976425,19.0,XLK,True,0.715901780804862,0.05439983136815061,,no_data,0.0
2026-10-05,PATK,299,1.0,1.043599136920224,1.0517183324154216,1.0333196991202316,1.0991181630330384,1.1761904871130426,scored,-2.100003309422183,19.0,SPY,False,2.364566343113166,0.03550933087720627,,no_data,0.0
2026-10-05,PAY,299,1.0,0.9673269523966054,1.0278054008007416,1.0338063094747472,1.1003471655611639,1.2040503994051153,scored,-0.44811827207542715,19.0,XLF,True,1.4881305734800783,0.04706295298798476,,no_data,0.0
2026-10-05,PAYC,299,1.0,1.0186826573937453,1.0104217883908098,0.988969208271226,1.1407986563116417,1.497144974206365,scored,-0.04185775607441643,19.0,SPY,False,7.486558738534866,0.03315717586489599,,no_data,0.0
2026-10-05,PAYX,299,1.0,1.0182858675307846,0.9724343081233126,0.933325897362106,0.9935245454320776,1.1752111718449265,scored,-1.6050240555062476,19.0,SPY,False,2.9258935799427115,0.02932344738367119,,no_data,0.0
2026-10-05,PB,299,1.0,0.8851926199936229,0.8102204023708983,0.8270401891386867,0.739837731129301,0.7063825785145059,scored,0.05441515182692354,19.0,XLF,True,1.2584463530235281,0.018721308435339604,,no_data,0.0
2026-10-05,PBA,299,1.0,1.0518993796600289,1.0933174699719705,1.1541909591386141,1.0927458892540356,1.1306140706264243,scored,-1.6134884874366529,19.0,XLE,True,0.901990839666274,0.01956171849200334,,insufficient_history,2.0
2026-10-05,PBF,299,1.0,0.9846624528663412,0.9241205966996382,0.856233450013368,0.8901143808190202,0.9364049599654196,scored,0.3366829930777429,19.0,XLE,True,4.6922809443648585,0.05575428878760526,,no_data,0.0
2026-10-05,PBH,299,1.0,0.8682231415020193,0.8166036173996021,0.8011751552415434,0.7516343231702779,0.7469893305389056,scored,-2.174444774150338,19.0,XLV,True,1.4476041643184827,0.03174570535786146,,no_data,0.0
2026-10-05,PBI,299,1.0,1.0620277430736202,1.1432303971574713,1.2152996726532017,1.3490701602616355,1.429449587871498,scored,-1.0450776635700851,19.0,SPY,False,0.4725718529030158,0.028112543301785593,,insufficient_history,1.0
2026-10-05,PBLS,81,1.0,0.9207578939876192,0.9218794490186738,0.7989680721245805,0.7209077157980515,0.9978726837133178,scored,-0.8746469575992726,19.0,XLV,True,2.8258333353195564,0.09569364494817326,,no_data,0.0
2026-10-05,PBR,299,1.0,1.0728260369536269,1.047943660511049,1.0153091660538094,1.2019724530034868,1.499184367875098,scored,0.9485235580587806,19.0,XLE,True,0.778117729438288,0.03223354305875261,,insufficient_history,1.0
2026-10-05,PBR.A,299,1.0,1.0298280390217072,1.005197138258129,0.9773606564815119,1.157079844174177,1.4807749104515389,scored,0.9752417466389235,19.0,XLE,True,0.6920995857264939,0.03128840803465162,,insufficient_history,1.0
2026-10-05,PCAR,299,1.0,0.9033683462426817,0.8080923281340504,0.8286552753934344,0.9450314323462147,1.0815982650035754,scored,-1.4107179333262738,19.0,XLI,True,2.627765485438402,0.02402857978637895,,no_data,0.0
2026-10-05,PCG,299,1.0,0.9766963925087074,1.041154807726827,1.009688451993229,0.9793056389335021,1.0788489256827567,scored,-1.6744376570925084,19.0,XLU,True,0.5194780748979201,0.04206300201602592,,no_data,0.0
2026-10-05,PCOR,299,1.0,1.0587591075836107,1.0403205537735212,1.0241130417492226,1.0330046149110315,1.069078379421354,scored,-0.8896773120330315,19.0,XLK,True,2.406960908756013,0.044425265942340586,,insufficient_history,1.0
2026-10-05,PCTY,299,1.0,0.9842889245463528,0.9545087799325249,0.9380360021875461,1.0233094522318844,1.1868611245814638,scored,0.008161088749335228,19.0,SPY,False,4.499676231457188,0.03052904696015461,,no_data,0.0
2026-10-05,PCVX,299,1.0,0.820825980451213,0.8004058050187731,0.751382477088435,0.7450573913559013,0.7259144989194806,scored,-0.30049744018625546,19.0,XLV,True,4.447613666302189,0.06024944007453521,,insufficient_history,2.0
2026-10-05,PD,299,1.0,1.034153866428583,1.076283737683969,1.0461737022396567,1.0941151517752876,1.1551910170646755,scored,0.07179692979831905,19.0,XLK,True,0.5866754195721298,0.037631521460688246,,no_data,0.0
2026-10-05,PDD,299,1.0,1.0410650499160086,1.091454475710039,1.071801634556981,0.9451118504035133,0.8914383500149198,scored,0.14381361435215492,19.0,XLY,True,1.8756881843394357,0.024078153842611496,,no_data,0.0
2026-10-05,PDFS,299,1.0,1.0317779824742206,1.010492460557013,1.0200067902065681,0.9228269033990208,0.7875718693141733,scored,0.917497696974355,19.0,XLK,True,2.5085754750031684,0.04473208764270985,,no_data,0.0
2026-10-05,PEB,299,1.0,0.9618458327041594,0.935719416980025,0.8626300867007616,0.7781847936812452,0.8179604520019778,scored,2.855862626068024,19.0,XLRE,True,0.5066516330227406,0.02652626350904401,,no_data,0.0
2026-10-05,PECO,299,1.0,0.9992606496924488,1.022168955984425,1.0337124783485192,1.0499827250559028,1.2065381381778444,scored,1.0478951026586696,19.0,XLRE,True,0.6268719740433626,0.016779228427284867,,insufficient_history,1.0
2026-10-05,PEG,299,1.0,0.9288852927482626,0.9026775035844581,0.8153455512825062,0.6756345194866231,0.6348739563978036,scored,-0.7987419124296523,19.0,XLU,True,1.1662159673044965,0.016980430508219225,,insufficient_history,1.0
2026-10-05,PEGA,299,1.0,1.0563161131861183,1.0897414751150873,1.0336765935461067,0.9106092785924111,0.8561606333485043,scored,-1.0544749103902775,19.0,XLK,True,1.3856968251694828,0.040130229515478795,,no_data,0.0
2026-10-05,PEN,299,1.0,0.9021093843110749,0.8421497351469399,0.8704234286894441,0.8336921407934055,0.7605433908210815,scored,0.5614178099132032,19.0,XLV,True,1.6837022573333946,0.005309521167208207,,no_data,0.0
2026-10-05,PENG,299,1.0,1.0269645432602972,1.0394881328091918,1.0099215691797774,1.1098904126600602,1.3031975326124672,scored,0.6849088950108921,19.0,XLK,True,3.331249385498398,0.05487151022069508,,insufficient_history,2.0
2026-10-05,PENN,299,1.0,1.0246825848715415,0.980702640246641,0.8950387926214437,0.8781877354505574,0.8312104157602895,scored,0.07291112844140564,19.0,XLY,True,0.6441448000424432,0.042658596029300874,,no_data,0.0
2026-10-05,PEP,299,1.0,1.0326570200067284,1.0365691424656411,1.1339056141951893,1.1438920070266831,1.1618101705119233,scored,-1.338135849280846,19.0,XLP,True,2.2018586552016965,0.01752374576364263,,no_data,0.0
2026-10-05,PFE,299,1.0,0.989827874940652,0.9548098830795787,0.871103140963006,0.6989607596830876,0.597122886721896,scored,0.9644251369815144,19.0,XLV,True,0.5269206621956892,0.01922366516584054,,no_data,0.0
2026-10-05,PFG,299,1.0,0.8916453264225027,0.8500310273920162,0.7744026050977837,0.715715256564699,0.5277946000590329,scored,1.3890572582900604,19.0,XLF,True,2.3675265671916583,0.02132330511746067,,no_data,0.0
2026-10-05,PFGC,299,1.0,0.921857334171471,0.8478164935636241,0.856396899564343,0.8164710176920392,0.9326637904623228,scored,-0.28041455648723523,19.0,XLY,True,2.199217526406193,0.02375477993525808,,no_data,0.0
2026-10-05,PFS,295,1.0,0.9171245445007578,0.8461030445777836,0.7878522921336201,0.853601004184666,0.9745717126257509,scored,0.8058476584261742,19.0,XLF,True,0.41800105983250385,0.018677437883489897,,no_data,0.0
2026-10-05,PFSI,299,1.0,1.0712270311351246,1.0868191303352508,1.061686054805857,1.1633538153175713,1.103399101776885,scored,0.015708652431385875,19.0,XLF,True,1.9738943355227652,0.03135654226406299,,no_data,0.0
2026-10-05,PG,299,1.0,0.9735953139327469,0.9339959337969796,0.8287174652188759,0.7299386409590228,0.8104456794997774,scored,1.2277158621969033,19.0,XLP,True,2.3194210496239522,0.01589297690574176,,no_data,0.0
2026-10-05,PGNY,299,1.0,0.8859985187458844,0.8794242203924748,0.9029425655458758,1.0173427537368915,1.2426956538082585,scored,-0.5548079354308979,19.0,XLV,True,0.7816603356762819,0.030226617775571615,,no_data,0.0
2026-10-05,PGR,299,1.0,0.9871425665285011,0.9433305213550395,0.9279380176734444,0.8116498488729363,0.7374752113558596,scored,0.2031888231715166,19.0,XLF,True,4.500352000596159,0.021166174398439278,,no_data,0.0
2026-10-05,PGY,299,1.0,1.0051850101501554,0.9981578013869348,0.9900056596790143,0.9827534001203079,1.1394718876685943,scored,-1.8606068658963801,19.0,XLK,True,1.1023599776406634,0.05991086835003606,,no_data,0.0
2026-10-05,PH,299,1.0,1.0521040510402058,1.009976182621272,0.9941716864253899,0.9903642835230638,1.0712255558070423,scored,0.8856337143428227,19.0,XLI,True,21.040001180901015,0.02156444857012649,,no_data,0.0
2026-10-05,PHG,295,1.0,0.937852059959737,0.9201376006358182,0.9070608031835096,0.7842491281133309,0.73099127558056,scored,-1.7485110119559981,19.0,XLV,True,0.41931157514656775,0.01753707967990664,,no_data,0.0
2026-10-05,PHIN,299,1.0,1.0185145377149643,0.9442796868361248,0.8872438786672089,0.9943577171462792,1.16382791324335,scored,-0.3950488577119893,19.0,SPY,False,1.9200607607684679,0.03190529678910714,,insufficient_history,1.0
2026-10-05,PHM,299,1.0,0.9157133276391898,0.9015462058918873,0.9402295898199808,0.9484333814654856,0.8240027344260561,scored,-0.01865339060148871,19.0,XLP,True,3.1656997579306823,0.027774168783389036,,no_data,0.0
2026-10-05,PHVS,299,1.0,0.8365640188356662,0.7019893960559748,0.5941917211047428,0.49106573908000944,0.2686105381278797,scored,0.16450642050998243,19.0,XLV,True,1.644648429271403,0.05394058475799945,,no_data,0.0
2026-10-05,PI,299,1.0,1.0236807731401556,1.049861618925033,1.1171226595905268,1.0651774738907391,1.0345361470054089,scored,-0.5098040791597664,19.0,XLK,True,7.375340945866408,0.03982580563673205,,no_data,0.0
2026-10-05,PII,299,1.0,0.9284176711470062,0.8364350421475605,0.700322470629738,0.6747857642627542,0.6378177508811894,scored,-1.8635084977888656,19.0,SPY,False,2.0268332056278444,0.038489046821645355,,no_data,0.0
2026-10-05,PINS,299,1.0,1.0103782914551438,0.9726661959751951,0.8674329133261767,0.9169368299830457,0.8953077718300776,scored,-0.3768515946167111,19.0,XLC,True,0.7568315205313197,0.03772839085400398,,no_data,0.0
2026-10-05,PIPR,299,1.0,0.9715142789502883,0.9610563492083899,0.8672371238524463,0.7795661615699763,0.7154826276201807,scored,-1.0222979701102202,19.0,XLF,True,2.519854205371242,0.03839485304542499,,no_data,0.0
2026-10-05,PJT,299,1.0,1.0155433320144343,1.0732982475484565,1.030062884803857,1.0533448086839006,1.102821661919088,scored,-1.6960212626886704,19.0,XLF,True,5.130610503743856,0.03719181227795474,,no_data,0.0
2026-10-05,PK,299,1.0,0.9376030140921274,0.9146906294226416,0.921333886419664,0.926176435071666,0.9599964821061819,scored,2.1829199520318543,19.0,XLRE,True,0.3863568495299628,0.025318273232631902,,insufficient_history,1.0
2026-10-05,PKG,299,1.0,0.9096808042578545,0.862404320541935,0.7708717650444822,0.7428618867982641,0.7619585655589959,scored,0.10732414747833267,19.0,SPY,False,5.212909282449535,0.022733022033271703,,no_data,0.0
2026-10-05,PL,299,1.0,0.970696936102795,0.9823232231848757,0.9925679562142194,1.1128244343154885,1.3404914799757217,scored,0.09191605005934579,19.0,SPY,False,1.0211341769588977,0.05882109314279365,,no_data,0.0
2026-10-05,PLAB,299,1.0,1.026817966347959,0.9599196402317239,0.898972339594093,0.8574303488223878,0.871915660345677,scored,0.7619725963297417,19.0,XLK,True,1.109067920415001,0.035695781152719694,,no_data,0.0
2026-10-05,PLD,299,1.0,0.9486671788175787,0.8907654247252682,0.8488603178116866,0.7775354220586039,0.6909547497611703,scored,0.6832203414346232,19.0,XLRE,True,2.151098099916927,0.01679495705744009,,no_data,0.0
2026-10-05,PLMR,299,1.0,0.9742179417213984,0.9366706677753022,0.9974751793011121,0.9458511239003811,0.7922304486988039,scored,0.8959713470293795,19.0,XLF,True,3.7618686370923338,0.029541924274323336,,no_data,0.0
2026-10-05,PLNT,299,1.0,0.9784169747007626,0.8955757216046841,0.8775399256629006,0.7173459664993498,0.6794536106010667,scored,-0.890529263793827,19.0,XLY,True,1.966851981522651,0.046751889268425266,,no_data,0.0
2026-10-05,PLSE,299,1.0,0.9952890473201171,1.0270046997190623,1.0552025248475123,1.00954383742205,0.7436853230649948,scored,-0.9307200427086434,19.0,XLV,True,3.4419315032748603,0.06815705947078932,,no_data,0.0
2026-10-05,PLTR,299,1.0,1.0515169294755768,1.030437188018398,1.0103338254146164,0.9361169087666388,0.8057532582005751,scored,0.9417333538305366,19.0,XLK,True,6.186579257390325,0.03266409322803762,,no_data,0.0
2026-10-05,PLUS,299,1.0,1.0473743083056746,0.9698623014925927,0.9144892383296231,0.752550084150841,0.7306300423817287,scored,0.7596099634287724,19.0,SPY,False,2.5491055291210345,0.02740384357257616,,no_data,0.0
2026-10-05,PLXS,299,1.0,0.9876912147518816,0.9433148358847588,0.8354403142284472,0.749133611940664,0.8043899340211661,scored,1.4404211997699785,19.0,SPY,False,8.045699776013162,0.02945200884403383,,no_data,0.0
2026-10-05,PM,299,1.0,1.0343225446739488,1.0213328793798515,0.9934615794370307,0.8382126926467216,0.7943593409598629,scored,0.1573468742746737,19.0,SPY,False,4.52617388003172,0.02388104194603345,,no_data,0.0
2026-10-05,PNC,299,1.0,0.9782220692210445,0.9938858433542032,1.0192662822936878,1.2585317184840337,1.6004788104095609,scored,-0.3601394250504356,19.0,XLF,True,4.428529075860871,0.02010409059315812,,insufficient_history,1.0
2026-10-05,PNFP,299,1.0,0.9000414456538242,0.8466320915936284,0.774138547020427,0.8369568618600327,1.0514409655422832,scored,0.9443871130713187,19.0,XLF,True,2.342740658965671,0.024398465517242982,,insufficient_history,1.0
2026-10-05,PNR,299,1.0,0.8767027153171809,0.9111272211366221,0.882802759213982,0.8685412873854924,0.7309180391811296,scored,-1.9986497965652152,19.0,XLI,True,1.4554164693035554,0.027575150990973008,,no_data,0.0
2026-10-05,PNW,299,1.0,0.9449989266308751,0.9762200287946805,0.9422290057857611,0.9598702765367824,1.0472962979116105,scored,1.9082244602965952,19.0,XLU,True,1.743557619424725,0.0181696292145136,,insufficient_history,1.0
2026-10-05,PODD,299,1.0,0.879485528352383,0.7649759695227811,0.6664408566982238,0.626477260566415,0.671372113363454,scored,-2.054964073505594,19.0,XLV,True,4.618199238590132,0.03405249401703386,,insufficient_history,1.0
2026-10-05,POOL,299,1.0,0.9585793227699303,1.0297349515072642,1.1333234030474546,1.2771176722746154,1.289414213013177,scored,-1.8575890494798217,19.0,SPY,False,4.74468680541724,0.02977618880678553,,no_data,0.0
2026-10-05,POR,299,1.0,0.9376010246838848,0.9537731917672375,0.8892113448862345,0.8337579038528755,0.9528129145426945,scored,-0.6523778787101451,19.0,XLU,True,1.00325926991303,0.02267252587374079,,no_data,0.0
2026-10-05,POST,299,1.0,0.9840255982412721,0.9146724797236956,0.8498798774968698,0.8706647883527677,0.6333101876862562,scored,-0.7694094628660056,19.0,XLP,True,2.09611185041961,0.028840284127952802,,no_data,0.0
2026-10-05,POWI,299,1.0,0.996952516213786,0.9780444408065955,0.9682883571552504,0.9166143806204788,0.9879871205314138,scored,-0.5702533321550078,19.0,XLK,True,2.5196160422433174,0.04635055265348266,,no_data,0.0
2026-10-05,POWL,299,1.0,0.9719015538158124,0.9759252804511342,0.9891175768763403,1.04284560670766,1.1861828413001951,scored,0.4744365882994745,19.0,SPY,False,8.410817272205373,0.042513229236784134,,no_data,0.0
2026-10-05,PPC,299,1.0,0.9354254271585737,0.8730524136352301,0.8861248368606108,0.8839629907068294,0.8604113146129998,scored,-1.1470387792894803,19.0,XLP,True,1.2061060869408011,0.04309060689320476,,insufficient_history,1.0
2026-10-05,PPG,299,1.0,0.9707666282180432,0.9462613962446722,0.9200506393474706,1.0157142548480438,1.1948451678543168,scored,1.1590880637210579,19.0,XLB,True,2.404671268617074,0.02284289226386505,,no_data,0.0
2026-10-05,PPL,299,1.0,1.0387916310516643,1.046198950104035,1.0026029564655807,0.9142509624764663,0.8017680770917438,scored,1.0488804045004378,19.0,XLU,True,0.537243091952991,0.016304797934840395,,no_data,0.0
2026-10-05,PPLI,299,1.0,0.9732292074232249,0.9353179618740755,0.9038839056903386,0.8094601002992026,0.727127197015856,scored,0.15756890632471166,19.0,XLC,True,1.4154150521086304,0.03391840527458975,,no_data,0.0
2026-10-05,PPTA,299,1.0,0.9678237590701406,0.9767046107610904,1.0141146160017653,0.9476059941289059,0.8945470220672928,scored,-0.7786974633104617,19.0,XLB,True,1.1105662596519035,0.054626968010423195,,no_data,0.0
2026-10-05,PR,299,1.0,0.9218782114390857,0.9425729225760834,0.86952373055689,0.8609702912634385,0.9317126840503851,scored,-0.6164470471112374,19.0,XLE,True,0.6816511975456669,0.030663571639481194,,no_data,0.0
2026-10-05,PRAX,299,1.0,1.1182371208441104,1.1238188240324856,1.149066382905267,1.1821756125196317,1.1774267759389379,scored,-0.696018635774343,19.0,XLV,True,15.462816871968593,0.05453102296504653,,no_data,0.0
2026-10-05,PRCH,299,1.0,0.9765875987592411,1.0237758439608915,1.06608444036878,1.1147938555032233,1.1539392599466691,scored,-1.262301191933869,19.0,XLK,True,0.8648625743709901,0.04984798699544611,,no_data,0.0
2026-10-05,PRCT,299,1.0,0.9398578539718726,0.8691806008019719,0.7677010491305797,0.6670650971127988,0.5266374009672505,scored,-0.9234771640821408,19.0,XLV,True,1.079699259247417,0.06058918402061824,,no_data,0.0
2026-10-05,PRDO,299,1.0,0.9973230671532758,1.0140609535850924,1.054114307787312,0.9071774811178837,0.782525285405218,scored,0.26354862627786885,19.0,SPY,False,1.0490124079482814,0.033259746605842785,,no_data,0.0
2026-10-05,PRG,299,1.0,1.0930031346154239,1.1189009285815048,1.0716886338255611,1.0380014354112748,1.2110428784416691,scored,-1.718133753907094,19.0,XLF,True,1.207331624796295,0.039072220867194016,,no_data,0.0
2026-10-05,PRGO,299,1.0,1.0361459707246896,1.123160809086326,1.2022817850885814,1.3456189575696749,1.5458495309087206,scored,0.4129662431259282,19.0,XLV,True,0.646218471097685,0.04475197168266517,,no_data,0.0
2026-10-05,PRGS,299,1.0,1.0460707194348762,1.0771410047649626,1.00716507037777,0.8470564487671884,0.8457115201428695,scored,-1.4615403454590048,19.0,XLK,True,1.8768995462704174,0.05043395260702451,,insufficient_history,1.0
2026-10-05,PRI,299,1.0,0.9222219200612174,0.9197279580237551,0.8409530401426392,0.8516362584699688,0.8646933988005138,scored,-0.11018004373041203,19.0,XLF,True,5.559947758530254,0.020001970567076494,,no_data,0.0
2026-10-05,PRIM,299,1.0,0.857983105581938,0.7915291264032479,0.6631582635305215,0.5894201018047988,0.4951115816821962,scored,0.6457365129253559,19.0,XLI,True,3.5616544748124794,0.04420571521425443,,no_data,0.0
2026-10-05,PRK,299,1.0,0.9200064422584598,0.8460605337984214,0.7983299997559372,0.7750880008838672,0.8921552603383608,scored,0.2198484971584887,19.0,XLF,True,3.8953063271062613,0.021518651679959457,,no_data,0.0
2026-10-05,PRKS,299,1.0,0.8964239275549114,0.85735380393051,0.896095396417783,1.080644088465336,1.222888913707427,scored,-1.8505229532026874,19.0,XLY,True,1.6458204630167768,0.04785753018368063,,no_data,0.0
2026-10-05,PRLB,296,1.0,0.9104668277398138,0.907391828540703,0.9006583707801625,0.8620509084765334,0.6354016466155094,scored,1.6122202092080575,19.0,XLI,True,3.298856763523141,0.03342984154360702,,no_data,0.0
2026-10-05,PRM,299,1.0,0.9472999421134027,0.8801846727930467,0.7640482616766926,0.7715961047949529,0.769556632445835,scored,-0.46696946647430276,19.0,XLB,True,1.365363973303453,0.04864139555765775,,no_data,0.0
2026-10-05,PRMB,299,1.0,1.1166062040829294,1.1209080134046727,1.0711605840487448,1.0188665275888396,1.0120306963982415,scored,-0.6137984369948636,19.0,XLP,True,0.7032746847725435,0.03537599017970541,,no_data,0.0
2026-10-05,PRU,299,1.0,1.0260682962054273,0.9771648346672993,0.876610572123285,0.8272781440991979,0.9782043981675933,scored,0.538949152647329,19.0,XLF,True,2.3587135375894315,0.02078527967562065,,no_data,0.0
2026-10-05,PRVA,299,1.0,1.0031623274778594,1.0306109386319995,1.0943071420592951,1.2655734588755805,1.4528773130238266,scored,0.6467627381486727,19.0,XLV,True,0.5975060788081483,0.029217901164212634,,no_data,0.0
2026-10-05,PS,110,1.0,1.1210110304267114,0.9747639811834911,0.8329221759126209,0.7364970825310405,0.6336601285429618,scored,1.202018183277953,19.0,XLF,True,3.7036028841962447,0.06749777445227347,,no_data,0.0
2026-10-05,PSA,299,1.0,0.965049381907533,0.9538678170107461,1.0656019218828767,1.2197574354915437,1.0948572877496376,scored,0.06009710187424043,19.0,XLRE,True,5.606842901580194,0.01990642228779448,,no_data,0.0
2026-10-05,PSKY,292,1.0,1.0866188105479648,1.0615360984689415,0.8856247021990651,0.9466401847584948,0.8446928824159484,scored,-1.1355620209460053,19.0,XLC,True,0.5646857125954733,0.057768359344805446,,no_data,0.0
2026-10-05,PSMT,299,1.0,0.8672392507784482,0.8270302238331404,0.7822058984177608,0.7489886676376859,0.8003883863758025,scored,0.6179990166664844,19.0,XLY,True,4.142854927301444,0.024113002312446563,,no_data,0.0
2026-10-05,PSN,299,1.0,0.8933638215342709,0.8343630426560528,0.7650698505770382,0.7435409554077069,0.5938608925577982,scored,-1.0868569040564673,19.0,SPY,False,1.7090972210985291,0.040586493020625246,,insufficient_history,2.0
2026-10-05,PSNL,299,1.0,1.0032159031248,1.0295190932678702,1.0235282801716283,1.0945094909158604,0.9882811082214287,scored,0.7218976696768015,19.0,XLV,True,0.4976842106182842,0.03034659820843197,,no_data,0.0
2026-10-05,PSX,299,1.0,1.0257877115473422,1.0265603791404903,1.105343864989606,1.1485196832481812,0.8710243368658558,scored,1.9368316729058774,19.0,XLE,True,8.796554310907133,0.03261365234653393,,no_data,0.0
2026-10-05,PTC,299,1.0,0.8517018337415113,0.8339398141602606,0.778709907642325,0.7699796368828979,0.7407086619661066,scored,-0.7103816046408175,19.0,XLK,True,8.382082855999954,0.0435976430666803,,insufficient_history,1.0
2026-10-05,PTCT,299,1.0,1.0785425871814844,1.022775683603524,0.9071854921388637,0.7733943120032083,0.8427399547094708,scored,-0.9046692683421,19.0,XLV,True,2.158166317164238,0.03390677638906894,,no_data,0.0
2026-10-05,PTEN,299,1.0,0.9820403208189031,0.9886959231874485,0.9315955707485997,0.9666456677339382,0.88787316378617,scored,-1.6846610539890199,19.0,XLE,True,0.48642026059620047,0.04211430827672731,,no_data,0.0
2026-10-05,PTGX,299,1.0,0.8174419337402937,0.7122851373311975,0.609733469420652,0.5110343006730216,0.550461160133005,scored,-0.4071506544642213,19.0,XLV,True,4.996553363801739,0.03552978286142174,,insufficient_history,1.0
2026-10-05,PTRN,262,1.0,0.9813197074678986,0.9477743856161552,0.9227444268710653,1.033933349447368,1.238427590358069,scored,-0.9476095456993212,19.0,XLY,True,0.9390747772579506,0.05393881546570652,,no_data,0.0
2026-10-05,PUK,299,1.0,1.0308887892576195,0.9548136806698828,0.8702108307007677,0.8797611090902118,0.8567982095400992,scored,-0.7226444099131744,19.0,XLF,True,0.45075283429741186,0.018390568514786286,,no_data,0.0
2026-10-05,PURR,210,1.0,0.924191842239263,0.9219988762694012,0.9363578800813362,0.8671062823215329,0.7586510764566845,scored,-0.3103702584232408,19.0,XLV,True,1.0476540171889108,0.08108777222824387,,no_data,0.0
2026-10-05,PVH,299,1.0,0.9920578688205071,1.0318214143864435,1.0857807988752013,1.135379934532381,1.1570523592956483,scored,0.5516061308985727,19.0,SPY,False,2.479453838003263,0.03310352253675918,,no_data,0.0
2026-10-05,PVLA,299,1.0,0.8252627899280033,0.8374300266936787,0.8325610567099868,0.8475563766216538,0.7712621193234441,scored,-0.20321811270334245,19.0,XLV,True,6.797803872181499,0.051436167313722,,insufficient_history,1.0
2026-10-05,PWP,299,1.0,1.0210155586549194,1.0152218860047777,1.003887684656137,1.0303701574858724,0.9773101194932107,scored,0.0281094160759716,19.0,XLF,True,0.9078568850808048,0.05745929652410156,,no_data,0.0
2026-10-05,PWR,299,1.0,0.9037591651943849,0.8054656556126993,0.7492881267632586,0.7324302153044085,0.7461192069255539,scored,1.983235282320045,19.0,XLI,True,21.67710982309191,0.03171857689721096,,no_data,0.0
2026-10-05,PYPL,299,1.0,1.0472288095369222,1.0760425303318721,1.0837601626339959,1.1859757047236548,1.252755502804725,scored,0.9299307674337942,19.0,XLF,True,1.6016984577822033,0.029437575037349815,,no_data,0.0
2026-10-05,PZZA,299,1.0,0.9457208337954012,0.973173032598784,0.9247902194160558,0.8301439327753077,0.7524748910264788,scored,-0.9020001854106118,19.0,XLY,True,0.7821594507706329,0.040028631052744776,,insufficient_history,1.0
2026-10-05,Q,231,1.0,0.9475888751999813,0.9038175385264711,0.8233425451444081,0.7680028475234228,0.6926410512664893,scored,0.5762250463525793,19.0,XLK,True,4.678139653030555,0.03556709232137577,,no_data,0.0
2026-10-05,QBTS,299,1.0,1.0333727101259291,1.0600581506163647,1.0402168028107002,0.9967947127177547,1.0967577037417262,scored,-0.21153290737569547,19.0,XLK,True,0.9926041351227307,0.06346573753981653,,no_data,0.0
2026-10-05,QCOM,299,1.0,0.9538680976439557,0.9089356357429554,1.023254803610212,1.0117957612383863,1.3523062175814842,scored,0.33570103695195325,19.0,XLK,True,8.117659772294306,0.044901044152299945,,no_data,0.0
2026-10-05,QGEN,299,1.0,0.9330911358497869,0.8849842839545118,0.9413485933337691,1.0300321249996889,1.134014193213569,scored,-0.08989683458356783,19.0,XLV,True,1.4000700651267004,0.03057589135459053,,insufficient_history,1.0
2026-10-05,QLYS,299,1.0,1.1104627097309099,1.1218474886480816,1.1729560638362948,1.218622906799169,1.1681641966808611,scored,-1.363863345676874,19.0,XLK,True,8.901441942037632,0.04480290890898748,,no_data,0.0
2026-10-05,QMCO,299,1.0,1.1016146403636893,1.1398799522680625,1.134471659129261,1.0715297183738444,1.091915091344802,scored,1.0312437906206882,19.0,XLK,True,2.638091215525142,0.0775795093523053,,insufficient_history,1.0
2026-10-05,QNT,85,1.0,0.816764921454567,0.7922387647585262,0.9085812077640782,1.1152381183604156,0.7184381617932095,scored,0.3545802674103384,19.0,XLK,True,3.1609268033183078,0.0694251439340722,,no_data,0.0
2026-10-05,QRVO,298,1.0,0.8300095324366668,0.7758217602085874,0.8055409196422786,0.8273758901462849,0.7883801328155711,scored,0.358535216565737,19.0,XLK,True,4.219782865728061,0.03696052260425735,,insufficient_history,2.0
2026-10-05,QSR,299,1.0,0.9169960929342892,0.8915721962883311,0.7601126686485629,0.6893409497560424,0.7008291449441749,scored,-0.10811476140347662,19.0,XLY,True,1.5817924284937193,0.0226390786960601,,no_data,0.0
2026-10-05,QTWO,299,1.0,1.05869051913788,1.0596933959127772,1.021682756025037,1.0383863816105294,1.3106297185881872,scored,-1.385523340931418,19.0,XLK,True,1.9641788136799467,0.033742979104620284,,no_data,0.0
2026-10-05,QURE,299,1.0,1.110030911446758,1.2135204342271844,1.2951910294522062,1.0618806452425382,1.0389831715084865,scored,-1.3342312627486488,19.0,XLV,True,2.910138152951686,0.12763763828735464,,no_data,0.0
2026-10-05,QXO,299,1.0,0.9354632061875916,0.8941315243491498,0.903725308790024,0.8154344502577665,0.6876264517628935,scored,-1.3781748494059347,19.0,SPY,False,0.5798775915762513,0.04881124508217603,,no_data,0.0
2026-10-05,R,299,1.0,0.9605860176083207,0.8884225710171093,0.8709002106940559,0.9286410061589686,0.9933401850837521,scored,-1.6523879439018514,19.0,SPY,False,5.753301751672122,0.024384596726592024,,no_data,0.0
2026-10-05,RACE,299,1.0,1.0607667628887762,1.0650459806751142,1.0385341267012735,0.9239202340120173,0.8503171679597571,scored,0.085671821024999,19.0,XLY,True,8.439289908927703,0.022011710769242836,,insufficient_history,3.0
2026-10-05,RAL,299,1.0,0.9784146579690646,0.9071201483109803,0.808579412446611,0.7540678076987919,0.6579231597419803,scored,2.088022177316093,19.0,SPY,False,2.1980219048474394,0.029719063072572195,,no_data,0.0
2026-10-05,RAMP,299,1.0,1.0195117903461703,1.094588337848406,1.1230855931046502,0.9925087624409052,0.9129477434835751,scored,-0.8153492617225865,19.0,XLK,True,0.17067945606904597,0.004526105968418084,,no_data,0.0
2026-10-05,RARE,299,1.0,0.8706698945438366,0.8292703529813692,0.8351803778621955,0.8997962419713686,0.8735294092871702,scored,0.7033931042419027,19.0,XLV,True,1.1169677724632494,0.07703226016987927,,no_data,0.0
2026-10-05,RBA,299,1.0,1.0959382000285898,1.0545448258663783,0.9952762831933383,1.134983059261947,1.186941174638437,scored,-0.10562000862452106,19.0,SPY,False,2.1854014020187207,0.02655408750934047,,no_data,0.0
2026-10-05,RBC,299,1.0,0.9889689348811302,0.934904228863212,0.8736588319727712,0.9225586606448913,1.1063124779349132,scored,1.3850276020230787,19.0,XLI,True,12.633819400031777,0.024647507511084663,,no_data,0.0
2026-10-05,RBLX,299,1.0,0.9425642095958532,0.9234706188826111,0.8760321195493805,0.8231050774784384,0.7953710735014092,scored,1.0578585903372024,19.0,XLC,True,2.3790973627865557,0.053366921551964014,,insufficient_history,1.0
2026-10-05,RBRK,299,1.0,1.004227628508293,0.998054442219556,0.9906349278929029,0.9607076673383182,0.829522400377263,scored,0.45784010367589717,19.0,XLK,True,5.265647952719486,0.04292181246103265,,no_data,0.0
2026-10-05,RCI,299,1.0,1.0672834878770086,1.1038921195234732,1.226385398089375,1.3213490828933874,1.1199816922518029,scored,-2.2658254398063065,19.0,XLC,True,0.9168357555900828,0.030178925463794696,,insufficient_history,1.0
2026-10-05,RCL,299,1.0,0.9462193281228963,0.9727426053599576,0.9532297113772313,0.9069915521026917,0.8429833343962468,scored,-0.18289039826094233,19.0,XLY,True,10.10177407614408,0.036729717035029204,,insufficient_history,1.0
2026-10-05,RCUS,299,1.0,0.9316477585877458,0.8584320917213795,0.8069070150730422,0.8478043991260218,0.8317575660010901,scored,-1.0880500628213794,19.0,XLV,True,1.2579265124186756,0.05084585741385108,,no_data,0.0
2026-10-05,RDDT,299,1.0,0.9775573301258303,0.938631661459123,0.8829239341515689,0.9085871380623852,0.8197016731337882,scored,-0.5842296986981942,19.0,XLC,True,7.420671228412889,0.049333009097280216,,no_data,0.0
2026-10-05,RDN,299,1.0,1.0840507389227834,1.009023507486259,0.8975403792247596,0.8782962625289853,0.8199585900877222,scored,-0.8705055075486227,19.0,XLF,True,0.9407132876953517,0.02808099366254781,,insufficient_history,2.0
2026-10-05,RDNT,299,1.0,1.0899626418624813,1.118207171014625,1.0939916484171233,0.9447528005759299,0.8379844848598637,scored,-0.2893738856846658,19.0,XLV,True,2.6238279108263884,0.03718050036596838,,no_data,0.0
2026-10-05,RDW,299,1.0,1.0052170248014973,1.0532506374776183,1.0781375850377368,1.1705685312743608,1.2158282677134296,scored,1.0782940487471824,19.0,XLI,True,0.7448648031687749,0.07141560912452301,,no_data,0.0
2026-10-05,RDY,299,1.0,1.0120019933134623,1.034860511900204,0.9760892396237647,0.9452658454001533,0.7117916243656719,scored,0.7410001450943285,19.0,XLV,True,0.2693545272322749,0.021863192145476856,,no_data,0.0
2026-10-05,REG,299,1.0,1.0147082360974384,1.0250450848987749,1.069273776790362,0.9328088618036677,0.9359285013940836,scored,1.0516637832693652,19.0,XLRE,True,1.02443793471725,0.01436195057783892,,no_data,0.0
2026-10-05,REGN,299,1.0,0.9778823969012799,1.0023562046094907,0.9812482446446684,0.8904850389898606,1.0664082187253827,scored,-1.8136405535427558,19.0,XLV,True,21.12769806172802,0.02908268484827731,,no_data,0.0
2026-10-05,RELX,299,1.0,1.0750333117124544,1.0753994085861316,1.1644180107824667,1.376714887298205,1.295068000602796,scored,0.23687297567527055,19.0,SPY,False,0.7264008388079883,0.021478439941099596,,no_data,0.0
2026-10-05,RELY,299,1.0,1.0508835406697998,1.0613526918007212,1.0385311896889216,1.138221898675158,1.1014425907504235,scored,-1.473429070088801,19.0,XLF,True,1.041648551149202,0.04546698171755574,,no_data,0.0
2026-10-05,REPL,299,1.0,0.9460008289669811,0.9420697372025548,0.9114702126864235,0.8550201138301264,0.8597897848094549,scored,-0.45118607648353204,19.0,XLV,True,0.8486873666342143,0.06453896324214557,,insufficient_history,1.0
2026-10-05,REXR,299,1.0,0.9156902049474304,0.8802548158110808,0.8944313025677492,0.8425342271340678,0.8320026076425295,scored,1.1646665018312994,19.0,XLRE,True,0.7752265550420435,0.021129096621478428,,no_data,0.0
2026-10-05,REYN,299,1.0,0.9630805966135525,0.9873501699354061,1.0805494592799219,1.1952076806367222,1.1726856907991456,scored,1.333587707765353,19.0,XLP,True,0.539165196239022,0.024253944950023483,,no_data,0.0
2026-10-05,REZI,299,1.0,0.9142938700260947,0.9143152426581069,0.9598742666212459,1.1112309080349028,1.2134851340595767,scored,-0.03798849489482749,19.0,SPY,False,0.7691065567264225,0.04143893085810466,,no_data,0.0
2026-10-05,RF,299,1.0,0.9840821334230689,0.9303293772131453,0.9260626143279382,1.0798755345546494,1.2725878014296574,scored,-0.4476491445069805,19.0,XLF,True,0.5592668592123767,0.02066002435213804,,no_data,0.0
2026-10-05,RGA,299,1.0,0.9271776190627413,0.8395501598615425,0.7293465440582191,0.7856716819520861,0.7629871575233393,scored,0.517833900360047,19.0,XLF,True,5.089214997269056,0.020272526279752453,,no_data,0.0
2026-10-05,RGEN,299,1.0,1.0445188028983377,1.028002662575689,0.9811648033959562,0.9116398212758023,0.9802681413385953,scored,0.5751109988300946,19.0,XLV,True,7.974876051012444,0.04208377863331105,,no_data,0.0
2026-10-05,RGLD,299,1.0,1.0751258764955178,1.1481636841178575,1.2592803119813605,1.250257174734578,1.365244041333367,scored,-0.7643180640074821,19.0,XLB,True,6.970424469616399,0.02983403727793357,,no_data,0.0
2026-10-05,RGTI,299,1.0,1.0457977183566822,1.1032203395463966,1.1636923295580022,1.2572628025226618,1.484598078207257,scored,0.23396308653335748,19.0,XLK,True,0.8885655276249033,0.058651189942237836,,no_data,0.0
2026-10-05,RH,299,1.0,0.9427874315790956,0.9018080382954585,0.910546072310038,0.98032002619012,1.142988752389746,scored,-1.3493008990921689,19.0,XLY,True,6.223430827839817,0.052987916797273875,,no_data,0.0
2026-10-05,RHI,299,1.0,0.9635869432952482,0.8878080734856484,0.8266821228733843,0.7729354155454132,0.822119720487384,scored,-1.1248941997393749,19.0,SPY,False,1.6024414949901238,0.04669118575146048,,no_data,0.0
2026-10-05,RHP,299,1.0,1.0015004590617473,1.0096938200228571,1.063955710041895,1.144063206523851,1.1221685346519248,scored,1.5417655223572408,19.0,XLRE,True,2.845853438357479,0.023593545335412695,,no_data,0.0
2026-10-05,RIO,299,1.0,1.0036672903743864,0.977770908762358,0.9300989780319308,0.8417053002597774,1.0372243215985764,scored,-0.07155102505139062,19.0,XLB,True,2.070537498515583,0.021647020371307713,,no_data,0.0
2026-10-05,RIOT,299,1.0,0.9753919380802247,0.9708134861454664,0.9724397025234944,0.8822649032115919,0.8468732510833036,scored,-1.34223837959156,19.0,XLK,True,1.4772273940340641,0.07646104523985839,,no_data,0.0
2026-10-05,RIVN,299,1.0,0.9348824529757133,0.8358908212477186,0.8515602286590458,0.6996486618725488,0.6375348501741368,scored,0.2889237890446059,19.0,XLY,True,0.6777050737538726,0.046418155736566616,,insufficient_history,1.0
2026-10-05,RJF,299,1.0,0.9625869383965063,0.9143071513310843,0.8227372311381472,0.8103786769925143,0.841432773993462,scored,-0.49633899521611574,19.0,XLF,True,3.771247306400541,0.023453030512441176,,no_data,0.0
2026-10-05,RKLB,299,1.0,1.0054584436959415,1.0554896591061316,1.054053699884809,1.1448416459378354,1.3191582096780405,scored,1.562731992973986,19.0,XLI,True,3.945829355656958,0.054037652090618435,,no_data,0.0
2026-10-05,RKT,299,1.0,0.9531062582784307,0.9029024043159952,0.7948940884266915,0.7273255131477413,0.6827924867843623,scored,-0.3373868393531228,19.0,XLF,True,0.613165011243726,0.05249700438730531,,no_data,0.0
2026-10-05,RL,299,1.0,0.9366984182794841,0.932859051003374,0.8473430373916325,0.7652822854593532,0.6968240190491957,scored,0.8160672495413648,19.0,SPY,False,9.897681932752688,0.027076877859475535,,no_data,0.0
2026-10-05,RLAY,299,1.0,0.973757843177983,0.9234535429782061,0.8971917265365092,1.022745728356699,0.8910071567877321,scored,0.0937480453589088,19.0,XLV,True,0.9221636903698734,0.04755872565084442,,no_data,0.0
2026-10-05,RLI,299,1.0,1.0604353681388545,1.0835628163800135,1.133039706402984,1.162680596543862,1.2109643360892097,scored,-1.1857906918432082,19.0,XLF,True,1.340221629883063,0.02389838854998329,,no_data,0.0
2026-10-05,RMBS,299,1.0,0.956072564069236,0.9265860717122492,0.8676984458482501,0.8407057404067038,0.7436288596631709,scored,0.24918161704927108,19.0,XLK,True,5.155512219619535,0.046740817947593244,,no_data,0.0
2026-10-05,RMD,299,1.0,1.042100822707241,1.0656759643002065,0.9479179377004003,0.8355169365891115,0.7816429236452305,scored,0.8828396762662151,19.0,XLV,True,5.403964911108986,0.024248249623570785,,no_data,0.0
2026-10-05,RNG,299,1.0,0.938849300470326,0.934459956981919,0.796434742460588,0.7467695351698039,0.7740797341305138,scored,-0.20066812642782147,19.0,XLK,True,3.28949587077886,0.041607587538310904,,no_data,0.0
2026-10-05,RNR,299,1.0,0.9553002679176954,0.8355982061854523,0.770415992953049,0.8210865033067276,0.5884637965410401,scored,0.5778987311673895,19.0,XLF,True,6.283108072952505,0.01942888794629551,,no_data,0.0
2026-10-05,RNST,299,1.0,0.9804906480082706,0.8834110615501045,0.7742571289183751,0.7909760641321556,0.949358423994768,scored,1.6920661954888543,19.0,XLF,True,0.8276675001190875,0.020879603938422996,,no_data,0.0
2026-10-05,ROAD,299,1.0,0.9767031466906309,0.9458327156487475,0.8937386179123004,0.8313095738347882,0.7948579753022438,scored,-0.4087103390550169,19.0,XLI,True,4.0065671634929965,0.04427146037008836,,no_data,0.0
2026-10-05,ROG,299,1.0,1.018956128236161,0.9603921424537406,0.9322176113100167,0.8440473717813549,0.768506072017123,scored,1.782262908737206,19.0,SPY,False,6.419551787748815,0.040349162713694625,,no_data,0.0
2026-10-05,ROIV,299,1.0,1.008986884196671,0.9042915342463262,0.8481355854707461,0.7946970739772995,0.596326611841974,scored,0.7615103804019253,19.0,XLV,True,1.3327912498457641,0.037249615702788265,,no_data,0.0
2026-10-05,ROK,299,1.0,0.9118797537737612,0.8474964628401058,0.8060723718205879,0.6718789460864726,0.6729577584834552,scored,0.9233396771970698,19.0,SPY,False,10.219198606080553,0.022450895483282555,,no_data,0.0
2026-10-05,ROKU,299,1.0,0.931698171987701,0.8920359882765042,0.8068357414190581,0.750003070237096,0.7280556201841423,scored,-0.2322972284872001,19.0,XLC,True,1.8996493091665643,0.012382825820784593,,no_data,0.0
2026-10-05,ROL,299,1.0,1.0012909474538494,0.9701779041607348,1.0066538451536295,1.0078505958781103,1.0103512132846801,scored,-1.14649565028059,19.0,SPY,False,0.9166360354785469,0.03087356131621916,,no_data,0.0
2026-10-05,ROP,299,1.0,1.0343315317036927,1.0683332281315103,1.0184559245962437,1.1050602530600215,1.2747141713933303,scored,-1.3613455831206316,19.0,XLK,True,9.867611681021211,0.027155076451706783,,no_data,0.0
2026-10-05,ROST,299,1.0,0.9258231579432592,0.9243757349313994,0.8824944440183965,0.8300475000322977,0.7294664485083655,scored,2.285285456291206,19.0,XLY,True,5.152026626388147,0.022759317163882787,,no_data,0.0
2026-10-05,RPD,299,1.0,1.074479138942225,1.1230817269664801,1.1598139760210842,1.3405056543590175,1.3048370121933812,scored,-0.05674035100798533,19.0,XLK,True,0.8178448143690886,0.0661686743017062,,no_data,0.0
2026-10-05,RPM,299,1.0,0.9986566715156723,0.9506618775325536,0.9149838482856597,0.9704483453347559,0.9720869580275271,scored,1.3030004040286187,19.0,XLB,True,2.6633538575311135,0.027947049921627633,,insufficient_history,1.0
2026-10-05,RPRX,299,1.0,0.965390880991412,0.8325862502732274,0.6835458912959721,0.6147950866866174,0.5594032679572883,scored,-0.5161214805632675,19.0,XLV,True,1.2534865011146468,0.02212295271999024,,no_data,0.0
2026-10-05,RRC,299,1.0,0.9348125388727904,0.894881671052933,0.8344383837117494,0.8370766623537818,0.8314680120724087,scored,-1.7919951890385422,19.0,XLE,True,1.1118661481218433,0.028752680323812858,,no_data,0.0
2026-10-05,RRR,299,1.0,0.9803166584724591,0.9688590548356799,0.8881780923335745,0.6698732611769773,0.7539623497017935,scored,-1.145589699709089,19.0,XLY,True,1.985015698811665,0.038876139812214355,,insufficient_history,1.0
2026-10-05,RRX,299,1.0,0.975448109371334,0.9025794561945014,0.8475630039959657,0.8062495543621011,0.9032850749445758,scored,0.9952903563713112,19.0,SPY,False,5.684275023752943,0.03524913198408126,,no_data,0.0
2026-10-05,RS,299,1.0,1.0039037195944502,1.001068365073296,1.0327160941514948,1.2090533065103535,1.3154915031657044,scored,1.2860141672506635,19.0,XLB,True,10.546496784683837,0.025834060319135405,,no_data,0.0
2026-10-05,RSG,299,1.0,0.8795508326004026,0.8481904394004114,0.8628066703029664,0.7180907596398036,0.6138684803324473,scored,-0.7823085936304864,19.0,SPY,False,3.6538321592773375,0.017167843627671556,,no_data,0.0
2026-10-05,RSI,299,1.0,0.9832519907298843,0.9087137219770873,0.8848265980936975,0.9661411740433997,0.9609865917442942,scored,-0.8969239414564725,19.0,XLY,True,1.1709670231490266,0.055786899625966016,,no_data,0.0
2026-10-05,RTO,299,1.0,1.0192616218792547,0.9586797448980541,0.8352527829669854,0.8656045868692602,0.9205163440273731,scored,-2.8483768023729676,19.0,SPY,False,0.46940845437128187,0.02344697574282127,,no_data,0.0
2026-10-05,RTX,299,1.0,1.0760284817122407,1.146853089039707,1.1605268658898789,1.1689915506135147,1.1779992282043272,scored,-1.441313963948077,19.0,XLI,True,3.539932665256311,0.01920432195115451,,no_data,0.0
2026-10-05,RUSHA,299,1.0,1.0784801227636875,1.0738890932059098,1.0694984197543074,1.1317266415762621,1.3644685422508598,scored,-0.8997044581737841,19.0,SPY,False,1.286409467785977,0.02727755444838798,,no_data,0.0
2026-10-05,RVMD,299,1.0,1.0538635284217426,1.1234295757091324,1.1430891849060818,1.1041772431325914,0.861975314578648,scored,-0.18212504406009689,19.0,XLV,True,7.43355695588211,0.035793321243654225,,no_data,0.0
2026-10-05,RVTY,299,1.0,1.016292556190636,0.994594755150684,0.9592778229240128,0.8757122378304928,0.74551672931862,scored,0.7892442802712059,19.0,XLV,True,5.066903990962978,0.032199440715321416,,no_data,0.0
2026-10-05,RXO,299,1.0,1.0920344732006622,1.1121408171408804,1.104649399928764,1.090538145726613,0.9321856454365559,scored,1.0116723956959948,19.0,SPY,False,1.5129394720239386,0.05280766045458774,,insufficient_history,2.0
2026-10-05,RY,299,1.0,1.0148872498704617,0.9807261965919589,0.9522978929355669,1.0722197212956683,1.3286699333281817,scored,0.5301517995108777,19.0,XLF,True,3.0678127720242974,0.01575904233844094,,insufficient_history,1.0
2026-10-05,RYAAY,299,1.0,0.9368490677525912,0.9440019845522528,0.8747615772968556,0.7515118258848598,0.6647717552421445,scored,0.06932385336677267,19.0,XLI,True,1.289306819020692,0.0235705085744185,,no_data,0.0
2026-10-05,RYAN,299,1.0,0.9386412129487715,0.9083258282387984,0.8483596134965167,0.8780139073260684,0.9126651888368114,scored,-0.5641557787253565,19.0,XLF,True,1.4604357075376777,0.03845275691252443,,no_data,0.0
2026-10-05,RYN,299,1.0,0.9457868002234496,0.9183214568594258,0.9385658626270607,0.8676227677763853,0.7797218774930463,scored,-0.24054580050282726,19.0,XLRE,True,0.455738465300308,0.02530474543588606,,no_data,0.0
2026-10-05,RYTM,299,1.0,1.0171709864793554,0.9524018929424708,0.8398168218667373,0.8289265665097932,0.7368777186346184,scored,-1.0258504963561301,19.0,XLV,True,3.8321825118177664,0.04145140629332359,,no_data,0.0
2026-10-05,S,299,1.0,0.9094396096524326,0.8809764244657468,0.8563635160262499,0.7617560492295005,0.6850007095280979,scored,0.0866524356921318,19.0,XLK,True,1.0856726529877458,0.04269259351111859,,no_data,0.0
2026-10-05,SAH,299,1.0,1.0407556391408417,0.9668601408518557,0.9200857779135474,0.9869896767940931,0.9917806562366618,scored,-0.43250547602202527,19.0,XLY,True,3.2382948736733868,0.051705171222631116,,no_data,0.0
2026-10-05,SAIA,299,1.0,1.0059496985488654,0.9669127231957892,0.9393980759987599,0.9582105008462904,0.8945592110863814,scored,-0.6397992444932511,19.0,SPY,False,12.933819066706947,0.03736586082714204,,no_data,0.0
2026-10-05,SAIC,299,1.0,0.9685100367451426,0.9282934284245606,0.9189292067004198,0.9535380182031526,0.9548225338346944,scored,-0.25189616100022233,19.0,SPY,False,3.821583108540801,0.030114918113008676,,no_data,0.0
2026-10-05,SAIL,299,1.0,1.0754574131585222,1.1286963710721767,1.117187750005091,1.0469055466930146,0.9557389471996693,scored,0.1468755854618554,19.0,XLK,True,1.1543351248034748,0.0568918247808514,,no_data,0.0
2026-10-05,SAM,299,1.0,0.9657575958794199,0.9883804571799398,0.9651483543370434,0.9516751115224885,1.0008739083284321,scored,-0.12227452455971663,19.0,XLP,True,5.480040841220786,0.03267959235029391,,no_data,0.0
2026-10-05,SAN,299,1.0,0.8577412153974285,0.805076473277098,0.7415993838470766,0.654456791617265,0.5742064719690043,scored,0.10167286182537172,19.0,XLF,True,0.3323946411151556,0.02391328353346443,,insufficient_history,1.0
2026-10-05,SANM,299,1.0,0.9116030686047608,0.8896392557389466,0.8719039326150079,0.8028019500517489,0.8516904916835901,scored,1.1141988446502225,19.0,SPY,False,10.41182789347352,0.04625834322673503,,no_data,0.0
2026-10-05,SAP,299,1.0,1.0414549945661964,1.0513774809052352,0.9764615280786922,0.9828491939730905,1.1456312384694494,scored,-0.16427496391458815,19.0,XLK,True,5.141341731407467,0.02474892524986746,,no_data,0.0
2026-10-05,SARO,299,1.0,1.0663575446338072,1.0745615528092674,1.0196152188795824,1.0549047479865659,0.9980837961137754,scored,-2.2196088667370777,19.0,XLI,True,0.7214903303716819,0.03429136551196207,,no_data,0.0
2026-10-05,SATA,226,1.0,0.9234546704401441,0.9421684747291704,0.9584462073918979,0.650290107998171,0.4378706649017561,scored,1.1336252031039937,19.0,XLV,True,0.2020251894932312,0.0020200498899433177,,no_data,0.0
2026-10-05,SBAC,299,1.0,0.9985179019370446,0.9827899066085239,1.0940901553051097,1.1523743212193354,0.8967445896351168,scored,-2.9777284465483236,19.0,XLRE,True,4.92571153788974,0.030439448386415397,,no_data,0.0
2026-10-05,SBCF,299,1.0,0.9281650527799558,0.8175140658117966,0.7378293378987828,0.6749410917292014,0.7095690216695156,scored,0.21997443088587845,19.0,XLF,True,0.6868639080380619,0.021140778948539916,,no_data,0.0
2026-10-05,SBH,299,1.0,0.9599383010962894,0.8973482552572882,0.8464426510477714,0.7263169541953528,0.6899252597786256,scored,1.0181662785681285,19.0,XLY,True,0.5612657813588101,0.03499163225428991,,no_data,0.0
2026-10-05,SBLK,299,1.0,1.0027171431868234,1.0095806723021399,0.9285850389142901,0.8831140227795752,0.8532519724016041,scored,0.6122566175314458,19.0,SPY,False,0.9131773757708129,0.02961016134146605,,no_data,0.0
2026-10-05,SBRA,299,1.0,1.0166513402511577,1.0713276600901818,1.1230184180513147,1.0494524995471017,0.8894664841693314,scored,0.23786322824597547,19.0,XLRE,True,0.38908102227121466,0.020402780402266108,,no_data,0.0
2026-10-05,SBSW,299,1.0,0.9761019125798908,0.9511336133351262,0.9383921005865289,0.8938266912539338,1.1261469328522609,scored,-1.5813407829126866,19.0,XLB,True,0.48635291776516165,0.04853821534582452,,no_data,0.0
2026-10-05,SBUX,299,1.0,0.9343739194176461,0.9505567969846217,0.9784573497000503,0.8103979700079891,0.7312282168987395,scored,-0.436626586008241,19.0,XLY,True,1.990089737019681,0.02107476159080463,,no_data,0.0
2026-10-05,SCCO,299,1.0,0.9425655853053901,0.9003595598894313,0.9104184544474023,0.7663741848054262,0.7367807314604329,scored,1.339423106727381,19.0,XLB,True,7.442354506243802,0.03625288375587609,,no_data,0.0
2026-10-05,SCHW,299,1.0,0.9657345896256085,0.8452651007276435,0.7899844718001646,0.7618282254596774,0.7661173901875402,scored,-0.1257239175803306,19.0,XLF,True,2.165795864536901,0.0221089818756319,,no_data,0.0
2026-10-05,SCI,299,1.0,0.9806557957007108,1.0167149772642803,1.0652830949405747,0.8820155444535507,0.7423840825299766,scored,-1.3709460221744836,19.0,SPY,False,1.548160407573252,0.020386626383635136,,no_data,0.0
2026-10-05,SDGR,299,1.0,1.006867155543178,1.0313802036819884,1.0494600183159881,1.1013220291418588,1.1307951332648098,scored,1.3354004150880203,19.0,XLV,True,1.9299034947770055,0.059199493704816114,,insufficient_history,1.0
2026-10-05,SDRL,299,1.0,0.8511573605108057,0.8103553325263345,0.7351731168793113,0.7288669862800108,0.7772517446314937,scored,-1.4153355651160031,19.0,XLE,True,1.7057296627256904,0.037251139172869416,,no_data,0.0
2026-10-05,SE,299,1.0,0.9854542516587995,0.9109936207172892,0.8447311430353378,0.8703480272275411,0.9437505771352247,scored,-1.2089736403447044,19.0,XLY,True,3.3714904267640344,0.034811465428642586,,insufficient_history,1.0
2026-10-05,SECZ,299,1.0,1.1566502604969384,1.209917749295539,1.2586960776600624,1.0840012560828944,1.1565718372497762,scored,1.4478438879344009,19.0,XLF,True,1.4078376901889174,0.12032800770845448,,no_data,0.0
2026-10-05,SEDG,299,1.0,0.9217855439993352,0.8617632130547557,0.8379411859028709,0.7989016252190267,0.7153251639754968,scored,-0.6316943443741948,19.0,XLK,True,2.4064398654000745,0.06999534221640705,,no_data,0.0
2026-10-05,SEI,299,1.0,1.048654395563221,1.0525092687528572,0.9933156845458917,0.9480423111316587,0.7616040583658461,scored,1.722284991363783,19.0,XLE,True,3.966643372933896,0.053065463183062156,,no_data,0.0
2026-10-05,SEIC,299,1.0,0.9708872656556293,0.9869995023805154,0.9391226851226778,0.9996487450116229,1.1537726436158733,scored,0.44285859994830185,19.0,XLF,True,2.3454950236925893,0.02271445887751878,,no_data,0.0
2026-10-05,SEZL,299,1.0,0.9468311588998103,0.9329847896093887,0.8632893986204498,0.7836146249449306,0.8654726110445277,scored,-0.2960278825266359,19.0,XLF,True,5.862043448604091,0.052882665300893916,,no_data,0.0
2026-10-05,SF,299,1.0,0.9916724859346032,0.9791838559344748,0.9386707615708682,0.9815577955710364,1.111277229840055,scored,-1.7671077517865748,19.0,XLF,True,1.864097844439256,0.026392437270837548,,no_data,0.0
2026-10-05,SFBS,299,1.0,0.9191151226236152,0.8140591218903599,0.8173381536106337,0.8431802800461876,1.026028675628196,scored,0.13899413956822695,19.0,XLF,True,0.971131346609797,0.024579381083518023,,no_data,0.0
2026-10-05,SFD,299,1.0,1.0566287781511368,1.1376869217369576,1.267147110362183,1.4991647950345142,1.6300610615560944,scored,-1.2848799497933576,19.0,XLP,True,0.4306516148134702,0.022992611575732524,,no_data,0.0
2026-10-05,SFL,299,1.0,0.9753163682642382,0.9554788132911942,0.9794846035578904,1.0611798337638267,1.1325537586173908,scored,1.2983738483852638,19.0,XLE,True,0.4049362667318325,0.029995279017172777,,no_data,0.0
2026-10-05,SFM,299,1.0,1.0722910678366344,1.0314580985214739,0.9558374203258655,1.0006900844467144,0.9405150221211844,scored,-0.4442039069663414,19.0,XLY,True,2.7992427151962853,0.043118341269197245,,no_data,0.0
2026-10-05,SFNC,299,1.0,0.9134705742946353,0.8198672704972029,0.7559293980997706,0.7282960749067982,0.9006638871140115,scored,1.0697060558484486,19.0,XLF,True,0.45841025776524763,0.02018539223977312,,insufficient_history,1.0
2026-10-05,SGHC,299,1.0,0.9692664257465813,0.8967153217350481,0.8736218351429915,1.0209694456297833,0.9312696426806042,scored,-1.94407164108121,19.0,XLY,True,0.44337864606525046,0.03865550532391024,,no_data,0.0
2026-10-05,SGI,299,1.0,0.9141918329927915,0.894968701260583,0.8983873769190528,0.8479778021636063,0.8450662884865625,scored,-0.7991340854944371,19.0,XLP,True,2.2576544059428745,0.036244251179047594,,no_data,0.0
2026-10-05,SGRY,299,1.0,0.9672570004844748,0.9097182632058113,0.9513281216127897,0.9756073311611689,0.7540726379426853,scored,0.5048849218785252,19.0,XLV,True,0.7229962248583354,0.05423827643348352,,no_data,0.0
2026-10-05,SHAK,299,1.0,1.0332725675185441,1.0439214305957252,1.0524522436762311,1.084059949330724,1.169526687070207,scored,-0.5840588830710451,19.0,XLY,True,2.649740065567882,0.042463783102049395,,insufficient_history,1.0
2026-10-05,SHAZ,159,1.0,1.1035780138014097,1.178643610404483,1.172960893833458,1.0338507550261422,0.9869673565211211,scored,0.8484671227150127,19.0,XLK,True,4.763558009471181,0.09986494778765578,,no_data,0.0
2026-10-05,SHC,299,1.0,1.09763442283368,1.1779886043512429,1.329093174684061,1.3580702990263593,1.189804450396955,scored,0.7946705833097261,19.0,XLV,True,0.4458357879059813,0.02403427428064589,,no_data,0.0
2026-10-05,SHEL,299,1.0,0.9906958688647861,0.9905499279191003,0.9235853765157819,0.8715079859504716,0.9872367764971713,scored,1.015013410705281,19.0,XLE,True,1.5764781715162677,0.01633317624861446,,no_data,0.0
2026-10-05,SHO,299,1.0,0.8753539986822542,0.8254705819527332,0.8138385338923053,0.7426039905803287,0.7041771151727124,scored,3.240407602143101,19.0,XLRE,True,0.196284517326899,0.017339621671987545,,no_data,0.0
2026-10-05,SHOO,299,1.0,0.9293390320645991,0.9335616601122687,0.887281813209073,0.8515129452427744,0.9900643101329826,scored,1.2284050141988931,19.0,SPY,False,1.3552959919534435,0.029669351837859972,,no_data,0.0
2026-10-05,SHOP,299,1.0,1.0731196124190994,1.0654590901753735,0.923214982156383,0.836776720538184,0.7089334588857942,scored,-0.46998004510750047,19.0,XLK,True,6.8083308709877715,0.04252283349564531,,no_data,0.0
2026-10-05,SHW,299,1.0,0.9756147914665985,0.9742588135433589,0.8984976493708623,0.9477843832965728,0.9230593910599658,scored,0.9749505159860985,19.0,XLB,True,7.85986150480211,0.024680843763116595,,no_data,0.0
2026-10-05,SIG,299,1.0,0.9017481632424172,0.9099829006408217,0.8543857956130694,0.6783764766101097,0.654115503265326,scored,1.7327515714007364,19.0,XLY,True,4.078385161396924,0.04042407732576989,,no_data,0.0
2026-10-05,SIGI,299,1.0,0.9906232706143892,0.9511589071460695,0.9872986404257896,1.0304243091944894,1.008286595082526,scored,0.3971013540112663,19.0,XLF,True,1.7112833713824287,0.02007370523615752,,no_data,0.0
2026-10-05,SIMO,299,1.0,0.9371283771031208,0.9107437780353728,0.8662516279182296,0.8382467781936567,1.006266003698129,scored,0.07976791517750874,19.0,XLK,True,15.069199254362431,0.05335174103155402,,no_data,0.0
2026-10-05,SIRI,299,1.0,0.9580689484350756,0.8360036559079728,0.7817191196774121,0.6995749080816455,0.5374864771647662,scored,-1.939222133980268,19.0,XLC,True,0.7321126714163138,0.027826403322550885,,no_data,0.0
2026-10-05,SITE,299,1.0,0.8431253295568482,0.7856899242271611,0.7204300394914404,0.6725557860546929,0.6563170080656349,scored,-0.43471793702937606,19.0,SPY,False,3.001287451359175,0.034237821712972565,,no_data,0.0
2026-10-05,SITM,299,1.0,0.9784105529811278,0.9620267174483611,0.9159725134318181,0.9053127309736447,0.8809930691582968,scored,1.0921367712369467,19.0,XLK,True,38.09470736656922,0.05365149479827787,,no_data,0.0
2026-10-05,SJM,299,1.0,1.0089219953739035,0.9482340263061799,0.9795531760104202,0.8534842229482558,0.868129889589498,scored,-1.0520016729357933,19.0,XLP,True,2.8584521939141863,0.02459306714199592,,no_data,0.0
2026-10-05,SKHY,61,1.0,0.8666450858390241,0.7768856158387001,0.5397594683315468,0.40941570424852325,0.33389905602934,scored,0.6829888052806518,19.0,XLK,True,8.353594386021502,0.0428345522819275,,no_data,0.0
2026-10-05,SKM,299,1.0,1.12374127847777,1.0859913864072386,0.9552066437647839,1.0159693444727174,1.2198513149326966,scored,0.7231193493720453,19.0,XLC,True,1.0967462581571936,0.03013039170761521,,no_data,0.0
2026-10-05,SKT,299,1.0,1.000588245063259,1.0081314031283264,0.9978388217242831,1.0408017144509667,1.0606415460893102,scored,0.08671480456749148,19.0,XLRE,True,0.6491830393245298,0.018767939847485683,,insufficient_history,1.0
2026-10-05,SKWD,299,1.0,0.9544329667284093,0.9225128185225228,0.8843434122516113,0.8747332153087218,0.8052513553757581,scored,1.194937763604992,19.0,XLF,True,1.4417609421734952,0.02612359018252392,,no_data,0.0
2026-10-05,SKY,299,1.0,1.0902249109004984,1.128308368499079,1.2270809568252974,1.0793572899078983,0.853199534149596,scored,1.5922697016971419,19.0,XLP,True,2.9379015580699286,0.03425724764540495,,no_data,0.0
2026-10-05,SKYW,299,1.0,1.0034939526055322,0.9771318115648189,0.8991503669163419,0.877721897238766,0.8337299154095957,scored,0.9623956276648836,19.0,XLI,True,2.889173230227376,0.030076756508717217,,no_data,0.0
2026-10-05,SLAB,299,1.0,0.9310554334212381,0.9139025627059157,0.8568384685628407,0.7653724707003492,0.6118470707196799,scored,-1.0872726697226505,19.0,XLK,True,1.067730400848477,0.004792326754257077,,no_data,0.0
2026-10-05,SLB,299,1.0,0.944755153403122,0.9646793293900093,0.9975479539484982,1.0752328530352757,1.0633922015362902,scored,-1.5711485467582933,19.0,XLE,True,1.6708060236312954,0.033230032291791875,,insufficient_history,1.0
2026-10-05,SLDE,299,1.0,0.9680218472670775,0.9222563070588703,0.8502786960111581,0.9494098655542886,0.8173359702916247,scored,1.1646481421533443,19.0,XLF,True,0.8018553382361536,0.03321687399486966,,no_data,0.0
2026-10-05,SLF,299,1.0,0.9345900320380548,0.8818440138286823,0.7559641548588898,0.775859134492188,0.8203070203478217,scored,1.28698210909524,19.0,XLF,True,1.1358181298710446,0.014448774072904777,,no_data,0.0
2026-10-05,SLG,299,1.0,1.0091760295206358,1.0102332685301696,0.9922734856964486,0.9687317328718232,1.2058068012080725,scored,-0.32589042076410274,19.0,XLRE,True,1.6411556402004968,0.03418362091648608,,no_data,0.0
2026-10-05,SLGN,299,1.0,1.0223438450080753,1.0296209857925132,0.9323296738049978,0.9911072656075997,1.1109923801693862,scored,-1.9339685970813085,19.0,SPY,False,1.039619027365411,0.02971188989326696,,no_data,0.0
2026-10-05,SLM,299,1.0,0.9294441162407808,0.8972516305940418,0.8578863690745802,0.9785089017803921,1.02069050625749,scored,-1.2766123205691187,19.0,XLF,True,0.6994220601014008,0.030757346530404614,,insufficient_history,1.0
2026-10-05,SLS,299,1.0,0.9519416069196182,0.9536589422088246,1.0398565980457215,1.1774482528871268,1.2260962111581195,scored,-0.2476927850748089,19.0,XLV,True,0.8827828121205287,0.07590565882377719,,no_data,0.0
2026-10-05,SM,299,1.0,0.9648595572556131,0.9754451376916954,0.9141208654139548,0.9887931256683935,1.0818572316298154,scored,0.30727720193710817,19.0,XLE,True,1.4762296862550026,0.042117822717689095,,no_data,0.0
2026-10-05,SMA,299,1.0,1.0124597088456977,0.9540661439743688,0.9133629773316574,0.7726207297364855,0.6497797531703806,scored,0.6705926176977847,19.0,XLRE,True,0.7708435767463966,0.023740177910267835,,no_data,0.0
2026-10-05,SMCI,299,1.0,0.9379076753240976,0.9598325442308447,0.9687177127284992,0.8686965866380637,0.8758430032042318,scored,0.88835741579972,19.0,XLK,True,2.2148144896644006,0.0512807244654874,,no_data,0.0
2026-10-05,SMFG,299,1.0,1.0351775273606811,0.9928565691856478,0.8898303755901442,0.9203382618277275,0.8684433816310244,scored,0.022917273063764718,19.0,XLF,True,0.5831551072150201,0.02275283289953258,,no_data,0.0
2026-10-05,SMG,299,1.0,1.0006143511694665,0.9773336897400082,0.8835810722248603,0.7520993452942751,0.7833792791085274,scored,-1.9426895822560666,19.0,XLB,True,1.8268055596457062,0.037205815878731285,,no_data,0.0
2026-10-05,SMMT,299,1.0,0.9523114553307359,0.910930638174281,0.8425590197922785,0.823960590835397,0.7605550121606263,scored,-0.548694740842004,19.0,XLV,True,1.119929133149425,0.0648482416415417,,insufficient_history,2.0
2026-10-05,SMTC,299,1.0,0.9473960357743082,0.8427186680749578,0.7483023846148352,0.6273751277288568,0.6554979647004435,scored,1.0447966802083024,19.0,XLK,True,11.197657079098649,0.0580700984239934,,no_data,0.0
2026-10-05,SN,299,1.0,0.9972960030063774,1.0504455144854163,1.1054700453860893,1.233778941374834,1.3797030576557667,scored,1.1129757645601275,19.0,XLP,True,6.174603728138418,0.033798257858330606,,no_data,0.0
2026-10-05,SNA,299,1.0,0.8644927517441933,0.7794110985125078,0.6688092530119392,0.6214174459353093,0.6883216824376386,scored,-0.8744149724765689,19.0,XLI,True,6.083893024760646,0.016559316888297895,,no_data,0.0
2026-10-05,SNDK,299,1.0,0.9899026961284026,0.93113663172176,0.9262937995071874,0.8629997318360518,1.0729400846362382,scored,1.0386117629796423,19.0,XLK,True,97.59437904393872,0.05726831931505182,,no_data,0.0
2026-10-05,SNDR,299,1.0,0.9102202153846741,0.8425476844691435,0.8042411152745288,0.9515587217302437,1.0332897037596518,scored,0.32066516297210035,19.0,SPY,False,0.9665131576218969,0.02990449126305374,,no_data,0.0
2026-10-05,SNDX,299,1.0,1.0044533351660705,0.9900024936206665,0.9489610096595994,1.0778683149945876,1.0652127309454502,scored,-1.1252909971975253,19.0,XLV,True,0.7933123756813353,0.044493122584483194,,no_data,0.0
2026-10-05,SNEX,299,1.0,0.9701123819757769,0.9326507972092588,0.975900471112421,1.038949303457781,1.1093773737697636,scored,0.3780801019556577,19.0,XLF,True,2.6071815391118927,0.038665008736643816,,no_data,0.0
2026-10-05,SNN,299,1.0,0.9167698856345563,0.885282108788628,0.8511025303604915,0.7005493205824426,0.6227826530882712,scored,0.874696236259987,19.0,XLV,True,0.5218413653671684,0.01938489470160358,,no_data,0.0
2026-10-05,SNOW,299,1.0,1.0290963975243566,1.0443273618318802,1.005883598319001,0.9702363092225417,1.0621709879065717,scored,-0.6254230285599947,19.0,XLK,True,13.845171275810511,0.04084241799407213,,no_data,0.0
2026-10-05,SNPS,299,1.0,0.8951077732627808,0.8644596031740235,0.8129772531432815,0.7331369646465148,0.6365710578357031,scored,0.4771947095985629,19.0,XLK,True,19.562313310122246,0.04004813665142638,,insufficient_history,3.0
2026-10-05,SNX,299,1.0,1.0479141085357284,1.1082185981726205,1.0486332411013775,1.0494403022579284,1.2429520477042977,scored,0.9360194179133123,19.0,SPY,False,11.340398365023754,0.04089872462862001,,no_data,0.0
2026-10-05,SNY,299,1.0,0.9467045802445557,0.8722060981383165,0.8024958235367278,0.6549106865784289,0.4973429311426843,scored,-1.0211815665110815,19.0,XLV,True,0.7613029861911488,0.01926861519086684,,insufficient_history,1.0
2026-10-05,SO,299,1.0,0.888520544735023,0.8476014721247372,0.8500099225616583,0.8226203484842195,0.9593776498968812,scored,0.9389797137527433,19.0,XLU,True,1.2937722937083227,0.015440652747443879,,insufficient_history,1.0
2026-10-05,SOBO,299,1.0,1.0235951492968285,1.0883492997742692,1.1168279780562012,1.287527502224544,1.2796486727558039,scored,-1.781124672467043,19.0,XLE,True,0.7819440488373909,0.0230390114566114,,insufficient_history,1.0
2026-10-05,SOFI,299,1.0,0.9272062096954949,0.8723337388273539,0.7735028395541689,0.6857625098099894,0.6602991966344433,scored,-0.2851718113309773,19.0,XLF,True,0.6256182660612325,0.03929762977771561,,no_data,0.0
2026-10-05,SOLS,241,1.0,1.0523822131996625,1.0589292953282654,0.9928950009357522,0.9888026941102607,1.0267480166876515,scored,-0.06953680004778268,19.0,XLB,True,2.170525750060504,0.03738418446538932,,no_data,0.0
2026-10-05,SOLV,299,1.0,1.0843648257964462,1.067258176463945,1.077820681655517,0.9556167435553441,1.0194882503383873,scored,0.20444070088965166,19.0,XLV,True,1.887452163411512,0.021441010603334226,,no_data,0.0
2026-10-05,SON,299,1.0,1.0026846223028927,1.0248501184330596,0.9470225790800374,0.9547430439508713,1.0393997597289057,scored,-0.2795098244107998,19.0,SPY,False,1.2940107247891828,0.02683556044772258,,no_data,0.0
2026-10-05,SONO,299,1.0,1.0303126988435425,0.9326846776677598,0.806970635432197,0.7864456794939839,0.7659130328520393,scored,0.9650762558416636,19.0,XLP,True,0.6702632723007512,0.037361386415872416,,no_data,0.0
2026-10-05,SONY,299,1.0,0.9932972050315295,0.9698370877958807,0.9532373947938222,0.9428770882247036,0.879148119683076,scored,0.22684964141210362,19.0,XLP,True,0.47113724399764606,0.020014326423009605,,no_data,0.0
2026-10-05,SPB,299,1.0,0.8715643188901013,0.8229342962028716,0.7412323516527699,0.6333192267265353,0.6309446154760281,scored,-0.5053092176507675,19.0,XLP,True,2.3323346039423414,0.030692651716572462,,no_data,0.0
2026-10-05,SPCX,79,1.0,0.9195668034821588,0.7449394645936561,0.7929095037272376,0.7962959912784929,1.15249779761177,scored,0.10393952907469702,19.0,XLC,True,7.332749999196035,0.04285902156289693,,no_data,0.0
2026-10-05,SPG,299,1.0,0.9759581516401321,1.0007405491633368,0.9627957817431225,0.9678700418281841,1.0453256277161784,scored,1.0730820402296528,19.0,XLRE,True,2.959786321015953,0.014696059190744553,,no_data,0.0
2026-10-05,SPGI,299,1.0,0.9741545965105488,0.983270846692645,0.9931950597197753,1.1155718249372384,1.0163767722038677,scored,-0.002976584168143237,19.0,XLF,True,9.42987794249074,0.024122270394174614,,insufficient_history,2.0
2026-10-05,SPHR,299,1.0,0.9150431081488111,0.9009884055314191,0.8840538186364156,0.8682629515252657,0.8256016636630076,scored,-0.5370097774589679,19.0,XLC,True,7.123896744603973,0.06429509697296006,,insufficient_history,1.0
2026-10-05,SPNT,299,1.0,0.9984672284570933,0.996306201608984,0.9689628983018505,0.8476246018222462,0.7756260563296538,scored,1.3599299150181752,19.0,XLF,True,0.6127873949540101,0.02501173040628613,,no_data,0.0
2026-10-05,SPOT,299,1.0,1.0716115021490231,1.0628819874632291,0.9822191657211031,0.9261803386450257,0.7192791016761687,scored,-0.7459218377383607,19.0,XLC,True,17.2969807904415,0.0358078476150326,,no_data,0.0
2026-10-05,SPSC,299,1.0,1.1110838347690692,1.1126026935786804,1.0936165263069892,1.1569956953744782,1.2844790703961684,scored,-0.8356008015633418,19.0,XLK,True,3.0258632619585133,0.03760705023562656,,no_data,0.0
2026-10-05,SPXC,299,1.0,0.9267682649187762,0.8192038426488971,0.7785751440532546,0.7578211497836428,0.74136134928278,scored,-1.3925606940755415,19.0,XLI,True,6.200914885141713,0.03507304799288299,,insufficient_history,1.0
2026-10-05,SQM,299,1.0,1.0146842299113,1.0209323803120118,1.0103293749961892,0.8974463813013693,0.998907076982951,scored,-1.3677555958244518,19.0,XLB,True,2.2495964660240846,0.034172815829015414,,no_data,0.0
2026-10-05,SR,299,1.0,0.9136458168130547,0.909595998888343,0.8936133868477799,0.8550092582206995,1.1062416350959445,scored,-0.8018595541928845,19.0,XLU,True,1.6530481040355205,0.02135445167336934,,no_data,0.0
2026-10-05,SRAD,299,1.0,0.9936108975085359,0.9734627659331724,0.9267051041785919,0.7794764645386758,0.7291053961662188,scored,-0.25247439408397904,19.0,XLY,True,0.6182418010285835,0.051178957038790024,,no_data,0.0
2026-10-05,SRE,299,1.0,0.9177166830482366,0.9188097346309155,0.8504601426660119,0.7652175208199826,0.823488911703947,scored,-0.7366106738246166,19.0,XLU,True,1.508485168547747,0.01929996377364057,,no_data,0.0
2026-10-05,SRPT,299,1.0,0.8198107332073845,0.7835857498374004,0.7732681778855048,0.7461681973026183,0.6704267298678953,scored,-1.8466794425627286,19.0,XLV,True,1.0539023609778546,0.060257424870088894,,no_data,0.0
2026-10-05,SRRK,299,1.0,0.9575007268919884,0.9389048892297973,0.9784595037707753,0.9756301894276935,0.900672121755125,scored,0.5908014186847254,19.0,XLV,True,2.612017289202358,0.06018473016595295,,no_data,0.0
2026-10-05,SRZN,299,1.0,0.8614091144998541,0.814136427074352,0.7961291933531992,0.6844178963655022,0.5616874103960835,scored,0.36972200872538036,19.0,XLV,True,2.8689239720965958,0.0984869197424166,,no_data,0.0
2026-10-05,SSB,299,1.0,0.9350328862813952,0.8314608461490983,0.7530703415254543,0.8926945360077733,1.120120983574662,scored,0.4702286999250852,19.0,XLF,True,1.8620735061369158,0.018412671869246673,,no_data,0.0
2026-10-05,SSD,299,1.0,0.9569642499203407,0.950217632408227,0.9788147799052882,1.0635142835057487,0.9861345475882259,scored,-0.1445598499906162,19.0,SPY,False,3.8982296480701235,0.022563116559993768,,no_data,0.0
2026-10-05,SSL,299,1.0,1.0818311022339029,1.0449008961223942,0.9698318361876516,1.061109199176921,1.1356423106955478,scored,1.5011218164121172,19.0,XLB,True,0.42474605554031364,0.030231035981516982,,no_data,0.0
2026-10-05,SSNC,299,1.0,1.055391665509862,1.0492307394598495,0.9479930026257406,0.998378527543101,1.1082248009382742,scored,-0.8708694827734015,19.0,SPY,False,1.5680536395961842,0.019828700551292162,,no_data,0.0
2026-10-05,SSRM,299,1.0,0.9452416670246094,1.0010535633867643,1.0372160454850916,0.879378405451705,0.7711007139727133,scored,-0.31106073581131133,19.0,XLB,True,1.4644141946695066,0.04318531980741689,,no_data,0.0
2026-10-05,ST,299,1.0,0.8778095833461432,0.7713660954456196,0.704342481819275,0.6521169778799054,0.6781712582979534,scored,0.6114013147576265,19.0,SPY,False,1.1986907515118599,0.027766753567566825,,no_data,0.0
2026-10-05,STAA,299,1.0,1.0259169380328772,1.0093458349593152,0.9741152126380821,0.8378063608944444,0.7915911823094863,scored,-0.29592839397718307,19.0,XLV,True,1.0563374678522277,0.046802723431645,,no_data,0.0
2026-10-05,STAG,299,1.0,0.9439969143021745,0.8965232214207279,0.9213370991602847,0.926135963605506,0.8053688223192169,scored,1.7210722669512089,19.0,XLRE,True,0.6031816002113133,0.016731805831104393,,no_data,0.0
2026-10-05,STE,299,1.0,0.9434413682081934,0.9370762236417628,0.9558701472558954,0.9340169682980142,0.87403294535935,scored,-0.7209366094677758,19.0,XLV,True,4.297717668647993,0.020361575158231837,,no_data,0.0
2026-10-05,STEP,299,1.0,1.0164832793621617,1.0064388865538876,0.911778570676124,0.9745314413092542,1.2180113764394587,scored,0.17607908926140328,19.0,XLF,True,2.0192718367847142,0.04382100340244606,,no_data,0.0
2026-10-05,STLD,299,1.0,1.0603824638595718,1.042885660329355,1.0183698721905046,1.1416008006501484,1.160162891910869,scored,-0.9468528096525072,19.0,XLB,True,8.06327559773165,0.033452022891352684,,no_data,0.0
2026-10-05,STM,299,1.0,0.9312762922186197,0.8177070181740184,0.8245887728488674,0.9603623187511806,1.294230297789912,scored,-0.2933801928402021,19.0,XLK,True,1.7969702356398853,0.031154130298888444,,insufficient_history,1.0
2026-10-05,STN,299,1.0,1.0020930909787138,0.960765266384249,0.9065635311951576,0.8893976126890254,0.89746372796826,scored,-1.516797615277688,19.0,XLI,True,1.5980793437643022,0.02390187471977718,,insufficient_history,1.0
2026-10-05,STNE,293,1.0,0.9318413157017399,0.9394524645203665,0.970155132574923,0.8736731409611037,0.8635286407064823,scored,-0.40891657796706754,19.0,SPY,False,0.5441386107947609,0.04715239261653041,,insufficient_history,1.0
2026-10-05,STNG,299,1.0,1.0029947418366147,1.0096608616193086,1.129050536525668,1.1998063210622412,1.1894251525596398,scored,1.5641959765404192,19.0,XLE,True,2.839527789491988,0.03286110160273103,,no_data,0.0
2026-10-05,STOK,299,1.0,1.0067256297431775,1.029158810491649,1.1255953322519234,1.2460191377982943,1.121116561310854,scored,-0.5856690763666951,19.0,XLV,True,1.2607908809289303,0.04979426859908887,,no_data,0.0
2026-10-05,STRA,299,1.0,0.9434398116810229,0.8951704899276242,0.8242011048029078,0.6104757638308915,0.328467052114738,scored,0.23558436535713814,19.0,SPY,False,2.3932474287163945,0.030187278364233027,,no_data,0.0
2026-10-05,STRC,298,1.0,1.1181103914684343,1.140678787636809,0.9907795438115644,0.85837042667757,0.7891568485040127,scored,-0.23671437978862894,19.0,XLK,True,0.7126350078595276,0.007163600802769678,,no_data,0.0
2026-10-05,STRL,299,1.0,1.0179416360752258,0.9249392504624415,0.9114486867321976,0.8516481025431437,0.9205191095501849,scored,1.0727020678301407,19.0,XLI,True,26.6251799560322,0.05087646409728507,,no_data,0.0
2026-10-05,STT,299,1.0,0.9788296386070512,0.8984977567670196,0.7769710649161777,0.8198975634629657,0.8784707338308886,scored,-0.3328042504501488,19.0,XLF,True,3.8622025655515917,0.021898296567168973,,no_data,0.0
2026-10-05,STWD,299,1.0,0.9077076085656401,0.858628450977728,0.764954448603548,0.7426797845627454,0.7368196176511825,scored,-1.1418465064000505,19.0,XLRE,True,0.33938422492629655,0.026146704539776314,,insufficient_history,1.0
2026-10-05,STX,299,1.0,1.021020862891062,0.9772032228289582,0.9341635733968214,0.7853740893861286,0.8110315180542713,scored,1.2081051993661536,19.0,XLK,True,55.65328692717718,0.06273691161796117,,insufficient_history,1.0
2026-10-05,STZ,299,1.0,0.9635805473553015,0.9336512032079795,0.9426974854230807,0.9667009053416477,1.0832165492448325,scored,-1.0683232947116894,19.0,XLP,True,2.7683496462238883,0.024431644569975184,,no_data,0.0
2026-10-05,SU,299,1.0,1.0667561117997042,1.117121329469026,1.1766184197433671,1.287099988426281,1.4665221051178219,scored,1.6588302044995085,19.0,XLE,True,1.7265317645461613,0.025105885772083197,,no_data,0.0
2026-10-05,SUI,299,1.0,0.9067635134657607,0.8043805848170666,0.7326812711138705,0.5972664096096667,0.5124415259365758,scored,0.27411951795376505,19.0,XLRE,True,2.026375080200721,0.018118518242138063,,no_data,0.0
2026-10-05,SUN,299,1.0,0.8910418270869179,0.8451072856424064,0.8536583471911153,0.7787216687356296,0.6954478790678045,scored,0.00878461444718196,19.0,XLE,True,2.2985962169108323,0.032888771167703994,,insufficient_history,1.0
2026-10-05,SUNB,151,1.0,1.0111750243430981,0.8795500685676051,0.7185521135884597,0.7446208648914646,0.6790823206831564,scored,1.0580972651375993,19.0,SPY,False,2.8032305633533885,0.03622212900056065,,no_data,0.0
2026-10-05,SUNC,228,1.0,0.9719014494482984,0.9464894152728988,0.9856117679031038,1.0170242298594188,0.8665320769509142,scored,0.26534645634117693,19.0,XLE,True,2.339482022724724,0.03295045102429189,,insufficient_history,1.0
2026-10-05,SUPN,299,1.0,0.9314548265774256,0.9233173326128645,0.9370837612020693,0.8925886854292628,0.7715404130642716,scored,-0.7020010314603281,19.0,XLV,True,1.3851062980540616,0.032392570113518745,,insufficient_history,1.0
2026-10-05,SVM,299,1.0,1.0213071318714577,1.0565797847878688,1.096766450806371,0.9536992423073095,0.8977493527138329,scored,-0.5717440569459475,19.0,XLB,True,0.5309444615171778,0.05032648924333438,,no_data,0.0
2026-10-05,SW,299,1.0,1.0111012807057416,1.000625619205091,0.9436703123791664,0.8784564709635424,0.8567395886831325,scored,-0.7097761862205204,19.0,SPY,False,1.385605433765894,0.03267166785583339,,no_data,0.0
2026-10-05,SWK,299,1.0,1.0192043272145919,0.9940351351521826,1.0053906211832995,1.0259420372721206,1.0498767612436462,scored,-0.43944918167985075,19.0,XLI,True,2.7192850645821465,0.03032209037223624,,no_data,0.0
2026-10-05,SWKS,299,1.0,0.8430649191922684,0.7972842977067783,0.8406398327874886,0.9407037999169439,0.9473759163127747,scored,0.5845913768129749,19.0,XLK,True,4.438243475495042,0.05289290281843693,,insufficient_history,1.0
2026-10-05,SWX,299,1.0,0.9227226950405634,0.9029809121554089,0.8422943363507333,0.6582032815797346,0.5402753889831174,scored,-0.0795296288115678,19.0,XLU,True,1.510513838464044,0.018245124271820796,,no_data,0.0
2026-10-05,SXI,299,1.0,0.9943047513867976,0.9615768522338216,0.9047402080024022,0.840986047375412,0.7875759928845227,scored,0.1721028517100307,19.0,XLI,True,9.618588389964778,0.03325469641116297,,insufficient_history,1.0
2026-10-05,SXT,299,1.0,1.1257193370885403,1.1340630617792236,1.0159731461575339,0.8749597382812525,0.909649870673642,scored,0.27103998149499337,19.0,XLB,True,2.9949797666636813,0.023177370118121664,,no_data,0.0
2026-10-05,SYF,299,1.0,0.9245437469887111,0.872969065474603,0.7691418246390493,0.8389518660143216,0.9681400098979247,scored,-0.45812072092331363,19.0,XLF,True,1.8514322662700828,0.02575726580787539,,no_data,0.0
2026-10-05,SYK,299,1.0,0.9911668364904518,0.9472740396508998,0.9658666418406936,0.9470081142305706,0.8526297714666214,scored,-1.054942434278547,19.0,XLV,True,8.067126504627186,0.028283873867986767,,no_data,0.0
2026-10-05,SYM,299,1.0,0.9825080910872941,1.0125742527200958,0.9415260675739745,0.6952731965881355,0.5092974988252564,scored,0.5378415655883549,19.0,XLI,True,1.7262950325811168,0.04026813698579699,,no_data,0.0
2026-10-05,SYNA,299,1.0,0.9303252625612316,0.8496896541545051,0.8035659689764573,0.8592261075868546,1.0384943133007434,scored,0.038692833590456215,19.0,XLK,True,5.002075510462532,0.04177796300394665,,insufficient_history,2.0
2026-10-05,SYRE,299,1.0,0.9432845804021263,0.8323619479369976,0.8311558881633118,0.8683468496214662,0.8959274396556551,scored,1.0225445404732398,19.0,XLV,True,4.919014286465029,0.05305235425436831,,no_data,0.0
2026-10-05,SYY,299,1.0,0.9419558706826852,0.8903553628863405,0.8488176531201119,0.7795568977910379,0.9087310080697413,scored,0.3065695897864339,19.0,XLY,True,1.5154158652268064,0.019840480037009774,,no_data,0.0
2026-10-05,T,299,1.0,1.1392927936560902,1.2213459798207447,1.2578764981033004,1.3778718619272228,1.4751548418398972,scored,-1.2052472657512139,19.0,XLC,True,0.5040882261120625,0.02079571889901248,,no_data,0.0
2026-10-05,TAC,299,1.0,0.9800993793477649,0.9687870929591914,0.9439192685376852,0.8824224992682344,0.9429923747622351,scored,1.097851798037244,19.0,XLU,True,0.3523122779127016,0.028252788926439582,,no_data,0.0
2026-10-05,TAK,299,1.0,1.0563877497821597,1.0777039155256747,1.0404900610948826,1.0635155082733125,1.2636543995130736,scored,-0.30544468833729327,19.0,XLV,True,0.28381665867554057,0.015935803406824288,,no_data,0.0
2026-10-05,TAL,299,1.0,0.9360245988263703,0.8658638589908525,0.7970443436224545,0.7402232687934855,0.5480120326042996,scored,0.7264574481091097,19.0,SPY,False,0.35073738906841706,0.028492070598571652,,no_data,0.0
2026-10-05,TALO,299,1.0,0.9505884651219305,0.9076692843994446,0.7551238863683053,0.6513605747074824,0.529709469519848,scored,0.3859341932993062,19.0,XLE,True,0.6353522019617188,0.03735168735812574,,no_data,0.0
2026-10-05,TAP,299,1.0,0.9011107596104678,0.9142723308214206,0.9058563104174535,0.8358387173448509,0.7728662717794765,scored,-0.6841369356036265,19.0,XLP,True,1.0073530416295575,0.027583599168388758,,no_data,0.0
2026-10-05,TARS,299,1.0,1.0647922835571049,1.170189493692325,1.2281743131988991,1.313337350789343,1.1845558023554892,scored,0.8282910385587062,19.0,XLV,True,2.963085687093685,0.03979700069966671,,insufficient_history,1.0
2026-10-05,TBBB,299,1.0,0.8648049978067719,0.8370994972787908,0.7349218532554116,0.6331467399158407,0.5407821886105774,scored,1.536461278083694,19.0,XLY,True,1.6419671744232496,0.030480177732007604,,no_data,0.0
2026-10-05,TBBK,299,1.0,1.0123880969215187,0.9917750649502513,0.9259127015486752,0.9155912386347153,1.1156427252157426,scored,-1.2076617893419825,19.0,XLF,True,1.7824757409434628,0.03688135197482853,,no_data,0.0
2026-10-05,TCBI,299,1.0,0.9726836654881607,0.8373266675416678,0.7292008068679816,0.6187813466095501,0.6391421431502562,scored,1.1651477449848662,19.0,XLF,True,1.7225711010902156,0.0183858586945268,,no_data,0.0
2026-10-05,TCOM,299,1.0,0.9829986661628803,0.9375361673071121,0.9507052898352549,0.9508523100271414,1.0343428837847382,scored,0.3496814953815171,19.0,XLY,True,0.9419391809124876,0.024283041529066452,,no_data,0.0
2026-10-05,TD,299,1.0,0.8802690346529468,0.8185611192030311,0.7887123533486551,0.7838774693950908,0.8318970669062877,scored,-0.4048958749414035,19.0,XLF,True,1.9447814356410882,0.016607868792835937,,insufficient_history,2.0
2026-10-05,TDC,299,1.0,0.881809518942512,0.8352092386747968,0.78325442673851,0.6082251493853201,0.5583051698540118,scored,0.22020016980538926,19.0,XLK,True,0.9353223452183728,0.03127122518282757,,no_data,0.0
2026-10-05,TDG,299,1.0,1.0028538606655388,0.9567807368256336,0.9506299882727657,0.8572638216886418,0.6728831505747945,scored,-0.5449518536968749,19.0,XLI,True,25.29930292987096,0.023153865731216444,,no_data,0.0
2026-10-05,TDS,299,1.0,0.972493634745067,0.9551551243357216,0.8559553532503523,0.8102831004904166,0.792708832877118,scored,-0.8380808986887325,19.0,XLC,True,1.0866257486015543,0.030949181105142533,,no_data,0.0
2026-10-05,TDW,299,1.0,0.8531970677789498,0.801471319975205,0.7383086584656803,0.7219110268121541,0.754497789058039,scored,-1.260434020712846,19.0,XLE,True,3.074284084108866,0.03662914433586162,,no_data,0.0
2026-10-05,TDY,299,1.0,0.9076308710552987,0.872655298097016,0.8790966295883593,0.979781733712653,1.278544241600372,scored,0.7629422378512944,19.0,SPY,False,10.868690132109576,0.017540330082159925,,no_data,0.0
2026-10-05,TEAM,299,1.0,1.067018654763159,1.1353919334009754,1.1601634442968436,1.2811994221857816,1.6586800631342478,scored,-0.5456965282614348,19.0,XLK,True,9.255733704787536,0.04706704146853565,,no_data,0.0
2026-10-05,TECH,299,1.0,0.9409350531888274,0.9801020038922513,1.0054709523205054,1.0286574716946724,1.144287035228909,scored,1.1004255055338628,19.0,XLV,True,0.1996634239007855,0.002750942737679602,,no_data,0.0
2026-10-05,TECK,299,1.0,0.9754652662555855,0.9659175269542462,0.9467518245531692,0.6967682467160337,0.7923696740431889,scored,0.7603038285014952,19.0,XLB,True,2.2855008788452915,0.03367468511632962,,no_data,0.0
2026-10-05,TEL,299,1.0,1.0027936324295734,0.9562677328679612,0.8911726775365941,0.8727218912145868,0.6385682707916994,scored,1.462626054232591,19.0,SPY,False,5.733675050324944,0.026189535697825533,,no_data,0.0
2026-10-05,TEM,299,1.0,0.9995860742878262,1.0675600013149102,1.0775810151526848,1.0974383777774315,0.8811247801281097,scored,0.6913798485511053,19.0,XLV,True,5.206936768600873,0.062321206087383285,,no_data,0.0
2026-10-05,TEN,299,1.0,1.1481625673104248,1.1903841339878338,1.1782939555587166,1.1528702383322453,1.0768043562750562,scored,1.480367326102283,19.0,XLE,True,2.007376909821427,0.03913778338509313,,no_data,0.0
2026-10-05,TENB,299,1.0,1.1590841117436592,1.1992419932578828,1.232102378819383,1.1567430181283762,0.9400708602166133,scored,-1.5215029812875778,19.0,XLK,True,2.069463796862641,0.05373834839944537,,no_data,0.0
2026-10-05,TER,299,1.0,0.9189614977277741,0.8376806645881372,0.7902323224301222,0.6654216611223501,0.5023234242339922,scored,0.5751327795145962,19.0,XLK,True,19.971767008464145,0.04492782716231558,,no_data,0.0
2026-10-05,TEVA,16,,,,,,,insufficient_history,,,,,,,,,
2026-10-05,TEX,299,1.0,0.9492999834825201,0.8514385802645172,0.7524892901889157,0.6850591727974389,0.6867898138928478,scored,-1.484212503798683,19.0,XLI,True,2.371682081894001,0.04168158316158174,,no_data,0.0
2026-10-05,TFC,299,1.0,0.9756366657192904,0.9516365111188976,0.9393665605166521,1.0556879158109145,1.1535445337939207,scored,0.9230237177319884,19.0,XLF,True,0.9630932155137152,0.02078768002403875,,no_data,0.0
2026-10-05,TFII,299,1.0,0.9286676635031929,0.877502939042709,0.8934616393629684,1.0866515473571148,1.1439984980151297,scored,-0.8673813833700564,19.0,SPY,False,3.841567163960311,0.033463128605926054,,insufficient_history,2.0
2026-10-05,TFX,299,1.0,0.9403153859984965,0.9225362176331121,0.9355443059821154,0.9285418619559435,0.8088737040124044,scored,-0.9346648336154239,19.0,XLV,True,3.8709109174499363,0.030907944086952542,,no_data,0.0
2026-10-05,TGT,299,1.0,0.9733669640258786,0.9298002891569455,0.8903600782746451,0.7833345750697687,0.7810053127375259,scored,0.9330592423262946,19.0,XLY,True,3.8665532273070853,0.02527324156681538,,no_data,0.0
2026-10-05,TGTX,299,1.0,1.068904191491721,1.1248222360303592,1.1275699895285054,0.961381824247643,0.8990263103736978,scored,0.14586436820380708,19.0,XLV,True,2.2101497327157573,0.04099702713254976,,no_data,0.0
2026-10-05,TH,299,1.0,1.1261878250909287,1.0891062235650233,1.0830118034768932,1.1781598441724144,1.260164302565231,scored,1.1673253232614407,19.0,XLY,True,0.997071561751519,0.05272721109209513,,insufficient_history,1.0
2026-10-05,THC,299,1.0,1.0732178081772739,1.0822410679245695,1.172149193269932,1.3020540317845815,1.2570160261528298,scored,-0.11010235563830126,19.0,XLV,True,7.776900498610576,0.029972253048948145,,no_data,0.0
2026-10-05,THG,299,1.0,0.9594520623273316,0.9421269324235602,0.9503853242658487,0.9220844374681486,0.7067780902393346,scored,0.8928499818684809,19.0,XLF,True,4.379755972227927,0.01987185105366573,,no_data,0.0
2026-10-05,THO,299,1.0,0.9595029543373772,0.9065127662382992,0.8370829953606563,0.8809570033367805,0.9956592517095254,scored,-0.24702645038055823,19.0,XLY,True,2.5073458069830123,0.03728949742687407,,no_data,0.0
2026-10-05,THRM,295,1.0,0.8467211591828794,0.7808924643706706,0.7298903253911577,0.7327045120171257,0.7420566496748618,scored,-0.6621985333405157,19.0,SPY,False,1.7576982064998183,0.0545360908004908,,insufficient_history,2.0
2026-10-05,TIGO,299,1.0,0.8678785555462958,0.7936221376242653,0.6875855834649787,0.526970715499783,0.4370890620936197,scored,0.39047232035990437,19.0,XLC,True,3.246743233511554,0.035611969216974376,,no_data,0.0
2026-10-05,TJX,299,1.0,1.0263715239828715,1.0915896225528445,1.1150755907626049,1.2087758311467223,1.351615467831247,scored,1.38390241710188,19.0,XLY,True,2.903031877945135,0.021598332549253293,,no_data,0.0
2026-10-05,TKO,299,1.0,1.0057324847701896,0.9994489117920367,0.9027266956944316,0.7502744402410464,0.6829380143314282,scored,0.07621882831441355,19.0,XLC,True,5.758453060308763,0.032526282536764366,,no_data,0.0
2026-10-05,TKR,299,1.0,0.9067625488737946,0.8335028723604119,0.743291134405785,0.6754090064243639,0.8312262516871143,scored,0.13407079090496288,19.0,XLI,True,3.1565310800091266,0.026306617884899797,,no_data,0.0
2026-10-05,TLN,299,1.0,0.9992833255169727,0.9805205702301998,0.902354998657755,0.701279871857907,0.465119004712892,scored,1.087886519777374,19.0,XLU,True,14.37091727390449,0.043302851339092084,,insufficient_history,1.0
2026-10-05,TM,299,1.0,1.0205458318223968,1.0482101720160848,0.9563226975482504,0.9595724879063484,1.011022481100677,scored,-1.0986425885596751,19.0,XLY,True,3.1603239025889294,0.017164479158097594,,no_data,0.0
2026-10-05,TMDX,299,1.0,1.0503824144597627,1.0704280817551484,1.1528143547668928,1.29321793434695,1.142833697872568,scored,-1.2166768763070814,19.0,XLV,True,4.213714884196985,0.050773766528461085,,insufficient_history,1.0
2026-10-05,TMO,299,1.0,1.0964038067453958,1.1142609500337801,1.13133681918458,1.1088531768821923,1.1787472955340295,scored,1.3849748696174262,19.0,XLV,True,16.502155730433113,0.024384058943248882,,no_data,0.0
2026-10-05,TMUS,299,1.0,0.9472098603294223,0.919235773741412,0.8161130459624196,0.7794786248211972,0.6293659001748733,scored,-1.600178193737644,19.0,XLC,True,4.285388525058241,0.02602884186745773,,no_data,0.0
2026-10-05,TNDM,299,1.0,1.095906848411281,1.1384588286720034,1.161083074778982,1.131695849723443,0.8939217109276648,scored,-1.0312373972668962,19.0,XLV,True,1.050549372632126,0.06359257703584298,,no_data,0.0
2026-10-05,TNET,299,1.0,1.0867393929325009,1.087933627638748,1.0017609293105407,1.240271640869855,1.5869359092070747,scored,-0.4508517375550804,19.0,SPY,False,2.258057424964098,0.03533736189302188,,no_data,0.0
2026-10-05,TNGX,299,1.0,0.9586399369544699,0.9185465394165143,0.8252245552715792,0.7350119892086737,0.6221583811360568,scored,0.46315156091863835,19.0,XLV,True,1.552863762636162,0.0672817921419481,,insufficient_history,1.0
2026-10-05,TNK,299,1.0,1.0225896798579206,0.9990084718383806,1.0393955368103969,1.0620009566218431,0.9507867027893291,scored,1.2998700412326905,19.0,XLE,True,3.86882964706999,0.037423386023118496,,no_data,0.0
2026-10-05,TNL,299,1.0,0.9470137728162257,0.8555094571790921,0.7923838532280937,0.8072341140691754,0.7811689315820478,scored,-0.10319750495630062,19.0,XLY,True,1.7730299951166926,0.02872699279191012,,no_data,0.0
2026-10-05,TOL,299,1.0,0.8745796377331381,0.863227757330267,0.8577364927696014,0.8216001916094924,0.8130263211025388,scored,0.5992816399720117,19.0,XLP,True,3.6853549201885705,0.027222299602515664,,no_data,0.0
2026-10-05,TOST,299,1.0,0.9851217019802772,0.9926116923450345,0.981352920507003,0.9654952177564144,0.9501326842095345,scored,-0.434201223671578,19.0,XLF,True,1.1179782526624402,0.03721631999542078,,no_data,0.0
2026-10-05,TPB,299,1.0,1.0642414032171459,1.10472796718289,1.096663610089604,1.1315199308544461,1.1742445964134445,scored,-2.6484931123613564,19.0,SPY,False,3.1181178153473366,0.05412459321901296,,insufficient_history,1.0
2026-10-05,TPC,299,1.0,0.917588457759186,0.8475539671112257,0.8447112976765776,0.8154173292354133,0.7136171359159859,scored,-0.34958054151702267,19.0,XLI,True,2.923229621879301,0.03382193245261253,,no_data,0.0
2026-10-05,TPG,299,1.0,0.9995409516744115,1.0344863787556837,1.102700383893914,1.2074184752696664,1.4766383235695606,scored,-1.6664813183191889,19.0,XLF,True,1.6075032155854,0.03612366776596405,,no_data,0.0
2026-10-05,TPL,299,1.0,0.9736971248286233,0.9595614190375475,0.9643391402531303,1.055040838189816,1.173328854025632,scored,0.484402222855851,19.0,XLE,True,13.09855569324631,0.038003178963200476,,no_data,0.0
2026-10-05,TPR,299,1.0,0.8894710543820408,0.8459779645039056,0.8304055910509849,0.8705629361252761,0.8958042231006381,scored,-0.0076278092324477504,19.0,SPY,False,3.4545471115717272,0.029538667050634692,,no_data,0.0
2026-10-05,TRAX,127,1.0,1.02004878773222,0.9250895946272155,0.9398575006566292,0.9986905847210695,1.379097854123962,scored,-0.2019325762628151,19.0,XLV,True,2.937411852207181,0.08903946202507368,,insufficient_history,1.0
2026-10-05,TREX,299,1.0,1.0404556023590454,1.0199358375904968,1.049922960712959,1.1381502323469426,1.2224677906573773,scored,0.27959658587914044,19.0,SPY,False,1.5831461514703802,0.03580968449378829,,no_data,0.0
2026-10-05,TRGP,299,1.0,0.9789217188909191,1.0146424426354936,0.9910145051971146,0.8966659281624036,0.8895364219349345,scored,-1.1916681131747888,19.0,XLE,True,7.655502409523906,0.0266370995460122,,no_data,0.0
2026-10-05,TRI,299,1.0,1.069650122249009,1.046083188248306,0.9959251538827262,1.014245085079224,0.9148502010217563,scored,0.25229535928595487,19.0,SPY,False,3.8147020178046236,0.03929441715909172,,no_data,0.0
2026-10-05,TRLV,81,1.0,0.970280002409505,0.9819158182510532,0.844254732373313,0.8084598116562803,1.2836972785586664,scored,-0.8309291724877739,19.0,XLV,True,0.7722811303834145,0.07251466012989807,,no_data,0.0
2026-10-05,TRMB,299,1.0,1.034577638961065,1.0302915962035535,0.973890906488529,0.9753151300328784,0.9104049193894961,scored,-1.429298097138741,19.0,XLK,True,1.5530625069176978,0.02640813648899333,,no_data,0.0
2026-10-05,TRMD,299,1.0,1.098965503826104,1.1272993123402137,1.1393911042903506,1.0975206470664163,1.0411834870358596,scored,1.2062497871337843,19.0,XLE,True,1.522245964633862,0.037082727518486285,,no_data,0.0
2026-10-05,TRMK,296,1.0,0.8990856509268433,0.7547381954638608,0.6535172231171766,0.5392639947223227,0.5530679479439403,scored,1.3979738965566884,19.0,XLF,True,0.8760386417702901,0.01923668515086276,,no_data,0.0
2026-10-05,TRN,295,1.0,1.1094962641674733,1.1232712758268861,1.1264565509910556,1.3055702822173125,1.0796713978990131,scored,-0.7943162854868214,19.0,XLI,True,0.8355725189752187,0.03166246756253197,,no_data,0.0
2026-10-05,TRNO,299,1.0,1.0140305842920831,1.0274934085435417,1.0251401226237282,0.903840051417463,0.8547800172561726,scored,2.1994487693579035,19.0,XLRE,True,1.0562561737724636,0.016393856491889857,,no_data,0.0
2026-10-05,TROW,299,1.0,0.9799098901656771,0.9361549116306921,0.8218696488328756,0.8162305832082161,0.9258897865605832,scored,1.2075681793927306,19.0,XLF,True,2.1557210932606363,0.020742048429333554,,no_data,0.0
2026-10-05,TRP,299,1.0,1.107394953103875,1.1955182637192194,1.2150229153600844,1.2382643415325385,1.292489787881492,scored,-1.7042096115886531,19.0,XLE,True,1.2153788567882242,0.020433403779223678,,insufficient_history,1.0
2026-10-05,TRU,299,1.0,0.993668171512843,0.9622719553475032,0.8535538903496523,0.8127500190276472,0.6902789581178527,scored,-2.6451029205218552,19.0,SPY,False,2.9330630508281246,0.045958368079412795,,insufficient_history,1.0
2026-10-05,TRV,299,1.0,1.0620006124146868,1.0517024719769237,1.0624734231985524,1.0830929214967824,1.0957099615672126,scored,1.8637212298531782,19.0,XLF,True,6.427479358700872,0.017819460378987722,,no_data,0.0
2026-10-05,TRVI,299,1.0,0.9244212754343565,0.8982046353949988,0.8429722665492131,0.7866000913232374,0.7482133262455927,scored,0.3800457362760442,19.0,XLV,True,0.654463736791183,0.04770143854163141,,no_data,0.0
2026-10-05,TS,299,1.0,0.8967218621069475,0.8527369903181675,0.8192801607035984,0.9568099249031512,1.0056475128691713,scored,-0.16816475072843817,19.0,XLE,True,1.3244275100802798,0.02265527728498597,,insufficient_history,1.0
2026-10-05,TSCO,299,1.0,1.0495412875461005,1.0507258501699301,1.0276306797389922,1.1379894542765623,1.4793239889101804,scored,-0.6095824256655389,19.0,XLY,True,0.998183205778496,0.031769039012682875,,insufficient_history,1.0
2026-10-05,TSEM,299,1.0,1.0005100417967774,0.9751316063219323,0.8605420466711041,0.7725231423566055,0.6554550895008108,scored,0.07579565110139004,19.0,XLK,True,13.174699682536676,0.052789596836705845,,no_data,0.0
2026-10-05,TSLA,299,1.0,0.9296805792638935,0.8967905453421618,0.8840167264779791,0.8455949370581674,0.8694970631160457,scored,0.29823252091884384,19.0,XLY,True,12.745874519518864,0.03365425110109805,,no_data,0.0
2026-10-05,TSM,299,1.0,0.8751451414679329,0.7720309509332893,0.682423214610216,0.5507732183150623,0.5485332058366479,scored,0.6895003218315963,19.0,XLK,True,10.901933303915982,0.02244119659101684,,no_data,0.0
2026-10-05,TSN,299,1.0,1.0171714109149865,1.0193777740090773,1.0055377223122473,0.9238383707218173,1.0097302495853968,scored,0.6880294990797303,19.0,XLP,True,1.1062122901394387,0.021392618258353098,,no_data,0.0
2026-10-05,TT,299,1.0,0.8786342166297181,0.8037235865143052,0.7911124185855104,0.8336957761837409,0.879771513557572,scored,-0.02517949013897734,19.0,SPY,False,10.976681857004746,0.023316938263668846,,no_data,0.0
2026-10-05,TTAN,299,1.0,1.1786591663659491,1.3200315708086694,1.3833649681094173,1.4665211638906508,1.2644052526737006,scored,-1.168658311850256,19.0,XLK,True,4.271655016236654,0.05919699301880064,,no_data,0.0
2026-10-05,TTC,299,1.0,0.9746026576298072,0.8907889073827251,0.852659717433504,0.8680882678046453,1.067588881753004,scored,2.173667709103486,19.0,XLI,True,2.219079484431369,0.022428537340118952,,no_data,0.0
2026-10-05,TTD,299,1.0,1.056961895104198,1.0363595094435842,0.9919055239482374,0.876579437847283,0.6046964769591995,scored,-1.779310660249691,19.0,XLC,True,0.5531805319838341,0.04617533655958548,,no_data,0.0
2026-10-05,TTE,299,1.0,0.9890462251653672,0.9916031316308755,0.9477737422093383,1.0154206740185765,1.1360853968558222,scored,0.5494157029874356,19.0,XLE,True,1.7202376118838467,0.0203892095754871,,insufficient_history,2.0
2026-10-05,TTEK,299,1.0,1.048814476160779,1.0263660265864314,0.9512132373151436,0.903055175508866,0.8979621406738563,scored,-1.0557814239159915,19.0,SPY,False,0.935601141352404,0.028070841324704592,,no_data,0.0
2026-10-05,TTMI,299,1.0,1.0455224918448272,1.048483843692972,1.0075141178426972,0.881916021264148,0.851495610812582,scored,0.8533051186125205,19.0,SPY,False,7.629932451742741,0.05730758939268996,,no_data,0.0
2026-10-05,TTWO,299,1.0,1.0630498557881702,1.059083426258426,1.005363449736405,1.039305480764593,1.0516025881957198,scored,-0.1389475100250716,19.0,XLC,True,6.279470753221067,0.03086341665792326,,no_data,0.0
2026-10-05,TVTX,299,1.0,0.9585187901910442,0.8626264801466517,0.7727391317788088,0.8119833465990323,0.8052864301859655,scored,-0.7920410790312249,19.0,XLV,True,2.4204128191706555,0.04197005061853053,,insufficient_history,1.0
2026-10-05,TW,299,1.0,0.8760099929174686,0.8067249501493865,0.7587677745704265,0.6380879096974211,0.7633729787589537,scored,1.2471902920716171,19.0,XLF,True,2.7596037663433357,0.025764202841409165,,no_data,0.0
2026-10-05,TWLO,299,1.0,1.1324954876507944,1.1684059767645696,1.1180931113880042,0.9131921243570665,0.6560972418614355,scored,0.999677215989337,19.0,XLK,True,14.365740163473312,0.04774098622004357,,insufficient_history,1.0
2026-10-05,TWST,299,1.0,0.9542770088767177,0.9773659083327969,0.9784893807052178,0.8385379196460964,0.743076335895548,scored,2.305215733845827,19.0,XLV,True,12.049812072454165,0.058779571085142264,,no_data,0.0
2026-10-05,TX,299,1.0,0.9604154602914455,0.9203120525028272,0.8757263399420103,0.842973098024768,0.9361551026854115,scored,-0.46616005821957596,19.0,XLB,True,1.5326543929610612,0.026438750956720047,,no_data,0.0
2026-10-05,TXG,299,1.0,0.991145292481717,0.9691177096187243,0.949562815590179,0.9009086341504221,0.8655759665592165,scored,2.015709006595654,19.0,XLV,True,5.249896310512032,0.053712874058850335,,no_data,0.0
2026-10-05,TXN,299,1.0,0.9197303441274803,0.8110950341482829,0.8450507014319123,1.021651696999254,1.3352127002107506,scored,0.6803419748217552,19.0,XLK,True,8.034478191779247,0.027244754804270084,,insufficient_history,1.0
2026-10-05,TXNM,299,1.0,0.9781201024914061,0.9751976941055785,1.031435675277496,1.079312369492501,1.0826309736996897,scored,1.9598993781947822,19.0,XLU,True,0.37036042949467085,0.006329865484441478,,no_data,0.0
2026-10-05,TXRH,299,1.0,0.9881923276112903,0.9957402957047792,1.0595380835760753,1.1378759070189357,1.1573751734268087,scored,-1.6480434775327906,19.0,XLY,True,4.4810728814520875,0.028188166833063393,,insufficient_history,1.0
2026-10-05,TXT,299,1.0,0.9954617219788235,0.965769254776499,0.9314770382866239,0.7277495918675855,0.6832549239691157,scored,-0.004430914000111383,19.0,XLI,True,1.761974398822314,0.023260388103264872,,no_data,0.0
2026-10-05,TYL,299,1.0,1.063150791661968,1.0567661906620314,0.9447619596317811,0.8625728218089019,0.8157960172375086,scored,-1.059299236444536,19.0,XLK,True,11.982167033730189,0.03649539179376885,,no_data,0.0
2026-10-05,TYRA,299,1.0,0.9021804416017754,0.8690371395037653,0.8271235120717687,0.7778828662181266,0.8394275504038627,scored,0.42364949983972655,19.0,XLV,True,1.6272048255982952,0.07774509439074512,,no_data,0.0
2026-10-05,U,299,1.0,1.0441476189961707,1.1125001362851243,1.1566109257458943,1.2839333237184414,1.6548529093448545,scored,0.06590683927681068,19.0,XLK,True,2.1320577077748246,0.046673767683336795,,no_data,0.0
2026-10-05,UAL,299,1.0,0.9512776120411676,0.9139103763959349,0.8690384559663094,0.8723225380850809,0.810951794587366,scored,1.2489950364843747,19.0,XLI,True,3.87376257643973,0.03521602342217936,,no_data,0.0
2026-10-05,UBER,299,1.0,0.8908414843613524,0.8045440618084261,0.7215370743688634,0.6530694160874498,0.5318266162301859,scored,-1.9532024692561258,19.0,SPY,False,1.8455071282250375,0.026561703054476648,,no_data,0.0
2026-10-05,UBS,299,1.0,1.0014227411516585,0.9476527774885029,0.9761142455924418,1.2789128938287453,1.5935833539553361,scored,-0.608386520582994,19.0,XLF,True,1.0216581000254068,0.02120502490712758,,no_data,0.0
2026-10-05,UBSI,299,1.0,0.9136998923682927,0.7973603841908611,0.7394174860104499,0.7439409609201714,0.8454232636327744,scored,1.728685830448065,19.0,XLF,True,0.7993284313068467,0.017215774958148754,,no_data,0.0
2026-10-05,UCB,299,1.0,1.0041144288158204,0.9194589061381759,0.8216722383492612,0.7946963822609098,0.9031407970642159,scored,1.232547942595347,19.0,XLF,True,0.6835026469650705,0.020215990741350796,,no_data,0.0
2026-10-05,UCTT,299,1.0,1.013138060012767,0.974331781546402,0.8785827387137407,0.8196529028700507,0.8786160608935939,scored,1.0723848562292346,19.0,XLK,True,4.820678617951235,0.06512670383614207,,insufficient_history,1.0
2026-10-05,UDR,299,1.0,0.9398959487937979,0.917147799043749,0.853429135254984,0.8123623544402808,0.9121157770013838,scored,0.9258945439579849,19.0,XLRE,True,0.6021291082681283,0.017793413364897405,,no_data,0.0
2026-10-05,UFPI,299,1.0,1.0151705850720045,0.9943748573131344,0.9821337958737203,1.0690790401121661,1.1868554008373682,scored,-0.5297141516717961,19.0,SPY,False,2.3319460718232343,0.029881420705064506,,no_data,0.0
2026-10-05,UFPT,299,1.0,1.059756826912773,1.0606054410943848,0.995859709694081,0.9022489159547997,0.903569892128615,scored,0.9460896285358638,19.0,XLV,True,8.139911294558281,0.026485898853214077,,no_data,0.0
2026-10-05,UGI,299,1.0,1.0545327087225078,1.0772963149994863,1.061713776457624,0.9653413456459001,0.8079571523213653,scored,0.6945326062995575,19.0,XLU,True,0.7847866029857813,0.02133731927639427,,no_data,0.0
2026-10-05,UHS,299,1.0,0.9458726707676064,0.9604133991939002,1.0305146405427656,1.242106737755412,1.2346642047130851,scored,1.198752118394504,19.0,XLV,True,4.968599395917514,0.028222660584592524,,no_data,0.0
2026-10-05,UL,299,1.0,0.9328379541890234,0.9408570355047681,0.9262750673675355,0.9860627033553147,1.1831407919754244,scored,-0.10384614744868258,19.0,XLP,True,0.9520267878138832,0.0158724039315419,,insufficient_history,1.0
2026-10-05,ULS,299,1.0,0.9818096291749383,0.9971443848256816,0.9653850921669184,0.8026872222013088,0.886825375760678,scored,-1.59449724574725,19.0,SPY,False,2.174979561378741,0.03186783240115371,,no_data,0.0
2026-10-05,ULTA,299,1.0,1.033858488766152,1.0397007171903616,0.9960865303214234,0.9752529317907923,1.1006553092830238,scored,0.9849623182044601,19.0,XLY,True,15.049083646944041,0.02772900141314866,,no_data,0.0
2026-10-05,UMAC,299,1.0,1.0145053683001215,1.0074173166119766,1.0372076007993023,0.970930353430365,0.8465501922264279,scored,-0.30537180733417796,19.0,SPY,False,1.8353380349785429,0.08407411978829789,,insufficient_history,1.0
2026-10-05,UMBF,299,1.0,0.9898180180060109,0.9125840044394592,0.8742496908041034,0.8594596873270965,1.120096365669432,scored,-0.3046551080713792,19.0,XLF,True,2.8310731857524627,0.02181104149270002,,no_data,0.0
2026-10-05,UMC,299,1.0,1.0440171599970982,1.0363033254799565,1.0633928172147877,1.1771467318410087,1.4138981408726425,scored,1.3955036731631831,19.0,XLK,True,1.0914221358177683,0.04562801571144516,,insufficient_history,1.0
2026-10-05,UNF,299,1.0,0.9304807112775774,0.9056684984514703,0.8978646958681381,0.8355282640373835,0.8568605423007302,scored,-1.6349661529737183,19.0,SPY,False,6.848146621560818,0.0270795469238041,,no_data,0.0
2026-10-05,UNFI,299,1.0,0.9197013154779744,0.9006180228681572,0.8961922779108129,0.8621693973470008,0.9728821766583747,scored,0.9617817895810031,19.0,XLY,True,1.5265467372576345,0.03428131006641892,,no_data,0.0
2026-10-05,UNH,299,1.0,1.0316304230343323,1.0444216584192176,1.0684805720563835,1.1101815433605546,1.281123015924638,scored,0.7143625382946694,19.0,XLV,True,8.785400292472088,0.02320619233047728,,no_data,0.0
2026-10-05,UNM,299,1.0,0.8177993633914901,0.7996087081538812,0.7100131621091951,0.5775283664604988,0.5564507911419061,scored,-0.007474371680575538,19.0,XLF,True,2.347740507588001,0.02610631054807073,,no_data,0.0
2026-10-05,UNP,299,1.0,0.9670679323722698,0.941767903439266,0.9473109360269164,1.1496160087615959,1.2136794286317183,scored,-1.3670411872784223,19.0,SPY,False,4.966765813460059,0.017926679468202047,,no_data,0.0
2026-10-05,UPS,299,1.0,0.9670959615417432,0.9184445209348693,0.9235660745374189,0.9696035897806553,1.007956695690607,scored,-1.0917064581321838,19.0,SPY,False,2.050349103472723,0.02201362576200046,,no_data,0.0
2026-10-05,UPST,299,1.0,0.9400043981039663,0.8959932378106563,0.836598431383803,0.9034299413711002,0.9015308778902118,scored,-1.2438391302359986,19.0,XLF,True,1.1682036112912748,0.0479755076505657,,no_data,0.0
2026-10-05,URBN,299,1.0,0.8800583104373277,0.8652454003350598,0.8488929300224679,0.7055820429158643,0.6855372320698301,scored,1.1199311124668494,19.0,XLY,True,2.5255773476669185,0.03095070279003577,,no_data,0.0
2026-10-05,URGN,299,1.0,1.0135106230874003,0.962287912293737,0.8799311262294762,0.8663065256203075,0.918336611985459,scored,-0.2844595804652759,19.0,XLV,True,1.8496660302309522,0.04323670009890024,,insufficient_history,1.0
2026-10-05,URI,299,1.0,1.0282925644782375,1.0011798471706557,0.954722865055255,0.9244872172019107,0.994208508859347,scored,1.1327431942053319,19.0,SPY,False,32.919209551252585,0.030643044226135258,,insufficient_history,1.0
2026-10-05,USAR,299,1.0,1.0337745038558768,1.090374862565314,1.12095862037093,1.2358178050516986,1.2104226083973608,scored,0.05931236257270275,19.0,XLB,True,0.8920651037495271,0.0653527548534452,,no_data,0.0
2026-10-05,USB,299,1.0,0.9252409914402175,0.9203216538878479,0.8851779526201168,1.0235326657468782,1.262189358034831,scored,-0.5064651110841383,19.0,XLF,True,1.0986530478151635,0.0191837445052412,,no_data,0.0
2026-10-05,USDE,70,1.0,1.0424953971261814,1.0065449140795923,0.9951203147867272,1.3031420707673487,1.4371487000619785,scored,0.41055634097921745,19.0,XLK,True,1.7816032258524228,0.11909112472275553,,no_data,0.0
2026-10-05,USFD,299,1.0,1.0178139992249065,1.0365314700273784,1.0993511082248721,1.1433237952328856,1.2823024335156743,scored,-0.28564891368299333,19.0,XLY,True,2.6984359294310076,0.02851564968224673,,no_data,0.0
2026-10-05,UTHR,299,1.0,0.8685287668715588,0.75006313784175,0.6496578683069704,0.539971324023734,0.6240445026729028,scored,0.6920649736976573,19.0,XLV,True,20.484432141594716,0.038188725096187016,,no_data,0.0
2026-10-05,UTI,299,1.0,0.9858855287978556,1.0318601144467525,1.053609887478055,0.9905905846111256,1.0399606887605854,scored,-0.7769023306757593,19.0,SPY,False,1.2524228446029724,0.06533243842477686,,no_data,0.0
2026-10-05,UTZ,299,1.0,0.9996418910501852,0.9929289561336035,1.0131479691411764,0.9264058942549257,1.0012006039440136,scored,1.6200134767013308,19.0,XLP,True,0.049734596071157204,0.003482814850921373,,no_data,0.0
2026-10-05,UUUU,299,1.0,0.9246475549353859,0.8973648773845319,0.8688108566852034,0.8863265194102277,1.0956039049185162,scored,-1.4648585757538772,19.0,XLE,True,0.6063113838657328,0.0560361722611583,,no_data,0.0
2026-10-05,V,299,1.0,0.9231913331716566,0.8735218692350238,0.7820549455947833,0.6647012636162559,0.6713409691184128,scored,1.5980157810526836,19.0,XLF,True,6.119498257215309,0.016552157791824156,,no_data,0.0
2026-10-05,VAC,299,1.0,1.0157647295677805,0.9615324813559096,0.9222828147944793,0.9836986731790214,0.8910772651110836,scored,0.907013468053005,19.0,XLY,True,3.8489458875328366,0.037760677793905975,,no_data,0.0
2026-10-05,VAL,299,1.0,0.8864582979612801,0.9334109527716449,1.020803135165777,1.0300252957551053,1.1316842683095276,scored,-1.0236098406844947,19.0,XLE,True,3.230327805455651,0.03869119422033359,,no_data,0.0
2026-10-05,VALE,299,1.0,1.0021168783699432,0.9868438609467647,0.9864214077230924,0.9764850277070241,1.008064115363191,scored,-1.0109535653709123,19.0,XLB,True,0.4289418502904266,0.030313911681302232,,insufficient_history,1.0
2026-10-05,VC,299,1.0,1.0260996121553894,1.0139613881872842,0.9175413636180116,0.8095876239208936,0.8423784312041609,scored,-1.5859742268079764,19.0,SPY,False,2.911776370224138,0.03261763605045523,,no_data,0.0
2026-10-05,VCEL,299,1.0,0.8754726773544347,0.7799000978954648,0.6692814104038501,0.6065660515292938,0.7765095869073778,scored,-0.5584166923178847,19.0,XLV,True,1.2748634927119322,0.031041234300266184,,no_data,0.0
2026-10-05,VCTR,299,1.0,1.00689434411872,0.9714885873733455,0.9671370164351296,1.031515250849387,1.1299310717225677,scored,0.992352858641514,19.0,XLF,True,3.8460787838800146,0.033362931851839125,,no_data,0.0
2026-10-05,VCYT,299,1.0,0.8652335885014812,0.8195338556474774,0.790494939375394,0.7253395655478037,0.832073622731037,scored,-0.3720722457857358,19.0,XLV,True,2.4365554379386345,0.05111297331526399,,no_data,0.0
2026-10-05,VECO,299,1.0,1.0039008716713311,1.0053452693399152,1.0126434002351972,0.9128847505826738,0.9595428278553193,scored,0.6651935312521544,19.0,XLK,True,2.8362767580558783,0.05036897101857358,,insufficient_history,1.0
2026-10-05,VEEV,299,1.0,1.0946446687925175,1.1691253615312511,1.209994375338078,1.1857061618665496,1.314829898880365,scored,0.4135099720066386,19.0,XLV,True,9.258249098339382,0.032662723931343736,,no_data,0.0
2026-10-05,VERA,299,1.0,1.0235277676827421,1.0516149613535528,1.0361492546916602,1.185892677048149,1.5150114648341906,scored,-0.38642755648300375,19.0,XLV,True,1.875306020016171,0.0628664438490168,,no_data,0.0
2026-10-05,VFC,299,1.0,0.8962311325163925,0.9047341605252157,0.8666920513290753,0.8627870420612025,0.9177776009154949,scored,1.263133646325672,19.0,SPY,False,0.49676542536241325,0.034811872835487964,,insufficient_history,3.0
2026-10-05,VG,299,1.0,0.9857255293412033,0.9667265592684748,0.9749483099963163,1.0722191690604543,1.189180468446504,scored,-0.5459707760220989,19.0,XLE,True,0.6784326236127383,0.05044108725745266,,no_data,0.0
2026-10-05,VGNT,129,1.0,0.803758646989762,0.6663518724455453,0.7127466328084279,0.799780410491266,0.9447281721941105,scored,0.08827825005192853,19.0,SPY,False,1.7552883498402794,0.03713324201058344,,no_data,0.0
2026-10-05,VIA,267,1.0,1.0335228964135998,1.0705864396238767,1.1014662757509677,1.190422319303218,1.3184659677015307,scored,-0.32249823458907756,19.0,XLK,True,1.3855396235408584,0.044853985870536045,,no_data,0.0
2026-10-05,VIAV,299,1.0,1.0244408330283306,0.9874648904131608,0.8572459894221063,0.7369458028957544,0.7897232075913161,scored,1.8353234332836441,19.0,SPY,False,2.5297866762050623,0.0539285158005769,,insufficient_history,1.0
2026-10-05,VICI,299,1.0,1.0291245658117705,1.0075774199649365,0.942551200085185,0.8145718630641757,0.8392623623955311,scored,-0.8837820405449731,19.0,XLRE,True,0.39764906248448745,0.017649758654437967,,no_data,0.0
2026-10-05,VICR,299,1.0,1.077549949525515,1.069325692335964,1.0813081797055026,1.0777587021914594,1.0921431651947437,scored,2.2053696156350875,19.0,SPY,False,18.17572723104389,0.05947360109631193,,no_data,0.0
2026-10-05,VIK,299,1.0,0.9115988668092587,0.8150237364681466,0.676556293829146,0.7448075098991376,0.7905519221609123,scored,-0.37776033930311653,19.0,XLY,True,2.751672330689271,0.03395868605071296,,no_data,0.0
2026-10-05,VIPS,299,1.0,1.0598919470078774,1.10522986583922,1.0158989273490906,0.8720121080507134,0.9660972051564857,scored,0.7841435952513719,19.0,XLY,True,0.31854138582282304,0.02506226481690189,,no_data,0.0
2026-10-05,VIR,299,1.0,0.9673601821918323,0.8400594064375039,0.7245368106185246,0.6957691139688903,0.5291137030992501,scored,-0.07113718651390827,19.0,XLV,True,0.6063221813113964,0.0514704737955345,,no_data,0.0
2026-10-05,VIRT,299,1.0,1.1014161462978858,1.1233558583408096,1.2373726549550788,1.2755519605898122,1.242248307755661,scored,-1.051297887147753,19.0,XLF,True,2.61642612066567,0.04160983016325811,,insufficient_history,2.0
2026-10-05,VIST,299,1.0,1.0314866969340863,1.0482999677820288,1.0116358589026002,0.9960179816019746,0.9765391134674178,scored,-1.41380073747849,19.0,XLE,True,2.6388360437627423,0.03965789064867361,,no_data,0.0
2026-10-05,VKTX,299,1.0,0.9135264461856262,0.8773578193350517,0.8371870997668008,0.608305092824503,0.5013346202656715,scored,0.4348077092255119,19.0,XLV,True,2.5117528291196844,0.08578390809834988,,no_data,0.0
2026-10-05,VLO,299,1.0,0.9812769003073217,0.9154444324146651,0.8700696910083199,0.7450781216245178,0.6441648392341834,scored,1.784665267842398,19.0,XLE,True,15.983719481690267,0.03811728109529551,,no_data,0.0
2026-10-05,VLTO,299,1.0,0.9553163811998522,0.9328648967507683,0.7840412447296404,0.7301304326923679,0.6509976655541224,scored,-0.2935206482613491,19.0,SPY,False,1.772296381500304,0.01835245295123024,,no_data,0.0
2026-10-05,VLY,299,1.0,0.9878896425303085,0.9051597688292322,0.8952312821103416,0.8275226720768203,0.8554225730366358,scored,-0.04220447673877761,19.0,XLF,True,0.29785932964066075,0.0233432076520894,,no_data,0.0
2026-10-05,VMC,299,1.0,1.0116846419444163,0.9328974276053007,0.8668705256904738,0.9332734514353175,0.9569748768729458,scored,-0.695071819447976,19.0,XLI,True,6.729616331267572,0.027404065363308108,,no_data,0.0
2026-10-05,VMI,299,1.0,0.9544662889425126,0.9298242909057416,0.9369656432031676,0.9578509825583816,1.1310557882504746,scored,0.08164198841081692,19.0,XLI,True,11.524791283040082,0.02416858819972755,,no_data,0.0
2026-10-05,VMRK,299,1.0,0.9283840790164581,0.8437855058282697,0.7234883569003476,0.6664333768898804,0.6510523606806972,scored,0.4491206592832538,19.0,XLRE,True,1.255019207451193,0.020885658303398117,,no_data,0.0
2026-10-05,VNO,299,1.0,0.9566204202706109,0.9145617629933899,0.8676527821651114,0.9063110273211826,1.258585508848512,scored,0.028589059713507423,19.0,XLRE,True,0.9822983160890568,0.029578389523910172,,no_data,0.0
2026-10-05,VNOM,299,1.0,0.9673273768056966,0.987418202524126,0.9195771973717687,0.8723219023184137,0.6947263487092801,scored,-1.594694876217782,19.0,XLE,True,1.02139102987377,0.02499121678183925,,no_data,0.0
2026-10-05,VNT,299,1.0,1.0410314480027465,1.0554853477067154,1.1452734897140915,1.2396900717271073,1.2836998101548744,scored,-0.48516118529698915,19.0,SPY,False,0.8006289111581714,0.02510595519467455,,no_data,0.0
2026-10-05,VOD,299,1.0,0.96289740121371,0.9086678748232656,0.9218759959184666,0.8447091827661686,0.7131155958566735,scored,0.09303306910118388,19.0,XLC,True,0.3101585650251902,0.01847281506999346,,insufficient_history,1.0
2026-10-05,VOR,299,1.0,0.9773936520452249,0.9817725250246292,1.0578225965951495,1.257134936816298,1.3374901362883058,scored,-1.0717063779187197,19.0,XLV,True,1.2851160126973287,0.06916663146917808,,no_data,0.0
2026-10-05,VOYA,299,1.0,0.9163084631092044,0.8424586796538779,0.701241742009194,0.8146072592060949,0.9450518372768775,scored,0.1492947639351084,19.0,XLF,True,2.531403141275343,0.025804313366721135,,no_data,0.0
2026-10-05,VOYG,299,1.0,0.9847709255915283,1.0319177728380633,1.1595284676267992,1.2727115409453489,1.1394923706877869,scored,0.03348759848479608,19.0,XLI,True,2.388892458069316,0.07910239927381842,,no_data,0.0
2026-10-05,VPG,299,1.0,1.0036215276655522,1.0122330372148864,0.9892444846704556,1.1226830606253348,1.5626068171625436,scored,2.0693778798414173,19.0,SPY,False,4.007178991663531,0.051334601481726,,no_data,0.0
2026-10-05,VRDN,299,1.0,0.9809666126595772,0.9570600291647406,0.9414463167179602,1.044422934141979,1.285976075685063,scored,-0.28443535682415866,19.0,XLV,True,0.9128979544336225,0.04804726075966435,,no_data,0.0
2026-10-05,VRNS,299,1.0,0.99738066356474,0.989247379547488,0.9232941790803536,0.8993231010443214,1.0608578721713868,scored,-0.6197874514886728,19.0,XLK,True,1.8105247818959074,0.03760176078703858,,no_data,0.0
2026-10-05,VRSK,299,1.0,0.9968021198766328,1.0205731264580167,1.0620080134414005,1.0480743634804823,0.8286276461256279,scored,-1.1123406044562503,19.0,SPY,False,5.248311764008511,0.032143016683050654,,no_data,0.0
2026-10-05,VRSN,299,1.0,0.967923787328834,0.9896059991610963,1.0468334235336612,1.1761136522940172,1.1669262050708549,scored,-1.6042575706094548,19.0,XLK,True,7.373758185461764,0.02523013134011416,,insufficient_history,1.0
2026-10-05,VRT,299,1.0,0.9814459846675883,0.899075797853587,0.8666535042429591,0.7325621804616732,0.7244242728310162,scored,-0.15868826873959124,19.0,SPY,False,11.631155009536212,0.045860559141771985,,no_data,0.0
2026-10-05,VRTX,299,1.0,0.9582944857658267,0.9164736420531857,0.8431230803772415,0.5244307748845226,0.47076560339282436,scored,-1.2135581102314796,19.0,XLV,True,11.847322110221823,0.023529934677699746,,no_data,0.0
2026-10-05,VSAT,299,1.0,0.932092075482944,0.9344485437856677,0.8639164533661601,0.6122268067767618,0.4901812063777296,scored,0.042333335670355944,19.0,SPY,False,3.838394880033394,0.05499921020251316,,no_data,0.0
2026-10-05,VSEC,299,1.0,0.9663799938413531,0.8898710781164526,0.9065473692954749,0.9509600889889149,0.7316141098398656,scored,-2.1272512699952,19.0,XLI,True,8.936602534341748,0.05315293245905994,,insufficient_history,1.0
2026-10-05,VSH,299,1.0,1.0164998792806725,1.0279673693533644,1.0993065248142957,1.3765153652880502,2.0100956346129117,scored,1.5195597943272545,19.0,SPY,False,1.840553704603807,0.0496106119839301,,insufficient_history,1.0
2026-10-05,VSNT,202,1.0,1.1601390857914455,1.214705167781888,1.3453664052442034,1.6574085465638828,1.7633519290232083,scored,-3.123559002269005,19.0,XLC,True,1.1462301969768947,0.03695132807791408,,no_data,0.0
2026-10-05,VST,299,1.0,0.9119776842426708,0.8395616800921146,0.7464641479646859,0.5367272802933201,0.2988399991559446,scored,1.1059757071406136,19.0,XLU,True,5.080826210470118,0.03506678314907943,,insufficient_history,3.0
2026-10-05,VSTS,299,1.0,0.9751060529838838,1.0158139558500614,1.0030549373530253,0.9143776485470737,0.8880566413334563,scored,1.1850645824062345,19.0,SPY,False,0.557132763852701,0.03976679256621706,,no_data,0.0
2026-10-05,VSXY,299,1.0,1.0018478163210467,0.9156256038737329,0.9138026434003754,1.026236809478917,1.0650036516422818,scored,1.8247318096658285,19.0,XLY,True,3.9936477509270976,0.04466667879350294,,no_data,0.0
2026-10-05,VTR,299,1.0,1.082335317098889,1.1361392647919955,1.1932958818673343,1.1107736056109039,1.1677786485665056,scored,0.447433381776972,19.0,XLRE,True,1.7658707418149808,0.021704409314343424,,insufficient_history,1.0
2026-10-05,VTRS,299,1.0,1.038268658119019,1.057696788070554,1.0524928507809546,1.1558612280402007,1.1537386786122235,scored,2.055982384753317,19.0,XLV,True,0.4507089482026445,0.025579395471205704,,no_data,0.0
2026-10-05,VVV,299,1.0,1.0954924610106729,1.1307497184695785,1.1128000943654186,1.1718058485769587,1.3235256915125333,scored,-0.09643248278191081,19.0,XLY,True,1.0380289808496352,0.03421321624422002,,no_data,0.0
2026-10-05,VVX,299,1.0,1.059360445496343,1.0040654097656447,0.9278948675286278,0.8990053899937829,0.7399062218850078,scored,-1.1938926302895532,19.0,XLI,True,2.7669872557866984,0.039043138927426245,,no_data,0.0
2026-10-05,VZ,299,1.0,1.0451194711854668,1.0986029238563002,1.1115550211726832,1.2695400382289665,1.3714568825490492,scored,0.0824794788845077,19.0,XLC,True,0.8824797418267392,0.019247104510943056,,no_data,0.0
2026-10-05,W,299,1.0,0.9333641121474195,0.8996963705479963,0.8195355972785889,0.7604753843865918,0.7753955950897344,scored,1.1563938548703774,19.0,XLY,True,4.991280641851616,0.04706535258700251,,no_data,0.0
2026-10-05,WAB,299,1.0,0.9624909472653851,0.9073069451829697,0.8884107139813952,0.8602200799495012,0.668169489731241,scored,1.7288498472333471,19.0,XLI,True,6.067011455046271,0.020787403052992086,,no_data,0.0
2026-10-05,WAFD,299,1.0,0.9340511342725749,0.7951327851785089,0.7155851922602765,0.8050185294902054,1.0403686542066426,scored,-1.9012632163743,19.0,XLF,True,0.785148647253524,0.026024151383941794,,insufficient_history,1.0
2026-10-05,WAL,299,1.0,0.9212951737616718,0.854866442243643,0.7740742616966576,0.9224822763945135,1.1010222049465694,scored,0.8395378412609957,19.0,XLF,True,2.051026989514229,0.026980097204870154,,no_data,0.0
2026-10-05,WAT,299,1.0,0.9946978634223054,0.9774250452250123,0.980251211199994,0.8005076394020897,0.8379666479545852,scored,1.7002668251973803,19.0,XLV,True,12.08137335614725,0.02745018030570583,,no_data,0.0
2026-10-05,WAY,299,1.0,1.0508290054760927,1.003697459819267,0.9275039624046343,0.8634706864872647,0.7147484834681087,scored,-0.18323825000933855,19.0,XLV,True,1.1664215191323224,0.04404915102463453,,insufficient_history,1.0
2026-10-05,WBD,299,1.0,1.3055285835434052,1.4075027284632755,1.422788533728383,1.590165814721722,1.5415542486236702,scored,1.0165205616964879,19.0,XLC,True,0.31308307189163614,0.010115769689552056,,insufficient_history,2.0
2026-10-05,WBI,264,1.0,0.9831060516911421,0.9203421871960762,0.7929516610555929,0.690878977522917,0.5873516392075167,scored,-1.829114622430291,19.0,XLE,True,1.1537306360402844,0.039470770990088416,,no_data,0.0
2026-10-05,WCC,299,1.0,0.9427146426156459,0.8240680696438399,0.766066478956573,0.7088126356666369,0.6831339382183983,scored,1.3619649680352102,19.0,SPY,False,12.115453311515115,0.03212881092448783,,no_data,0.0
2026-10-05,WCN,299,1.0,0.9090618534893605,0.8725357278567116,0.8368440992761425,0.7058606504423489,0.5733194699073049,scored,-2.09802152956263,19.0,SPY,False,2.972349238033649,0.01926344289069118,,insufficient_history,1.0
2026-10-05,WDAY,299,1.0,1.007792943753568,0.9967664324546521,0.9540479639487724,0.9070198122938214,0.9884869567746584,scored,-1.1264075969048388,19.0,XLK,True,7.664101945259033,0.04055938794061724,,no_data,0.0
2026-10-05,WDC,299,1.0,1.0039563915338514,0.9521272260151006,0.9096882622152507,0.7107056800189148,0.7543496546882931,scored,0.07568239240606854,19.0,XLK,True,29.22483190236021,0.06617342609899514,,insufficient_history,1.0
2026-10-05,WDFC,299,1.0,1.0016567610241363,1.0112184239101092,1.0552853723421372,1.0690344094813835,1.279435172539772,scored,-0.0035213883916071775,19.0,XLP,True,4.6109059756891,0.022398260835952102,,no_data,0.0
2026-10-05,WEC,299,1.0,0.9688249670447158,0.957432721208509,0.9173690315129321,0.8379894548693441,0.9438983203059926,scored,0.011135085700190107,19.0,XLU,True,1.6708179418813045,0.016493760531898365,,no_data,0.0
2026-10-05,WELL,299,1.0,1.088007709216781,1.1532823177141631,1.186077389775099,1.1812925303803163,1.115111075226129,scored,-0.5380991239368841,19.0,XLRE,True,4.832894179820075,0.02156002043103174,,no_data,0.0
2026-10-05,WERN,299,1.0,1.0530777837369405,1.0735021903412996,1.1248512344123978,1.2406744116423714,1.261945100982868,scored,-0.2024836403455551,19.0,SPY,False,1.2814865214208169,0.03752522756722743,,no_data,0.0
2026-10-05,WES,299,1.0,0.8950571204232634,0.8717051181118962,0.7982175680332831,0.6738237983893333,0.5648922541884266,scored,-1.4909197100421054,19.0,XLE,True,0.9983340692558832,0.021898093205875917,,no_data,0.0
2026-10-05,WEX,299,1.0,0.9714677435266242,1.0085063416035487,0.9566776778970222,0.9234143032721788,0.8726134183850085,scored,-0.764932581420776,19.0,XLF,True,6.017772714824717,0.03488968410728616,,no_data,0.0
2026-10-05,WFC,299,1.0,1.0081232919600283,0.9934520821923256,0.9491174642633017,1.0190282236004018,0.8583442732288609,scored,-0.6542256291715801,19.0,XLF,True,1.852768807095355,0.022750108142133536,,no_data,0.0
2026-10-05,WFRD,299,1.0,0.9781909405053885,0.9801298323807496,1.0363649736266587,1.043583422088692,1.0728104793223199,scored,-1.351351870856955,19.0,XLE,True,3.2320298469273947,0.0392617814252599,,no_data,0.0
2026-10-05,WGS,299,1.0,1.011478177313259,0.9425779506522496,0.8757534808035018,0.8575013003593569,0.8135222675647217,scored,0.05540995604972449,19.0,XLV,True,5.9509971656761325,0.07802539878951269,,insufficient_history,1.0
2026-10-05,WH,299,1.0,0.9657073743649556,0.9187205685063496,0.8881986737334516,0.8297739891918815,0.6738926730254525,scored,0.7543959199819062,19.0,XLY,True,2.039837060362527,0.028641351591723208,,no_data,0.0
2026-10-05,WHD,299,1.0,0.9469232942895333,0.9356492501829036,0.9726222643496191,1.0564780991301508,1.0856440031707162,scored,-1.2725845207925344,19.0,XLE,True,2.13851539178636,0.03302726473801328,,no_data,0.0
2026-10-05,WHR,299,1.0,1.0851396513082179,1.1444447630391368,1.225507947487504,1.3926640900265164,1.3898558847282352,scored,-0.8917674964361438,19.0,XLP,True,1.5104213362402832,0.050297080793882225,,no_data,0.0
2026-10-05,WING,299,1.0,0.9961021041966007,0.9464792205608347,0.9356902229283,0.9668741705769134,0.8915893285028129,scored,0.44880682798453,19.0,XLY,True,5.579815301260272,0.05222590135960569,,no_data,0.0
2026-10-05,WIX,299,1.0,1.1162477736421328,1.1605987291874853,1.2253265939375388,1.3664418452403873,1.4011288525203993,scored,-0.3791960351142227,19.0,XLK,True,4.718015410501003,0.06370531205105325,,no_data,0.0
2026-10-05,WK,299,1.0,0.9735441742624742,0.9100050934309443,0.7694905948809888,0.7010016812837867,0.9304999956402027,scored,-0.751516810133104,19.0,XLK,True,3.136579994890943,0.043636338270602995,,insufficient_history,2.0
2026-10-05,WKC,299,1.0,1.049007435986227,1.059812979448718,1.1081109073663706,1.1618998158470217,1.3267476344985332,scored,0.8918029777104739,19.0,XLE,True,0.9361789081401982,0.025698021085374643,,no_data,0.0
2026-10-05,WLK,299,1.0,1.018065012544179,0.9845157363740022,0.9909166502450704,1.0697818379212038,1.2587853680884595,scored,-1.6098002053864455,19.0,XLB,True,2.494244731712395,0.03860462361418348,,insufficient_history,1.0
2026-10-05,WLTH,203,1.0,1.0623740365898497,1.0366065001039702,1.087060288460446,1.2072261378986702,1.3552009902568976,scored,1.7121174905633056,19.0,XLF,True,0.5129817704723475,0.04830336821773517,,no_data,0.0
2026-10-05,WLY,299,1.0,1.1153737929456504,1.1039167127928549,1.0058631120411714,0.9484687863575308,1.010568648822595,scored,-0.051129975347373145,19.0,XLC,True,1.6647486575693389,0.03429642887452285,,no_data,0.0
2026-10-05,WM,299,1.0,0.9985192609388555,0.9814096498048752,0.9884061878675727,0.874166850511297,0.817878996272472,scored,-2.0256500624593072,19.0,SPY,False,3.4876784073806384,0.01687640766176637,,no_data,0.0
2026-10-05,WMB,299,1.0,0.9966162294157874,1.0572782538777243,1.0769102237876715,0.9821830312263137,0.9831603658634894,scored,-0.7356895097116789,19.0,XLE,True,1.7685844146540763,0.02497647810555114,,no_data,0.0
2026-10-05,WMG,299,1.0,1.154097084043695,1.2266200980093602,1.1866930036274443,1.317089217646303,1.1689796984289915,scored,-0.5712609008506963,19.0,XLC,True,0.8796927150973908,0.03183831759310137,,no_data,0.0
2026-10-05,WMS,299,1.0,0.9273300007799878,0.8397666938196944,0.8408410067014003,0.8228415608521867,0.7945043368282243,scored,-0.4850888904520293,19.0,SPY,False,4.026772014621594,0.031111581662841642,,no_data,0.0
2026-10-05,WMT,299,1.0,1.0792963731028697,1.0304324225148245,1.0001248308574202,0.9113425623746533,0.6839835732433694,scored,1.1507902987848881,19.0,XLY,True,2.138527021578363,0.02035335511162428,,no_data,0.0
2026-10-05,WOLF,299,1.0,0.9471479378306599,0.8732152775864256,0.8355867567218052,0.8269924684241442,0.9778057871608917,scored,1.1669493625628145,19.0,XLK,True,2.4992790290241023,0.07453859317101408,,insufficient_history,2.0
2026-10-05,WOR,299,1.0,1.0341415476654658,0.9669193171949709,0.9029194265572097,0.9117670712056074,0.832775642144933,scored,0.031010998454330165,19.0,XLI,True,2.4125919990441163,0.039460124289239715,,no_data,0.0
2026-10-05,WPC,299,1.0,0.9728344213112537,0.9921942335255154,0.9740330041885107,0.9633164270200536,0.9348276601685914,scored,-0.6675614389013874,19.0,XLRE,True,1.1162886767291287,0.017461108661491143,,no_data,0.0
2026-10-05,WPM,299,1.0,0.9980608426621813,1.087903501996542,1.1618323461041824,0.9987083798970517,1.0142946815660165,scored,-0.7434595904025285,19.0,XLB,True,5.195116600158783,0.038123700008503576,,insufficient_history,2.0
2026-10-05,WRB,299,1.0,1.0080276444405585,0.9753154228931478,0.9858059480388958,0.8977791335906142,0.7540586863069131,scored,0.9662353393361329,19.0,XLF,True,1.3167867498060628,0.018873251394669097,,no_data,0.0
2026-10-05,WRBY,299,1.0,1.089572717150912,1.1145534968179331,1.0859013402864712,0.9483791452252786,0.7630420987598194,scored,1.0018662345366744,19.0,XLY,True,1.629301007194186,0.06113699839377809,,insufficient_history,1.0
2026-10-05,WSBC,299,1.0,0.9345522085089848,0.849022987500156,0.7804123104011836,0.7614690030328919,0.8242019505216699,scored,-0.3255926723081895,19.0,XLF,True,0.786093519062366,0.020823669379135525,,no_data,0.0
2026-10-05,WSC,299,1.0,1.0504843169203546,1.1411701704493922,1.1648966248755064,1.126695629932217,1.1403797423026787,scored,-1.4257983856315166,19.0,XLI,True,0.7247518262710592,0.04245763481377031,,no_data,0.0
2026-10-05,WSE,102,1.0,0.9901779991034729,0.9460982127815878,1.0012333366190738,1.1644412901692214,1.3315861849373363,scored,-1.0214971132809765,19.0,XLF,True,0.321443266098,0.027544410119794346,,no_data,0.0
2026-10-05,WSFS,299,1.0,0.9986719065651899,0.9285788991089019,0.8872444308492127,0.9535271684257804,1.0199313440057949,scored,0.8760472687446883,19.0,XLF,True,1.39803730140802,0.018076510232842256,,no_data,0.0
2026-10-05,WSM,299,1.0,0.954060145443571,0.9499709747420674,0.9337720329816238,0.9730610234252575,0.9780666437924677,scored,1.8763192453232769,19.0,XLY,True,6.967426594421782,0.029189051505746886,,no_data,0.0
2026-10-05,WSO,299,1.0,0.9562219689265676,0.9490925139602198,0.9078369137504487,0.8944587862713558,1.0906597082891019,scored,-0.8089950025617154,19.0,SPY,False,9.449562311932073,0.03234489923646097,,insufficient_history,1.0
2026-10-05,WST,299,1.0,0.9141903595105701,0.8562197938198225,0.8137395178918363,0.780597942090582,0.7615261976713513,scored,1.834129726872567,19.0,XLV,True,8.563250007922683,0.0227286601760343,,no_data,0.0
2026-10-05,WT,299,1.0,1.113774699104673,1.1051935701441327,1.1154374956906128,1.1894403052939144,1.2979565289907269,scored,0.6531813815157763,19.0,XLF,True,0.9363763580116278,0.038297601554667805,,no_data,0.0
2026-10-05,WTFC,299,1.0,0.9682420937633527,0.9018521603454962,0.8137590417134744,0.786825966283097,0.9170060739075032,scored,0.9497713384250521,19.0,XLF,True,2.9437376487886966,0.020273675267139784,,no_data,0.0
2026-10-05,WTRG,299,1.0,0.8676425257239295,0.7684434550801347,0.7032720927199777,0.6315249305572895,0.5384207974298842,scored,-0.37932780967536417,19.0,XLU,True,0.791927206799043,0.02047911059733755,,no_data,0.0
2026-10-05,WTS,299,1.0,0.902904154354566,0.7602679349512479,0.8019396004565856,0.8131632926368763,0.8564342187385522,scored,1.0734039894832823,19.0,XLI,True,7.691015730654928,0.0212019730686559,,no_data,0.0
2026-10-05,WTTR,299,1.0,0.950495479281646,0.8510809735464246,0.7802328469894952,0.7487846648176043,0.5031947628669771,scored,0.057696946137880026,19.0,XLE,True,0.8634481775145573,0.04304327903861203,,no_data,0.0
2026-10-05,WTW,299,1.0,1.0112713274500342,1.0432414860322765,1.0454562813684862,1.0034100392498548,1.0354056650454442,scored,-1.6299703022351972,19.0,XLF,True,6.794782420798135,0.023583986743945486,,no_data,0.0
2026-10-05,WULF,299,1.0,1.0070792748941821,0.9810137594790382,0.9549682388380891,0.8290276915613297,0.676740317287843,scored,-1.544530822175808,19.0,XLK,True,1.0929428288273886,0.07389741912287956,,no_data,0.0
2026-10-05,WWD,299,1.0,1.0487983285085978,1.0420871080083358,0.9816257676130119,0.9397210924484399,0.9237343871891959,scored,0.8039031411858414,19.0,XLI,True,9.529191525426004,0.028619628560265512,,no_data,0.0
2026-10-05,WY,299,1.0,1.037300685602799,0.9664212378338357,0.9661240755948408,0.9796251900401896,1.0734544182495884,scored,-1.760811149227783,19.0,XLRE,True,0.5372023006931609,0.029053666884432717,,no_data,0.0
2026-10-05,WYFI,292,1.0,1.0405823147364328,1.0610098143054967,1.0503255228355504,0.9632195239943336,0.9766085124209036,scored,-0.840079425146712,19.0,XLK,True,1.5349718909243388,0.08791362490975595,,no_data,0.0
2026-10-05,WYNN,299,1.0,0.9128946286174402,0.8618875957501142,0.8490015787723648,0.8224346859465151,0.8200606538616624,scored,-1.605729889980234,19.0,XLY,True,2.6644314634740214,0.03452677806756539,,no_data,0.0
2026-10-05,XE,113,1.0,0.8463669193911206,0.8249797105888206,0.8074572132917641,0.678266046463232,0.8076321260338013,scored,-0.24531794367041163,19.0,SPY,False,1.1318177324123206,0.0785439092583151,,no_data,0.0
2026-10-05,XEL,299,1.0,0.9590066857450471,0.9505094334579062,0.9247846700062154,0.9466117107491753,0.9745621668855557,scored,-0.22231178930013307,19.0,XLU,True,1.306046811471323,0.018268944068699444,,no_data,0.0
2026-10-05,XENE,299,1.0,0.9867080099920951,0.9325199432224119,0.9164427744597717,0.9436090429534845,0.812463322358061,scored,-0.49517976012548554,19.0,XLV,True,2.3050808214115133,0.061354293889047465,,no_data,0.0
2026-10-05,XERS,293,1.0,0.9239789687294377,0.8842033952363784,0.7840660638435702,0.8034186067351883,0.8596854590308451,scored,-0.507626703708935,19.0,SPY,False,0.5666660886144829,0.05593939670429248,,no_data,0.0
2026-10-05,XMTR,299,1.0,0.9979547818842104,0.9738140906243642,0.921684346104685,0.8895915724660052,0.9587008852816225,scored,-0.5520564111669067,19.0,SPY,False,5.284021732855724,0.04906241163282937,,no_data,0.0
2026-10-05,XNCR,299,1.0,0.9598890473715185,0.9054138779764174,0.8107085985389703,0.8519011312691193,1.0594851368514828,scored,-0.5444050162448476,19.0,XLV,True,1.2597104467451188,0.04914984185505731,,no_data,0.0
2026-10-05,XOM,299,1.0,1.0031982685647745,0.9697658933299346,0.9596546283397726,0.9340027638160227,0.988284674076914,scored,1.0595314510526073,19.0,XLE,True,3.5147876650602834,0.021431632104026117,,no_data,0.0
2026-10-05,XP,299,1.0,0.8438162859740469,0.7599403576263792,0.770563378343605,0.7551638095126718,0.73562404883988,scored,1.5049854767010746,19.0,XLF,True,1.288373395124715,0.04576814902752096,,insufficient_history,2.0
2026-10-05,XPO,299,1.0,1.0051371519009602,0.9608550600528516,0.9365647374868199,0.897817003216996,0.8309019907922217,scored,-0.2576267210133649,19.0,SPY,False,6.420257258935615,0.035110233287409025,,no_data,0.0
2026-10-05,XRPN,295,1.0,1.6248370563803818,1.9321038969942304,1.7730135065437387,0.9730883606571875,0.6696158202704147,scored,1.1340342233457656,19.0,SPY,False,4.460835326468861,0.1154161792100611,,insufficient_history,2.0
2026-10-05,XYL,299,1.0,0.959945191709992,0.8824637454654434,0.786059048422037,0.6963113860461747,0.7303944958565873,scored,-1.0459491932623755,19.0,XLI,True,2.497832973954758,0.024388136828302657,,no_data,0.0
2026-10-05,XYZ,299,1.0,1.0353929086536362,1.0068852597673543,0.9378224276373991,0.9009788574810357,0.8188258654027532,scored,-0.5099374004579357,19.0,XLF,True,2.350589652117801,0.030835493271911332,,no_data,0.0
2026-10-05,YELP,299,1.0,1.0077775551258734,0.976647166007356,0.9982509479759805,1.088916243921694,1.1389335720755185,scored,-2.027077648274386,19.0,XLC,True,0.8740652627123344,0.04724677095742348,,no_data,0.0
2026-10-05,YETI,299,1.0,0.9746859046541937,0.9764349230661371,0.9548303620143737,0.8862382347504071,1.1307511610317897,scored,-0.26618025463251244,19.0,SPY,False,1.5227597517529667,0.037580447970211414,,no_data,0.0
2026-10-05,YOU,299,1.0,1.0600689282150106,1.1007426138162035,1.1375893946305826,1.0110978883525077,0.9657778900022203,scored,-1.1055491874790577,19.0,XLK,True,1.6329710511597655,0.039587176997812494,,no_data,0.0
2026-10-05,YPF,299,1.0,1.0343070668655865,1.001829298177676,0.997811068928552,1.070321829795658,1.1424752302375654,scored,-0.7094568192303137,19.0,XLE,True,1.80334045492774,0.035193997949409445,,no_data,0.0
2026-10-05,YUM,299,1.0,1.0258835457930484,1.0095444623885377,0.9732154259431418,0.7954631520769101,0.5654903677271251,scored,-1.0554594991962203,19.0,XLY,True,3.220371788876221,0.02351151192871593,,no_data,0.0
2026-10-05,YUMC,299,1.0,1.0277093123379994,1.0174746775760866,1.0329858171892097,1.0263070349930579,1.15774865150707,scored,-0.23702466961838978,19.0,XLY,True,0.7738957739549328,0.01922722419763808,,no_data,0.0
2026-10-05,Z,299,1.0,1.0567255742252604,1.0195709293432278,0.9177897127357669,0.9488468629386831,0.9265235854141116,scored,-1.3036804984268313,19.0,XLRE,True,1.2770510051551742,0.04659069701405232,,no_data,0.0
2026-10-05,ZBH,299,1.0,0.9557592469012666,0.9123362880536819,0.8964000842262404,0.9085699133472259,0.7230512053091155,scored,-1.349001611606936,19.0,XLV,True,2.6226510983690203,0.028640942430588845,,no_data,0.0
2026-10-05,ZBIO,299,1.0,1.0248400819999752,0.9505174038141584,0.9583836938280592,0.8074888035382525,0.8212806784518591,scored,-0.12451317431772244,19.0,XLV,True,1.9120554738664328,0.06870483197507844,,insufficient_history,1.0
2026-10-05,ZBRA,299,1.0,0.9469869300148162,0.9400338980928991,0.9518241260257038,1.0410919522993278,0.9499608023741557,scored,1.1136938835516381,19.0,SPY,False,10.420012827759393,0.02773788220135067,,no_data,0.0
2026-10-05,ZD,299,1.0,1.0559284720582227,1.0418278353322308,1.0294844265047198,0.8660785190713052,0.7563366118808849,scored,0.5055437531990459,19.0,XLC,True,1.614833400002651,0.028846613076145965,,no_data,0.0
2026-10-05,ZETA,299,1.0,0.9840999606667945,0.9845997302124416,0.9432961103744653,0.8966345307147428,0.6860554145922482,scored,0.32247124259669263,19.0,XLK,True,1.5075163176467326,0.045849036424778965,,insufficient_history,2.0
2026-10-05,ZG,299,1.0,1.0484245962745407,1.0108584932636857,0.9132660767896702,0.9249732510892479,0.933532765754317,scored,-1.413023307001223,19.0,XLRE,True,1.31465207293285,0.04673487639292037,,no_data,0.0
2026-10-05,ZIM,299,1.0,0.9789890125321725,0.9671101713847591,0.9461272703385287,0.8948295251338834,0.8191783938232372,scored,0.318658950757235,19.0,SPY,False,0.9486998649987964,0.03279294382989272,,insufficient_history,3.0
2026-10-05,ZION,299,1.0,0.9500644987896,0.853764000128581,0.7906768067078045,0.7889559984075479,0.8877395698250518,scored,0.6076584725220631,19.0,XLF,True,1.362100898828745,0.021524982598431497,,no_data,0.0
2026-10-05,ZLAB,299,1.0,1.0281153329934951,1.039029064929618,1.0728598358901191,1.1887958765856554,1.2693537089108298,scored,-0.13756617710414276,19.0,XLV,True,1.0966424636057772,0.04280415548812557,,no_data,0.0
2026-10-05,ZM,299,1.0,0.9430567831465891,0.9630957449160983,0.9311974753679961,0.9358788232596976,0.9763321147171901,scored,-0.8324346217331209,19.0,XLK,True,3.1272437777312994,0.03340358660255607,,no_data,0.0
2026-10-05,ZS,299,1.0,0.9831612857154476,0.8647093188435094,0.751081077838734,0.707507729882469,0.7827607593541248,scored,-0.007580945114785101,19.0,XLK,True,9.361514012526277,0.04639005952688938,,no_data,0.0
2026-10-05,ZTO,299,1.0,1.0055182699686034,0.9406627533108026,0.9987965041198569,1.1367260229889233,1.1415122267991908,scored,-0.5994390909414519,19.0,SPY,False,0.4038235160362074,0.02049865563635571,,no_data,0.0
2026-10-05,ZTS,299,1.0,1.0631258955501945,1.1690083745004,1.3015679806903542,1.3231205244308286,1.2492630805382297,scored,0.4114927819140654,19.0,XLV,True,1.921783775362622,0.026911969967268197,,no_data,0.0
2026-10-05,ZWS,299,1.0,0.8907365358777141,0.8498401557863078,0.8102839907378997,0.7154703483004236,0.7253880608787551,scored,-0.41342012700788233,19.0,SPY,False,1.0046855944697564,0.02093531140799659,,no_data,0.0
2026-10-05,ZYME,299,1.0,0.9564916424939514,0.8543826940751628,0.8123360475766876,0.8956033606579038,0.8651890957783616,scored,-0.9813128586911507,19.0,XLV,True,1.2285250679709536,0.04687237954868194,,no_data,0.0
