date,entry_session,sleeve,symbol,direction,structure,hold_days,exit_rule,evidence,deviations,inputs,conflict,status,entry_date,exit_date,stock_return,return_in_signal_direction
2026-07-14,2026-07-15,volume_reversal,IBM,bullish,long_call_or_call_debit_spread,1,exit at next session's close,"hypothesis: mechanism only (1993-98 data), no P&L ever measured","entry is next open, so part of the close-to-close effect the paper measures is missed; 'large' = top third by dollar volume (proxy for size/spread/coverage)","{""abnormal_move"": -0.255627, ""volume_vs_200d"": 10.42058, ""move_in_sd"": 8.395662}",False,closed,2026-07-15,2026-07-15,-0.044192519177245315,-0.044192519177245315
2026-07-14,2026-07-15,volume_reversal,C,bullish,long_call_or_call_debit_spread,1,exit at next session's close,"hypothesis: mechanism only (1993-98 data), no P&L ever measured","entry is next open, so part of the close-to-close effect the paper measures is missed; 'large' = top third by dollar volume (proxy for size/spread/coverage)","{""abnormal_move"": -0.056425, ""volume_vs_200d"": 2.400588, ""move_in_sd"": 3.956031}",False,closed,2026-07-15,2026-07-15,0.006041169451073802,0.006041169451073802
2026-07-14,2026-07-15,volume_reversal,ISRG,bullish,long_call_or_call_debit_spread,1,exit at next session's close,"hypothesis: mechanism only (1993-98 data), no P&L ever measured","entry is next open, so part of the close-to-close effect the paper measures is missed; 'large' = top third by dollar volume (proxy for size/spread/coverage)","{""abnormal_move"": -0.071393, ""volume_vs_200d"": 2.692028, ""move_in_sd"": 3.586577}",False,closed,2026-07-15,2026-07-15,0.027526086382248183,0.027526086382248183
2026-07-14,2026-07-15,volume_reversal,HCA,bullish,long_call_or_call_debit_spread,1,exit at next session's close,"hypothesis: mechanism only (1993-98 data), no P&L ever measured","entry is next open, so part of the close-to-close effect the paper measures is missed; 'large' = top third by dollar volume (proxy for size/spread/coverage)","{""abnormal_move"": -0.073009, ""volume_vs_200d"": 3.255885, ""move_in_sd"": 3.213104}",False,closed,2026-07-15,2026-07-15,0.04366391184573004,0.04366391184573004
2026-07-14,2026-07-15,volume_reversal,BIIB,bullish,long_call_or_call_debit_spread,1,exit at next session's close,"hypothesis: mechanism only (1993-98 data), no P&L ever measured","entry is next open, so part of the close-to-close effect the paper measures is missed; 'large' = top third by dollar volume (proxy for size/spread/coverage)","{""abnormal_move"": -0.085261, ""volume_vs_200d"": 2.576272, ""move_in_sd"": 2.893246}",False,closed,2026-07-15,2026-07-15,0.031536007530986954,0.031536007530986954
2026-07-14,2026-07-15,volume_reversal,GEHC,bullish,long_call_or_call_debit_spread,1,exit at next session's close,"hypothesis: mechanism only (1993-98 data), no P&L ever measured","entry is next open, so part of the close-to-close effect the paper measures is missed; 'large' = top third by dollar volume (proxy for size/spread/coverage)","{""abnormal_move"": -0.059438, ""volume_vs_200d"": 3.014444, ""move_in_sd"": 2.736535}",False,closed,2026-07-15,2026-07-15,0.020836698433209566,0.020836698433209566
2026-07-15,2026-07-16,volume_reversal,PNR,bullish,long_call_or_call_debit_spread,1,exit at next session's close,"hypothesis: mechanism only (1993-98 data), no P&L ever measured","entry is next open, so part of the close-to-close effect the paper measures is missed; 'large' = top third by dollar volume (proxy for size/spread/coverage)","{""abnormal_move"": -0.153937, ""volume_vs_200d"": 7.068577, ""move_in_sd"": 10.889791}",False,closed,2026-07-16,2026-07-16,0.03595647374231192,0.03595647374231192
2026-07-15,2026-07-16,volume_reversal,PYPL,bearish,long_put_or_put_debit_spread,1,exit at next session's close,"hypothesis: mechanism only (1993-98 data), no P&L ever measured","entry is next open, so part of the close-to-close effect the paper measures is missed; 'large' = top third by dollar volume (proxy for size/spread/coverage)","{""abnormal_move"": 0.168086, ""volume_vs_200d"": 4.948486, ""move_in_sd"": 7.355542}",False,closed,2026-07-16,2026-07-16,0.02382241472658375,-0.02382241472658375
2026-07-15,2026-07-16,volume_reversal,BLK,bearish,long_put_or_put_debit_spread,1,exit at next session's close,"hypothesis: mechanism only (1993-98 data), no P&L ever measured","entry is next open, so part of the close-to-close effect the paper measures is missed; 'large' = top third by dollar volume (proxy for size/spread/coverage)","{""abnormal_move"": 0.06231, ""volume_vs_200d"": 2.136786, ""move_in_sd"": 3.805013}",False,closed,2026-07-16,2026-07-16,-0.021504311663996356,0.021504311663996356
2026-07-15,2026-07-16,volume_reversal,PGR,bullish,long_call_or_call_debit_spread,1,exit at next session's close,"hypothesis: mechanism only (1993-98 data), no P&L ever measured","entry is next open, so part of the close-to-close effect the paper measures is missed; 'large' = top third by dollar volume (proxy for size/spread/coverage)","{""abnormal_move"": -0.098235, ""volume_vs_200d"": 2.175492, ""move_in_sd"": 3.728474}",False,closed,2026-07-16,2026-07-16,0.0014598540145986938,0.0014598540145986938
2026-07-15,2026-07-16,volume_reversal,ELV,bullish,long_call_or_call_debit_spread,1,exit at next session's close,"hypothesis: mechanism only (1993-98 data), no P&L ever measured","entry is next open, so part of the close-to-close effect the paper measures is missed; 'large' = top third by dollar volume (proxy for size/spread/coverage)","{""abnormal_move"": -0.089392, ""volume_vs_200d"": 2.225589, ""move_in_sd"": 3.382718}",False,closed,2026-07-16,2026-07-16,-0.05463995943204858,-0.05463995943204858
2026-07-15,2026-07-16,volume_reversal,AEHR,bearish,long_put_or_put_debit_spread,1,exit at next session's close,"hypothesis: mechanism only (1993-98 data), no P&L ever measured","entry is next open, so part of the close-to-close effect the paper measures is missed; 'large' = top third by dollar volume (proxy for size/spread/coverage)","{""abnormal_move"": 0.215173, ""volume_vs_200d"": 6.772773, ""move_in_sd"": 2.965519}",False,closed,2026-07-16,2026-07-16,-0.008712032022604177,0.008712032022604177
2026-07-15,2026-07-16,volume_reversal,BNY,bearish,long_put_or_put_debit_spread,1,exit at next session's close,"hypothesis: mechanism only (1993-98 data), no P&L ever measured","entry is next open, so part of the close-to-close effect the paper measures is missed; 'large' = top third by dollar volume (proxy for size/spread/coverage)","{""abnormal_move"": 0.046845, ""volume_vs_200d"": 2.190261, ""move_in_sd"": 2.711963}",False,closed,2026-07-16,2026-07-16,-0.011612903225806326,0.011612903225806326
2026-07-16,2026-07-17,volume_reversal,JBHT,bearish,long_put_or_put_debit_spread,1,exit at next session's close,"hypothesis: mechanism only (1993-98 data), no P&L ever measured","entry is next open, so part of the close-to-close effect the paper measures is missed; 'large' = top third by dollar volume (proxy for size/spread/coverage)","{""abnormal_move"": 0.085518, ""volume_vs_200d"": 2.18942, ""move_in_sd"": 5.061585}",False,closed,2026-07-17,2026-07-17,-0.01680218630857977,0.01680218630857977
2026-07-16,2026-07-17,volume_reversal,ABT,bearish,long_put_or_put_debit_spread,1,exit at next session's close,"hypothesis: mechanism only (1993-98 data), no P&L ever measured","entry is next open, so part of the close-to-close effect the paper measures is missed; 'large' = top third by dollar volume (proxy for size/spread/coverage)","{""abnormal_move"": 0.112509, ""volume_vs_200d"": 3.209733, ""move_in_sd"": 4.99973}",False,closed,2026-07-17,2026-07-17,-0.00316831683168306,0.00316831683168306
2026-07-16,2026-07-17,volume_reversal,IR,bearish,long_put_or_put_debit_spread,1,exit at next session's close,"hypothesis: mechanism only (1993-98 data), no P&L ever measured","entry is next open, so part of the close-to-close effect the paper measures is missed; 'large' = top third by dollar volume (proxy for size/spread/coverage)","{""abnormal_move"": 0.076685, ""volume_vs_200d"": 2.328994, ""move_in_sd"": 4.705752}",False,closed,2026-07-17,2026-07-17,-0.014853857211308163,0.014853857211308163
2026-07-16,2026-07-17,volume_reversal,BTI,bearish,long_put_or_put_debit_spread,1,exit at next session's close,"hypothesis: mechanism only (1993-98 data), no P&L ever measured","entry is next open, so part of the close-to-close effect the paper measures is missed; 'large' = top third by dollar volume (proxy for size/spread/coverage)","{""abnormal_move"": 0.080849, ""volume_vs_200d"": 2.271794, ""move_in_sd"": 4.453061}",False,closed,2026-07-17,2026-07-17,0.0,-0.0
2026-07-16,2026-07-17,volume_reversal,CFG,bearish,long_put_or_put_debit_spread,1,exit at next session's close,"hypothesis: mechanism only (1993-98 data), no P&L ever measured","entry is next open, so part of the close-to-close effect the paper measures is missed; 'large' = top third by dollar volume (proxy for size/spread/coverage)","{""abnormal_move"": 0.051538, ""volume_vs_200d"": 2.021643, ""move_in_sd"": 3.25208}",False,closed,2026-07-17,2026-07-17,-0.02030044660982544,0.02030044660982544
2026-07-17,2026-07-20,volume_reversal,CDNS,bullish,long_call_or_call_debit_spread,1,exit at next session's close,"hypothesis: mechanism only (1993-98 data), no P&L ever measured","entry is next open, so part of the close-to-close effect the paper measures is missed; 'large' = top third by dollar volume (proxy for size/spread/coverage)","{""abnormal_move"": -0.084824, ""volume_vs_200d"": 2.371869, ""move_in_sd"": 5.61005}",False,closed,2026-07-20,2026-07-20,-0.00927872199867863,-0.00927872199867863
2026-07-17,2026-07-20,volume_reversal,TRV,bearish,long_put_or_put_debit_spread,1,exit at next session's close,"hypothesis: mechanism only (1993-98 data), no P&L ever measured","entry is next open, so part of the close-to-close effect the paper measures is missed; 'large' = top third by dollar volume (proxy for size/spread/coverage)","{""abnormal_move"": 0.102136, ""volume_vs_200d"": 2.806195, ""move_in_sd"": 5.449942}",False,closed,2026-07-20,2026-07-20,0.00244831338411311,-0.00244831338411311
2026-07-17,2026-07-20,volume_reversal,ISRG,bullish,long_call_or_call_debit_spread,1,exit at next session's close,"hypothesis: mechanism only (1993-98 data), no P&L ever measured","entry is next open, so part of the close-to-close effect the paper measures is missed; 'large' = top third by dollar volume (proxy for size/spread/coverage)","{""abnormal_move"": -0.131554, ""volume_vs_200d"": 5.315028, ""move_in_sd"": 4.767146}",False,closed,2026-07-20,2026-07-20,0.017751649808362968,0.017751649808362968
2026-07-17,2026-07-20,volume_reversal,SNPS,bullish,long_call_or_call_debit_spread,1,exit at next session's close,"hypothesis: mechanism only (1993-98 data), no P&L ever measured","entry is next open, so part of the close-to-close effect the paper measures is missed; 'large' = top third by dollar volume (proxy for size/spread/coverage)","{""abnormal_move"": -0.068646, ""volume_vs_200d"": 2.433389, ""move_in_sd"": 3.513169}",False,closed,2026-07-20,2026-07-20,-0.009267015706806325,-0.009267015706806325
2026-07-20,2026-07-21,volume_reversal,HDB,bullish,long_call_or_call_debit_spread,1,exit at next session's close,"hypothesis: mechanism only (1993-98 data), no P&L ever measured","entry is next open, so part of the close-to-close effect the paper measures is missed; 'large' = top third by dollar volume (proxy for size/spread/coverage)","{""abnormal_move"": -0.103768, ""volume_vs_200d"": 3.76772, ""move_in_sd"": 5.713882}",False,closed,2026-07-21,2026-07-21,0.007643312101910826,0.007643312101910826
2026-07-20,2026-07-21,volume_reversal,IREN,bearish,long_put_or_put_debit_spread,1,exit at next session's close,"hypothesis: mechanism only (1993-98 data), no P&L ever measured","entry is next open, so part of the close-to-close effect the paper measures is missed; 'large' = top third by dollar volume (proxy for size/spread/coverage)","{""abnormal_move"": 0.197331, ""volume_vs_200d"": 2.270736, ""move_in_sd"": 3.621966}",False,closed,2026-07-21,2026-07-21,0.009288682473722831,-0.009288682473722831
2026-07-21,2026-07-22,volume_reversal,DHR,bullish,long_call_or_call_debit_spread,1,exit at next session's close,"hypothesis: mechanism only (1993-98 data), no P&L ever measured","entry is next open, so part of the close-to-close effect the paper measures is missed; 'large' = top third by dollar volume (proxy for size/spread/coverage)","{""abnormal_move"": -0.118231, ""volume_vs_200d"": 6.73636, ""move_in_sd"": 5.487844}",False,closed,2026-07-22,2026-07-22,0.0037541323471730337,0.0037541323471730337
2026-07-21,2026-07-22,volume_reversal,MSCI,bullish,long_call_or_call_debit_spread,1,exit at next session's close,"hypothesis: mechanism only (1993-98 data), no P&L ever measured","entry is next open, so part of the close-to-close effect the paper measures is missed; 'large' = top third by dollar volume (proxy for size/spread/coverage)","{""abnormal_move"": -0.109715, ""volume_vs_200d"": 3.176559, ""move_in_sd"": 4.788733}",False,closed,2026-07-22,2026-07-22,0.028720203239581465,0.028720203239581465
2026-07-21,2026-07-22,volume_reversal,MMM,bearish,long_put_or_put_debit_spread,1,exit at next session's close,"hypothesis: mechanism only (1993-98 data), no P&L ever measured","entry is next open, so part of the close-to-close effect the paper measures is missed; 'large' = top third by dollar volume (proxy for size/spread/coverage)","{""abnormal_move"": 0.064878, ""volume_vs_200d"": 3.058035, ""move_in_sd"": 4.504255}",False,closed,2026-07-22,2026-07-22,-0.007497820401046296,0.007497820401046296
2026-07-21,2026-07-22,volume_reversal,HAS,bearish,long_put_or_put_debit_spread,1,exit at next session's close,"hypothesis: mechanism only (1993-98 data), no P&L ever measured","entry is next open, so part of the close-to-close effect the paper measures is missed; 'large' = top third by dollar volume (proxy for size/spread/coverage)","{""abnormal_move"": 0.079782, ""volume_vs_200d"": 4.236461, ""move_in_sd"": 4.489016}",False,closed,2026-07-22,2026-07-22,0.0013495276653172628,-0.0013495276653172628
2026-07-21,2026-07-22,volume_reversal,AEHR,bearish,long_put_or_put_debit_spread,1,exit at next session's close,"hypothesis: mechanism only (1993-98 data), no P&L ever measured","entry is next open, so part of the close-to-close effect the paper measures is missed; 'large' = top third by dollar volume (proxy for size/spread/coverage)","{""abnormal_move"": 0.270226, ""volume_vs_200d"": 2.600966, ""move_in_sd"": 3.224671}",False,closed,2026-07-22,2026-07-22,-0.03187745808321252,0.03187745808321252
2026-07-21,2026-07-22,volume_reversal,HAL,bullish,long_call_or_call_debit_spread,1,exit at next session's close,"hypothesis: mechanism only (1993-98 data), no P&L ever measured","entry is next open, so part of the close-to-close effect the paper measures is missed; 'large' = top third by dollar volume (proxy for size/spread/coverage)","{""abnormal_move"": -0.063027, ""volume_vs_200d"": 2.606814, ""move_in_sd"": 3.100919}",False,closed,2026-07-22,2026-07-22,-0.01579261025029799,-0.01579261025029799
2026-07-22,2026-07-23,volume_reversal,WAB,bearish,long_put_or_put_debit_spread,1,exit at next session's close,"hypothesis: mechanism only (1993-98 data), no P&L ever measured","entry is next open, so part of the close-to-close effect the paper measures is missed; 'large' = top third by dollar volume (proxy for size/spread/coverage)","{""abnormal_move"": 0.101607, ""volume_vs_200d"": 3.663192, ""move_in_sd"": 6.348237}",False,closed,2026-07-23,2026-07-23,0.015298126064736017,-0.015298126064736017
2026-07-22,2026-07-23,volume_reversal,ARWR,bearish,long_put_or_put_debit_spread,1,exit at next session's close,"hypothesis: mechanism only (1993-98 data), no P&L ever measured","entry is next open, so part of the close-to-close effect the paper measures is missed; 'large' = top third by dollar volume (proxy for size/spread/coverage)","{""abnormal_move"": 0.191447, ""volume_vs_200d"": 2.884605, ""move_in_sd"": 6.069333}",False,closed,2026-07-23,2026-07-23,-0.021866546438232604,0.021866546438232604
2026-07-22,2026-07-23,volume_reversal,SMCI,bearish,long_put_or_put_debit_spread,1,exit at next session's close,"hypothesis: mechanism only (1993-98 data), no P&L ever measured","entry is next open, so part of the close-to-close effect the paper measures is missed; 'large' = top third by dollar volume (proxy for size/spread/coverage)","{""abnormal_move"": 0.199594, ""volume_vs_200d"": 4.299399, ""move_in_sd"": 4.932779}",False,closed,2026-07-23,2026-07-23,0.028684470820969477,-0.028684470820969477
2026-07-22,2026-07-23,volume_reversal,EQT,bearish,long_put_or_put_debit_spread,1,exit at next session's close,"hypothesis: mechanism only (1993-98 data), no P&L ever measured","entry is next open, so part of the close-to-close effect the paper measures is missed; 'large' = top third by dollar volume (proxy for size/spread/coverage)","{""abnormal_move"": 0.085701, ""volume_vs_200d"": 2.139246, ""move_in_sd"": 4.913102}",False,closed,2026-07-23,2026-07-23,-0.01838573267144694,0.01838573267144694
2026-07-22,2026-07-23,volume_reversal,PATH,bullish,long_call_or_call_debit_spread,1,exit at next session's close,"hypothesis: mechanism only (1993-98 data), no P&L ever measured","entry is next open, so part of the close-to-close effect the paper measures is missed; 'large' = top third by dollar volume (proxy for size/spread/coverage)","{""abnormal_move"": -0.110133, ""volume_vs_200d"": 2.868195, ""move_in_sd"": 4.368861}",False,closed,2026-07-23,2026-07-23,-0.05292479108635095,-0.05292479108635095
2026-07-22,2026-07-23,volume_reversal,TEL,bullish,long_call_or_call_debit_spread,1,exit at next session's close,"hypothesis: mechanism only (1993-98 data), no P&L ever measured","entry is next open, so part of the close-to-close effect the paper measures is missed; 'large' = top third by dollar volume (proxy for size/spread/coverage)","{""abnormal_move"": -0.040606, ""volume_vs_200d"": 3.859097, ""move_in_sd"": 3.197542}",False,closed,2026-07-23,2026-07-23,0.0034324365251627853,0.0034324365251627853
2026-07-23,2026-07-24,volume_reversal,ALLE,bearish,long_put_or_put_debit_spread,1,exit at next session's close,"hypothesis: mechanism only (1993-98 data), no P&L ever measured","entry is next open, so part of the close-to-close effect the paper measures is missed; 'large' = top third by dollar volume (proxy for size/spread/coverage)","{""abnormal_move"": 0.116815, ""volume_vs_200d"": 4.151496, ""move_in_sd"": 6.625916}",False,closed,2026-07-24,2026-07-24,0.0072906403940886655,-0.0072906403940886655
2026-07-23,2026-07-24,volume_reversal,MEDP,bearish,long_put_or_put_debit_spread,1,exit at next session's close,"hypothesis: mechanism only (1993-98 data), no P&L ever measured","entry is next open, so part of the close-to-close effect the paper measures is missed; 'large' = top third by dollar volume (proxy for size/spread/coverage)","{""abnormal_move"": 0.159475, ""volume_vs_200d"": 3.555933, ""move_in_sd"": 6.464758}",False,closed,2026-07-24,2026-07-24,-0.017465322593821053,0.017465322593821053
2026-07-23,2026-07-24,volume_reversal,LMT,bearish,long_put_or_put_debit_spread,1,exit at next session's close,"hypothesis: mechanism only (1993-98 data), no P&L ever measured","entry is next open, so part of the close-to-close effect the paper measures is missed; 'large' = top third by dollar volume (proxy for size/spread/coverage)","{""abnormal_move"": 0.117781, ""volume_vs_200d"": 2.201395, ""move_in_sd"": 6.083445}",False,closed,2026-07-24,2026-07-24,0.024639898696776186,-0.024639898696776186
2026-07-23,2026-07-24,volume_reversal,DGX,bearish,long_put_or_put_debit_spread,1,exit at next session's close,"hypothesis: mechanism only (1993-98 data), no P&L ever measured","entry is next open, so part of the close-to-close effect the paper measures is missed; 'large' = top third by dollar volume (proxy for size/spread/coverage)","{""abnormal_move"": 0.098467, ""volume_vs_200d"": 3.814912, ""move_in_sd"": 5.357115}",False,closed,2026-07-24,2026-07-24,-0.000614035087719289,0.000614035087719289
2026-07-23,2026-07-24,volume_reversal,CLF,bearish,long_put_or_put_debit_spread,1,exit at next session's close,"hypothesis: mechanism only (1993-98 data), no P&L ever measured","entry is next open, so part of the close-to-close effect the paper measures is missed; 'large' = top third by dollar volume (proxy for size/spread/coverage)","{""abnormal_move"": 0.172138, ""volume_vs_200d"": 3.308525, ""move_in_sd"": 5.354717}",False,closed,2026-07-24,2026-07-24,0.052956751985878237,-0.052956751985878237
2026-07-23,2026-07-24,volume_reversal,URI,bearish,long_put_or_put_debit_spread,1,exit at next session's close,"hypothesis: mechanism only (1993-98 data), no P&L ever measured","entry is next open, so part of the close-to-close effect the paper measures is missed; 'large' = top third by dollar volume (proxy for size/spread/coverage)","{""abnormal_move"": 0.113455, ""volume_vs_200d"": 2.014642, ""move_in_sd"": 5.332956}",False,closed,2026-07-24,2026-07-24,0.008649938151616965,-0.008649938151616965
2026-07-23,2026-07-24,volume_reversal,TMO,bearish,long_put_or_put_debit_spread,1,exit at next session's close,"hypothesis: mechanism only (1993-98 data), no P&L ever measured","entry is next open, so part of the close-to-close effect the paper measures is missed; 'large' = top third by dollar volume (proxy for size/spread/coverage)","{""abnormal_move"": 0.099459, ""volume_vs_200d"": 2.730754, ""move_in_sd"": 5.099897}",False,closed,2026-07-24,2026-07-24,-0.003052631578947418,0.003052631578947418
2026-07-23,2026-07-24,volume_reversal,CSX,bearish,long_put_or_put_debit_spread,1,exit at next session's close,"hypothesis: mechanism only (1993-98 data), no P&L ever measured","entry is next open, so part of the close-to-close effect the paper measures is missed; 'large' = top third by dollar volume (proxy for size/spread/coverage)","{""abnormal_move"": 0.07003, ""volume_vs_200d"": 2.238708, ""move_in_sd"": 4.974686}",False,closed,2026-07-24,2026-07-24,0.008717074095129673,-0.008717074095129673
2026-07-23,2026-07-24,volume_reversal,STM,bullish,long_call_or_call_debit_spread,1,exit at next session's close,"hypothesis: mechanism only (1993-98 data), no P&L ever measured","entry is next open, so part of the close-to-close effect the paper measures is missed; 'large' = top third by dollar volume (proxy for size/spread/coverage)","{""abnormal_move"": -0.174362, ""volume_vs_200d"": 3.575049, ""move_in_sd"": 4.940477}",False,closed,2026-07-24,2026-07-24,-0.05292171995589856,-0.05292171995589856
2026-07-23,2026-07-24,volume_reversal,NSC,bearish,long_put_or_put_debit_spread,1,exit at next session's close,"hypothesis: mechanism only (1993-98 data), no P&L ever measured","entry is next open, so part of the close-to-close effect the paper measures is missed; 'large' = top third by dollar volume (proxy for size/spread/coverage)","{""abnormal_move"": 0.065561, ""volume_vs_200d"": 2.225733, ""move_in_sd"": 4.783982}",False,closed,2026-07-24,2026-07-24,-0.0026451264256661666,0.0026451264256661666
2026-07-24,2026-07-27,volume_reversal,THC,bearish,long_put_or_put_debit_spread,1,exit at next session's close,"hypothesis: mechanism only (1993-98 data), no P&L ever measured","entry is next open, so part of the close-to-close effect the paper measures is missed; 'large' = top third by dollar volume (proxy for size/spread/coverage)","{""abnormal_move"": 0.170726, ""volume_vs_200d"": 3.977712, ""move_in_sd"": 5.678014}",False,closed,2026-07-27,2026-07-27,0.0204629319020464,-0.0204629319020464
2026-07-24,2026-07-27,volume_reversal,DLR,bearish,long_put_or_put_debit_spread,1,exit at next session's close,"hypothesis: mechanism only (1993-98 data), no P&L ever measured","entry is next open, so part of the close-to-close effect the paper measures is missed; 'large' = top third by dollar volume (proxy for size/spread/coverage)","{""abnormal_move"": 0.109054, ""volume_vs_200d"": 4.852973, ""move_in_sd"": 5.36283}",False,closed,2026-07-27,2026-07-27,-0.02144463884029002,0.02144463884029002
2026-07-24,2026-07-27,volume_reversal,VRSN,bearish,long_put_or_put_debit_spread,1,exit at next session's close,"hypothesis: mechanism only (1993-98 data), no P&L ever measured","entry is next open, so part of the close-to-close effect the paper measures is missed; 'large' = top third by dollar volume (proxy for size/spread/coverage)","{""abnormal_move"": 0.069402, ""volume_vs_200d"": 2.458236, ""move_in_sd"": 3.632679}",False,closed,2026-07-27,2026-07-27,-0.03500825169423094,0.03500825169423094
2026-07-24,2026-07-27,volume_reversal,SAP,bearish,long_put_or_put_debit_spread,1,exit at next session's close,"hypothesis: mechanism only (1993-98 data), no P&L ever measured","entry is next open, so part of the close-to-close effect the paper measures is missed; 'large' = top third by dollar volume (proxy for size/spread/coverage)","{""abnormal_move"": 0.092029, ""volume_vs_200d"": 2.3387, ""move_in_sd"": 3.413402}",False,closed,2026-07-27,2026-07-27,0.006651754179420655,-0.006651754179420655
2026-07-24,2026-07-27,volume_reversal,AXP,bullish,long_call_or_call_debit_spread,1,exit at next session's close,"hypothesis: mechanism only (1993-98 data), no P&L ever measured","entry is next open, so part of the close-to-close effect the paper measures is missed; 'large' = top third by dollar volume (proxy for size/spread/coverage)","{""abnormal_move"": -0.044057, ""volume_vs_200d"": 2.049211, ""move_in_sd"": 2.887079}",False,closed,2026-07-27,2026-07-27,0.01173453996983409,0.01173453996983409
2026-07-28,2026-07-29,volume_reversal,IQV,bearish,long_put_or_put_debit_spread,1,exit at next session's close,"hypothesis: mechanism only (1993-98 data), no P&L ever measured","entry is next open, so part of the close-to-close effect the paper measures is missed; 'large' = top third by dollar volume (proxy for size/spread/coverage)","{""abnormal_move"": 0.136992, ""volume_vs_200d"": 2.989139, ""move_in_sd"": 6.210755}",False,closed,2026-07-29,2026-07-29,0.023863683361594834,-0.023863683361594834
2026-07-28,2026-07-29,volume_reversal,INCY,bearish,long_put_or_put_debit_spread,1,exit at next session's close,"hypothesis: mechanism only (1993-98 data), no P&L ever measured","entry is next open, so part of the close-to-close effect the paper measures is missed; 'large' = top third by dollar volume (proxy for size/spread/coverage)","{""abnormal_move"": 0.090648, ""volume_vs_200d"": 3.105237, ""move_in_sd"": 6.004263}",False,closed,2026-07-29,2026-07-29,-0.013734771475130025,0.013734771475130025
2026-07-28,2026-07-29,volume_reversal,CARR,bullish,long_call_or_call_debit_spread,1,exit at next session's close,"hypothesis: mechanism only (1993-98 data), no P&L ever measured","entry is next open, so part of the close-to-close effect the paper measures is missed; 'large' = top third by dollar volume (proxy for size/spread/coverage)","{""abnormal_move"": -0.09139, ""volume_vs_200d"": 2.354633, ""move_in_sd"": 5.511275}",False,closed,2026-07-29,2026-07-29,-0.03804784074490286,-0.03804784074490286
2026-07-28,2026-07-29,volume_reversal,UL,bearish,long_put_or_put_debit_spread,1,exit at next session's close,"hypothesis: mechanism only (1993-98 data), no P&L ever measured","entry is next open, so part of the close-to-close effect the paper measures is missed; 'large' = top third by dollar volume (proxy for size/spread/coverage)","{""abnormal_move"": 0.087225, ""volume_vs_200d"": 3.667727, ""move_in_sd"": 4.976574}",False,closed,2026-07-29,2026-07-29,0.01041028781383968,-0.01041028781383968
2026-07-28,2026-07-29,volume_reversal,AMKR,bullish,long_call_or_call_debit_spread,1,exit at next session's close,"hypothesis: mechanism only (1993-98 data), no P&L ever measured","entry is next open, so part of the close-to-close effect the paper measures is missed; 'large' = top third by dollar volume (proxy for size/spread/coverage)","{""abnormal_move"": -0.249801, ""volume_vs_200d"": 4.544486, ""move_in_sd"": 4.816573}",False,closed,2026-07-29,2026-07-29,-0.07350390286209885,-0.07350390286209885
2026-07-28,2026-07-29,volume_reversal,UPS,bullish,long_call_or_call_debit_spread,1,exit at next session's close,"hypothesis: mechanism only (1993-98 data), no P&L ever measured","entry is next open, so part of the close-to-close effect the paper measures is missed; 'large' = top third by dollar volume (proxy for size/spread/coverage)","{""abnormal_move"": -0.068088, ""volume_vs_200d"": 2.307287, ""move_in_sd"": 3.704716}",False,closed,2026-07-29,2026-07-29,-0.004569687738004591,-0.004569687738004591
2026-07-28,2026-07-29,volume_reversal,STRL,bullish,long_call_or_call_debit_spread,1,exit at next session's close,"hypothesis: mechanism only (1993-98 data), no P&L ever measured","entry is next open, so part of the close-to-close effect the paper measures is missed; 'large' = top third by dollar volume (proxy for size/spread/coverage)","{""abnormal_move"": -0.154515, ""volume_vs_200d"": 4.386481, ""move_in_sd"": 3.459589}",False,closed,2026-07-29,2026-07-29,-0.09522937795189101,-0.09522937795189101
2026-07-28,2026-07-29,volume_reversal,TRU,bearish,long_put_or_put_debit_spread,1,exit at next session's close,"hypothesis: mechanism only (1993-98 data), no P&L ever measured","entry is next open, so part of the close-to-close effect the paper measures is missed; 'large' = top third by dollar volume (proxy for size/spread/coverage)","{""abnormal_move"": 0.082535, ""volume_vs_200d"": 2.45814, ""move_in_sd"": 3.316706}",False,closed,2026-07-29,2026-07-29,-0.013316049964647636,0.013316049964647636
2026-07-28,2026-07-29,volume_reversal,HCA,bearish,long_put_or_put_debit_spread,1,exit at next session's close,"hypothesis: mechanism only (1993-98 data), no P&L ever measured","entry is next open, so part of the close-to-close effect the paper measures is missed; 'large' = top third by dollar volume (proxy for size/spread/coverage)","{""abnormal_move"": 0.070933, ""volume_vs_200d"": 2.177808, ""move_in_sd"": 2.594068}",False,closed,2026-07-29,2026-07-29,-0.02374973093205135,0.02374973093205135
2026-07-29,2026-07-30,volume_reversal,LII,bullish,long_call_or_call_debit_spread,1,exit at next session's close,"hypothesis: mechanism only (1993-98 data), no P&L ever measured","entry is next open, so part of the close-to-close effect the paper measures is missed; 'large' = top third by dollar volume (proxy for size/spread/coverage)","{""abnormal_move"": -0.194294, ""volume_vs_200d"": 4.107416, ""move_in_sd"": 11.804556}",False,closed,2026-07-30,2026-07-30,-0.029208623055277827,-0.029208623055277827
2026-07-29,2026-07-30,volume_reversal,GRMN,bearish,long_put_or_put_debit_spread,1,exit at next session's close,"hypothesis: mechanism only (1993-98 data), no P&L ever measured","entry is next open, so part of the close-to-close effect the paper measures is missed; 'large' = top third by dollar volume (proxy for size/spread/coverage)","{""abnormal_move"": 0.177737, ""volume_vs_200d"": 3.953124, ""move_in_sd"": 8.963371}",False,closed,2026-07-30,2026-07-30,0.015667667941015928,-0.015667667941015928
2026-07-29,2026-07-30,volume_reversal,GEHC,bearish,long_put_or_put_debit_spread,1,exit at next session's close,"hypothesis: mechanism only (1993-98 data), no P&L ever measured","entry is next open, so part of the close-to-close effect the paper measures is missed; 'large' = top third by dollar volume (proxy for size/spread/coverage)","{""abnormal_move"": 0.136897, ""volume_vs_200d"": 3.616075, ""move_in_sd"": 5.352121}",False,closed,2026-07-30,2026-07-30,-0.020036429872495543,0.020036429872495543
2026-07-29,2026-07-30,volume_reversal,MAS,bullish,long_call_or_call_debit_spread,1,exit at next session's close,"hypothesis: mechanism only (1993-98 data), no P&L ever measured","entry is next open, so part of the close-to-close effect the paper measures is missed; 'large' = top third by dollar volume (proxy for size/spread/coverage)","{""abnormal_move"": -0.095506, ""volume_vs_200d"": 3.539148, ""move_in_sd"": 5.03181}",False,closed,2026-07-30,2026-07-30,0.009378499440089616,0.009378499440089616
2026-07-29,2026-07-30,volume_reversal,VRT,bullish,long_call_or_call_debit_spread,1,exit at next session's close,"hypothesis: mechanism only (1993-98 data), no P&L ever measured","entry is next open, so part of the close-to-close effect the paper measures is missed; 'large' = top third by dollar volume (proxy for size/spread/coverage)","{""abnormal_move"": -0.15719, ""volume_vs_200d"": 3.097198, ""move_in_sd"": 4.039408}",False,closed,2026-07-30,2026-07-30,-0.04089376053962901,-0.04089376053962901
2026-07-29,2026-07-30,volume_reversal,CTSH,bearish,long_put_or_put_debit_spread,1,exit at next session's close,"hypothesis: mechanism only (1993-98 data), no P&L ever measured","entry is next open, so part of the close-to-close effect the paper measures is missed; 'large' = top third by dollar volume (proxy for size/spread/coverage)","{""abnormal_move"": 0.12789, ""volume_vs_200d"": 2.526696, ""move_in_sd"": 3.767607}",False,closed,2026-07-30,2026-07-30,0.0007984847359430169,-0.0007984847359430169
2026-07-29,2026-07-30,volume_reversal,MOD,bullish,long_call_or_call_debit_spread,1,exit at next session's close,"hypothesis: mechanism only (1993-98 data), no P&L ever measured","entry is next open, so part of the close-to-close effect the paper measures is missed; 'large' = top third by dollar volume (proxy for size/spread/coverage)","{""abnormal_move"": -0.128898, ""volume_vs_200d"": 3.73729, ""move_in_sd"": 3.086053}",False,closed,2026-07-30,2026-07-30,0.0032076155000257955,0.0032076155000257955
2026-07-29,2026-07-30,volume_reversal,LFUS,bearish,long_put_or_put_debit_spread,1,exit at next session's close,"hypothesis: mechanism only (1993-98 data), no P&L ever measured","entry is next open, so part of the close-to-close effect the paper measures is missed; 'large' = top third by dollar volume (proxy for size/spread/coverage)","{""abnormal_move"": 0.062371, ""volume_vs_200d"": 3.134937, ""move_in_sd"": 3.080399}",False,closed,2026-07-30,2026-07-30,0.01125652054543802,-0.01125652054543802
2026-07-29,2026-07-30,volume_reversal,SOFI,bullish,long_call_or_call_debit_spread,1,exit at next session's close,"hypothesis: mechanism only (1993-98 data), no P&L ever measured","entry is next open, so part of the close-to-close effect the paper measures is missed; 'large' = top third by dollar volume (proxy for size/spread/coverage)","{""abnormal_move"": -0.073621, ""volume_vs_200d"": 2.818524, ""move_in_sd"": 3.018192}",False,closed,2026-07-30,2026-07-30,0.07506527415143593,0.07506527415143593
2026-07-29,2026-07-30,volume_reversal,CCI,bearish,long_put_or_put_debit_spread,1,exit at next session's close,"hypothesis: mechanism only (1993-98 data), no P&L ever measured","entry is next open, so part of the close-to-close effect the paper measures is missed; 'large' = top third by dollar volume (proxy for size/spread/coverage)","{""abnormal_move"": 0.05948, ""volume_vs_200d"": 2.021675, ""move_in_sd"": 2.752163}",False,closed,2026-07-30,2026-07-30,-0.02273598160684631,0.02273598160684631
2026-07-30,2026-07-31,volume_reversal,ALNY,bullish,long_call_or_call_debit_spread,1,exit at next session's close,"hypothesis: mechanism only (1993-98 data), no P&L ever measured","entry is next open, so part of the close-to-close effect the paper measures is missed; 'large' = top third by dollar volume (proxy for size/spread/coverage)","{""abnormal_move"": -0.299858, ""volume_vs_200d"": 7.576412, ""move_in_sd"": 11.052368}",False,closed,2026-07-31,2026-07-31,0.0002920276452837989,0.0002920276452837989
2026-07-30,2026-07-31,volume_reversal,EME,bearish,long_put_or_put_debit_spread,1,exit at next session's close,"hypothesis: mechanism only (1993-98 data), no P&L ever measured","entry is next open, so part of the close-to-close effect the paper measures is missed; 'large' = top third by dollar volume (proxy for size/spread/coverage)","{""abnormal_move"": 0.176385, ""volume_vs_200d"": 2.147558, ""move_in_sd"": 8.685739}",False,closed,2026-07-31,2026-07-31,-0.04943378233400886,0.04943378233400886
2026-07-30,2026-07-31,volume_reversal,MSFT,bearish,long_put_or_put_debit_spread,1,exit at next session's close,"hypothesis: mechanism only (1993-98 data), no P&L ever measured","entry is next open, so part of the close-to-close effect the paper measures is missed; 'large' = top third by dollar volume (proxy for size/spread/coverage)","{""abnormal_move"": 0.138302, ""volume_vs_200d"": 3.323257, ""move_in_sd"": 8.221058}",False,closed,2026-07-31,2026-07-31,0.032711111111111135,-0.032711111111111135
2026-07-30,2026-07-31,volume_reversal,PWR,bearish,long_put_or_put_debit_spread,1,exit at next session's close,"hypothesis: mechanism only (1993-98 data), no P&L ever measured","entry is next open, so part of the close-to-close effect the paper measures is missed; 'large' = top third by dollar volume (proxy for size/spread/coverage)","{""abnormal_move"": 0.155811, ""volume_vs_200d"": 2.684124, ""move_in_sd"": 6.969212}",False,closed,2026-07-31,2026-07-31,-0.017345466325058068,0.017345466325058068
2026-07-30,2026-07-31,volume_reversal,FICO,bullish,long_call_or_call_debit_spread,1,exit at next session's close,"hypothesis: mechanism only (1993-98 data), no P&L ever measured","entry is next open, so part of the close-to-close effect the paper measures is missed; 'large' = top third by dollar volume (proxy for size/spread/coverage)","{""abnormal_move"": -0.186851, ""volume_vs_200d"": 3.262388, ""move_in_sd"": 6.474762}",False,closed,2026-07-31,2026-07-31,-0.011478772193906694,-0.011478772193906694
2026-07-30,2026-07-31,volume_reversal,SAIA,bullish,long_call_or_call_debit_spread,1,exit at next session's close,"hypothesis: mechanism only (1993-98 data), no P&L ever measured","entry is next open, so part of the close-to-close effect the paper measures is missed; 'large' = top third by dollar volume (proxy for size/spread/coverage)","{""abnormal_move"": -0.127835, ""volume_vs_200d"": 2.873217, ""move_in_sd"": 6.160371}",False,closed,2026-07-31,2026-07-31,-0.03876676344532004,-0.03876676344532004
2026-07-30,2026-07-31,volume_reversal,MO,bullish,long_call_or_call_debit_spread,1,exit at next session's close,"hypothesis: mechanism only (1993-98 data), no P&L ever measured","entry is next open, so part of the close-to-close effect the paper measures is missed; 'large' = top third by dollar volume (proxy for size/spread/coverage)","{""abnormal_move"": -0.109932, ""volume_vs_200d"": 2.346212, ""move_in_sd"": 5.743035}",False,closed,2026-07-31,2026-07-31,0.011397276494967468,0.011397276494967468
2026-07-30,2026-07-31,volume_reversal,CHRW,bullish,long_call_or_call_debit_spread,1,exit at next session's close,"hypothesis: mechanism only (1993-98 data), no P&L ever measured","entry is next open, so part of the close-to-close effect the paper measures is missed; 'large' = top third by dollar volume (proxy for size/spread/coverage)","{""abnormal_move"": -0.171183, ""volume_vs_200d"": 3.90551, ""move_in_sd"": 5.220927}",False,closed,2026-07-31,2026-07-31,0.018827586206896507,0.018827586206896507
2026-07-30,2026-07-31,volume_reversal,LHX,bullish,long_call_or_call_debit_spread,1,exit at next session's close,"hypothesis: mechanism only (1993-98 data), no P&L ever measured","entry is next open, so part of the close-to-close effect the paper measures is missed; 'large' = top third by dollar volume (proxy for size/spread/coverage)","{""abnormal_move"": -0.102908, ""volume_vs_200d"": 3.130773, ""move_in_sd"": 5.170373}",False,closed,2026-07-31,2026-07-31,0.014908971024579554,0.014908971024579554
2026-07-30,2026-07-31,volume_reversal,WWD,bullish,long_call_or_call_debit_spread,1,exit at next session's close,"hypothesis: mechanism only (1993-98 data), no P&L ever measured","entry is next open, so part of the close-to-close effect the paper measures is missed; 'large' = top third by dollar volume (proxy for size/spread/coverage)","{""abnormal_move"": -0.092372, ""volume_vs_200d"": 2.948463, ""move_in_sd"": 4.787823}",False,closed,2026-07-31,2026-07-31,0.011013956616781506,0.011013956616781506
2026-07-31,2026-08-03,volume_reversal,AMZN,bearish,long_put_or_put_debit_spread,1,exit at next session's close,"hypothesis: mechanism only (1993-98 data), no P&L ever measured","entry is next open, so part of the close-to-close effect the paper measures is missed; 'large' = top third by dollar volume (proxy for size/spread/coverage)","{""abnormal_move"": 0.146006, ""volume_vs_200d"": 2.674473, ""move_in_sd"": 10.307653}",False,closed,2026-08-03,2026-08-03,0.020590031981026824,-0.020590031981026824
2026-07-31,2026-08-03,volume_reversal,RBLX,bullish,long_call_or_call_debit_spread,1,exit at next session's close,"hypothesis: mechanism only (1993-98 data), no P&L ever measured","entry is next open, so part of the close-to-close effect the paper measures is missed; 'large' = top third by dollar volume (proxy for size/spread/coverage)","{""abnormal_move"": -0.275743, ""volume_vs_200d"": 6.149804, ""move_in_sd"": 9.281544}",False,closed,2026-08-03,2026-08-03,0.03063518830803824,0.03063518830803824
2026-07-31,2026-08-03,volume_reversal,BTSG,bullish,long_call_or_call_debit_spread,1,exit at next session's close,"hypothesis: mechanism only (1993-98 data), no P&L ever measured","entry is next open, so part of the close-to-close effect the paper measures is missed; 'large' = top third by dollar volume (proxy for size/spread/coverage)","{""abnormal_move"": -0.187908, ""volume_vs_200d"": 2.581102, ""move_in_sd"": 8.453993}",False,closed,2026-08-03,2026-08-03,0.020161970642821103,0.020161970642821103
2026-07-31,2026-08-03,volume_reversal,RDDT,bullish,long_call_or_call_debit_spread,1,exit at next session's close,"hypothesis: mechanism only (1993-98 data), no P&L ever measured","entry is next open, so part of the close-to-close effect the paper measures is missed; 'large' = top third by dollar volume (proxy for size/spread/coverage)","{""abnormal_move"": -0.217096, ""volume_vs_200d"": 5.972294, ""move_in_sd"": 6.865405}",False,closed,2026-08-03,2026-08-03,0.0902748414376322,0.0902748414376322
2026-07-31,2026-08-03,volume_reversal,CTVA,bullish,long_call_or_call_debit_spread,1,exit at next session's close,"hypothesis: mechanism only (1993-98 data), no P&L ever measured","entry is next open, so part of the close-to-close effect the paper measures is missed; 'large' = top third by dollar volume (proxy for size/spread/coverage)","{""abnormal_move"": -0.126183, ""volume_vs_200d"": 2.923637, ""move_in_sd"": 6.708443}",False,closed,2026-08-03,2026-08-03,-0.025128205128205017,-0.025128205128205017
2026-07-31,2026-08-03,volume_reversal,NBIX,bullish,long_call_or_call_debit_spread,1,exit at next session's close,"hypothesis: mechanism only (1993-98 data), no P&L ever measured","entry is next open, so part of the close-to-close effect the paper measures is missed; 'large' = top third by dollar volume (proxy for size/spread/coverage)","{""abnormal_move"": -0.108008, ""volume_vs_200d"": 4.046402, ""move_in_sd"": 5.820116}",False,closed,2026-08-03,2026-08-03,-0.00012030075187974276,-0.00012030075187974276
2026-07-31,2026-08-03,volume_reversal,EIX,bullish,long_call_or_call_debit_spread,1,exit at next session's close,"hypothesis: mechanism only (1993-98 data), no P&L ever measured","entry is next open, so part of the close-to-close effect the paper measures is missed; 'large' = top third by dollar volume (proxy for size/spread/coverage)","{""abnormal_move"": -0.075281, ""volume_vs_200d"": 2.089076, ""move_in_sd"": 5.233227}",False,closed,2026-08-03,2026-08-03,-0.03144483599891579,-0.03144483599891579
2026-07-31,2026-08-03,volume_reversal,LIN,bullish,long_call_or_call_debit_spread,1,exit at next session's close,"hypothesis: mechanism only (1993-98 data), no P&L ever measured","entry is next open, so part of the close-to-close effect the paper measures is missed; 'large' = top third by dollar volume (proxy for size/spread/coverage)","{""abnormal_move"": -0.066692, ""volume_vs_200d"": 2.069756, ""move_in_sd"": 4.709406}",False,closed,2026-08-03,2026-08-03,-0.005407061473237995,-0.005407061473237995
2026-07-31,2026-08-03,volume_reversal,TROW,bullish,long_call_or_call_debit_spread,1,exit at next session's close,"hypothesis: mechanism only (1993-98 data), no P&L ever measured","entry is next open, so part of the close-to-close effect the paper measures is missed; 'large' = top third by dollar volume (proxy for size/spread/coverage)","{""abnormal_move"": -0.070329, ""volume_vs_200d"": 2.498289, ""move_in_sd"": 4.574822}",False,closed,2026-08-03,2026-08-03,0.0157494407158838,0.0157494407158838
2026-07-31,2026-08-03,volume_reversal,AAPL,bullish,long_call_or_call_debit_spread,1,exit at next session's close,"hypothesis: mechanism only (1993-98 data), no P&L ever measured","entry is next open, so part of the close-to-close effect the paper measures is missed; 'large' = top third by dollar volume (proxy for size/spread/coverage)","{""abnormal_move"": -0.080738, ""volume_vs_200d"": 2.695282, ""move_in_sd"": 4.22674}",False,closed,2026-08-03,2026-08-03,-0.019897926222624096,-0.019897926222624096
2026-08-03,2026-08-04,volume_reversal,MAR,bullish,long_call_or_call_debit_spread,1,exit at next session's close,"hypothesis: mechanism only (1993-98 data), no P&L ever measured","entry is next open, so part of the close-to-close effect the paper measures is missed; 'large' = top third by dollar volume (proxy for size/spread/coverage)","{""abnormal_move"": -0.08398, ""volume_vs_200d"": 2.851716, ""move_in_sd"": 5.564262}",False,closed,2026-08-04,2026-08-04,0.00120364865060818,0.00120364865060818
2026-08-03,2026-08-04,volume_reversal,FSLR,bearish,long_put_or_put_debit_spread,1,exit at next session's close,"hypothesis: mechanism only (1993-98 data), no P&L ever measured","entry is next open, so part of the close-to-close effect the paper measures is missed; 'large' = top third by dollar volume (proxy for size/spread/coverage)","{""abnormal_move"": 0.088586, ""volume_vs_200d"": 2.200326, ""move_in_sd"": 4.668156}",False,closed,2026-08-04,2026-08-04,0.04302594400205484,-0.04302594400205484
2026-08-03,2026-08-04,volume_reversal,AZN,bullish,long_call_or_call_debit_spread,1,exit at next session's close,"hypothesis: mechanism only (1993-98 data), no P&L ever measured","entry is next open, so part of the close-to-close effect the paper measures is missed; 'large' = top third by dollar volume (proxy for size/spread/coverage)","{""abnormal_move"": -0.083036, ""volume_vs_200d"": 4.461257, ""move_in_sd"": 3.379229}",False,closed,2026-08-04,2026-08-04,-0.01475150364039246,-0.01475150364039246
2026-08-03,2026-08-04,volume_reversal,FERG,bearish,long_put_or_put_debit_spread,1,exit at next session's close,"hypothesis: mechanism only (1993-98 data), no P&L ever measured","entry is next open, so part of the close-to-close effect the paper measures is missed; 'large' = top third by dollar volume (proxy for size/spread/coverage)","{""abnormal_move"": 0.05297, ""volume_vs_200d"": 7.628094, ""move_in_sd"": 3.245289}",False,closed,2026-08-04,2026-08-04,0.022694524495677104,-0.022694524495677104
2026-08-03,2026-08-04,volume_reversal,KRYS,bullish,long_call_or_call_debit_spread,1,exit at next session's close,"hypothesis: mechanism only (1993-98 data), no P&L ever measured","entry is next open, so part of the close-to-close effect the paper measures is missed; 'large' = top third by dollar volume (proxy for size/spread/coverage)","{""abnormal_move"": -0.097938, ""volume_vs_200d"": 3.513082, ""move_in_sd"": 2.898155}",False,closed,2026-08-04,2026-08-04,0.031900359037905446,0.031900359037905446
2026-08-04,2026-08-05,volume_reversal,ZBRA,bearish,long_put_or_put_debit_spread,1,exit at next session's close,"hypothesis: mechanism only (1993-98 data), no P&L ever measured","entry is next open, so part of the close-to-close effect the paper measures is missed; 'large' = top third by dollar volume (proxy for size/spread/coverage)","{""abnormal_move"": 0.246647, ""volume_vs_200d"": 3.214802, ""move_in_sd"": 10.152633}",False,closed,2026-08-05,2026-08-05,0.0070687772925766,-0.0070687772925766
2026-08-04,2026-08-05,volume_reversal,PLTR,bearish,long_put_or_put_debit_spread,1,exit at next session's close,"hypothesis: mechanism only (1993-98 data), no P&L ever measured","entry is next open, so part of the close-to-close effect the paper measures is missed; 'large' = top third by dollar volume (proxy for size/spread/coverage)","{""abnormal_move"": 0.276519, ""volume_vs_200d"": 3.78935, ""move_in_sd"": 8.995749}",False,closed,2026-08-05,2026-08-05,-0.022037037037036966,0.022037037037036966
2026-08-04,2026-08-05,volume_reversal,ROK,bullish,long_call_or_call_debit_spread,1,exit at next session's close,"hypothesis: mechanism only (1993-98 data), no P&L ever measured","entry is next open, so part of the close-to-close effect the paper measures is missed; 'large' = top third by dollar volume (proxy for size/spread/coverage)","{""abnormal_move"": -0.092356, ""volume_vs_200d"": 2.680045, ""move_in_sd"": 7.068623}",False,closed,2026-08-05,2026-08-05,0.00011111111111117289,0.00011111111111117289
2026-08-04,2026-08-05,volume_reversal,W,bearish,long_put_or_put_debit_spread,1,exit at next session's close,"hypothesis: mechanism only (1993-98 data), no P&L ever measured","entry is next open, so part of the close-to-close effect the paper measures is missed; 'large' = top third by dollar volume (proxy for size/spread/coverage)","{""abnormal_move"": 0.281714, ""volume_vs_200d"": 3.994073, ""move_in_sd"": 6.810446}",False,closed,2026-08-05,2026-08-05,-0.06371311689442083,0.06371311689442083
2026-08-04,2026-08-05,volume_reversal,NRG,bullish,long_call_or_call_debit_spread,1,exit at next session's close,"hypothesis: mechanism only (1993-98 data), no P&L ever measured","entry is next open, so part of the close-to-close effect the paper measures is missed; 'large' = top third by dollar volume (proxy for size/spread/coverage)","{""abnormal_move"": -0.172792, ""volume_vs_200d"": 5.662139, ""move_in_sd"": 5.67925}",False,closed,2026-08-05,2026-08-05,0.01993748415983787,0.01993748415983787
2026-08-04,2026-08-05,volume_reversal,GWW,bullish,long_call_or_call_debit_spread,1,exit at next session's close,"hypothesis: mechanism only (1993-98 data), no P&L ever measured","entry is next open, so part of the close-to-close effect the paper measures is missed; 'large' = top third by dollar volume (proxy for size/spread/coverage)","{""abnormal_move"": -0.069661, ""volume_vs_200d"": 2.050186, ""move_in_sd"": 4.807355}",False,closed,2026-08-05,2026-08-05,-0.013631862944513129,-0.013631862944513129
2026-08-04,2026-08-05,volume_reversal,IT,bearish,long_put_or_put_debit_spread,1,exit at next session's close,"hypothesis: mechanism only (1993-98 data), no P&L ever measured","entry is next open, so part of the close-to-close effect the paper measures is missed; 'large' = top third by dollar volume (proxy for size/spread/coverage)","{""abnormal_move"": 0.208065, ""volume_vs_200d"": 2.631872, ""move_in_sd"": 4.285867}",False,closed,2026-08-05,2026-08-05,-0.008510185628423983,0.008510185628423983
2026-08-04,2026-08-05,volume_reversal,VST,bullish,long_call_or_call_debit_spread,1,exit at next session's close,"hypothesis: mechanism only (1993-98 data), no P&L ever measured","entry is next open, so part of the close-to-close effect the paper measures is missed; 'large' = top third by dollar volume (proxy for size/spread/coverage)","{""abnormal_move"": -0.099535, ""volume_vs_200d"": 2.398408, ""move_in_sd"": 3.729258}",False,closed,2026-08-05,2026-08-05,-0.023037631606379616,-0.023037631606379616
2026-08-04,2026-08-05,volume_reversal,CMG,bullish,long_call_or_call_debit_spread,1,exit at next session's close,"hypothesis: mechanism only (1993-98 data), no P&L ever measured","entry is next open, so part of the close-to-close effect the paper measures is missed; 'large' = top third by dollar volume (proxy for size/spread/coverage)","{""abnormal_move"": -0.115199, ""volume_vs_200d"": 2.706323, ""move_in_sd"": 3.115686}",False,closed,2026-08-05,2026-08-05,-0.0043290043290042934,-0.0043290043290042934
2026-08-04,2026-08-05,volume_reversal,AEIS,bearish,long_put_or_put_debit_spread,1,exit at next session's close,"hypothesis: mechanism only (1993-98 data), no P&L ever measured","entry is next open, so part of the close-to-close effect the paper measures is missed; 'large' = top third by dollar volume (proxy for size/spread/coverage)","{""abnormal_move"": 0.133837, ""volume_vs_200d"": 2.403285, ""move_in_sd"": 3.043305}",False,closed,2026-08-05,2026-08-05,-0.04571014492753622,0.04571014492753622
2026-08-05,2026-08-06,volume_reversal,DVA,bullish,long_call_or_call_debit_spread,1,exit at next session's close,"hypothesis: mechanism only (1993-98 data), no P&L ever measured","entry is next open, so part of the close-to-close effect the paper measures is missed; 'large' = top third by dollar volume (proxy for size/spread/coverage)","{""abnormal_move"": -0.170379, ""volume_vs_200d"": 4.105623, ""move_in_sd"": 8.547251}",False,closed,2026-08-06,2026-08-06,-0.028708133971291905,-0.028708133971291905
2026-08-05,2026-08-06,volume_reversal,PODD,bullish,long_call_or_call_debit_spread,1,exit at next session's close,"hypothesis: mechanism only (1993-98 data), no P&L ever measured","entry is next open, so part of the close-to-close effect the paper measures is missed; 'large' = top third by dollar volume (proxy for size/spread/coverage)","{""abnormal_move"": -0.199178, ""volume_vs_200d"": 6.514221, ""move_in_sd"": 8.294251}",False,closed,2026-08-06,2026-08-06,0.06417112299465244,0.06417112299465244
2026-08-05,2026-08-06,volume_reversal,RRX,bullish,long_call_or_call_debit_spread,1,exit at next session's close,"hypothesis: mechanism only (1993-98 data), no P&L ever measured","entry is next open, so part of the close-to-close effect the paper measures is missed; 'large' = top third by dollar volume (proxy for size/spread/coverage)","{""abnormal_move"": -0.165246, ""volume_vs_200d"": 4.132313, ""move_in_sd"": 6.300031}",False,closed,2026-08-06,2026-08-06,-0.008199445983379405,-0.008199445983379405
2026-08-05,2026-08-06,volume_reversal,DT,bearish,long_put_or_put_debit_spread,1,exit at next session's close,"hypothesis: mechanism only (1993-98 data), no P&L ever measured","entry is next open, so part of the close-to-close effect the paper measures is missed; 'large' = top third by dollar volume (proxy for size/spread/coverage)","{""abnormal_move"": 0.114663, ""volume_vs_200d"": 3.339958, ""move_in_sd"": 4.810657}",False,closed,2026-08-06,2026-08-06,-0.010728744939271229,0.010728744939271229
2026-08-05,2026-08-06,volume_reversal,AEM,bearish,long_put_or_put_debit_spread,1,exit at next session's close,"hypothesis: mechanism only (1993-98 data), no P&L ever measured","entry is next open, so part of the close-to-close effect the paper measures is missed; 'large' = top third by dollar volume (proxy for size/spread/coverage)","{""abnormal_move"": 0.100529, ""volume_vs_200d"": 2.074459, ""move_in_sd"": 4.550475}",False,closed,2026-08-06,2026-08-06,0.029931305201177594,-0.029931305201177594
2026-08-05,2026-08-06,volume_reversal,SHOP,bearish,long_put_or_put_debit_spread,1,exit at next session's close,"hypothesis: mechanism only (1993-98 data), no P&L ever measured","entry is next open, so part of the close-to-close effect the paper measures is missed; 'large' = top third by dollar volume (proxy for size/spread/coverage)","{""abnormal_move"": 0.171826, ""volume_vs_200d"": 4.184821, ""move_in_sd"": 4.400942}",False,closed,2026-08-06,2026-08-06,0.026026443980515124,-0.026026443980515124
2026-08-05,2026-08-06,volume_reversal,FLUT,bullish,long_call_or_call_debit_spread,1,exit at next session's close,"hypothesis: mechanism only (1993-98 data), no P&L ever measured","entry is next open, so part of the close-to-close effect the paper measures is missed; 'large' = top third by dollar volume (proxy for size/spread/coverage)","{""abnormal_move"": -0.112809, ""volume_vs_200d"": 5.116491, ""move_in_sd"": 3.865895}",False,closed,2026-08-06,2026-08-06,-0.010531914893616934,-0.010531914893616934
2026-08-05,2026-08-06,volume_reversal,ZETA,bearish,long_put_or_put_debit_spread,1,exit at next session's close,"hypothesis: mechanism only (1993-98 data), no P&L ever measured","entry is next open, so part of the close-to-close effect the paper measures is missed; 'large' = top third by dollar volume (proxy for size/spread/coverage)","{""abnormal_move"": 0.117825, ""volume_vs_200d"": 4.436651, ""move_in_sd"": 3.289096}",False,closed,2026-08-06,2026-08-06,-0.046268656716418,0.046268656716418
2026-08-05,2026-08-06,volume_reversal,CDW,bullish,long_call_or_call_debit_spread,1,exit at next session's close,"hypothesis: mechanism only (1993-98 data), no P&L ever measured","entry is next open, so part of the close-to-close effect the paper measures is missed; 'large' = top third by dollar volume (proxy for size/spread/coverage)","{""abnormal_move"": -0.088263, ""volume_vs_200d"": 3.167703, ""move_in_sd"": 3.111647}",False,closed,2026-08-06,2026-08-06,0.02291231356725998,0.02291231356725998
2026-08-05,2026-08-06,volume_reversal,CVS,bullish,long_call_or_call_debit_spread,1,exit at next session's close,"hypothesis: mechanism only (1993-98 data), no P&L ever measured","entry is next open, so part of the close-to-close effect the paper measures is missed; 'large' = top third by dollar volume (proxy for size/spread/coverage)","{""abnormal_move"": -0.04876, ""volume_vs_200d"": 2.297009, ""move_in_sd"": 3.054002}",False,closed,2026-08-06,2026-08-06,-0.047138047138047146,-0.047138047138047146
2026-08-06,2026-08-07,volume_reversal,INSM,bearish,long_put_or_put_debit_spread,1,exit at next session's close,"hypothesis: mechanism only (1993-98 data), no P&L ever measured","entry is next open, so part of the close-to-close effect the paper measures is missed; 'large' = top third by dollar volume (proxy for size/spread/coverage)","{""abnormal_move"": 0.340216, ""volume_vs_200d"": 3.950687, ""move_in_sd"": 18.986596}",False,closed,2026-08-07,2026-08-07,-0.028816949403659642,0.028816949403659642
2026-08-06,2026-08-07,volume_reversal,BROS,bullish,long_call_or_call_debit_spread,1,exit at next session's close,"hypothesis: mechanism only (1993-98 data), no P&L ever measured","entry is next open, so part of the close-to-close effect the paper measures is missed; 'large' = top third by dollar volume (proxy for size/spread/coverage)","{""abnormal_move"": -0.186311, ""volume_vs_200d"": 4.001439, ""move_in_sd"": 7.67807}",False,closed,2026-08-07,2026-08-07,-0.01569027945408963,-0.01569027945408963
2026-08-06,2026-08-07,volume_reversal,CELH,bullish,long_call_or_call_debit_spread,1,exit at next session's close,"hypothesis: mechanism only (1993-98 data), no P&L ever measured","entry is next open, so part of the close-to-close effect the paper measures is missed; 'large' = top third by dollar volume (proxy for size/spread/coverage)","{""abnormal_move"": -0.182965, ""volume_vs_200d"": 6.116394, ""move_in_sd"": 6.962323}",False,closed,2026-08-07,2026-08-07,0.15853149770546526,0.15853149770546526
2026-08-06,2026-08-07,volume_reversal,DDOG,bullish,long_call_or_call_debit_spread,1,exit at next session's close,"hypothesis: mechanism only (1993-98 data), no P&L ever measured","entry is next open, so part of the close-to-close effect the paper measures is missed; 'large' = top third by dollar volume (proxy for size/spread/coverage)","{""abnormal_move"": -0.188677, ""volume_vs_200d"": 2.875299, ""move_in_sd"": 6.719071}",False,closed,2026-08-07,2026-08-07,-0.00374771091520798,-0.00374771091520798
2026-08-06,2026-08-07,volume_reversal,PH,bearish,long_put_or_put_debit_spread,1,exit at next session's close,"hypothesis: mechanism only (1993-98 data), no P&L ever measured","entry is next open, so part of the close-to-close effect the paper measures is missed; 'large' = top third by dollar volume (proxy for size/spread/coverage)","{""abnormal_move"": 0.074725, ""volume_vs_200d"": 2.057076, ""move_in_sd"": 6.176404}",False,closed,2026-08-07,2026-08-07,-0.004634478667494668,0.004634478667494668
2026-08-06,2026-08-07,volume_reversal,APP,bullish,long_call_or_call_debit_spread,1,exit at next session's close,"hypothesis: mechanism only (1993-98 data), no P&L ever measured","entry is next open, so part of the close-to-close effect the paper measures is missed; 'large' = top third by dollar volume (proxy for size/spread/coverage)","{""abnormal_move"": -0.194979, ""volume_vs_200d"": 2.914093, ""move_in_sd"": 5.893091}",False,closed,2026-08-07,2026-08-07,0.027433785625407436,0.027433785625407436
2026-08-06,2026-08-07,volume_reversal,SITM,bearish,long_put_or_put_debit_spread,1,exit at next session's close,"hypothesis: mechanism only (1993-98 data), no P&L ever measured","entry is next open, so part of the close-to-close effect the paper measures is missed; 'large' = top third by dollar volume (proxy for size/spread/coverage)","{""abnormal_move"": 0.267432, ""volume_vs_200d"": 3.111318, ""move_in_sd"": 5.384059}",False,closed,2026-08-07,2026-08-07,0.016381956025168343,-0.016381956025168343
2026-08-06,2026-08-07,volume_reversal,U,bearish,long_put_or_put_debit_spread,1,exit at next session's close,"hypothesis: mechanism only (1993-98 data), no P&L ever measured","entry is next open, so part of the close-to-close effect the paper measures is missed; 'large' = top third by dollar volume (proxy for size/spread/coverage)","{""abnormal_move"": 0.152148, ""volume_vs_200d"": 3.39137, ""move_in_sd"": 5.028295}",False,closed,2026-08-07,2026-08-07,0.010813352139163124,-0.010813352139163124
2026-08-06,2026-08-07,volume_reversal,HST,bullish,long_call_or_call_debit_spread,1,exit at next session's close,"hypothesis: mechanism only (1993-98 data), no P&L ever measured","entry is next open, so part of the close-to-close effect the paper measures is missed; 'large' = top third by dollar volume (proxy for size/spread/coverage)","{""abnormal_move"": -0.06804, ""volume_vs_200d"": 2.337148, ""move_in_sd"": 4.511546}",False,closed,2026-08-07,2026-08-07,-0.00021463833440660274,-0.00021463833440660274
2026-08-06,2026-08-07,volume_reversal,ITT,bearish,long_put_or_put_debit_spread,1,exit at next session's close,"hypothesis: mechanism only (1993-98 data), no P&L ever measured","entry is next open, so part of the close-to-close effect the paper measures is missed; 'large' = top third by dollar volume (proxy for size/spread/coverage)","{""abnormal_move"": 0.052215, ""volume_vs_200d"": 2.936716, ""move_in_sd"": 4.214629}",False,closed,2026-08-07,2026-08-07,-0.020947218521751076,0.020947218521751076
2026-08-07,2026-08-10,volume_reversal,NTRA,bearish,long_put_or_put_debit_spread,1,exit at next session's close,"hypothesis: mechanism only (1993-98 data), no P&L ever measured","entry is next open, so part of the close-to-close effect the paper measures is missed; 'large' = top third by dollar volume (proxy for size/spread/coverage)","{""abnormal_move"": 0.207616, ""volume_vs_200d"": 2.494112, ""move_in_sd"": 9.42019}",False,closed,2026-08-10,2026-08-10,-0.009890212421857836,0.009890212421857836
2026-08-07,2026-08-10,volume_reversal,TWLO,bearish,long_put_or_put_debit_spread,1,exit at next session's close,"hypothesis: mechanism only (1993-98 data), no P&L ever measured","entry is next open, so part of the close-to-close effect the paper measures is missed; 'large' = top third by dollar volume (proxy for size/spread/coverage)","{""abnormal_move"": 0.242746, ""volume_vs_200d"": 3.410697, ""move_in_sd"": 9.405194}",False,closed,2026-08-10,2026-08-10,0.022740286298568613,-0.022740286298568613
2026-08-07,2026-08-10,volume_reversal,ABNB,bearish,long_put_or_put_debit_spread,1,exit at next session's close,"hypothesis: mechanism only (1993-98 data), no P&L ever measured","entry is next open, so part of the close-to-close effect the paper measures is missed; 'large' = top third by dollar volume (proxy for size/spread/coverage)","{""abnormal_move"": 0.168179, ""volume_vs_200d"": 3.726373, ""move_in_sd"": 8.632927}",False,closed,2026-08-10,2026-08-10,0.03363366724494932,-0.03363366724494932
2026-08-07,2026-08-10,volume_reversal,TTD,bullish,long_call_or_call_debit_spread,1,exit at next session's close,"hypothesis: mechanism only (1993-98 data), no P&L ever measured","entry is next open, so part of the close-to-close effect the paper measures is missed; 'large' = top third by dollar volume (proxy for size/spread/coverage)","{""abnormal_move"": -0.225131, ""volume_vs_200d"": 7.661404, ""move_in_sd"": 6.644741}",False,closed,2026-08-10,2026-08-10,-0.00630797773654912,-0.00630797773654912
2026-08-07,2026-08-10,volume_reversal,TEAM,bearish,long_put_or_put_debit_spread,1,exit at next session's close,"hypothesis: mechanism only (1993-98 data), no P&L ever measured","entry is next open, so part of the close-to-close effect the paper measures is missed; 'large' = top third by dollar volume (proxy for size/spread/coverage)","{""abnormal_move"": 0.346975, ""volume_vs_200d"": 3.760651, ""move_in_sd"": 6.278039}",False,closed,2026-08-10,2026-08-10,0.017043361794743195,-0.017043361794743195
2026-08-07,2026-08-10,volume_reversal,CART,bearish,long_put_or_put_debit_spread,1,exit at next session's close,"hypothesis: mechanism only (1993-98 data), no P&L ever measured","entry is next open, so part of the close-to-close effect the paper measures is missed; 'large' = top third by dollar volume (proxy for size/spread/coverage)","{""abnormal_move"": 0.108031, ""volume_vs_200d"": 3.035827, ""move_in_sd"": 5.022989}",False,closed,2026-08-10,2026-08-10,0.017303822937625668,-0.017303822937625668
2026-08-07,2026-08-10,volume_reversal,CELH,bearish,long_put_or_put_debit_spread,1,exit at next session's close,"hypothesis: mechanism only (1993-98 data), no P&L ever measured","entry is next open, so part of the close-to-close effect the paper measures is missed; 'large' = top third by dollar volume (proxy for size/spread/coverage)","{""abnormal_move"": 0.162164, ""volume_vs_200d"": 4.559932, ""move_in_sd"": 3.380353}",False,closed,2026-08-10,2026-08-10,0.03440410568333019,-0.03440410568333019
2026-08-07,2026-08-10,volume_reversal,ZTS,bullish,long_call_or_call_debit_spread,1,exit at next session's close,"hypothesis: mechanism only (1993-98 data), no P&L ever measured","entry is next open, so part of the close-to-close effect the paper measures is missed; 'large' = top third by dollar volume (proxy for size/spread/coverage)","{""abnormal_move"": -0.065776, ""volume_vs_200d"": 2.284001, ""move_in_sd"": 3.046392}",False,closed,2026-08-10,2026-08-10,0.033563535911602216,0.033563535911602216
2026-08-07,2026-08-10,volume_reversal,DKNG,bearish,long_put_or_put_debit_spread,1,exit at next session's close,"hypothesis: mechanism only (1993-98 data), no P&L ever measured","entry is next open, so part of the close-to-close effect the paper measures is missed; 'large' = top third by dollar volume (proxy for size/spread/coverage)","{""abnormal_move"": 0.077782, ""volume_vs_200d"": 2.691333, ""move_in_sd"": 2.626482}",False,closed,2026-08-10,2026-08-10,0.024266722937328566,-0.024266722937328566
2026-08-07,2026-08-10,volume_reversal,ONTO,bearish,long_put_or_put_debit_spread,1,exit at next session's close,"hypothesis: mechanism only (1993-98 data), no P&L ever measured","entry is next open, so part of the close-to-close effect the paper measures is missed; 'large' = top third by dollar volume (proxy for size/spread/coverage)","{""abnormal_move"": 0.141261, ""volume_vs_200d"": 2.062957, ""move_in_sd"": 2.576945}",False,closed,2026-08-10,2026-08-10,-0.07800632911392402,0.07800632911392402
2026-08-11,2026-08-12,volume_reversal,ONON,bullish,long_call_or_call_debit_spread,1,exit at next session's close,"hypothesis: mechanism only (1993-98 data), no P&L ever measured","entry is next open, so part of the close-to-close effect the paper measures is missed; 'large' = top third by dollar volume (proxy for size/spread/coverage)","{""abnormal_move"": -0.199744, ""volume_vs_200d"": 7.192139, ""move_in_sd"": 8.005993}",False,closed,2026-08-12,2026-08-12,-0.026831947277577206,-0.026831947277577206
2026-08-11,2026-08-12,volume_reversal,SE,bearish,long_put_or_put_debit_spread,1,exit at next session's close,"hypothesis: mechanism only (1993-98 data), no P&L ever measured","entry is next open, so part of the close-to-close effect the paper measures is missed; 'large' = top third by dollar volume (proxy for size/spread/coverage)","{""abnormal_move"": 0.148753, ""volume_vs_200d"": 3.095488, ""move_in_sd"": 5.850139}",False,closed,2026-08-12,2026-08-12,-0.022061068702289965,0.022061068702289965
2026-08-11,2026-08-12,volume_reversal,HON,bullish,long_call_or_call_debit_spread,1,exit at next session's close,"hypothesis: mechanism only (1993-98 data), no P&L ever measured","entry is next open, so part of the close-to-close effect the paper measures is missed; 'large' = top third by dollar volume (proxy for size/spread/coverage)","{""abnormal_move"": -0.049536, ""volume_vs_200d"": 2.205476, ""move_in_sd"": 2.521445}",False,closed,2026-08-12,2026-08-12,0.018787878787878798,0.018787878787878798
2026-08-12,2026-08-13,volume_reversal,CAVA,bearish,long_put_or_put_debit_spread,1,exit at next session's close,"hypothesis: mechanism only (1993-98 data), no P&L ever measured","entry is next open, so part of the close-to-close effect the paper measures is missed; 'large' = top third by dollar volume (proxy for size/spread/coverage)","{""abnormal_move"": 0.139906, ""volume_vs_200d"": 3.235384, ""move_in_sd"": 4.668206}",False,closed,2026-08-13,2026-08-13,0.021077945961239353,-0.021077945961239353
2026-08-12,2026-08-13,volume_reversal,NBIS,bearish,long_put_or_put_debit_spread,1,exit at next session's close,"hypothesis: mechanism only (1993-98 data), no P&L ever measured","entry is next open, so part of the close-to-close effect the paper measures is missed; 'large' = top third by dollar volume (proxy for size/spread/coverage)","{""abnormal_move"": 0.338902, ""volume_vs_200d"": 3.657572, ""move_in_sd"": 3.323308}",False,closed,2026-08-13,2026-08-13,-0.0016831721924296383,0.0016831721924296383
2026-08-12,2026-08-13,volume_reversal,PFGC,bullish,long_call_or_call_debit_spread,1,exit at next session's close,"hypothesis: mechanism only (1993-98 data), no P&L ever measured","entry is next open, so part of the close-to-close effect the paper measures is missed; 'large' = top third by dollar volume (proxy for size/spread/coverage)","{""abnormal_move"": -0.059981, ""volume_vs_200d"": 2.434084, ""move_in_sd"": 3.135066}",False,closed,2026-08-13,2026-08-13,-0.031067420940369073,-0.031067420940369073
2026-08-12,2026-08-13,volume_reversal,SMCI,bearish,long_put_or_put_debit_spread,1,exit at next session's close,"hypothesis: mechanism only (1993-98 data), no P&L ever measured","entry is next open, so part of the close-to-close effect the paper measures is missed; 'large' = top third by dollar volume (proxy for size/spread/coverage)","{""abnormal_move"": 0.187685, ""volume_vs_200d"": 4.177899, ""move_in_sd"": 2.915938}",False,closed,2026-08-13,2026-08-13,0.02298850574712641,-0.02298850574712641
2026-08-13,2026-08-14,volume_reversal,TPR,bullish,long_call_or_call_debit_spread,1,exit at next session's close,"hypothesis: mechanism only (1993-98 data), no P&L ever measured","entry is next open, so part of the close-to-close effect the paper measures is missed; 'large' = top third by dollar volume (proxy for size/spread/coverage)","{""abnormal_move"": -0.171866, ""volume_vs_200d"": 3.34333, ""move_in_sd"": 8.507044}",False,closed,2026-08-14,2026-08-14,0.00805001953888218,0.00805001953888218
2026-08-13,2026-08-14,volume_reversal,CSCO,bullish,long_call_or_call_debit_spread,1,exit at next session's close,"hypothesis: mechanism only (1993-98 data), no P&L ever measured","entry is next open, so part of the close-to-close effect the paper measures is missed; 'large' = top third by dollar volume (proxy for size/spread/coverage)","{""abnormal_move"": -0.09101, ""volume_vs_200d"": 2.660939, ""move_in_sd"": 6.218366}",False,closed,2026-08-14,2026-08-14,-0.0099290780141843,-0.0099290780141843
2026-08-13,2026-08-14,volume_reversal,JD,bullish,long_call_or_call_debit_spread,1,exit at next session's close,"hypothesis: mechanism only (1993-98 data), no P&L ever measured","entry is next open, so part of the close-to-close effect the paper measures is missed; 'large' = top third by dollar volume (proxy for size/spread/coverage)","{""abnormal_move"": -0.080056, ""volume_vs_200d"": 3.273963, ""move_in_sd"": 4.080621}",False,closed,2026-08-14,2026-08-14,0.01857693655800907,0.01857693655800907
2026-08-13,2026-08-14,volume_reversal,WDAY,bearish,long_put_or_put_debit_spread,1,exit at next session's close,"hypothesis: mechanism only (1993-98 data), no P&L ever measured","entry is next open, so part of the close-to-close effect the paper measures is missed; 'large' = top third by dollar volume (proxy for size/spread/coverage)","{""abnormal_move"": 0.170785, ""volume_vs_200d"": 3.604654, ""move_in_sd"": 3.768863}",False,closed,2026-08-14,2026-08-14,-0.04411835458263169,0.04411835458263169
2026-08-14,2026-08-17,volume_reversal,NU,bearish,long_put_or_put_debit_spread,1,exit at next session's close,"hypothesis: mechanism only (1993-98 data), no P&L ever measured","entry is next open, so part of the close-to-close effect the paper measures is missed; 'large' = top third by dollar volume (proxy for size/spread/coverage)","{""abnormal_move"": 0.095304, ""volume_vs_200d"": 2.844389, ""move_in_sd"": 5.067729}",False,closed,2026-08-17,2026-08-17,-0.042857142857142816,0.042857142857142816
2026-08-18,2026-08-19,volume_reversal,BIDU,bullish,long_call_or_call_debit_spread,1,exit at next session's close,"hypothesis: mechanism only (1993-98 data), no P&L ever measured","entry is next open, so part of the close-to-close effect the paper measures is missed; 'large' = top third by dollar volume (proxy for size/spread/coverage)","{""abnormal_move"": -0.120501, ""volume_vs_200d"": 6.104846, ""move_in_sd"": 8.467074}",False,closed,2026-08-19,2026-08-19,0.012096774193548487,0.012096774193548487
2026-08-18,2026-08-19,volume_reversal,TLN,bullish,long_call_or_call_debit_spread,1,exit at next session's close,"hypothesis: mechanism only (1993-98 data), no P&L ever measured","entry is next open, so part of the close-to-close effect the paper measures is missed; 'large' = top third by dollar volume (proxy for size/spread/coverage)","{""abnormal_move"": -0.103241, ""volume_vs_200d"": 2.652735, ""move_in_sd"": 3.40202}",False,closed,2026-08-19,2026-08-19,0.0042056074766356755,0.0042056074766356755
2026-08-18,2026-08-19,volume_reversal,FN,bullish,long_call_or_call_debit_spread,1,exit at next session's close,"hypothesis: mechanism only (1993-98 data), no P&L ever measured","entry is next open, so part of the close-to-close effect the paper measures is missed; 'large' = top third by dollar volume (proxy for size/spread/coverage)","{""abnormal_move"": -0.187019, ""volume_vs_200d"": 4.024966, ""move_in_sd"": 3.393031}",False,closed,2026-08-19,2026-08-19,-0.08397484986497927,-0.08397484986497927
2026-08-19,2026-08-20,volume_reversal,MRNA,bearish,long_put_or_put_debit_spread,1,exit at next session's close,"hypothesis: mechanism only (1993-98 data), no P&L ever measured","entry is next open, so part of the close-to-close effect the paper measures is missed; 'large' = top third by dollar volume (proxy for size/spread/coverage)","{""abnormal_move"": 1.767597, ""volume_vs_200d"": 21.656267, ""move_in_sd"": 49.380937}",False,closed,2026-08-20,2026-08-20,-0.11202877314506454,0.11202877314506454
2026-08-19,2026-08-20,volume_reversal,EL,bearish,long_put_or_put_debit_spread,1,exit at next session's close,"hypothesis: mechanism only (1993-98 data), no P&L ever measured","entry is next open, so part of the close-to-close effect the paper measures is missed; 'large' = top third by dollar volume (proxy for size/spread/coverage)","{""abnormal_move"": 0.160949, ""volume_vs_200d"": 3.574986, ""move_in_sd"": 10.568817}",False,closed,2026-08-20,2026-08-20,-0.013086989992301734,0.013086989992301734
2026-08-19,2026-08-20,volume_reversal,MRK,bearish,long_put_or_put_debit_spread,1,exit at next session's close,"hypothesis: mechanism only (1993-98 data), no P&L ever measured","entry is next open, so part of the close-to-close effect the paper measures is missed; 'large' = top third by dollar volume (proxy for size/spread/coverage)","{""abnormal_move"": 0.123892, ""volume_vs_200d"": 2.847181, ""move_in_sd"": 8.461517}",False,closed,2026-08-20,2026-08-20,-0.01187160100809126,0.01187160100809126
2026-08-19,2026-08-20,volume_reversal,TEM,bearish,long_put_or_put_debit_spread,1,exit at next session's close,"hypothesis: mechanism only (1993-98 data), no P&L ever measured","entry is next open, so part of the close-to-close effect the paper measures is missed; 'large' = top third by dollar volume (proxy for size/spread/coverage)","{""abnormal_move"": 0.238785, ""volume_vs_200d"": 4.064698, ""move_in_sd"": 5.682698}",False,closed,2026-08-20,2026-08-20,0.07763221737020864,-0.07763221737020864
2026-08-19,2026-08-20,volume_reversal,STLD,bullish,long_call_or_call_debit_spread,1,exit at next session's close,"hypothesis: mechanism only (1993-98 data), no P&L ever measured","entry is next open, so part of the close-to-close effect the paper measures is missed; 'large' = top third by dollar volume (proxy for size/spread/coverage)","{""abnormal_move"": -0.077355, ""volume_vs_200d"": 2.020731, ""move_in_sd"": 4.257346}",False,closed,2026-08-20,2026-08-20,-0.03468946974038001,-0.03468946974038001
2026-08-19,2026-08-20,volume_reversal,WPM,bearish,long_put_or_put_debit_spread,1,exit at next session's close,"hypothesis: mechanism only (1993-98 data), no P&L ever measured","entry is next open, so part of the close-to-close effect the paper measures is missed; 'large' = top third by dollar volume (proxy for size/spread/coverage)","{""abnormal_move"": 0.108904, ""volume_vs_200d"": 3.055566, ""move_in_sd"": 4.022423}",False,closed,2026-08-20,2026-08-20,0.03950463539504634,-0.03950463539504634
2026-08-19,2026-08-20,volume_reversal,TWST,bearish,long_put_or_put_debit_spread,1,exit at next session's close,"hypothesis: mechanism only (1993-98 data), no P&L ever measured","entry is next open, so part of the close-to-close effect the paper measures is missed; 'large' = top third by dollar volume (proxy for size/spread/coverage)","{""abnormal_move"": 0.224345, ""volume_vs_200d"": 2.35765, ""move_in_sd"": 3.995963}",False,closed,2026-08-20,2026-08-20,-0.0044577608886291475,0.0044577608886291475
2026-08-19,2026-08-20,volume_reversal,HL,bearish,long_put_or_put_debit_spread,1,exit at next session's close,"hypothesis: mechanism only (1993-98 data), no P&L ever measured","entry is next open, so part of the close-to-close effect the paper measures is missed; 'large' = top third by dollar volume (proxy for size/spread/coverage)","{""abnormal_move"": 0.142192, ""volume_vs_200d"": 2.660276, ""move_in_sd"": 3.758722}",False,closed,2026-08-20,2026-08-20,0.028148148148148255,-0.028148148148148255
2026-08-19,2026-08-20,volume_reversal,MSTR,bearish,long_put_or_put_debit_spread,1,exit at next session's close,"hypothesis: mechanism only (1993-98 data), no P&L ever measured","entry is next open, so part of the close-to-close effect the paper measures is missed; 'large' = top third by dollar volume (proxy for size/spread/coverage)","{""abnormal_move"": 0.124686, ""volume_vs_200d"": 2.422475, ""move_in_sd"": 3.628824}",False,closed,2026-08-20,2026-08-20,-0.007418528658482804,0.007418528658482804
2026-08-19,2026-08-20,volume_reversal,VIK,bullish,long_call_or_call_debit_spread,1,exit at next session's close,"hypothesis: mechanism only (1993-98 data), no P&L ever measured","entry is next open, so part of the close-to-close effect the paper measures is missed; 'large' = top third by dollar volume (proxy for size/spread/coverage)","{""abnormal_move"": -0.078606, ""volume_vs_200d"": 2.012637, ""move_in_sd"": 3.582944}",False,closed,2026-08-20,2026-08-20,0.01150837988826825,0.01150837988826825
2026-08-20,2026-08-21,volume_reversal,WMT,bullish,long_call_or_call_debit_spread,1,exit at next session's close,"hypothesis: mechanism only (1993-98 data), no P&L ever measured","entry is next open, so part of the close-to-close effect the paper measures is missed; 'large' = top third by dollar volume (proxy for size/spread/coverage)","{""abnormal_move"": -0.083114, ""volume_vs_200d"": 3.463286, ""move_in_sd"": 5.208938}",False,closed,2026-08-21,2026-08-21,0.0001446689492212716,0.0001446689492212716
2026-08-20,2026-08-21,volume_reversal,DE,bearish,long_put_or_put_debit_spread,1,exit at next session's close,"hypothesis: mechanism only (1993-98 data), no P&L ever measured","entry is next open, so part of the close-to-close effect the paper measures is missed; 'large' = top third by dollar volume (proxy for size/spread/coverage)","{""abnormal_move"": 0.077824, ""volume_vs_200d"": 2.305428, ""move_in_sd"": 4.582808}",False,closed,2026-08-21,2026-08-21,0.038844142091583045,-0.038844142091583045
2026-08-21,2026-08-24,volume_reversal,BABA,bullish,long_call_or_call_debit_spread,1,exit at next session's close,"hypothesis: mechanism only (1993-98 data), no P&L ever measured","entry is next open, so part of the close-to-close effect the paper measures is missed; 'large' = top third by dollar volume (proxy for size/spread/coverage)","{""abnormal_move"": -0.089819, ""volume_vs_200d"": 2.759922, ""move_in_sd"": 4.151853}",False,closed,2026-08-24,2026-08-24,0.013430282292557605,0.013430282292557605
2026-08-25,2026-08-26,volume_reversal,DKS,bullish,long_call_or_call_debit_spread,1,exit at next session's close,"hypothesis: mechanism only (1993-98 data), no P&L ever measured","entry is next open, so part of the close-to-close effect the paper measures is missed; 'large' = top third by dollar volume (proxy for size/spread/coverage)","{""abnormal_move"": -0.310005, ""volume_vs_200d"": 29.459829, ""move_in_sd"": 12.447282}",False,closed,2026-08-26,2026-08-26,0.06392057110035276,0.06392057110035276
2026-08-25,2026-08-26,volume_reversal,BURL,bullish,long_call_or_call_debit_spread,1,exit at next session's close,"hypothesis: mechanism only (1993-98 data), no P&L ever measured","entry is next open, so part of the close-to-close effect the paper measures is missed; 'large' = top third by dollar volume (proxy for size/spread/coverage)","{""abnormal_move"": -0.049682, ""volume_vs_200d"": 2.09249, ""move_in_sd"": 2.979266}",False,closed,2026-08-26,2026-08-26,-3.184713375792292e-05,-3.184713375792292e-05
2026-08-26,2026-08-27,volume_reversal,ANF,bearish,long_put_or_put_debit_spread,1,exit at next session's close,"hypothesis: mechanism only (1993-98 data), no P&L ever measured","entry is next open, so part of the close-to-close effect the paper measures is missed; 'large' = top third by dollar volume (proxy for size/spread/coverage)","{""abnormal_move"": 0.356527, ""volume_vs_200d"": 11.247873, ""move_in_sd"": 11.120371}",False,closed,2026-08-27,2026-08-27,0.007256392536282075,-0.007256392536282075
2026-08-26,2026-08-27,volume_reversal,DY,bullish,long_call_or_call_debit_spread,1,exit at next session's close,"hypothesis: mechanism only (1993-98 data), no P&L ever measured","entry is next open, so part of the close-to-close effect the paper measures is missed; 'large' = top third by dollar volume (proxy for size/spread/coverage)","{""abnormal_move"": -0.116453, ""volume_vs_200d"": 5.828076, ""move_in_sd"": 2.949981}",False,closed,2026-08-27,2026-08-27,-0.02187996189266428,-0.02187996189266428
2026-08-26,2026-08-27,volume_reversal,JAZZ,bullish,long_call_or_call_debit_spread,1,exit at next session's close,"hypothesis: mechanism only (1993-98 data), no P&L ever measured","entry is next open, so part of the close-to-close effect the paper measures is missed; 'large' = top third by dollar volume (proxy for size/spread/coverage)","{""abnormal_move"": -0.042262, ""volume_vs_200d"": 2.38058, ""move_in_sd"": 2.538513}",False,closed,2026-08-27,2026-08-27,0.0043999999999999595,0.0043999999999999595
2026-08-27,2026-08-28,volume_reversal,OKTA,bearish,long_put_or_put_debit_spread,1,exit at next session's close,"hypothesis: mechanism only (1993-98 data), no P&L ever measured","entry is next open, so part of the close-to-close effect the paper measures is missed; 'large' = top third by dollar volume (proxy for size/spread/coverage)","{""abnormal_move"": 0.279788, ""volume_vs_200d"": 4.908912, ""move_in_sd"": 11.302758}",False,closed,2026-08-28,2026-08-28,-0.03466898954703834,0.03466898954703834
2026-08-27,2026-08-28,volume_reversal,CRM,bearish,long_put_or_put_debit_spread,1,exit at next session's close,"hypothesis: mechanism only (1993-98 data), no P&L ever measured","entry is next open, so part of the close-to-close effect the paper measures is missed; 'large' = top third by dollar volume (proxy for size/spread/coverage)","{""abnormal_move"": 0.219252, ""volume_vs_200d"": 4.427447, ""move_in_sd"": 8.470228}",False,closed,2026-08-28,2026-08-28,0.022078492434223662,-0.022078492434223662
2026-08-27,2026-08-28,volume_reversal,SNPS,bearish,long_put_or_put_debit_spread,1,exit at next session's close,"hypothesis: mechanism only (1993-98 data), no P&L ever measured","entry is next open, so part of the close-to-close effect the paper measures is missed; 'large' = top third by dollar volume (proxy for size/spread/coverage)","{""abnormal_move"": 0.127325, ""volume_vs_200d"": 2.033643, ""move_in_sd"": 7.893486}",False,closed,2026-08-28,2026-08-28,-0.041658547147342184,0.041658547147342184
2026-08-27,2026-08-28,volume_reversal,VEEV,bearish,long_put_or_put_debit_spread,1,exit at next session's close,"hypothesis: mechanism only (1993-98 data), no P&L ever measured","entry is next open, so part of the close-to-close effect the paper measures is missed; 'large' = top third by dollar volume (proxy for size/spread/coverage)","{""abnormal_move"": 0.145421, ""volume_vs_200d"": 2.789806, ""move_in_sd"": 6.117042}",False,closed,2026-08-28,2026-08-28,-0.011821428571428538,0.011821428571428538
2026-08-27,2026-08-28,volume_reversal,BURL,bullish,long_call_or_call_debit_spread,1,exit at next session's close,"hypothesis: mechanism only (1993-98 data), no P&L ever measured","entry is next open, so part of the close-to-close effect the paper measures is missed; 'large' = top third by dollar volume (proxy for size/spread/coverage)","{""abnormal_move"": -0.082957, ""volume_vs_200d"": 4.591656, ""move_in_sd"": 5.226752}",False,closed,2026-08-28,2026-08-28,-0.06299347751458984,-0.06299347751458984
2026-08-27,2026-08-28,volume_reversal,RBRK,bearish,long_put_or_put_debit_spread,1,exit at next session's close,"hypothesis: mechanism only (1993-98 data), no P&L ever measured","entry is next open, so part of the close-to-close effect the paper measures is missed; 'large' = top third by dollar volume (proxy for size/spread/coverage)","{""abnormal_move"": 0.106731, ""volume_vs_200d"": 2.338952, ""move_in_sd"": 2.770188}",False,closed,2026-08-28,2026-08-28,-0.05962607377463369,0.05962607377463369
2026-08-28,2026-08-31,volume_reversal,PYPL,bullish,long_call_or_call_debit_spread,1,exit at next session's close,"hypothesis: mechanism only (1993-98 data), no P&L ever measured","entry is next open, so part of the close-to-close effect the paper measures is missed; 'large' = top third by dollar volume (proxy for size/spread/coverage)","{""abnormal_move"": -0.124784, ""volume_vs_200d"": 2.029526, ""move_in_sd"": 8.623355}",False,closed,2026-08-31,2026-08-31,-0.013579321970406455,-0.013579321970406455
2026-08-28,2026-08-31,volume_reversal,ESTC,bearish,long_put_or_put_debit_spread,1,exit at next session's close,"hypothesis: mechanism only (1993-98 data), no P&L ever measured","entry is next open, so part of the close-to-close effect the paper measures is missed; 'large' = top third by dollar volume (proxy for size/spread/coverage)","{""abnormal_move"": 0.195367, ""volume_vs_200d"": 4.924052, ""move_in_sd"": 5.625609}",False,closed,2026-08-31,2026-08-31,-0.004591836734693877,0.004591836734693877
2026-08-28,2026-08-31,volume_reversal,PCG,bullish,long_call_or_call_debit_spread,1,exit at next session's close,"hypothesis: mechanism only (1993-98 data), no P&L ever measured","entry is next open, so part of the close-to-close effect the paper measures is missed; 'large' = top third by dollar volume (proxy for size/spread/coverage)","{""abnormal_move"": -0.072939, ""volume_vs_200d"": 5.229511, ""move_in_sd"": 3.720175}",False,closed,2026-08-31,2026-08-31,0.0007541478129713397,0.0007541478129713397
2026-08-28,2026-08-31,volume_reversal,RBRK,bullish,long_call_or_call_debit_spread,1,exit at next session's close,"hypothesis: mechanism only (1993-98 data), no P&L ever measured","entry is next open, so part of the close-to-close effect the paper measures is missed; 'large' = top third by dollar volume (proxy for size/spread/coverage)","{""abnormal_move"": -0.128267, ""volume_vs_200d"": 2.554376, ""move_in_sd"": 2.988132}",False,closed,2026-08-31,2026-08-31,0.0022621997199181454,0.0022621997199181454
2026-08-28,2026-08-31,volume_reversal,IREN,bullish,long_call_or_call_debit_spread,1,exit at next session's close,"hypothesis: mechanism only (1993-98 data), no P&L ever measured","entry is next open, so part of the close-to-close effect the paper measures is missed; 'large' = top third by dollar volume (proxy for size/spread/coverage)","{""abnormal_move"": -0.12307, ""volume_vs_200d"": 2.161762, ""move_in_sd"": 2.553809}",False,closed,2026-08-31,2026-08-31,0.036442334543423716,0.036442334543423716
2026-08-31,2026-09-01,volume_reversal,EIX,bullish,long_call_or_call_debit_spread,1,exit at next session's close,"hypothesis: mechanism only (1993-98 data), no P&L ever measured","entry is next open, so part of the close-to-close effect the paper measures is missed; 'large' = top third by dollar volume (proxy for size/spread/coverage)","{""abnormal_move"": -0.227736, ""volume_vs_200d"": 8.092894, ""move_in_sd"": 8.594829}",False,closed,2026-09-01,2026-09-01,0.08868728013330873,0.08868728013330873
2026-08-31,2026-09-01,volume_reversal,PCG,bullish,long_call_or_call_debit_spread,1,exit at next session's close,"hypothesis: mechanism only (1993-98 data), no P&L ever measured","entry is next open, so part of the close-to-close effect the paper measures is missed; 'large' = top third by dollar volume (proxy for size/spread/coverage)","{""abnormal_move"": -0.197613, ""volume_vs_200d"": 6.948602, ""move_in_sd"": 8.021216}",False,closed,2026-09-01,2026-09-01,0.05714285714285716,0.05714285714285716
2026-08-31,2026-09-01,volume_reversal,HWM,bullish,long_call_or_call_debit_spread,1,exit at next session's close,"hypothesis: mechanism only (1993-98 data), no P&L ever measured","entry is next open, so part of the close-to-close effect the paper measures is missed; 'large' = top third by dollar volume (proxy for size/spread/coverage)","{""abnormal_move"": -0.072147, ""volume_vs_200d"": 3.866324, ""move_in_sd"": 4.272205}",False,closed,2026-09-01,2026-09-01,0.02176701675619319,0.02176701675619319
2026-08-31,2026-09-01,volume_reversal,TTWO,bullish,long_call_or_call_debit_spread,1,exit at next session's close,"hypothesis: mechanism only (1993-98 data), no P&L ever measured","entry is next open, so part of the close-to-close effect the paper measures is missed; 'large' = top third by dollar volume (proxy for size/spread/coverage)","{""abnormal_move"": -0.063666, ""volume_vs_200d"": 3.213928, ""move_in_sd"": 2.830066}",False,closed,2026-09-01,2026-09-01,-0.001520667250357044,-0.001520667250357044
2026-08-31,2026-09-01,volume_reversal,CLX,bullish,long_call_or_call_debit_spread,1,exit at next session's close,"hypothesis: mechanism only (1993-98 data), no P&L ever measured","entry is next open, so part of the close-to-close effect the paper measures is missed; 'large' = top third by dollar volume (proxy for size/spread/coverage)","{""abnormal_move"": -0.044314, ""volume_vs_200d"": 5.426162, ""move_in_sd"": 2.622556}",False,closed,2026-09-01,2026-09-01,-0.027146076623642768,-0.027146076623642768
2026-09-01,2026-09-02,volume_reversal,NVS,bearish,long_put_or_put_debit_spread,1,exit at next session's close,"hypothesis: mechanism only (1993-98 data), no P&L ever measured","entry is next open, so part of the close-to-close effect the paper measures is missed; 'large' = top third by dollar volume (proxy for size/spread/coverage)","{""abnormal_move"": 0.067307, ""volume_vs_200d"": 2.322277, ""move_in_sd"": 4.357175}",False,closed,2026-09-02,2026-09-02,0.010323383084577031,-0.010323383084577031
2026-09-02,2026-09-03,earnings_reversal,DOCU,bearish,long_put_or_put_debit_spread,2,exit at close of day +1 after the announcement,"moderate: one study, equity-only; earnings IV crush untested",abnormal return = market-adjusted (minus SPY),"{""pre_announcement_abnormal_return"": 0.102091, ""earnings_date"": ""2026-09-03"", ""hour"": ""amc"", ""thresholds_hit"": [0.05, 0.1]}",False,closed,2026-09-03,2026-09-04,0.020131225767968886,-0.020131225767968886
2026-09-02,2026-09-03,volume_reversal,DELL,bearish,long_put_or_put_debit_spread,1,exit at next session's close,"hypothesis: mechanism only (1993-98 data), no P&L ever measured","entry is next open, so part of the close-to-close effect the paper measures is missed; 'large' = top third by dollar volume (proxy for size/spread/coverage)","{""abnormal_move"": 0.153681, ""volume_vs_200d"": 4.650375, ""move_in_sd"": 4.068429}",False,closed,2026-09-03,2026-09-03,0.06185355020460204,-0.06185355020460204
2026-09-02,2026-09-03,volume_reversal,CRDO,bullish,long_call_or_call_debit_spread,1,exit at next session's close,"hypothesis: mechanism only (1993-98 data), no P&L ever measured","entry is next open, so part of the close-to-close effect the paper measures is missed; 'large' = top third by dollar volume (proxy for size/spread/coverage)","{""abnormal_move"": -0.204844, ""volume_vs_200d"": 4.262528, ""move_in_sd"": 3.726379}",False,closed,2026-09-03,2026-09-03,-0.02569732937685465,-0.02569732937685465
2026-09-02,2026-09-03,volume_reversal,MDB,bullish,long_call_or_call_debit_spread,1,exit at next session's close,"hypothesis: mechanism only (1993-98 data), no P&L ever measured","entry is next open, so part of the close-to-close effect the paper measures is missed; 'large' = top third by dollar volume (proxy for size/spread/coverage)","{""abnormal_move"": -0.139878, ""volume_vs_200d"": 3.965814, ""move_in_sd"": 3.477078}",False,closed,2026-09-03,2026-09-03,0.015022705671137393,0.015022705671137393
2026-09-02,2026-09-03,volume_reversal,ALNY,bearish,long_put_or_put_debit_spread,1,exit at next session's close,"hypothesis: mechanism only (1993-98 data), no P&L ever measured","entry is next open, so part of the close-to-close effect the paper measures is missed; 'large' = top third by dollar volume (proxy for size/spread/coverage)","{""abnormal_move"": 0.082069, ""volume_vs_200d"": 2.282564, ""move_in_sd"": 3.044275}",False,closed,2026-09-03,2026-09-03,-0.005414755207941657,0.005414755207941657
2026-09-02,2026-09-03,volume_reversal,UTHR,bullish,long_call_or_call_debit_spread,1,exit at next session's close,"hypothesis: mechanism only (1993-98 data), no P&L ever measured","entry is next open, so part of the close-to-close effect the paper measures is missed; 'large' = top third by dollar volume (proxy for size/spread/coverage)","{""abnormal_move"": -0.044772, ""volume_vs_200d"": 2.909532, ""move_in_sd"": 2.652892}",False,closed,2026-09-03,2026-09-03,-0.00779210265336272,-0.00779210265336272
2026-09-02,2026-09-03,volume_reversal,GTLB,bearish,long_put_or_put_debit_spread,1,exit at next session's close,"hypothesis: mechanism only (1993-98 data), no P&L ever measured","entry is next open, so part of the close-to-close effect the paper measures is missed; 'large' = top third by dollar volume (proxy for size/spread/coverage)","{""abnormal_move"": 0.095363, ""volume_vs_200d"": 5.204284, ""move_in_sd"": 2.629316}",False,closed,2026-09-03,2026-09-03,-0.01340536214485788,0.01340536214485788
2026-09-02,2026-09-03,volume_reversal,CNH,bearish,long_put_or_put_debit_spread,1,exit at next session's close,"hypothesis: mechanism only (1993-98 data), no P&L ever measured","entry is next open, so part of the close-to-close effect the paper measures is missed; 'large' = top third by dollar volume (proxy for size/spread/coverage)","{""abnormal_move"": 0.087563, ""volume_vs_200d"": 3.706781, ""move_in_sd"": 2.546875}",False,closed,2026-09-03,2026-09-03,0.009482129832239172,-0.009482129832239172
2026-09-03,2026-09-04,volume_reversal,SNOW,bearish,long_put_or_put_debit_spread,1,exit at next session's close,"hypothesis: mechanism only (1993-98 data), no P&L ever measured","entry is next open, so part of the close-to-close effect the paper measures is missed; 'large' = top third by dollar volume (proxy for size/spread/coverage)","{""abnormal_move"": 0.155076, ""volume_vs_200d"": 3.354245, ""move_in_sd"": 7.140965}",False,closed,2026-09-04,2026-09-04,-0.04651754658824192,0.04651754658824192
2026-09-03,2026-09-04,volume_reversal,MSTR,bearish,long_put_or_put_debit_spread,1,exit at next session's close,"hypothesis: mechanism only (1993-98 data), no P&L ever measured","entry is next open, so part of the close-to-close effect the paper measures is missed; 'large' = top third by dollar volume (proxy for size/spread/coverage)","{""abnormal_move"": 0.165114, ""volume_vs_200d"": 2.109808, ""move_in_sd"": 3.017545}",False,closed,2026-09-04,2026-09-04,0.03967965052784872,-0.03967965052784872
2026-09-03,2026-09-04,volume_reversal,CIEN,bullish,long_call_or_call_debit_spread,1,exit at next session's close,"hypothesis: mechanism only (1993-98 data), no P&L ever measured","entry is next open, so part of the close-to-close effect the paper measures is missed; 'large' = top third by dollar volume (proxy for size/spread/coverage)","{""abnormal_move"": -0.114094, ""volume_vs_200d"": 2.566823, ""move_in_sd"": 2.520847}",False,closed,2026-09-04,2026-09-04,-0.002082879970155771,-0.002082879970155771
2026-09-04,2026-09-07,volume_reversal,LULU,bullish,long_call_or_call_debit_spread,1,exit at next session's close,"hypothesis: mechanism only (1993-98 data), no P&L ever measured","entry is next open, so part of the close-to-close effect the paper measures is missed; 'large' = top third by dollar volume (proxy for size/spread/coverage)","{""abnormal_move"": -0.169916, ""volume_vs_200d"": 10.734309, ""move_in_sd"": 6.59055}",False,closed,2026-09-08,2026-09-08,0.02594949294094251,0.02594949294094251
2026-09-04,2026-09-07,volume_reversal,GWRE,bullish,long_call_or_call_debit_spread,1,exit at next session's close,"hypothesis: mechanism only (1993-98 data), no P&L ever measured","entry is next open, so part of the close-to-close effect the paper measures is missed; 'large' = top third by dollar volume (proxy for size/spread/coverage)","{""abnormal_move"": -0.195495, ""volume_vs_200d"": 3.171542, ""move_in_sd"": 6.539272}",False,closed,2026-09-08,2026-09-08,-0.06734363319212555,-0.06734363319212555
2026-09-04,2026-09-07,volume_reversal,FICO,bullish,long_call_or_call_debit_spread,1,exit at next session's close,"hypothesis: mechanism only (1993-98 data), no P&L ever measured","entry is next open, so part of the close-to-close effect the paper measures is missed; 'large' = top third by dollar volume (proxy for size/spread/coverage)","{""abnormal_move"": -0.162975, ""volume_vs_200d"": 4.543247, ""move_in_sd"": 6.46045}",False,closed,2026-09-08,2026-09-08,0.013894471542948983,0.013894471542948983
2026-09-04,2026-09-07,volume_reversal,PATH,bullish,long_call_or_call_debit_spread,1,exit at next session's close,"hypothesis: mechanism only (1993-98 data), no P&L ever measured","entry is next open, so part of the close-to-close effect the paper measures is missed; 'large' = top third by dollar volume (proxy for size/spread/coverage)","{""abnormal_move"": -0.162447, ""volume_vs_200d"": 2.44199, ""move_in_sd"": 4.638433}",False,closed,2026-09-08,2026-09-08,-0.07585751978891819,-0.07585751978891819
2026-09-08,2026-09-09,volume_reversal,ROIV,bearish,long_put_or_put_debit_spread,1,exit at next session's close,"hypothesis: mechanism only (1993-98 data), no P&L ever measured","entry is next open, so part of the close-to-close effect the paper measures is missed; 'large' = top third by dollar volume (proxy for size/spread/coverage)","{""abnormal_move"": 0.19301, ""volume_vs_200d"": 3.884502, ""move_in_sd"": 8.791979}",False,closed,2026-09-09,2026-09-09,0.010147378593863277,-0.010147378593863277
2026-09-08,2026-09-09,volume_reversal,AMGN,bullish,long_call_or_call_debit_spread,1,exit at next session's close,"hypothesis: mechanism only (1993-98 data), no P&L ever measured","entry is next open, so part of the close-to-close effect the paper measures is missed; 'large' = top third by dollar volume (proxy for size/spread/coverage)","{""abnormal_move"": -0.095279, ""volume_vs_200d"": 2.511511, ""move_in_sd"": 6.747795}",False,closed,2026-09-09,2026-09-09,-0.0045666747230102,-0.0045666747230102
2026-09-08,2026-09-09,volume_reversal,NVS,bullish,long_call_or_call_debit_spread,1,exit at next session's close,"hypothesis: mechanism only (1993-98 data), no P&L ever measured","entry is next open, so part of the close-to-close effect the paper measures is missed; 'large' = top third by dollar volume (proxy for size/spread/coverage)","{""abnormal_move"": -0.133829, ""volume_vs_200d"": 5.417292, ""move_in_sd"": 6.238236}",False,closed,2026-09-09,2026-09-09,-0.004777761691038052,-0.004777761691038052
2026-09-08,2026-09-09,volume_reversal,SYK,bullish,long_call_or_call_debit_spread,1,exit at next session's close,"hypothesis: mechanism only (1993-98 data), no P&L ever measured","entry is next open, so part of the close-to-close effect the paper measures is missed; 'large' = top third by dollar volume (proxy for size/spread/coverage)","{""abnormal_move"": -0.082589, ""volume_vs_200d"": 2.817596, ""move_in_sd"": 4.785179}",False,closed,2026-09-09,2026-09-09,0.013077786157043914,0.013077786157043914
2026-09-08,2026-09-09,volume_reversal,HWM,bullish,long_call_or_call_debit_spread,1,exit at next session's close,"hypothesis: mechanism only (1993-98 data), no P&L ever measured","entry is next open, so part of the close-to-close effect the paper measures is missed; 'large' = top third by dollar volume (proxy for size/spread/coverage)","{""abnormal_move"": -0.101501, ""volume_vs_200d"": 4.551295, ""move_in_sd"": 4.020475}",False,closed,2026-09-09,2026-09-09,-0.0003867474539126503,-0.0003867474539126503
2026-09-08,2026-09-09,volume_reversal,RPRX,bullish,long_call_or_call_debit_spread,1,exit at next session's close,"hypothesis: mechanism only (1993-98 data), no P&L ever measured","entry is next open, so part of the close-to-close effect the paper measures is missed; 'large' = top third by dollar volume (proxy for size/spread/coverage)","{""abnormal_move"": -0.047197, ""volume_vs_200d"": 2.423989, ""move_in_sd"": 3.595927}",False,closed,2026-09-09,2026-09-09,-0.00016501650165012816,-0.00016501650165012816
2026-09-08,2026-09-09,volume_reversal,STZ,bullish,long_call_or_call_debit_spread,1,exit at next session's close,"hypothesis: mechanism only (1993-98 data), no P&L ever measured","entry is next open, so part of the close-to-close effect the paper measures is missed; 'large' = top third by dollar volume (proxy for size/spread/coverage)","{""abnormal_move"": -0.050679, ""volume_vs_200d"": 2.034021, ""move_in_sd"": 2.671684}",False,closed,2026-09-09,2026-09-09,-0.0018886516669404108,-0.0018886516669404108
2026-09-08,2026-09-09,volume_reversal,LNG,bullish,long_call_or_call_debit_spread,1,exit at next session's close,"hypothesis: mechanism only (1993-98 data), no P&L ever measured","entry is next open, so part of the close-to-close effect the paper measures is missed; 'large' = top third by dollar volume (proxy for size/spread/coverage)","{""abnormal_move"": -0.049234, ""volume_vs_200d"": 2.121987, ""move_in_sd"": 2.649283}",False,closed,2026-09-09,2026-09-09,-0.010968135058604278,-0.010968135058604278
2026-09-09,2026-09-10,earnings_reversal,ADBE,bullish,long_call_or_call_debit_spread,2,exit at close of day +1 after the announcement,"moderate: one study, equity-only; earnings IV crush untested",abnormal return = market-adjusted (minus SPY),"{""pre_announcement_abnormal_return"": -0.112965, ""earnings_date"": ""2026-09-10"", ""hour"": ""amc"", ""thresholds_hit"": [0.05, 0.1]}",False,closed,2026-09-10,2026-09-11,0.0016679242285850826,0.0016679242285850826
2026-09-09,2026-09-10,earnings_reversal,ORCL,bearish,long_put_or_put_debit_spread,2,exit at close of day +1 after the announcement,"moderate: one study, equity-only; earnings IV crush untested",abnormal return = market-adjusted (minus SPY),"{""pre_announcement_abnormal_return"": 0.136164, ""earnings_date"": ""2026-09-10"", ""hour"": ""amc"", ""thresholds_hit"": [0.05, 0.1]}",False,closed,2026-09-10,2026-09-11,-0.05111286503551693,0.05111286503551693
2026-09-09,2026-09-10,volume_reversal,TTAN,bullish,long_call_or_call_debit_spread,1,exit at next session's close,"hypothesis: mechanism only (1993-98 data), no P&L ever measured","entry is next open, so part of the close-to-close effect the paper measures is missed; 'large' = top third by dollar volume (proxy for size/spread/coverage)","{""abnormal_move"": -0.295181, ""volume_vs_200d"": 16.516641, ""move_in_sd"": 8.050978}",False,closed,2026-09-10,2026-09-10,-0.003380782918149583,-0.003380782918149583
2026-09-09,2026-09-10,volume_reversal,CASY,bullish,long_call_or_call_debit_spread,1,exit at next session's close,"hypothesis: mechanism only (1993-98 data), no P&L ever measured","entry is next open, so part of the close-to-close effect the paper measures is missed; 'large' = top third by dollar volume (proxy for size/spread/coverage)","{""abnormal_move"": -0.137767, ""volume_vs_200d"": 5.539485, ""move_in_sd"": 6.083113}",False,closed,2026-09-10,2026-09-10,-0.006898734177215204,-0.006898734177215204
2026-09-09,2026-09-10,volume_reversal,CHWY,bullish,long_call_or_call_debit_spread,1,exit at next session's close,"hypothesis: mechanism only (1993-98 data), no P&L ever measured","entry is next open, so part of the close-to-close effect the paper measures is missed; 'large' = top third by dollar volume (proxy for size/spread/coverage)","{""abnormal_move"": -0.103646, ""volume_vs_200d"": 2.595535, ""move_in_sd"": 4.215886}",False,closed,2026-09-10,2026-09-10,0.032827045565898993,0.032827045565898993
2026-09-09,2026-09-10,volume_reversal,META,bearish,long_put_or_put_debit_spread,1,exit at next session's close,"hypothesis: mechanism only (1993-98 data), no P&L ever measured","entry is next open, so part of the close-to-close effect the paper measures is missed; 'large' = top third by dollar volume (proxy for size/spread/coverage)","{""abnormal_move"": 0.070192, ""volume_vs_200d"": 2.138622, ""move_in_sd"": 3.708717}",False,closed,2026-09-10,2026-09-10,-0.014264844234019969,0.014264844234019969
2026-09-09,2026-09-10,volume_reversal,CHYM,bearish,long_put_or_put_debit_spread,1,exit at next session's close,"hypothesis: mechanism only (1993-98 data), no P&L ever measured","entry is next open, so part of the close-to-close effect the paper measures is missed; 'large' = top third by dollar volume (proxy for size/spread/coverage)","{""abnormal_move"": 0.073976, ""volume_vs_200d"": 2.825904, ""move_in_sd"": 3.32006}",False,closed,2026-09-10,2026-09-10,-0.032143386165012666,0.032143386165012666
2026-09-10,2026-09-11,volume_reversal,COO,bullish,long_call_or_call_debit_spread,1,exit at next session's close,"hypothesis: mechanism only (1993-98 data), no P&L ever measured","entry is next open, so part of the close-to-close effect the paper measures is missed; 'large' = top third by dollar volume (proxy for size/spread/coverage)","{""abnormal_move"": -0.140666, ""volume_vs_200d"": 7.536134, ""move_in_sd"": 8.167995}",False,closed,2026-09-11,2026-09-11,-0.013721185510428113,-0.013721185510428113
2026-09-10,2026-09-11,volume_reversal,SWKS,bearish,long_put_or_put_debit_spread,1,exit at next session's close,"hypothesis: mechanism only (1993-98 data), no P&L ever measured","entry is next open, so part of the close-to-close effect the paper measures is missed; 'large' = top third by dollar volume (proxy for size/spread/coverage)","{""abnormal_move"": 0.103852, ""volume_vs_200d"": 2.592235, ""move_in_sd"": 4.973193}",False,closed,2026-09-11,2026-09-11,0.04841580633677456,-0.04841580633677456
2026-09-10,2026-09-11,volume_reversal,ENB,bullish,long_call_or_call_debit_spread,1,exit at next session's close,"hypothesis: mechanism only (1993-98 data), no P&L ever measured","entry is next open, so part of the close-to-close effect the paper measures is missed; 'large' = top third by dollar volume (proxy for size/spread/coverage)","{""abnormal_move"": -0.03249, ""volume_vs_200d"": 2.847105, ""move_in_sd"": 2.520991}",False,closed,2026-09-11,2026-09-11,-0.012611122596650759,-0.012611122596650759
2026-09-11,2026-09-14,volume_reversal,HDB,bearish,long_put_or_put_debit_spread,1,exit at next session's close,"hypothesis: mechanism only (1993-98 data), no P&L ever measured","entry is next open, so part of the close-to-close effect the paper measures is missed; 'large' = top third by dollar volume (proxy for size/spread/coverage)","{""abnormal_move"": 0.060157, ""volume_vs_200d"": 3.324028, ""move_in_sd"": 3.844354}",False,closed,2026-09-14,2026-09-14,-0.022212729602733905,0.022212729602733905
2026-09-14,2026-09-15,volume_reversal,ZS,bearish,long_put_or_put_debit_spread,1,exit at next session's close,"hypothesis: mechanism only (1993-98 data), no P&L ever measured","entry is next open, so part of the close-to-close effect the paper measures is missed; 'large' = top third by dollar volume (proxy for size/spread/coverage)","{""abnormal_move"": 0.16971, ""volume_vs_200d"": 2.349975, ""move_in_sd"": 4.750359}",False,closed,2026-09-15,2026-09-15,0.029905449909699344,-0.029905449909699344
2026-09-14,2026-09-15,volume_reversal,TENB,bearish,long_put_or_put_debit_spread,1,exit at next session's close,"hypothesis: mechanism only (1993-98 data), no P&L ever measured","entry is next open, so part of the close-to-close effect the paper measures is missed; 'large' = top third by dollar volume (proxy for size/spread/coverage)","{""abnormal_move"": 0.169523, ""volume_vs_200d"": 3.75169, ""move_in_sd"": 4.004886}",False,closed,2026-09-15,2026-09-15,0.11963550852439742,-0.11963550852439742
2026-09-14,2026-09-15,volume_reversal,NVMI,bullish,long_call_or_call_debit_spread,1,exit at next session's close,"hypothesis: mechanism only (1993-98 data), no P&L ever measured","entry is next open, so part of the close-to-close effect the paper measures is missed; 'large' = top third by dollar volume (proxy for size/spread/coverage)","{""abnormal_move"": -0.095482, ""volume_vs_200d"": 2.168422, ""move_in_sd"": 3.359038}",False,closed,2026-09-15,2026-09-15,-0.017648783347991914,-0.017648783347991914
2026-09-14,2026-09-15,volume_reversal,SWKS,bullish,long_call_or_call_debit_spread,1,exit at next session's close,"hypothesis: mechanism only (1993-98 data), no P&L ever measured","entry is next open, so part of the close-to-close effect the paper measures is missed; 'large' = top third by dollar volume (proxy for size/spread/coverage)","{""abnormal_move"": -0.098425, ""volume_vs_200d"": 2.510971, ""move_in_sd"": 3.204226}",False,closed,2026-09-15,2026-09-15,0.11745716414204121,0.11745716414204121
2026-09-14,2026-09-15,volume_reversal,PBF,bullish,long_call_or_call_debit_spread,1,exit at next session's close,"hypothesis: mechanism only (1993-98 data), no P&L ever measured","entry is next open, so part of the close-to-close effect the paper measures is missed; 'large' = top third by dollar volume (proxy for size/spread/coverage)","{""abnormal_move"": -0.096432, ""volume_vs_200d"": 2.267254, ""move_in_sd"": 2.822753}",False,closed,2026-09-15,2026-09-15,0.07976878612716765,0.07976878612716765
2026-09-15,2026-09-16,volume_reversal,RVTY,bearish,long_put_or_put_debit_spread,1,exit at next session's close,"hypothesis: mechanism only (1993-98 data), no P&L ever measured","entry is next open, so part of the close-to-close effect the paper measures is missed; 'large' = top third by dollar volume (proxy for size/spread/coverage)","{""abnormal_move"": 0.095644, ""volume_vs_200d"": 2.675751, ""move_in_sd"": 4.411185}",False,closed,2026-09-16,2026-09-16,0.03442646223736512,-0.03442646223736512
2026-09-15,2026-09-16,volume_reversal,SWKS,bearish,long_put_or_put_debit_spread,1,exit at next session's close,"hypothesis: mechanism only (1993-98 data), no P&L ever measured","entry is next open, so part of the close-to-close effect the paper measures is missed; 'large' = top third by dollar volume (proxy for size/spread/coverage)","{""abnormal_move"": 0.14009, ""volume_vs_200d"": 2.888178, ""move_in_sd"": 3.541864}",False,closed,2026-09-16,2026-09-16,-0.042349650349650325,0.042349650349650325
2026-09-15,2026-09-16,volume_reversal,SYY,bullish,long_call_or_call_debit_spread,1,exit at next session's close,"hypothesis: mechanism only (1993-98 data), no P&L ever measured","entry is next open, so part of the close-to-close effect the paper measures is missed; 'large' = top third by dollar volume (proxy for size/spread/coverage)","{""abnormal_move"": -0.042576, ""volume_vs_200d"": 3.555806, ""move_in_sd"": 3.540765}",False,closed,2026-09-16,2026-09-16,-0.012731263719034214,-0.012731263719034214
2026-09-15,2026-09-16,volume_reversal,CAVA,bullish,long_call_or_call_debit_spread,1,exit at next session's close,"hypothesis: mechanism only (1993-98 data), no P&L ever measured","entry is next open, so part of the close-to-close effect the paper measures is missed; 'large' = top third by dollar volume (proxy for size/spread/coverage)","{""abnormal_move"": -0.084683, ""volume_vs_200d"": 2.200501, ""move_in_sd"": 3.045471}",False,closed,2026-09-16,2026-09-16,-0.02220475535468658,-0.02220475535468658
2026-09-15,2026-09-16,volume_reversal,IONS,bullish,long_call_or_call_debit_spread,1,exit at next session's close,"hypothesis: mechanism only (1993-98 data), no P&L ever measured","entry is next open, so part of the close-to-close effect the paper measures is missed; 'large' = top third by dollar volume (proxy for size/spread/coverage)","{""abnormal_move"": -0.076867, ""volume_vs_200d"": 2.831343, ""move_in_sd"": 2.89873}",False,closed,2026-09-16,2026-09-16,-0.05360911777121147,-0.05360911777121147
2026-09-15,2026-09-16,volume_reversal,AXON,bullish,long_call_or_call_debit_spread,1,exit at next session's close,"hypothesis: mechanism only (1993-98 data), no P&L ever measured","entry is next open, so part of the close-to-close effect the paper measures is missed; 'large' = top third by dollar volume (proxy for size/spread/coverage)","{""abnormal_move"": -0.09354, ""volume_vs_200d"": 2.761678, ""move_in_sd"": 2.783726}",False,closed,2026-09-16,2026-09-16,0.06138263884168316,0.06138263884168316
2026-09-16,2026-09-17,volume_reversal,JBHT,bullish,long_call_or_call_debit_spread,1,exit at next session's close,"hypothesis: mechanism only (1993-98 data), no P&L ever measured","entry is next open, so part of the close-to-close effect the paper measures is missed; 'large' = top third by dollar volume (proxy for size/spread/coverage)","{""abnormal_move"": -0.128606, ""volume_vs_200d"": 4.793659, ""move_in_sd"": 6.499335}",False,closed,2026-09-17,2026-09-17,-0.007544006705783701,-0.007544006705783701
2026-09-16,2026-09-17,volume_reversal,HBAN,bullish,long_call_or_call_debit_spread,1,exit at next session's close,"hypothesis: mechanism only (1993-98 data), no P&L ever measured","entry is next open, so part of the close-to-close effect the paper measures is missed; 'large' = top third by dollar volume (proxy for size/spread/coverage)","{""abnormal_move"": -0.051113, ""volume_vs_200d"": 2.95465, ""move_in_sd"": 4.600935}",False,closed,2026-09-17,2026-09-17,-0.0012578616352201255,-0.0012578616352201255
2026-09-16,2026-09-17,volume_reversal,FANG,bullish,long_call_or_call_debit_spread,1,exit at next session's close,"hypothesis: mechanism only (1993-98 data), no P&L ever measured","entry is next open, so part of the close-to-close effect the paper measures is missed; 'large' = top third by dollar volume (proxy for size/spread/coverage)","{""abnormal_move"": -0.075888, ""volume_vs_200d"": 6.296645, ""move_in_sd"": 4.355298}",False,closed,2026-09-17,2026-09-17,0.030667783127485748,0.030667783127485748
2026-09-16,2026-09-17,volume_reversal,KEY,bullish,long_call_or_call_debit_spread,1,exit at next session's close,"hypothesis: mechanism only (1993-98 data), no P&L ever measured","entry is next open, so part of the close-to-close effect the paper measures is missed; 'large' = top third by dollar volume (proxy for size/spread/coverage)","{""abnormal_move"": -0.040751, ""volume_vs_200d"": 2.026216, ""move_in_sd"": 3.650399}",False,closed,2026-09-17,2026-09-17,-0.0014299332697808032,-0.0014299332697808032
2026-09-16,2026-09-17,volume_reversal,MTD,bearish,long_put_or_put_debit_spread,1,exit at next session's close,"hypothesis: mechanism only (1993-98 data), no P&L ever measured","entry is next open, so part of the close-to-close effect the paper measures is missed; 'large' = top third by dollar volume (proxy for size/spread/coverage)","{""abnormal_move"": 0.040707, ""volume_vs_200d"": 2.079612, ""move_in_sd"": 3.082628}",False,closed,2026-09-17,2026-09-17,0.00665182140002285,-0.00665182140002285
2026-09-16,2026-09-17,volume_reversal,VMRK,bullish,long_call_or_call_debit_spread,1,exit at next session's close,"hypothesis: mechanism only (1993-98 data), no P&L ever measured","entry is next open, so part of the close-to-close effect the paper measures is missed; 'large' = top third by dollar volume (proxy for size/spread/coverage)","{""abnormal_move"": -0.035816, ""volume_vs_200d"": 2.491693, ""move_in_sd"": 2.577852}",False,closed,2026-09-17,2026-09-17,-0.0020589166930631286,-0.0020589166930631286
2026-09-17,2026-09-18,volume_reversal,GNRC,bearish,long_put_or_put_debit_spread,1,exit at next session's close,"hypothesis: mechanism only (1993-98 data), no P&L ever measured","entry is next open, so part of the close-to-close effect the paper measures is missed; 'large' = top third by dollar volume (proxy for size/spread/coverage)","{""abnormal_move"": 0.172089, ""volume_vs_200d"": 7.819524, ""move_in_sd"": 6.902758}",False,closed,2026-09-18,2026-09-18,-0.009927453226422411,0.009927453226422411
2026-09-17,2026-09-18,volume_reversal,MTZ,bullish,long_call_or_call_debit_spread,1,exit at next session's close,"hypothesis: mechanism only (1993-98 data), no P&L ever measured","entry is next open, so part of the close-to-close effect the paper measures is missed; 'large' = top third by dollar volume (proxy for size/spread/coverage)","{""abnormal_move"": -0.090543, ""volume_vs_200d"": 3.51852, ""move_in_sd"": 3.574579}",False,closed,2026-09-18,2026-09-18,0.018287179974350476,0.018287179974350476
2026-09-18,2026-09-21,volume_reversal,NUE,bullish,long_call_or_call_debit_spread,1,exit at next session's close,"hypothesis: mechanism only (1993-98 data), no P&L ever measured","entry is next open, so part of the close-to-close effect the paper measures is missed; 'large' = top third by dollar volume (proxy for size/spread/coverage)","{""abnormal_move"": -0.062019, ""volume_vs_200d"": 2.044084, ""move_in_sd"": 3.980171}",False,closed,2026-09-21,2026-09-21,-0.024115302548411655,-0.024115302548411655
2026-09-18,2026-09-21,volume_reversal,GM,bullish,long_call_or_call_debit_spread,1,exit at next session's close,"hypothesis: mechanism only (1993-98 data), no P&L ever measured","entry is next open, so part of the close-to-close effect the paper measures is missed; 'large' = top third by dollar volume (proxy for size/spread/coverage)","{""abnormal_move"": -0.049834, ""volume_vs_200d"": 2.73669, ""move_in_sd"": 3.107399}",False,closed,2026-09-21,2026-09-21,0.019119878603945484,0.019119878603945484
2026-09-18,2026-09-21,volume_reversal,QCOM,bullish,long_call_or_call_debit_spread,1,exit at next session's close,"hypothesis: mechanism only (1993-98 data), no P&L ever measured","entry is next open, so part of the close-to-close effect the paper measures is missed; 'large' = top third by dollar volume (proxy for size/spread/coverage)","{""abnormal_move"": -0.057044, ""volume_vs_200d"": 3.721377, ""move_in_sd"": 3.090252}",False,closed,2026-09-21,2026-09-21,0.07541110680471719,0.07541110680471719
2026-09-18,2026-09-21,volume_reversal,MSTR,bearish,long_put_or_put_debit_spread,1,exit at next session's close,"hypothesis: mechanism only (1993-98 data), no P&L ever measured","entry is next open, so part of the close-to-close effect the paper measures is missed; 'large' = top third by dollar volume (proxy for size/spread/coverage)","{""abnormal_move"": 0.16505, ""volume_vs_200d"": 2.551354, ""move_in_sd"": 2.745145}",False,closed,2026-09-21,2026-09-21,0.02381820391299061,-0.02381820391299061
2026-09-18,2026-09-21,volume_reversal,PEP,bullish,long_call_or_call_debit_spread,1,exit at next session's close,"hypothesis: mechanism only (1993-98 data), no P&L ever measured","entry is next open, so part of the close-to-close effect the paper measures is missed; 'large' = top third by dollar volume (proxy for size/spread/coverage)","{""abnormal_move"": -0.02806, ""volume_vs_200d"": 3.006945, ""move_in_sd"": 2.620505}",False,closed,2026-09-21,2026-09-21,-0.0004627844195912445,-0.0004627844195912445
2026-09-18,2026-09-21,volume_reversal,TAP,bullish,long_call_or_call_debit_spread,1,exit at next session's close,"hypothesis: mechanism only (1993-98 data), no P&L ever measured","entry is next open, so part of the close-to-close effect the paper measures is missed; 'large' = top third by dollar volume (proxy for size/spread/coverage)","{""abnormal_move"": -0.038469, ""volume_vs_200d"": 16.059822, ""move_in_sd"": 2.555542}",False,closed,2026-09-21,2026-09-21,0.0016000000000000458,0.0016000000000000458
2026-09-21,2026-09-22,earnings_reversal,CBRL,bullish,long_call_or_call_debit_spread,3,exit at close of day +1 after the announcement,"moderate: one study, equity-only; earnings IV crush untested","bmo-time report: entered day -1, screen window days -6..-2; abnormal return = market-adjusted (minus SPY)","{""pre_announcement_abnormal_return"": -0.127886, ""earnings_date"": ""2026-09-23"", ""hour"": ""bmo"", ""thresholds_hit"": [0.05, 0.1]}",False,closed,2026-09-22,2026-09-24,0.13934065934065942,0.13934065934065942
2026-09-21,2026-09-22,volume_reversal,WBD,bearish,long_put_or_put_debit_spread,1,exit at next session's close,"hypothesis: mechanism only (1993-98 data), no P&L ever measured","entry is next open, so part of the close-to-close effect the paper measures is missed; 'large' = top third by dollar volume (proxy for size/spread/coverage)","{""abnormal_move"": 0.092409, ""volume_vs_200d"": 8.619625, ""move_in_sd"": 12.087602}",False,closed,2026-09-22,2026-09-22,0.0,-0.0
2026-09-21,2026-09-22,volume_reversal,META,bearish,long_put_or_put_debit_spread,1,exit at next session's close,"hypothesis: mechanism only (1993-98 data), no P&L ever measured","entry is next open, so part of the close-to-close effect the paper measures is missed; 'large' = top third by dollar volume (proxy for size/spread/coverage)","{""abnormal_move"": 0.097893, ""volume_vs_200d"": 2.884612, ""move_in_sd"": 5.015957}",False,closed,2026-09-22,2026-09-22,0.007102816516270316,-0.007102816516270316
2026-09-21,2026-09-22,volume_reversal,NVO,bullish,long_call_or_call_debit_spread,1,exit at next session's close,"hypothesis: mechanism only (1993-98 data), no P&L ever measured","entry is next open, so part of the close-to-close effect the paper measures is missed; 'large' = top third by dollar volume (proxy for size/spread/coverage)","{""abnormal_move"": -0.095061, ""volume_vs_200d"": 2.921258, ""move_in_sd"": 4.925907}",False,closed,2026-09-22,2026-09-22,-0.0025316455696202667,-0.0025316455696202667
2026-09-22,2026-09-23,volume_reversal,ONON,bearish,long_put_or_put_debit_spread,1,exit at next session's close,"hypothesis: mechanism only (1993-98 data), no P&L ever measured","entry is next open, so part of the close-to-close effect the paper measures is missed; 'large' = top third by dollar volume (proxy for size/spread/coverage)","{""abnormal_move"": 0.075924, ""volume_vs_200d"": 6.889239, ""move_in_sd"": 5.791949}",False,closed,2026-09-23,2026-09-23,0.0056685561853950794,-0.0056685561853950794
2026-09-22,2026-09-23,volume_reversal,LPLA,bullish,long_call_or_call_debit_spread,1,exit at next session's close,"hypothesis: mechanism only (1993-98 data), no P&L ever measured","entry is next open, so part of the close-to-close effect the paper measures is missed; 'large' = top third by dollar volume (proxy for size/spread/coverage)","{""abnormal_move"": -0.074365, ""volume_vs_200d"": 2.63555, ""move_in_sd"": 5.638306}",False,closed,2026-09-23,2026-09-23,-0.023975475959986947,-0.023975475959986947
2026-09-22,2026-09-23,volume_reversal,RCL,bullish,long_call_or_call_debit_spread,1,exit at next session's close,"hypothesis: mechanism only (1993-98 data), no P&L ever measured","entry is next open, so part of the close-to-close effect the paper measures is missed; 'large' = top third by dollar volume (proxy for size/spread/coverage)","{""abnormal_move"": -0.061223, ""volume_vs_200d"": 3.420395, ""move_in_sd"": 4.587016}",False,closed,2026-09-23,2026-09-23,-0.024731091725247678,-0.024731091725247678
2026-09-22,2026-09-23,volume_reversal,VIK,bullish,long_call_or_call_debit_spread,1,exit at next session's close,"hypothesis: mechanism only (1993-98 data), no P&L ever measured","entry is next open, so part of the close-to-close effect the paper measures is missed; 'large' = top third by dollar volume (proxy for size/spread/coverage)","{""abnormal_move"": -0.058299, ""volume_vs_200d"": 3.040254, ""move_in_sd"": 3.862348}",False,closed,2026-09-23,2026-09-23,-0.0065569714215019115,-0.0065569714215019115
2026-09-22,2026-09-23,volume_reversal,LEN,bearish,long_put_or_put_debit_spread,1,exit at next session's close,"hypothesis: mechanism only (1993-98 data), no P&L ever measured","entry is next open, so part of the close-to-close effect the paper measures is missed; 'large' = top third by dollar volume (proxy for size/spread/coverage)","{""abnormal_move"": 0.063936, ""volume_vs_200d"": 2.070389, ""move_in_sd"": 3.646296}",False,closed,2026-09-23,2026-09-23,-0.005853658536585371,0.005853658536585371
2026-09-22,2026-09-23,volume_reversal,NYT,bullish,long_call_or_call_debit_spread,1,exit at next session's close,"hypothesis: mechanism only (1993-98 data), no P&L ever measured","entry is next open, so part of the close-to-close effect the paper measures is missed; 'large' = top third by dollar volume (proxy for size/spread/coverage)","{""abnormal_move"": -0.071871, ""volume_vs_200d"": 3.94754, ""move_in_sd"": 3.405874}",False,closed,2026-09-23,2026-09-23,-0.05149425287356324,-0.05149425287356324
2026-09-22,2026-09-23,volume_reversal,ALL,bullish,long_call_or_call_debit_spread,1,exit at next session's close,"hypothesis: mechanism only (1993-98 data), no P&L ever measured","entry is next open, so part of the close-to-close effect the paper measures is missed; 'large' = top third by dollar volume (proxy for size/spread/coverage)","{""abnormal_move"": -0.054856, ""volume_vs_200d"": 3.15653, ""move_in_sd"": 3.274589}",False,closed,2026-09-23,2026-09-23,-0.013076754865515072,-0.013076754865515072
2026-09-22,2026-09-23,volume_reversal,MPWR,bearish,long_put_or_put_debit_spread,1,exit at next session's close,"hypothesis: mechanism only (1993-98 data), no P&L ever measured","entry is next open, so part of the close-to-close effect the paper measures is missed; 'large' = top third by dollar volume (proxy for size/spread/coverage)","{""abnormal_move"": 0.080723, ""volume_vs_200d"": 2.094488, ""move_in_sd"": 3.150836}",False,closed,2026-09-23,2026-09-23,-0.008492553471632913,0.008492553471632913
2026-09-22,2026-09-23,volume_reversal,DGX,bullish,long_call_or_call_debit_spread,1,exit at next session's close,"hypothesis: mechanism only (1993-98 data), no P&L ever measured","entry is next open, so part of the close-to-close effect the paper measures is missed; 'large' = top third by dollar volume (proxy for size/spread/coverage)","{""abnormal_move"": -0.041171, ""volume_vs_200d"": 2.838643, ""move_in_sd"": 2.926334}",False,closed,2026-09-23,2026-09-23,-0.009016672337529785,-0.009016672337529785
2026-09-23,2026-09-24,volume_reversal,PAYX,bullish,long_call_or_call_debit_spread,1,exit at next session's close,"hypothesis: mechanism only (1993-98 data), no P&L ever measured","entry is next open, so part of the close-to-close effect the paper measures is missed; 'large' = top third by dollar volume (proxy for size/spread/coverage)","{""abnormal_move"": -0.08046, ""volume_vs_200d"": 2.352338, ""move_in_sd"": 5.772316}",False,closed,2026-09-24,2026-09-24,-0.03698858681227013,-0.03698858681227013
2026-09-23,2026-09-24,volume_reversal,ABNB,bullish,long_call_or_call_debit_spread,1,exit at next session's close,"hypothesis: mechanism only (1993-98 data), no P&L ever measured","entry is next open, so part of the close-to-close effect the paper measures is missed; 'large' = top third by dollar volume (proxy for size/spread/coverage)","{""abnormal_move"": -0.06838, ""volume_vs_200d"": 3.199141, ""move_in_sd"": 4.29128}",False,closed,2026-09-24,2026-09-24,0.004578633045786207,0.004578633045786207
2026-09-23,2026-09-24,volume_reversal,IR,bearish,long_put_or_put_debit_spread,1,exit at next session's close,"hypothesis: mechanism only (1993-98 data), no P&L ever measured","entry is next open, so part of the close-to-close effect the paper measures is missed; 'large' = top third by dollar volume (proxy for size/spread/coverage)","{""abnormal_move"": 0.039294, ""volume_vs_200d"": 2.245513, ""move_in_sd"": 3.089096}",False,closed,2026-09-24,2026-09-24,-0.009273979862215231,0.009273979862215231
2026-09-23,2026-09-24,volume_reversal,MCD,bullish,long_call_or_call_debit_spread,1,exit at next session's close,"hypothesis: mechanism only (1993-98 data), no P&L ever measured","entry is next open, so part of the close-to-close effect the paper measures is missed; 'large' = top third by dollar volume (proxy for size/spread/coverage)","{""abnormal_move"": -0.040851, ""volume_vs_200d"": 4.204553, ""move_in_sd"": 3.024923}",False,closed,2026-09-24,2026-09-24,-0.01118064246975381,-0.01118064246975381
2026-09-23,2026-09-24,volume_reversal,EXPE,bullish,long_call_or_call_debit_spread,1,exit at next session's close,"hypothesis: mechanism only (1993-98 data), no P&L ever measured","entry is next open, so part of the close-to-close effect the paper measures is missed; 'large' = top third by dollar volume (proxy for size/spread/coverage)","{""abnormal_move"": -0.069962, ""volume_vs_200d"": 2.55815, ""move_in_sd"": 2.608582}",False,closed,2026-09-24,2026-09-24,0.004605641911341385,0.004605641911341385
2026-09-24,2026-09-25,post_earnings_drift,CBRL,bullish,long_call_or_call_debit_spread,21,exit after 21 trading days,"strong statistically (monthly, Novy-Marx); one study finds the drift is mostly eaten by trading costs",CAR3 market-adjusted (minus SPY); decile computed within the bot's own recent-announcer pool,"{""car3"": 0.157537, ""pool_percentile"": 0.928571, ""pool_size"": 56, ""earnings_date"": ""2026-09-23""}",False,still_open,2026-09-25,2026-10-02,0.06432525291086089,0.06432525291086089
2026-09-24,2026-09-25,volume_reversal,SNX,bullish,long_call_or_call_debit_spread,1,exit at next session's close,"hypothesis: mechanism only (1993-98 data), no P&L ever measured","entry is next open, so part of the close-to-close effect the paper measures is missed; 'large' = top third by dollar volume (proxy for size/spread/coverage)","{""abnormal_move"": -0.097898, ""volume_vs_200d"": 4.641523, ""move_in_sd"": 5.708268}",False,closed,2026-09-25,2026-09-25,-0.01101669423973528,-0.01101669423973528
2026-09-24,2026-09-25,volume_reversal,KGC,bullish,long_call_or_call_debit_spread,1,exit at next session's close,"hypothesis: mechanism only (1993-98 data), no P&L ever measured","entry is next open, so part of the close-to-close effect the paper measures is missed; 'large' = top third by dollar volume (proxy for size/spread/coverage)","{""abnormal_move"": -0.115038, ""volume_vs_200d"": 2.135332, ""move_in_sd"": 5.079729}",False,closed,2026-09-25,2026-09-25,0.02959309494451312,0.02959309494451312
2026-09-24,2026-09-25,volume_reversal,GEN,bullish,long_call_or_call_debit_spread,1,exit at next session's close,"hypothesis: mechanism only (1993-98 data), no P&L ever measured","entry is next open, so part of the close-to-close effect the paper measures is missed; 'large' = top third by dollar volume (proxy for size/spread/coverage)","{""abnormal_move"": -0.119652, ""volume_vs_200d"": 4.931768, ""move_in_sd"": 4.811752}",False,closed,2026-09-25,2026-09-25,-0.056307289393278004,-0.056307289393278004
2026-09-24,2026-09-25,volume_reversal,XYL,bullish,long_call_or_call_debit_spread,1,exit at next session's close,"hypothesis: mechanism only (1993-98 data), no P&L ever measured","entry is next open, so part of the close-to-close effect the paper measures is missed; 'large' = top third by dollar volume (proxy for size/spread/coverage)","{""abnormal_move"": -0.054224, ""volume_vs_200d"": 2.075478, ""move_in_sd"": 4.202267}",False,closed,2026-09-25,2026-09-25,-0.0025269705510739815,-0.0025269705510739815
2026-09-24,2026-09-25,volume_reversal,TWST,bearish,long_put_or_put_debit_spread,1,exit at next session's close,"hypothesis: mechanism only (1993-98 data), no P&L ever measured","entry is next open, so part of the close-to-close effect the paper measures is missed; 'large' = top third by dollar volume (proxy for size/spread/coverage)","{""abnormal_move"": 0.161893, ""volume_vs_200d"": 2.321806, ""move_in_sd"": 4.056529}",False,closed,2026-09-25,2026-09-25,-0.006520675976742885,0.006520675976742885
2026-09-24,2026-09-25,volume_reversal,FSLR,bullish,long_call_or_call_debit_spread,1,exit at next session's close,"hypothesis: mechanism only (1993-98 data), no P&L ever measured","entry is next open, so part of the close-to-close effect the paper measures is missed; 'large' = top third by dollar volume (proxy for size/spread/coverage)","{""abnormal_move"": -0.102373, ""volume_vs_200d"": 2.744943, ""move_in_sd"": 3.966949}",False,closed,2026-09-25,2026-09-25,0.020793842265494966,0.020793842265494966
2026-09-24,2026-09-25,volume_reversal,ROL,bullish,long_call_or_call_debit_spread,1,exit at next session's close,"hypothesis: mechanism only (1993-98 data), no P&L ever measured","entry is next open, so part of the close-to-close effect the paper measures is missed; 'large' = top third by dollar volume (proxy for size/spread/coverage)","{""abnormal_move"": -0.063507, ""volume_vs_200d"": 3.416527, ""move_in_sd"": 3.880174}",False,closed,2026-09-25,2026-09-25,0.0006664445184938472,0.0006664445184938472
2026-09-24,2026-09-25,volume_reversal,U,bullish,long_call_or_call_debit_spread,1,exit at next session's close,"hypothesis: mechanism only (1993-98 data), no P&L ever measured","entry is next open, so part of the close-to-close effect the paper measures is missed; 'large' = top third by dollar volume (proxy for size/spread/coverage)","{""abnormal_move"": -0.05995, ""volume_vs_200d"": 2.56396, ""move_in_sd"": 3.045156}",False,closed,2026-09-25,2026-09-25,0.008250424654210109,0.008250424654210109
2026-09-24,2026-09-25,volume_reversal,P,bearish,long_put_or_put_debit_spread,1,exit at next session's close,"hypothesis: mechanism only (1993-98 data), no P&L ever measured","entry is next open, so part of the close-to-close effect the paper measures is missed; 'large' = top third by dollar volume (proxy for size/spread/coverage)","{""abnormal_move"": 0.112357, ""volume_vs_200d"": 3.145295, ""move_in_sd"": 2.614638}",False,closed,2026-09-25,2026-09-25,0.025390625,-0.025390625
2026-09-28,2026-09-29,volume_reversal,KOD,bearish,long_put_or_put_debit_spread,1,exit at next session's close,"hypothesis: mechanism only (1993-98 data), no P&L ever measured","entry is next open, so part of the close-to-close effect the paper measures is missed; 'large' = top third by dollar volume (proxy for size/spread/coverage)","{""abnormal_move"": 1.78704, ""volume_vs_200d"": 44.449227, ""move_in_sd"": 66.766815}",False,closed,2026-09-29,2026-09-29,0.04495412844036695,-0.04495412844036695
2026-09-28,2026-09-29,volume_reversal,NU,bullish,long_call_or_call_debit_spread,1,exit at next session's close,"hypothesis: mechanism only (1993-98 data), no P&L ever measured","entry is next open, so part of the close-to-close effect the paper measures is missed; 'large' = top third by dollar volume (proxy for size/spread/coverage)","{""abnormal_move"": -0.092632, ""volume_vs_200d"": 2.382406, ""move_in_sd"": 4.21814}",False,closed,2026-09-29,2026-09-29,0.00406504065040636,0.00406504065040636
2026-09-28,2026-09-29,volume_reversal,BA,bullish,long_call_or_call_debit_spread,1,exit at next session's close,"hypothesis: mechanism only (1993-98 data), no P&L ever measured","entry is next open, so part of the close-to-close effect the paper measures is missed; 'large' = top third by dollar volume (proxy for size/spread/coverage)","{""abnormal_move"": -0.061625, ""volume_vs_200d"": 2.695496, ""move_in_sd"": 4.217892}",False,closed,2026-09-29,2026-09-29,0.012844036697247763,0.012844036697247763
2026-09-28,2026-09-29,volume_reversal,MOD,bullish,long_call_or_call_debit_spread,1,exit at next session's close,"hypothesis: mechanism only (1993-98 data), no P&L ever measured","entry is next open, so part of the close-to-close effect the paper measures is missed; 'large' = top third by dollar volume (proxy for size/spread/coverage)","{""abnormal_move"": -0.108831, ""volume_vs_200d"": 2.31783, ""move_in_sd"": 4.139943}",False,closed,2026-09-29,2026-09-29,0.02907074441270363,0.02907074441270363
2026-09-28,2026-09-29,volume_reversal,MDB,bullish,long_call_or_call_debit_spread,1,exit at next session's close,"hypothesis: mechanism only (1993-98 data), no P&L ever measured","entry is next open, so part of the close-to-close effect the paper measures is missed; 'large' = top third by dollar volume (proxy for size/spread/coverage)","{""abnormal_move"": -0.177141, ""volume_vs_200d"": 9.769085, ""move_in_sd"": 3.902321}",False,closed,2026-09-29,2026-09-29,0.006101836518521919,0.006101836518521919
2026-09-29,2026-09-30,post_earnings_drift,CCL,bullish,long_call_or_call_debit_spread,21,exit after 21 trading days,"strong statistically (monthly, Novy-Marx); one study finds the drift is mostly eaten by trading costs",CAR3 market-adjusted (minus SPY); decile computed within the bot's own recent-announcer pool,"{""car3"": 0.154161, ""pool_percentile"": 0.923077, ""pool_size"": 65, ""earnings_date"": ""2026-09-28""}",True,still_open,2026-09-30,2026-10-02,0.014572666404096157,0.014572666404096157
2026-09-29,2026-09-30,volume_reversal,IOVA,bearish,long_put_or_put_debit_spread,1,exit at next session's close,"hypothesis: mechanism only (1993-98 data), no P&L ever measured","entry is next open, so part of the close-to-close effect the paper measures is missed; 'large' = top third by dollar volume (proxy for size/spread/coverage)","{""abnormal_move"": 0.316673, ""volume_vs_200d"": 5.116443, ""move_in_sd"": 9.958256}",False,closed,2026-09-30,2026-09-30,0.011604095563140016,-0.011604095563140016
2026-09-29,2026-09-30,volume_reversal,CCL,bearish,long_put_or_put_debit_spread,1,exit at next session's close,"hypothesis: mechanism only (1993-98 data), no P&L ever measured","entry is next open, so part of the close-to-close effect the paper measures is missed; 'large' = top third by dollar volume (proxy for size/spread/coverage)","{""abnormal_move"": 0.135988, ""volume_vs_200d"": 3.176634, ""move_in_sd"": 9.83761}",True,closed,2026-09-30,2026-09-30,-0.0334777471445451,0.0334777471445451
2026-09-29,2026-09-30,volume_reversal,FICO,bullish,long_call_or_call_debit_spread,1,exit at next session's close,"hypothesis: mechanism only (1993-98 data), no P&L ever measured","entry is next open, so part of the close-to-close effect the paper measures is missed; 'large' = top third by dollar volume (proxy for size/spread/coverage)","{""abnormal_move"": -0.263377, ""volume_vs_200d"": 14.34651, ""move_in_sd"": 6.271992}",False,closed,2026-09-30,2026-09-30,-0.015863260356798747,-0.015863260356798747
2026-09-29,2026-09-30,volume_reversal,AIG,bearish,long_put_or_put_debit_spread,1,exit at next session's close,"hypothesis: mechanism only (1993-98 data), no P&L ever measured","entry is next open, so part of the close-to-close effect the paper measures is missed; 'large' = top third by dollar volume (proxy for size/spread/coverage)","{""abnormal_move"": 0.036054, ""volume_vs_200d"": 2.571918, ""move_in_sd"": 3.346724}",False,closed,2026-09-30,2026-09-30,-0.008262260127931853,0.008262260127931853
2026-09-29,2026-09-30,volume_reversal,TJX,bearish,long_put_or_put_debit_spread,1,exit at next session's close,"hypothesis: mechanism only (1993-98 data), no P&L ever measured","entry is next open, so part of the close-to-close effect the paper measures is missed; 'large' = top third by dollar volume (proxy for size/spread/coverage)","{""abnormal_move"": 0.029097, ""volume_vs_200d"": 2.063061, ""move_in_sd"": 2.524354}",False,closed,2026-09-30,2026-09-30,-0.015330803006623483,0.015330803006623483
2026-09-30,2026-10-01,volume_reversal,NLY,bullish,long_call_or_call_debit_spread,1,exit at next session's close,"hypothesis: mechanism only (1993-98 data), no P&L ever measured","entry is next open, so part of the close-to-close effect the paper measures is missed; 'large' = top third by dollar volume (proxy for size/spread/coverage)","{""abnormal_move"": -0.06832, ""volume_vs_200d"": 2.976715, ""move_in_sd"": 9.064591}",False,closed,2026-10-01,2026-10-01,-0.002666666666666706,-0.002666666666666706
2026-09-30,2026-10-01,volume_reversal,UTHR,bearish,long_put_or_put_debit_spread,1,exit at next session's close,"hypothesis: mechanism only (1993-98 data), no P&L ever measured","entry is next open, so part of the close-to-close effect the paper measures is missed; 'large' = top third by dollar volume (proxy for size/spread/coverage)","{""abnormal_move"": 0.127545, ""volume_vs_200d"": 6.467134, ""move_in_sd"": 6.687094}",False,closed,2026-10-01,2026-10-01,0.024841712553584694,-0.024841712553584694
2026-09-30,2026-10-01,volume_reversal,JBL,bullish,long_call_or_call_debit_spread,1,exit at next session's close,"hypothesis: mechanism only (1993-98 data), no P&L ever measured","entry is next open, so part of the close-to-close effect the paper measures is missed; 'large' = top third by dollar volume (proxy for size/spread/coverage)","{""abnormal_move"": -0.098247, ""volume_vs_200d"": 4.028325, ""move_in_sd"": 4.976058}",False,closed,2026-10-01,2026-10-01,0.020040830214358873,0.020040830214358873
2026-09-30,2026-10-01,volume_reversal,ITW,bullish,long_call_or_call_debit_spread,1,exit at next session's close,"hypothesis: mechanism only (1993-98 data), no P&L ever measured","entry is next open, so part of the close-to-close effect the paper measures is missed; 'large' = top third by dollar volume (proxy for size/spread/coverage)","{""abnormal_move"": -0.034603, ""volume_vs_200d"": 2.034592, ""move_in_sd"": 3.162447}",False,closed,2026-10-01,2026-10-01,0.01640494096559242,0.01640494096559242
2026-09-30,2026-10-01,volume_reversal,CAG,bullish,long_call_or_call_debit_spread,1,exit at next session's close,"hypothesis: mechanism only (1993-98 data), no P&L ever measured","entry is next open, so part of the close-to-close effect the paper measures is missed; 'large' = top third by dollar volume (proxy for size/spread/coverage)","{""abnormal_move"": -0.046778, ""volume_vs_200d"": 2.591534, ""move_in_sd"": 2.760854}",False,closed,2026-10-01,2026-10-01,-0.0037735849056603765,-0.0037735849056603765
2026-10-01,2026-10-02,volume_reversal,CTVA,bullish,long_call_or_call_debit_spread,1,exit at next session's close,"hypothesis: mechanism only (1993-98 data), no P&L ever measured","entry is next open, so part of the close-to-close effect the paper measures is missed; 'large' = top third by dollar volume (proxy for size/spread/coverage)","{""abnormal_move"": -0.839903, ""volume_vs_200d"": 21.501413, ""move_in_sd"": 58.435656}",False,closed,2026-10-02,2026-10-02,-0.03754541784416632,-0.03754541784416632
2026-10-01,2026-10-02,volume_reversal,ACN,bearish,long_put_or_put_debit_spread,1,exit at next session's close,"hypothesis: mechanism only (1993-98 data), no P&L ever measured","entry is next open, so part of the close-to-close effect the paper measures is missed; 'large' = top third by dollar volume (proxy for size/spread/coverage)","{""abnormal_move"": 0.155985, ""volume_vs_200d"": 4.349901, ""move_in_sd"": 5.85397}",False,closed,2026-10-02,2026-10-02,-0.05743531418822867,0.05743531418822867
2026-10-01,2026-10-02,volume_reversal,SNPS,bearish,long_put_or_put_debit_spread,1,exit at next session's close,"hypothesis: mechanism only (1993-98 data), no P&L ever measured","entry is next open, so part of the close-to-close effect the paper measures is missed; 'large' = top third by dollar volume (proxy for size/spread/coverage)","{""abnormal_move"": 0.12605, ""volume_vs_200d"": 3.355314, ""move_in_sd"": 5.160696}",False,closed,2026-10-02,2026-10-02,-0.015978547970794788,0.015978547970794788
2026-10-01,2026-10-02,volume_reversal,PSKY,bullish,long_call_or_call_debit_spread,1,exit at next session's close,"hypothesis: mechanism only (1993-98 data), no P&L ever measured","entry is next open, so part of the close-to-close effect the paper measures is missed; 'large' = top third by dollar volume (proxy for size/spread/coverage)","{""abnormal_move"": -0.097621, ""volume_vs_200d"": 3.702319, ""move_in_sd"": 3.178684}",False,closed,2026-10-02,2026-10-02,0.016042780748663166,0.016042780748663166
2026-10-01,2026-10-02,volume_reversal,INFY,bearish,long_put_or_put_debit_spread,1,exit at next session's close,"hypothesis: mechanism only (1993-98 data), no P&L ever measured","entry is next open, so part of the close-to-close effect the paper measures is missed; 'large' = top third by dollar volume (proxy for size/spread/coverage)","{""abnormal_move"": 0.053049, ""volume_vs_200d"": 2.050228, ""move_in_sd"": 2.646041}",False,closed,2026-10-02,2026-10-02,-0.02645502645502651,0.02645502645502651
2026-10-02,2026-10-05,post_earnings_drift,ACN,bullish,long_call_or_call_debit_spread,21,exit after 21 trading days,"strong statistically (monthly, Novy-Marx); one study finds the drift is mostly eaten by trading costs",CAR3 market-adjusted (minus SPY); decile computed within the bot's own recent-announcer pool,"{""car3"": 0.122813, ""pool_percentile"": 0.9125, ""pool_size"": 80, ""earnings_date"": ""2026-10-01""}",False,not_entered_yet,,,,
2026-10-02,2026-10-05,volume_reversal,NKE,bullish,long_call_or_call_debit_spread,1,exit at next session's close,"hypothesis: mechanism only (1993-98 data), no P&L ever measured","entry is next open, so part of the close-to-close effect the paper measures is missed; 'large' = top third by dollar volume (proxy for size/spread/coverage)","{""abnormal_move"": -0.043811, ""volume_vs_200d"": 5.952793, ""move_in_sd"": 3.943587}",False,not_entered_yet,,,,
2026-10-02,2026-10-05,volume_reversal,WDC,bullish,long_call_or_call_debit_spread,1,exit at next session's close,"hypothesis: mechanism only (1993-98 data), no P&L ever measured","entry is next open, so part of the close-to-close effect the paper measures is missed; 'large' = top third by dollar volume (proxy for size/spread/coverage)","{""abnormal_move"": -0.109588, ""volume_vs_200d"": 2.918389, ""move_in_sd"": 3.57036}",False,not_entered_yet,,,,
2026-10-02,2026-10-05,volume_reversal,STX,bullish,long_call_or_call_debit_spread,1,exit at next session's close,"hypothesis: mechanism only (1993-98 data), no P&L ever measured","entry is next open, so part of the close-to-close effect the paper measures is missed; 'large' = top third by dollar volume (proxy for size/spread/coverage)","{""abnormal_move"": -0.109535, ""volume_vs_200d"": 3.152481, ""move_in_sd"": 3.167522}",False,not_entered_yet,,,,
