symbol,industry,sector_etf,is_real_sector_match,fetched_at
A,Life Sciences Tools & Services,XLV,True,2026-09-29 01:24:50.620693+00:00
AA,Metals & Mining,XLB,True,2026-09-29 01:24:51.857134+00:00
AAAU,,SPY,False,2026-09-29 01:24:53.139329+00:00
AADX,Aerospace & Defense,XLI,True,2026-09-29 01:24:54.355872+00:00
AAL,Airlines,XLI,True,2026-09-29 01:24:55.577624+00:00
AAMI,Financial Services,XLF,True,2026-09-29 01:24:56.797664+00:00
AAOI,Communications,SPY,False,2026-09-29 01:24:58.018941+00:00
AAON,Building,SPY,False,2026-09-29 01:24:59.234482+00:00
AAP,Retail,XLY,True,2026-09-29 01:25:00.467706+00:00
AAPD,,SPY,False,2026-09-29 01:25:01.698107+00:00
AAPL,Technology,XLK,True,2026-09-29 01:25:02.916674+00:00
AAPU,,SPY,False,2026-09-29 01:25:04.143540+00:00
AAXJ,,SPY,False,2026-09-29 01:25:05.382928+00:00
ABBV,Biotechnology,XLV,True,2026-09-29 01:25:06.608843+00:00
ABCB,Banking,XLF,True,2026-09-29 01:25:07.823379+00:00
ABCL,Life Sciences Tools & Services,XLV,True,2026-09-29 01:25:09.035350+00:00
ABG,Retail,XLY,True,2026-09-29 01:25:10.261389+00:00
ABM,Commercial Services & Supplies,SPY,False,2026-09-29 01:25:11.479123+00:00
ABNB,"Hotels, Restaurants & Leisure",XLY,True,2026-09-29 01:25:12.704862+00:00
ABT,Health Care,XLV,True,2026-09-29 01:25:13.926428+00:00
ABVX,Biotechnology,XLV,True,2026-09-29 01:25:15.147294+00:00
ACA,Construction,XLI,True,2026-09-29 01:25:16.362416+00:00
ACAD,Biotechnology,XLV,True,2026-09-29 01:25:17.574370+00:00
ACGL,Insurance,XLF,True,2026-09-29 01:25:18.799515+00:00
ACHC,Health Care,XLV,True,2026-09-29 01:25:20.018673+00:00
ACI,Retail,XLY,True,2026-09-29 01:25:21.248340+00:00
ACIW,Technology,XLK,True,2026-09-29 01:25:22.479749+00:00
ACLS,Semiconductors,XLK,True,2026-09-29 01:25:23.703184+00:00
ACM,Construction,XLI,True,2026-09-29 01:25:24.921487+00:00
ACMR,Semiconductors,XLK,True,2026-09-29 01:25:26.140698+00:00
ACN,Technology,XLK,True,2026-09-29 01:25:27.359497+00:00
ACT,Financial Services,XLF,True,2026-09-29 01:25:28.583853+00:00
ACVA,Commercial Services & Supplies,SPY,False,2026-09-29 01:25:29.802207+00:00
ACWI,,SPY,False,2026-09-29 01:25:31.033743+00:00
ACWX,,SPY,False,2026-09-29 01:25:32.287628+00:00
ADBE,Technology,XLK,True,2026-09-29 01:25:33.512091+00:00
ADC,Real Estate,XLRE,True,2026-09-29 01:25:34.733777+00:00
ADEA,Technology,XLK,True,2026-09-29 01:25:35.956787+00:00
ADI,Semiconductors,XLK,True,2026-09-29 01:25:37.171417+00:00
ADM,Food Products,XLP,True,2026-09-29 01:25:38.401865+00:00
ADMA,Biotechnology,XLV,True,2026-09-29 01:25:39.626899+00:00
ADP,Professional Services,SPY,False,2026-09-29 01:25:40.846682+00:00
ADPT,Life Sciences Tools & Services,XLV,True,2026-09-29 01:25:42.062212+00:00
ADSK,Technology,XLK,True,2026-09-29 01:25:43.280948+00:00
ADUS,Health Care,XLV,True,2026-09-29 01:25:44.493651+00:00
AEE,Utilities,XLU,True,2026-09-29 01:25:45.722793+00:00
AEHR,Semiconductors,XLK,True,2026-09-29 01:25:46.941774+00:00
AEIS,Electrical Equipment,SPY,False,2026-09-29 01:25:48.169073+00:00
AEM,Metals & Mining,XLB,True,2026-09-29 01:25:49.380627+00:00
AEO,Retail,XLY,True,2026-09-29 01:25:50.596252+00:00
AEP,Utilities,XLU,True,2026-09-29 01:25:51.824995+00:00
AER,Trading Companies & Distributors,SPY,False,2026-09-29 01:25:53.043539+00:00
AES,Utilities,XLU,True,2026-09-29 01:25:54.263297+00:00
AESI,Energy,XLE,True,2026-09-29 01:25:55.484129+00:00
AEVA,Electrical Equipment,SPY,False,2026-09-29 01:25:56.704020+00:00
AFG,Insurance,XLF,True,2026-09-29 01:25:57.928009+00:00
AFL,Insurance,XLF,True,2026-09-29 01:25:59.145429+00:00
AFRM,Financial Services,XLF,True,2026-09-29 01:26:00.361658+00:00
AG,Metals & Mining,XLB,True,2026-09-29 01:26:01.581981+00:00
AGCO,Machinery,XLI,True,2026-09-29 01:26:02.807796+00:00
AGG,,SPY,False,2026-09-29 01:26:04.025517+00:00
AGI,Metals & Mining,XLB,True,2026-09-29 01:26:05.247837+00:00
AGIO,Biotechnology,XLV,True,2026-09-29 01:26:06.461406+00:00
AGM,Financial Services,XLF,True,2026-09-29 01:26:07.688899+00:00
AGO,Insurance,XLF,True,2026-09-29 01:26:08.910113+00:00
AGQ,,SPY,False,2026-09-29 01:26:10.139871+00:00
AGX,Construction,XLI,True,2026-09-29 01:26:11.363533+00:00
AGYS,Technology,XLK,True,2026-09-29 01:26:12.585750+00:00
AHR,Real Estate,XLRE,True,2026-09-29 01:26:13.805513+00:00
AI,Technology,XLK,True,2026-09-29 01:26:15.026329+00:00
AIA,,SPY,False,2026-09-29 01:26:16.244148+00:00
AIG,Insurance,XLF,True,2026-09-29 01:26:17.465902+00:00
AIPO,,SPY,False,2026-09-29 01:26:18.683600+00:00
AIQ,,SPY,False,2026-09-29 01:26:19.918760+00:00
AIR,Aerospace & Defense,XLI,True,2026-09-29 01:26:21.135992+00:00
AIRR,,SPY,False,2026-09-29 01:26:22.352542+00:00
AIS,,SPY,False,2026-09-29 01:26:23.583396+00:00
AIT,Trading Companies & Distributors,SPY,False,2026-09-29 01:26:24.797285+00:00
AIZ,Insurance,XLF,True,2026-09-29 01:26:26.010897+00:00
AJG,Insurance,XLF,True,2026-09-29 01:26:27.234500+00:00
AKAM,Technology,XLK,True,2026-09-29 01:26:28.453118+00:00
AKR,Real Estate,XLRE,True,2026-09-29 01:26:29.685966+00:00
ALAB,Semiconductors,XLK,True,2026-09-29 01:26:30.906587+00:00
ALB,Chemicals,XLB,True,2026-09-29 01:26:32.128058+00:00
ALC,Health Care,XLV,True,2026-09-29 01:26:33.346957+00:00
ALG,Machinery,XLI,True,2026-09-29 01:26:34.562183+00:00
ALGM,Semiconductors,XLK,True,2026-09-29 01:26:35.782986+00:00
ALGN,Health Care,XLV,True,2026-09-29 01:26:37.000501+00:00
ALGT,Airlines,XLI,True,2026-09-29 01:26:38.226867+00:00
ALH,Machinery,XLI,True,2026-09-29 01:26:39.455377+00:00
ALK,Airlines,XLI,True,2026-09-29 01:26:40.675092+00:00
ALKS,Biotechnology,XLV,True,2026-09-29 01:26:41.901927+00:00
ALKT,Technology,XLK,True,2026-09-29 01:26:43.143273+00:00
ALL,Insurance,XLF,True,2026-09-29 01:26:44.366552+00:00
ALLE,Building,SPY,False,2026-09-29 01:26:45.579069+00:00
ALLY,Financial Services,XLF,True,2026-09-29 01:26:46.802669+00:00
ALM,Metals & Mining,XLB,True,2026-09-29 01:26:48.020904+00:00
ALNT,Electrical Equipment,SPY,False,2026-09-29 01:26:49.234699+00:00
ALNY,Biotechnology,XLV,True,2026-09-29 01:26:50.458079+00:00
ALRM,Technology,XLK,True,2026-09-29 01:26:51.679505+00:00
ALSN,Machinery,XLI,True,2026-09-29 01:26:52.893383+00:00
ALV,Auto Components,SPY,False,2026-09-29 01:26:54.118624+00:00
AM,Energy,XLE,True,2026-09-29 01:26:55.340237+00:00
AMAT,Semiconductors,XLK,True,2026-09-29 01:26:56.559295+00:00
AMBA,Semiconductors,XLK,True,2026-09-29 01:26:57.781959+00:00
AMBQ,Semiconductors,XLK,True,2026-09-29 01:26:59.000319+00:00
AMCR,Packaging,SPY,False,2026-09-29 01:27:00.257847+00:00
AMD,Semiconductors,XLK,True,2026-09-29 01:27:01.474230+00:00
AMDL,,SPY,False,2026-09-29 01:27:02.688257+00:00
AME,Electrical Equipment,SPY,False,2026-09-29 01:27:03.917726+00:00
AMG,Financial Services,XLF,True,2026-09-29 01:27:05.136536+00:00
AMGN,Biotechnology,XLV,True,2026-09-29 01:27:06.354440+00:00
AMH,Real Estate,XLRE,True,2026-09-29 01:27:07.586317+00:00
AMKR,Semiconductors,XLK,True,2026-09-29 01:27:08.798491+00:00
AMLP,,SPY,False,2026-09-29 01:27:10.015750+00:00
AMLX,Pharmaceuticals,XLV,True,2026-09-29 01:27:11.237427+00:00
AMP,Financial Services,XLF,True,2026-09-29 01:27:12.453441+00:00
AMPL,Technology,XLK,True,2026-09-29 01:27:13.679730+00:00
AMR,Metals & Mining,XLB,True,2026-09-29 01:27:14.895780+00:00
AMRX,Pharmaceuticals,XLV,True,2026-09-29 01:27:16.107713+00:00
AMRZ,Construction,XLI,True,2026-09-29 01:27:17.323990+00:00
AMSC,Electrical Equipment,SPY,False,2026-09-29 01:27:18.548433+00:00
AMT,Real Estate,XLRE,True,2026-09-29 01:27:19.767140+00:00
AMTM,Professional Services,SPY,False,2026-09-29 01:27:20.987972+00:00
AMX,Telecommunication,XLC,True,2026-09-29 01:27:22.215939+00:00
AMZN,Retail,XLY,True,2026-09-29 01:27:23.456154+00:00
AMZU,,SPY,False,2026-09-29 01:27:24.685120+00:00
AN,Retail,XLY,True,2026-09-29 01:27:25.897267+00:00
ANAB,Biotechnology,XLV,True,2026-09-29 01:27:27.115546+00:00
ANDE,Retail,XLY,True,2026-09-29 01:27:28.333891+00:00
ANET,Communications,SPY,False,2026-09-29 01:27:29.549837+00:00
ANF,Retail,XLY,True,2026-09-29 01:27:30.768250+00:00
ANGL,,SPY,False,2026-09-29 01:27:31.985255+00:00
ANIP,Pharmaceuticals,XLV,True,2026-09-29 01:27:33.205011+00:00
AON,Insurance,XLF,True,2026-09-29 01:27:34.425655+00:00
AOR,,SPY,False,2026-09-29 01:27:35.649940+00:00
AOS,Building,SPY,False,2026-09-29 01:27:36.904374+00:00
APA,Energy,XLE,True,2026-09-29 01:27:38.131197+00:00
APAM,Financial Services,XLF,True,2026-09-29 01:27:39.348040+00:00
APD,Chemicals,XLB,True,2026-09-29 01:27:40.568107+00:00
APG,Construction,XLI,True,2026-09-29 01:27:41.796221+00:00
APH,Electrical Equipment,SPY,False,2026-09-29 01:27:43.013784+00:00
APLD,Technology,XLK,True,2026-09-29 01:27:44.235001+00:00
APLE,Real Estate,XLRE,True,2026-09-29 01:27:45.498209+00:00
APO,Financial Services,XLF,True,2026-09-29 01:27:46.721256+00:00
APP,Technology,XLK,True,2026-09-29 01:27:47.943006+00:00
APPF,Technology,XLK,True,2026-09-29 01:27:49.158268+00:00
APPN,Technology,XLK,True,2026-09-29 01:27:50.372005+00:00
APPS,Technology,XLK,True,2026-09-29 01:27:51.596373+00:00
APPX,,SPY,False,2026-09-29 01:27:52.827302+00:00
APTV,Auto Components,SPY,False,2026-09-29 01:27:54.042456+00:00
AR,Energy,XLE,True,2026-09-29 01:27:55.256630+00:00
ARCB,Road & Rail,SPY,False,2026-09-29 01:27:56.473755+00:00
ARCC,Financial Services,XLF,True,2026-09-29 01:27:57.690737+00:00
ARE,Real Estate,XLRE,True,2026-09-29 01:27:58.918873+00:00
ARES,Financial Services,XLF,True,2026-09-29 01:28:00.246310+00:00
ARGX,Biotechnology,XLV,True,2026-09-29 01:28:01.461129+00:00
ARIS,Metals & Mining,XLB,True,2026-09-29 01:28:02.789079+00:00
ARKB,,SPY,False,2026-09-29 01:28:04.006664+00:00
ARKG,,SPY,False,2026-09-29 01:28:05.229153+00:00
ARKK,,SPY,False,2026-09-29 01:28:06.449939+00:00
ARM,Semiconductors,XLK,True,2026-09-29 01:28:07.678302+00:00
ARMG,,SPY,False,2026-09-29 01:28:08.906734+00:00
ARMK,"Hotels, Restaurants & Leisure",XLY,True,2026-09-29 01:28:10.121145+00:00
AROC,Energy,XLE,True,2026-09-29 01:28:11.354042+00:00
ARQT,Biotechnology,XLV,True,2026-09-29 01:28:12.585341+00:00
ARR,Real Estate,XLRE,True,2026-09-29 01:28:13.800597+00:00
ARTY,,SPY,False,2026-09-29 01:28:15.019936+00:00
ARW,Electrical Equipment,SPY,False,2026-09-29 01:28:16.239649+00:00
ARWR,Biotechnology,XLV,True,2026-09-29 01:28:17.460327+00:00
ARX,Insurance,XLF,True,2026-09-29 01:28:18.686164+00:00
ARXS,Aerospace & Defense,XLI,True,2026-09-29 01:28:19.902338+00:00
AS,"Textiles, Apparel & Luxury Goods",SPY,False,2026-09-29 01:28:21.117617+00:00
ASB,Banking,XLF,True,2026-09-29 01:28:22.359955+00:00
ASH,Chemicals,XLB,True,2026-09-29 01:28:23.591077+00:00
ASHR,,SPY,False,2026-09-29 01:28:24.812288+00:00
ASML,Semiconductors,XLK,True,2026-09-29 01:28:26.040610+00:00
ASND,Biotechnology,XLV,True,2026-09-29 01:28:27.265083+00:00
ASO,Retail,XLY,True,2026-09-29 01:28:28.495314+00:00
ASST,Health Care,XLV,True,2026-09-29 01:28:29.718466+00:00
ASTS,Telecommunication,XLC,True,2026-09-29 01:28:30.934771+00:00
ASTX,,SPY,False,2026-09-29 01:28:32.154535+00:00
ASX,Semiconductors,XLK,True,2026-09-29 01:28:33.376366+00:00
ATAT,"Hotels, Restaurants & Leisure",XLY,True,2026-09-29 01:28:34.592239+00:00
ATEC,Health Care,XLV,True,2026-09-29 01:28:35.809719+00:00
ATEN,Technology,XLK,True,2026-09-29 01:28:37.025234+00:00
ATEX,Telecommunication,XLC,True,2026-09-29 01:28:38.247630+00:00
ATI,Aerospace & Defense,XLI,True,2026-09-29 01:28:39.466802+00:00
ATKR,Electrical Equipment,SPY,False,2026-09-29 01:28:40.684179+00:00
ATMU,Machinery,XLI,True,2026-09-29 01:28:41.898162+00:00
ATO,Utilities,XLU,True,2026-09-29 01:28:43.112882+00:00
ATR,Packaging,SPY,False,2026-09-29 01:28:44.344637+00:00
ATRC,Health Care,XLV,True,2026-09-29 01:28:45.566941+00:00
ATRO,Aerospace & Defense,XLI,True,2026-09-29 01:28:46.787305+00:00
AU,Metals & Mining,XLB,True,2026-09-29 01:28:48.006453+00:00
AUB,Banking,XLF,True,2026-09-29 01:28:49.229968+00:00
AUGO,Metals & Mining,XLB,True,2026-09-29 01:28:50.449127+00:00
AVA,Utilities,XLU,True,2026-09-29 01:28:51.663844+00:00
AVAH,Health Care,XLV,True,2026-09-29 01:28:52.892377+00:00
AVAV,Aerospace & Defense,XLI,True,2026-09-29 01:28:54.117736+00:00
AVDE,,SPY,False,2026-09-29 01:28:55.333539+00:00
AVDV,,SPY,False,2026-09-29 01:28:56.549982+00:00
AVEM,,SPY,False,2026-09-29 01:28:57.773640+00:00
AVGO,Semiconductors,XLK,True,2026-09-29 01:28:58.999403+00:00
AVGX,,SPY,False,2026-09-29 01:29:00.299952+00:00
AVL,,SPY,False,2026-09-29 01:29:01.515975+00:00
AVLV,,SPY,False,2026-09-29 01:29:02.734198+00:00
AVNT,Chemicals,XLB,True,2026-09-29 01:29:03.968200+00:00
AVPT,Technology,XLK,True,2026-09-29 01:29:05.182469+00:00
AVT,Electrical Equipment,SPY,False,2026-09-29 01:29:06.401397+00:00
AVTR,Life Sciences Tools & Services,XLV,True,2026-09-29 01:29:07.630714+00:00
AVUS,,SPY,False,2026-09-29 01:29:08.846710+00:00
AVUV,,SPY,False,2026-09-29 01:29:10.066100+00:00
AVY,Packaging,SPY,False,2026-09-29 01:29:11.283606+00:00
AWI,Building,SPY,False,2026-09-29 01:29:12.506332+00:00
AWK,Utilities,XLU,True,2026-09-29 01:29:13.717872+00:00
AX,Banking,XLF,True,2026-09-29 01:29:14.973283+00:00
AXGN,Health Care,XLV,True,2026-09-29 01:29:16.195980+00:00
AXON,Aerospace & Defense,XLI,True,2026-09-29 01:29:17.413966+00:00
AXP,Financial Services,XLF,True,2026-09-29 01:29:18.641115+00:00
AXS,Insurance,XLF,True,2026-09-29 01:29:19.854452+00:00
AXSM,Pharmaceuticals,XLV,True,2026-09-29 01:29:21.073704+00:00
AXTA,Chemicals,XLB,True,2026-09-29 01:29:22.292605+00:00
AXTI,Semiconductors,XLK,True,2026-09-29 01:29:23.510288+00:00
AXTX,,SPY,False,2026-09-29 01:29:24.734067+00:00
AYA,Metals & Mining,XLB,True,2026-09-29 01:29:25.953473+00:00
AYI,Electrical Equipment,SPY,False,2026-09-29 01:29:27.168529+00:00
AZN,Pharmaceuticals,XLV,True,2026-09-29 01:29:28.385216+00:00
AZO,Retail,XLY,True,2026-09-29 01:29:29.596625+00:00
AZTA,Life Sciences Tools & Services,XLV,True,2026-09-29 01:29:30.814832+00:00
AZZ,Building,SPY,False,2026-09-29 01:29:32.026179+00:00
B,Metals & Mining,XLB,True,2026-09-29 01:29:33.249673+00:00
BA,Aerospace & Defense,XLI,True,2026-09-29 01:29:34.464788+00:00
BABA,Retail,XLY,True,2026-09-29 01:29:35.685870+00:00
BAC,Banking,XLF,True,2026-09-29 01:29:36.906086+00:00
BAH,Professional Services,SPY,False,2026-09-29 01:29:38.128807+00:00
BAI,,SPY,False,2026-09-29 01:29:39.353424+00:00
BALL,Packaging,SPY,False,2026-09-29 01:29:40.573763+00:00
BAM,Financial Services,XLF,True,2026-09-29 01:29:41.791880+00:00
BANC,Banking,XLF,True,2026-09-29 01:29:43.009204+00:00
BAND,Telecommunication,XLC,True,2026-09-29 01:29:44.220350+00:00
BANR,Banking,XLF,True,2026-09-29 01:29:45.441375+00:00
BAP,Banking,XLF,True,2026-09-29 01:29:46.662796+00:00
BATRK,Media,XLC,True,2026-09-29 01:29:47.878232+00:00
BAX,Health Care,XLV,True,2026-09-29 01:29:49.095407+00:00
BBCA,,SPY,False,2026-09-29 01:29:50.321784+00:00
BBEU,,SPY,False,2026-09-29 01:29:51.735860+00:00
BBIO,Biotechnology,XLV,True,2026-09-29 01:29:52.955603+00:00
BBJP,,SPY,False,2026-09-29 01:29:54.182205+00:00
BBNX,Health Care,XLV,True,2026-09-29 01:29:55.396797+00:00
BBT,Banking,XLF,True,2026-09-29 01:29:56.613856+00:00
BBUS,,SPY,False,2026-09-29 01:29:57.831772+00:00
BBVA,Banking,XLF,True,2026-09-29 01:29:59.052671+00:00
BBWI,Retail,XLY,True,2026-09-29 01:30:00.277191+00:00
BBY,Retail,XLY,True,2026-09-29 01:30:01.499900+00:00
BC,Leisure Products,SPY,False,2026-09-29 01:30:02.731203+00:00
BCC,Trading Companies & Distributors,SPY,False,2026-09-29 01:30:03.950107+00:00
BCE,Telecommunication,XLC,True,2026-09-29 01:30:05.174632+00:00
BCI,,SPY,False,2026-09-29 01:30:06.402017+00:00
BCO,Commercial Services & Supplies,SPY,False,2026-09-29 01:30:07.623755+00:00
BCPC,Chemicals,XLB,True,2026-09-29 01:30:08.842125+00:00
BCS,Banking,XLF,True,2026-09-29 01:30:10.055943+00:00
BDC,Electrical Equipment,SPY,False,2026-09-29 01:30:11.282605+00:00
BDX,Health Care,XLV,True,2026-09-29 01:30:12.500208+00:00
BE,Electrical Equipment,SPY,False,2026-09-29 01:30:13.721508+00:00
BEAM,Biotechnology,XLV,True,2026-09-29 01:30:14.956069+00:00
BEKE,Real Estate,XLRE,True,2026-09-29 01:30:16.175294+00:00
BELFB,Electrical Equipment,SPY,False,2026-09-29 01:30:17.391283+00:00
BEN,Financial Services,XLF,True,2026-09-29 01:30:18.616126+00:00
BEP,Utilities,XLU,True,2026-09-29 01:30:19.846758+00:00
BEPC,Utilities,XLU,True,2026-09-29 01:30:21.070980+00:00
BETA,Aerospace & Defense,XLI,True,2026-09-29 01:30:22.293402+00:00
BEX,,SPY,False,2026-09-29 01:30:23.526200+00:00
BF.B,Beverages,XLP,True,2026-09-29 01:30:24.751706+00:00
BFAM,Diversified Consumer Services,SPY,False,2026-09-29 01:30:25.968177+00:00
BFH,Financial Services,XLF,True,2026-09-29 01:30:27.186451+00:00
BG,Food Products,XLP,True,2026-09-29 01:30:28.409787+00:00
BGC,Financial Services,XLF,True,2026-09-29 01:30:29.637386+00:00
BHE,Electrical Equipment,SPY,False,2026-09-29 01:30:30.869989+00:00
BHF,Insurance,XLF,True,2026-09-29 01:30:32.104073+00:00
BHP,Metals & Mining,XLB,True,2026-09-29 01:30:33.337719+00:00
BHVN,Biotechnology,XLV,True,2026-09-29 01:30:34.557938+00:00
BHYP,,SPY,False,2026-09-29 01:30:35.778978+00:00
BIDU,Media,XLC,True,2026-09-29 01:30:36.995601+00:00
BIIB,Biotechnology,XLV,True,2026-09-29 01:30:38.220580+00:00
BIL,,SPY,False,2026-09-29 01:30:39.489836+00:00
BILI,Media,XLC,True,2026-09-29 01:30:40.705071+00:00
BILL,Technology,XLK,True,2026-09-29 01:30:41.927335+00:00
BILS,,SPY,False,2026-09-29 01:30:43.197435+00:00
BIO,Life Sciences Tools & Services,XLV,True,2026-09-29 01:30:44.436637+00:00
BIP,Utilities,XLU,True,2026-09-29 01:30:45.664867+00:00
BIPC,Utilities,XLU,True,2026-09-29 01:30:46.882419+00:00
BIRK,"Textiles, Apparel & Luxury Goods",SPY,False,2026-09-29 01:30:48.094696+00:00
BITB,,SPY,False,2026-09-29 01:30:49.325181+00:00
BITI,,SPY,False,2026-09-29 01:30:50.544862+00:00
BITO,,SPY,False,2026-09-29 01:30:51.773458+00:00
BITU,,SPY,False,2026-09-29 01:30:52.999041+00:00
BITX,,SPY,False,2026-09-29 01:30:54.222048+00:00
BIV,,SPY,False,2026-09-29 01:30:55.451709+00:00
BIZD,,SPY,False,2026-09-29 01:30:56.690057+00:00
BJ,Retail,XLY,True,2026-09-29 01:30:57.930465+00:00
BJRI,"Hotels, Restaurants & Leisure",XLY,True,2026-09-29 01:30:59.152714+00:00
BKD,Health Care,XLV,True,2026-09-29 01:31:00.372797+00:00
BKE,Retail,XLY,True,2026-09-29 01:31:01.597018+00:00
BKH,Utilities,XLU,True,2026-09-29 01:31:02.814177+00:00
BKLN,,SPY,False,2026-09-29 01:31:04.037095+00:00
BKNG,"Hotels, Restaurants & Leisure",XLY,True,2026-09-29 01:31:05.263785+00:00
BKR,Energy,XLE,True,2026-09-29 01:31:06.489233+00:00
BKSY,Professional Services,SPY,False,2026-09-29 01:31:07.711499+00:00
BKU,Banking,XLF,True,2026-09-29 01:31:08.928300+00:00
BKV,Energy,XLE,True,2026-09-29 01:31:10.148696+00:00
BL,Technology,XLK,True,2026-09-29 01:31:11.391989+00:00
BLBD,Machinery,XLI,True,2026-09-29 01:31:12.622840+00:00
BLDR,Building,SPY,False,2026-09-29 01:31:13.841093+00:00
BLFS,Life Sciences Tools & Services,XLV,True,2026-09-29 01:31:15.079547+00:00
BLK,Financial Services,XLF,True,2026-09-29 01:31:16.295396+00:00
BLLN,Health Care,XLV,True,2026-09-29 01:31:17.518291+00:00
BLSH,Financial Services,XLF,True,2026-09-29 01:31:18.751673+00:00
BLV,,SPY,False,2026-09-29 01:31:19.975492+00:00
BLZE,Technology,XLK,True,2026-09-29 01:31:21.196997+00:00
BMI,Electrical Equipment,SPY,False,2026-09-29 01:31:22.418646+00:00
BMNR,Technology,XLK,True,2026-09-29 01:31:23.650542+00:00
BMNU,,SPY,False,2026-09-29 01:31:24.871820+00:00
BMO,Banking,XLF,True,2026-09-29 01:31:26.095893+00:00
BMRN,Biotechnology,XLV,True,2026-09-29 01:31:27.313067+00:00
BMY,Pharmaceuticals,XLV,True,2026-09-29 01:31:28.531217+00:00
BN,Financial Services,XLF,True,2026-09-29 01:31:29.792182+00:00
BND,,SPY,False,2026-09-29 01:31:31.009089+00:00
BNDX,,SPY,False,2026-09-29 01:31:32.229919+00:00
BNL,Real Estate,XLRE,True,2026-09-29 01:31:33.450334+00:00
BNO,,SPY,False,2026-09-29 01:31:34.671296+00:00
BNS,Banking,XLF,True,2026-09-29 01:31:35.897782+00:00
BNTX,Biotechnology,XLV,True,2026-09-29 01:31:37.112336+00:00
BNY,Financial Services,XLF,True,2026-09-29 01:31:38.356225+00:00
BOH,Banking,XLF,True,2026-09-29 01:31:39.570925+00:00
BOIL,,SPY,False,2026-09-29 01:31:40.790617+00:00
BOKF,Banking,XLF,True,2026-09-29 01:31:42.009291+00:00
BOND,,SPY,False,2026-09-29 01:31:43.236536+00:00
BOOT,Retail,XLY,True,2026-09-29 01:31:44.460303+00:00
BOTZ,,SPY,False,2026-09-29 01:31:45.702662+00:00
BOX,Technology,XLK,True,2026-09-29 01:31:46.928890+00:00
BOXX,,SPY,False,2026-09-29 01:31:48.154491+00:00
BP,Energy,XLE,True,2026-09-29 01:31:49.371636+00:00
BPOP,Banking,XLF,True,2026-09-29 01:31:50.596339+00:00
BR,Professional Services,SPY,False,2026-09-29 01:31:51.823110+00:00
BRC,Commercial Services & Supplies,SPY,False,2026-09-29 01:31:53.041733+00:00
BRK.B,Financial Services,XLF,True,2026-09-29 01:31:54.259527+00:00
BRKR,Life Sciences Tools & Services,XLV,True,2026-09-29 01:31:55.477641+00:00
BRO,Insurance,XLF,True,2026-09-29 01:31:56.703454+00:00
BROS,"Hotels, Restaurants & Leisure",XLY,True,2026-09-29 01:31:57.926144+00:00
BRUN,,SPY,False,2026-09-29 01:31:59.146750+00:00
BRX,Real Estate,XLRE,True,2026-09-29 01:32:00.364305+00:00
BRZE,Technology,XLK,True,2026-09-29 01:32:01.585509+00:00
BSOL,,SPY,False,2026-09-29 01:32:02.808066+00:00
BSP,Technology,XLK,True,2026-09-29 01:32:04.032168+00:00
BSV,,SPY,False,2026-09-29 01:32:05.257595+00:00
BSX,Health Care,XLV,True,2026-09-29 01:32:06.492849+00:00
BSY,Technology,XLK,True,2026-09-29 01:32:07.712342+00:00
BTC,,SPY,False,2026-09-29 01:32:08.933010+00:00
BTCI,,SPY,False,2026-09-29 01:32:10.147790+00:00
BTDR,Technology,XLK,True,2026-09-29 01:32:11.371972+00:00
BTI,Tobacco,SPY,False,2026-09-29 01:32:12.609955+00:00
BTSG,Health Care,XLV,True,2026-09-29 01:32:13.829881+00:00
BTU,Energy,XLE,True,2026-09-29 01:32:15.046165+00:00
BUD,Beverages,XLP,True,2026-09-29 01:32:16.273412+00:00
BUG,,SPY,False,2026-09-29 01:32:17.489224+00:00
BURL,Retail,XLY,True,2026-09-29 01:32:18.711548+00:00
BUSE,Banking,XLF,True,2026-09-29 01:32:19.933928+00:00
BVN,Metals & Mining,XLB,True,2026-09-29 01:32:21.177071+00:00
BWA,Auto Components,SPY,False,2026-09-29 01:32:22.398243+00:00
BWET,,SPY,False,2026-09-29 01:32:23.660508+00:00
BWIN,Insurance,XLF,True,2026-09-29 01:32:24.886975+00:00
BWXT,Aerospace & Defense,XLI,True,2026-09-29 01:32:26.112631+00:00
BX,Financial Services,XLF,True,2026-09-29 01:32:27.329083+00:00
BXDC,Real Estate,XLRE,True,2026-09-29 01:32:28.550152+00:00
BXMT,Real Estate,XLRE,True,2026-09-29 01:32:29.770329+00:00
BXP,Real Estate,XLRE,True,2026-09-29 01:32:30.984475+00:00
BXSL,Financial Services,XLF,True,2026-09-29 01:32:32.202476+00:00
BYD,"Hotels, Restaurants & Leisure",XLY,True,2026-09-29 01:32:33.420656+00:00
BZ,Professional Services,SPY,False,2026-09-29 01:32:34.641290+00:00
BZH,Consumer products,XLP,True,2026-09-29 01:32:35.862710+00:00
C,Banking,XLF,True,2026-09-29 01:32:37.081294+00:00
CACC,Financial Services,XLF,True,2026-09-29 01:32:38.298223+00:00
CACI,Professional Services,SPY,False,2026-09-29 01:32:39.517940+00:00
CAE,Aerospace & Defense,XLI,True,2026-09-29 01:32:40.734703+00:00
CAG,Food Products,XLP,True,2026-09-29 01:32:41.951505+00:00
CAH,Health Care,XLV,True,2026-09-29 01:32:43.172221+00:00
CAI,Biotechnology,XLV,True,2026-09-29 01:32:44.399720+00:00
CAKE,"Hotels, Restaurants & Leisure",XLY,True,2026-09-29 01:32:45.619104+00:00
CALF,,SPY,False,2026-09-29 01:32:46.839660+00:00
CALM,Food Products,XLP,True,2026-09-29 01:32:48.056844+00:00
CALX,Communications,SPY,False,2026-09-29 01:32:49.277082+00:00
CALY,Leisure Products,SPY,False,2026-09-29 01:32:50.499318+00:00
CAMT,Semiconductors,XLK,True,2026-09-29 01:32:51.717946+00:00
CAR,Road & Rail,SPY,False,2026-09-29 01:32:52.935040+00:00
CARG,Media,XLC,True,2026-09-29 01:32:54.150669+00:00
CARR,Building,SPY,False,2026-09-29 01:32:55.371364+00:00
CART,Retail,XLY,True,2026-09-29 01:32:56.603835+00:00
CASY,Retail,XLY,True,2026-09-29 01:32:57.816089+00:00
CAT,Machinery,XLI,True,2026-09-29 01:32:59.034406+00:00
CATY,Banking,XLF,True,2026-09-29 01:33:00.267816+00:00
CAVA,"Hotels, Restaurants & Leisure",XLY,True,2026-09-29 01:33:01.484956+00:00
CB,Insurance,XLF,True,2026-09-29 01:33:02.713658+00:00
CBC,Banking,XLF,True,2026-09-29 01:33:03.933085+00:00
CBOE,Financial Services,XLF,True,2026-09-29 01:33:05.154401+00:00
CBRE,Real Estate,XLRE,True,2026-09-29 01:33:06.384289+00:00
CBRL,"Hotels, Restaurants & Leisure",XLY,True,2026-09-29 01:33:07.603745+00:00
CBRS,Semiconductors,XLK,True,2026-09-29 01:33:08.829468+00:00
CBSH,Banking,XLF,True,2026-09-29 01:33:10.047982+00:00
CBT,Chemicals,XLB,True,2026-09-29 01:33:11.309834+00:00
CBZ,Professional Services,SPY,False,2026-09-29 01:33:12.527297+00:00
CC,Chemicals,XLB,True,2026-09-29 01:33:13.745895+00:00
CCEP,Beverages,XLP,True,2026-09-29 01:33:14.965232+00:00
CCI,Real Estate,XLRE,True,2026-09-29 01:33:16.189243+00:00
CCJ,Energy,XLE,True,2026-09-29 01:33:17.404409+00:00
CCK,Packaging,SPY,False,2026-09-29 01:33:18.625851+00:00
CCL,"Hotels, Restaurants & Leisure",XLY,True,2026-09-29 01:33:19.839872+00:00
CCXI,,SPY,False,2026-09-29 01:33:21.068883+00:00
CDE,Metals & Mining,XLB,True,2026-09-29 01:33:22.291541+00:00
CDNA,Biotechnology,XLV,True,2026-09-29 01:33:23.509358+00:00
CDNS,Technology,XLK,True,2026-09-29 01:33:24.735424+00:00
CDP,Real Estate,XLRE,True,2026-09-29 01:33:25.964286+00:00
CDW,Electrical Equipment,SPY,False,2026-09-29 01:33:27.189222+00:00
CE,Chemicals,XLB,True,2026-09-29 01:33:28.404856+00:00
CECO,Machinery,XLI,True,2026-09-29 01:33:29.620876+00:00
CEG,Utilities,XLU,True,2026-09-29 01:33:30.839982+00:00
CELC,Biotechnology,XLV,True,2026-09-29 01:33:32.055113+00:00
CELH,Beverages,XLP,True,2026-09-29 01:33:33.271598+00:00
CENX,Metals & Mining,XLB,True,2026-09-29 01:33:34.485168+00:00
CF,Chemicals,XLB,True,2026-09-29 01:33:35.711210+00:00
CFG,Banking,XLF,True,2026-09-29 01:33:36.932693+00:00
CFR,Banking,XLF,True,2026-09-29 01:33:38.150246+00:00
CG,Financial Services,XLF,True,2026-09-29 01:33:39.367209+00:00
CGAU,Metals & Mining,XLB,True,2026-09-29 01:33:40.584229+00:00
CGDV,,SPY,False,2026-09-29 01:33:41.803446+00:00
CGEM,Biotechnology,XLV,True,2026-09-29 01:33:43.027894+00:00
CGGR,,SPY,False,2026-09-29 01:33:44.257091+00:00
CGNX,Electrical Equipment,SPY,False,2026-09-29 01:33:45.474597+00:00
CGON,Biotechnology,XLV,True,2026-09-29 01:33:46.693811+00:00
CGUS,,SPY,False,2026-09-29 01:33:47.911742+00:00
CHAT,,SPY,False,2026-09-29 01:33:49.132450+00:00
CHD,Consumer products,XLP,True,2026-09-29 01:33:50.354104+00:00
CHDN,"Hotels, Restaurants & Leisure",XLY,True,2026-09-29 01:33:51.572237+00:00
CHE,Health Care,XLV,True,2026-09-29 01:33:52.791878+00:00
CHEF,Retail,XLY,True,2026-09-29 01:33:54.008730+00:00
CHH,"Hotels, Restaurants & Leisure",XLY,True,2026-09-29 01:33:55.224040+00:00
CHKP,Technology,XLK,True,2026-09-29 01:33:56.452162+00:00
CHPY,,SPY,False,2026-09-29 01:33:57.701837+00:00
CHRD,Energy,XLE,True,2026-09-29 01:33:58.924383+00:00
CHRW,Logistics & Transportation,SPY,False,2026-09-29 01:34:00.290340+00:00
CHTR,Media,XLC,True,2026-09-29 01:34:01.507313+00:00
CHWY,Retail,XLY,True,2026-09-29 01:34:02.723791+00:00
CHYM,Financial Services,XLF,True,2026-09-29 01:34:03.943626+00:00
CI,Health Care,XLV,True,2026-09-29 01:34:05.166232+00:00
CIB,Banking,XLF,True,2026-09-29 01:34:06.387152+00:00
CIBR,,SPY,False,2026-09-29 01:34:07.600168+00:00
CIEN,Communications,SPY,False,2026-09-29 01:34:08.821475+00:00
CIFR,Technology,XLK,True,2026-09-29 01:34:10.041915+00:00
CIGI,Real Estate,XLRE,True,2026-09-29 01:34:11.266147+00:00
CINF,Insurance,XLF,True,2026-09-29 01:34:12.483929+00:00
CL,Consumer products,XLP,True,2026-09-29 01:34:13.713006+00:00
CLBK,Banking,XLF,True,2026-09-29 01:34:14.930000+00:00
CLBT,Technology,XLK,True,2026-09-29 01:34:16.168080+00:00
CLDX,Biotechnology,XLV,True,2026-09-29 01:34:17.385134+00:00
CLF,Metals & Mining,XLB,True,2026-09-29 01:34:18.604648+00:00
CLH,Commercial Services & Supplies,SPY,False,2026-09-29 01:34:19.824855+00:00
CLIP,,SPY,False,2026-09-29 01:34:21.045322+00:00
CLMT,Energy,XLE,True,2026-09-29 01:34:22.272141+00:00
CLS,Electrical Equipment,SPY,False,2026-09-29 01:34:23.491498+00:00
CLSK,Technology,XLK,True,2026-09-29 01:34:24.708458+00:00
CLX,Consumer products,XLP,True,2026-09-29 01:34:25.928932+00:00
CLYM,Biotechnology,XLV,True,2026-09-29 01:34:27.145633+00:00
CM,Banking,XLF,True,2026-09-29 01:34:28.364180+00:00
CMBT,Energy,XLE,True,2026-09-29 01:34:29.581291+00:00
CMC,Metals & Mining,XLB,True,2026-09-29 01:34:30.801137+00:00
CMCSA,Telecommunication,XLC,True,2026-09-29 01:34:32.018910+00:00
CME,Financial Services,XLF,True,2026-09-29 01:34:33.246226+00:00
CMF,,SPY,False,2026-09-29 01:34:34.467325+00:00
CMG,"Hotels, Restaurants & Leisure",XLY,True,2026-09-29 01:34:35.680814+00:00
CMI,Machinery,XLI,True,2026-09-29 01:34:36.908907+00:00
CMPS,Biotechnology,XLV,True,2026-09-29 01:34:38.125751+00:00
CMS,Utilities,XLU,True,2026-09-29 01:34:39.354968+00:00
CNA,Insurance,XLF,True,2026-09-29 01:34:40.574098+00:00
CNC,Health Care,XLV,True,2026-09-29 01:34:41.797934+00:00
CNH,Machinery,XLI,True,2026-09-29 01:34:43.017841+00:00
CNI,Road & Rail,SPY,False,2026-09-29 01:34:44.234458+00:00
CNK,Media,XLC,True,2026-09-29 01:34:45.453492+00:00
CNM,Trading Companies & Distributors,SPY,False,2026-09-29 01:34:46.673132+00:00
CNO,Insurance,XLF,True,2026-09-29 01:34:47.894009+00:00
CNP,Utilities,XLU,True,2026-09-29 01:34:49.119614+00:00
CNQ,Energy,XLE,True,2026-09-29 01:34:50.338867+00:00
CNR,Energy,XLE,True,2026-09-29 01:34:51.570995+00:00
CNS,Financial Services,XLF,True,2026-09-29 01:34:52.976127+00:00
CNX,Energy,XLE,True,2026-09-29 01:34:54.196032+00:00
CNXC,Professional Services,SPY,False,2026-09-29 01:34:55.424729+00:00
COCO,Beverages,XLP,True,2026-09-29 01:34:56.644271+00:00
COF,Financial Services,XLF,True,2026-09-29 01:34:57.865711+00:00
COGT,Biotechnology,XLV,True,2026-09-29 01:34:59.081152+00:00
COHR,Electrical Equipment,SPY,False,2026-09-29 01:35:00.346615+00:00
COHU,Semiconductors,XLK,True,2026-09-29 01:35:01.563485+00:00
COHX,,SPY,False,2026-09-29 01:35:02.788374+00:00
COIN,Financial Services,XLF,True,2026-09-29 01:35:04.009769+00:00
COKE,Beverages,XLP,True,2026-09-29 01:35:05.233616+00:00
COLB,Banking,XLF,True,2026-09-29 01:35:06.447021+00:00
COLD,Real Estate,XLRE,True,2026-09-29 01:35:07.665698+00:00
COLL,Pharmaceuticals,XLV,True,2026-09-29 01:35:08.880981+00:00
COLM,"Textiles, Apparel & Luxury Goods",SPY,False,2026-09-29 01:35:10.104905+00:00
CON,Health Care,XLV,True,2026-09-29 01:35:11.331071+00:00
COO,Health Care,XLV,True,2026-09-29 01:35:12.559834+00:00
COP,Energy,XLE,True,2026-09-29 01:35:13.779665+00:00
COPX,,SPY,False,2026-09-29 01:35:15.004734+00:00
COR,Health Care,XLV,True,2026-09-29 01:35:16.247041+00:00
CORO,,SPY,False,2026-09-29 01:35:17.472893+00:00
CORT,Pharmaceuticals,XLV,True,2026-09-29 01:35:18.691947+00:00
CORZ,Technology,XLK,True,2026-09-29 01:35:19.917161+00:00
COST,Retail,XLY,True,2026-09-29 01:35:21.137457+00:00
COWZ,,SPY,False,2026-09-29 01:35:22.355505+00:00
CP,Road & Rail,SPY,False,2026-09-29 01:35:23.573629+00:00
CPA,Airlines,XLI,True,2026-09-29 01:35:24.791282+00:00
CPAY,Financial Services,XLF,True,2026-09-29 01:35:26.037158+00:00
CPB,Food Products,XLP,True,2026-09-29 01:35:27.252358+00:00
CPER,,SPY,False,2026-09-29 01:35:28.465382+00:00
CPK,Utilities,XLU,True,2026-09-29 01:35:29.684985+00:00
CPNG,Retail,XLY,True,2026-09-29 01:35:30.913971+00:00
CPRI,"Textiles, Apparel & Luxury Goods",SPY,False,2026-09-29 01:35:32.130116+00:00
CPRT,Commercial Services & Supplies,SPY,False,2026-09-29 01:35:33.347642+00:00
CPT,Real Estate,XLRE,True,2026-09-29 01:35:34.560741+00:00
CQQQ,,SPY,False,2026-09-29 01:35:35.782169+00:00
CR,Machinery,XLI,True,2026-09-29 01:35:37.005709+00:00
CRAI,Professional Services,SPY,False,2026-09-29 01:35:38.227753+00:00
CRAK,,SPY,False,2026-09-29 01:35:39.449954+00:00
CRBG,Financial Services,XLF,True,2026-09-29 01:35:40.675475+00:00
CRC,Energy,XLE,True,2026-09-29 01:35:41.896153+00:00
CRCA,,SPY,False,2026-09-29 01:35:43.110128+00:00
CRCG,,SPY,False,2026-09-29 01:35:44.331022+00:00
CRCL,Technology,XLK,True,2026-09-29 01:35:45.547646+00:00
CRDO,Semiconductors,XLK,True,2026-09-29 01:35:46.765441+00:00
CRGY,Energy,XLE,True,2026-09-29 01:35:47.985827+00:00
CRH,Construction,XLI,True,2026-09-29 01:35:49.202431+00:00
CRI,"Textiles, Apparel & Luxury Goods",SPY,False,2026-09-29 01:35:50.418864+00:00
CRK,Energy,XLE,True,2026-09-29 01:35:51.643930+00:00
CRL,Life Sciences Tools & Services,XLV,True,2026-09-29 01:35:52.862506+00:00
CRM,Technology,XLK,True,2026-09-29 01:35:54.085058+00:00
CROX,"Textiles, Apparel & Luxury Goods",SPY,False,2026-09-29 01:35:55.313448+00:00
CRS,Aerospace & Defense,XLI,True,2026-09-29 01:35:56.528221+00:00
CRSP,Biotechnology,XLV,True,2026-09-29 01:35:57.749608+00:00
CRUS,Semiconductors,XLK,True,2026-09-29 01:35:58.978644+00:00
CRWD,Technology,XLK,True,2026-09-29 01:36:00.203642+00:00
CRWG,,SPY,False,2026-09-29 01:36:01.430750+00:00
CRWV,Technology,XLK,True,2026-09-29 01:36:02.646826+00:00
CSCO,Communications,SPY,False,2026-09-29 01:36:03.862330+00:00
CSGP,Real Estate,XLRE,True,2026-09-29 01:36:05.088713+00:00
CSIQ,Semiconductors,XLK,True,2026-09-29 01:36:06.306298+00:00
CSL,Building,SPY,False,2026-09-29 01:36:07.524081+00:00
CSQR,,SPY,False,2026-09-29 01:36:08.746229+00:00
CSR,Real Estate,XLRE,True,2026-09-29 01:36:09.977821+00:00
CSTM,Metals & Mining,XLB,True,2026-09-29 01:36:11.198160+00:00
CSW,Building,SPY,False,2026-09-29 01:36:12.435486+00:00
CSX,Road & Rail,SPY,False,2026-09-29 01:36:13.659421+00:00
CTA,,SPY,False,2026-09-29 01:36:14.876656+00:00
CTAS,Commercial Services & Supplies,SPY,False,2026-09-29 01:36:16.095975+00:00
CTRE,Real Estate,XLRE,True,2026-09-29 01:36:17.328108+00:00
CTRI,Construction,XLI,True,2026-09-29 01:36:18.544732+00:00
CTSH,Technology,XLK,True,2026-09-29 01:36:19.779465+00:00
CTVA,Chemicals,XLB,True,2026-09-29 01:36:20.999305+00:00
CUBE,Real Estate,XLRE,True,2026-09-29 01:36:22.233543+00:00
CUBI,Banking,XLF,True,2026-09-29 01:36:23.452107+00:00
CURB,Real Estate,XLRE,True,2026-09-29 01:36:24.675939+00:00
CUZ,Real Estate,XLRE,True,2026-09-29 01:36:25.895214+00:00
CVBF,Banking,XLF,True,2026-09-29 01:36:27.113454+00:00
CVCO,Consumer products,XLP,True,2026-09-29 01:36:28.333730+00:00
CVE,Energy,XLE,True,2026-09-29 01:36:29.551406+00:00
CVI,Energy,XLE,True,2026-09-29 01:36:30.777402+00:00
CVLT,Technology,XLK,True,2026-09-29 01:36:31.992396+00:00
CVNA,Retail,XLY,True,2026-09-29 01:36:33.213727+00:00
CVS,Health Care,XLV,True,2026-09-29 01:36:34.432765+00:00
CVSA,Diversified Consumer Services,SPY,False,2026-09-29 01:36:35.650197+00:00
CVX,Energy,XLE,True,2026-09-29 01:36:36.863505+00:00
CW,Aerospace & Defense,XLI,True,2026-09-29 01:36:38.077526+00:00
CWB,,SPY,False,2026-09-29 01:36:39.293945+00:00
CWEN,Utilities,XLU,True,2026-09-29 01:36:40.513310+00:00
CWK,Real Estate,XLRE,True,2026-09-29 01:36:41.730514+00:00
CWST,Commercial Services & Supplies,SPY,False,2026-09-29 01:36:42.943428+00:00
CWT,Utilities,XLU,True,2026-09-29 01:36:44.154514+00:00
CWVX,,SPY,False,2026-09-29 01:36:45.374394+00:00
CXT,Electrical Equipment,SPY,False,2026-09-29 01:36:46.592099+00:00
CXW,Commercial Services & Supplies,SPY,False,2026-09-29 01:36:47.809208+00:00
CYTK,Biotechnology,XLV,True,2026-09-29 01:36:49.024474+00:00
CZR,"Hotels, Restaurants & Leisure",XLY,True,2026-09-29 01:36:50.238147+00:00
D,Utilities,XLU,True,2026-09-29 01:36:51.454887+00:00
DAL,Airlines,XLI,True,2026-09-29 01:36:52.669103+00:00
DAN,Auto Components,SPY,False,2026-09-29 01:36:53.888418+00:00
DAPP,,SPY,False,2026-09-29 01:36:55.103176+00:00
DAR,Food Products,XLP,True,2026-09-29 01:36:56.314690+00:00
DASH,"Hotels, Restaurants & Leisure",XLY,True,2026-09-29 01:36:57.534135+00:00
DAVE,Financial Services,XLF,True,2026-09-29 01:36:58.752967+00:00
DB,Financial Services,XLF,True,2026-09-29 01:36:59.980617+00:00
DBA,,SPY,False,2026-09-29 01:37:01.205946+00:00
DBC,,SPY,False,2026-09-29 01:37:02.426866+00:00
DBEF,,SPY,False,2026-09-29 01:37:03.648210+00:00
DBMF,,SPY,False,2026-09-29 01:37:04.869214+00:00
DBRG,Financial Services,XLF,True,2026-09-29 01:37:06.086075+00:00
DBX,Technology,XLK,True,2026-09-29 01:37:07.300773+00:00
DCI,Machinery,XLI,True,2026-09-29 01:37:08.518557+00:00
DCO,Aerospace & Defense,XLI,True,2026-09-29 01:37:09.737097+00:00
DD,Chemicals,XLB,True,2026-09-29 01:37:10.959170+00:00
DDOG,Technology,XLK,True,2026-09-29 01:37:12.179557+00:00
DE,Machinery,XLI,True,2026-09-29 01:37:13.399672+00:00
DECK,"Textiles, Apparel & Luxury Goods",SPY,False,2026-09-29 01:37:14.613625+00:00
DELL,Technology,XLK,True,2026-09-29 01:37:15.830430+00:00
DEO,Beverages,XLP,True,2026-09-29 01:37:17.050904+00:00
DFAC,,SPY,False,2026-09-29 01:37:18.265869+00:00
DFAI,,SPY,False,2026-09-29 01:37:19.489212+00:00
DFAS,,SPY,False,2026-09-29 01:37:20.709435+00:00
DFAT,,SPY,False,2026-09-29 01:37:21.927318+00:00
DFAU,,SPY,False,2026-09-29 01:37:23.145670+00:00
DFAX,,SPY,False,2026-09-29 01:37:24.363765+00:00
DFIC,,SPY,False,2026-09-29 01:37:25.585603+00:00
DFIV,,SPY,False,2026-09-29 01:37:26.805274+00:00
DFLV,,SPY,False,2026-09-29 01:37:28.021666+00:00
DFTX,Pharmaceuticals,XLV,True,2026-09-29 01:37:29.244780+00:00
DFUS,,SPY,False,2026-09-29 01:37:30.465769+00:00
DG,Retail,XLY,True,2026-09-29 01:37:31.685556+00:00
DGII,Communications,SPY,False,2026-09-29 01:37:32.901488+00:00
DGRO,,SPY,False,2026-09-29 01:37:34.121968+00:00
DGRW,,SPY,False,2026-09-29 01:37:35.339135+00:00
DGX,Health Care,XLV,True,2026-09-29 01:37:36.557155+00:00
DHI,Consumer products,XLP,True,2026-09-29 01:37:37.769503+00:00
DHR,Life Sciences Tools & Services,XLV,True,2026-09-29 01:37:38.985844+00:00
DHT,Energy,XLE,True,2026-09-29 01:37:40.206204+00:00
DIA,,SPY,False,2026-09-29 01:37:41.427105+00:00
DIHP,,SPY,False,2026-09-29 01:37:42.646297+00:00
DINO,Energy,XLE,True,2026-09-29 01:37:43.866961+00:00
DIOD,Semiconductors,XLK,True,2026-09-29 01:37:45.078609+00:00
DIS,Media,XLC,True,2026-09-29 01:37:46.294642+00:00
DIVB,,SPY,False,2026-09-29 01:37:47.515263+00:00
DIVO,,SPY,False,2026-09-29 01:37:48.740407+00:00
DK,Energy,XLE,True,2026-09-29 01:37:49.952739+00:00
DKNG,"Hotels, Restaurants & Leisure",XLY,True,2026-09-29 01:37:51.164297+00:00
DKS,Retail,XLY,True,2026-09-29 01:37:52.380915+00:00
DLB,Technology,XLK,True,2026-09-29 01:37:53.597028+00:00
DLLL,,SPY,False,2026-09-29 01:37:54.817827+00:00
DLO,Financial Services,XLF,True,2026-09-29 01:37:56.033460+00:00
DLR,Real Estate,XLRE,True,2026-09-29 01:37:57.252091+00:00
DLTR,Retail,XLY,True,2026-09-29 01:37:58.471676+00:00
DNLI,Biotechnology,XLV,True,2026-09-29 01:37:59.686981+00:00
DNOW,Trading Companies & Distributors,SPY,False,2026-09-29 01:38:00.903838+00:00
DNTH,Biotechnology,XLV,True,2026-09-29 01:38:02.132137+00:00
DOC,Real Estate,XLRE,True,2026-09-29 01:38:03.350802+00:00
DOCN,Technology,XLK,True,2026-09-29 01:38:04.572964+00:00
DOCS,Health Care,XLV,True,2026-09-29 01:38:05.791829+00:00
DOCU,Technology,XLK,True,2026-09-29 01:38:07.008415+00:00
DOG,,SPY,False,2026-09-29 01:38:08.226190+00:00
DOO,Leisure Products,SPY,False,2026-09-29 01:38:09.443154+00:00
DORM,Auto Components,SPY,False,2026-09-29 01:38:10.659189+00:00
DOV,Machinery,XLI,True,2026-09-29 01:38:11.873065+00:00
DOW,Chemicals,XLB,True,2026-09-29 01:38:13.099428+00:00
DOX,Technology,XLK,True,2026-09-29 01:38:14.322804+00:00
DPC,Electrical Equipment,SPY,False,2026-09-29 01:38:15.542606+00:00
DPST,,SPY,False,2026-09-29 01:38:16.761829+00:00
DPZ,"Hotels, Restaurants & Leisure",XLY,True,2026-09-29 01:38:17.979345+00:00
DRAM,,SPY,False,2026-09-29 01:38:19.200423+00:00
DRH,Real Estate,XLRE,True,2026-09-29 01:38:20.414259+00:00
DRI,"Hotels, Restaurants & Leisure",XLY,True,2026-09-29 01:38:21.629513+00:00
DRIP,,SPY,False,2026-09-29 01:38:22.881524+00:00
DRS,Aerospace & Defense,XLI,True,2026-09-29 01:38:24.107084+00:00
DSGX,Technology,XLK,True,2026-09-29 01:38:25.319067+00:00
DT,Technology,XLK,True,2026-09-29 01:38:26.541300+00:00
DTE,Utilities,XLU,True,2026-09-29 01:38:27.761638+00:00
DTM,Energy,XLE,True,2026-09-29 01:38:28.976454+00:00
DUK,Utilities,XLU,True,2026-09-29 01:38:30.193874+00:00
DUOL,Diversified Consumer Services,SPY,False,2026-09-29 01:38:31.406733+00:00
DUST,,SPY,False,2026-09-29 01:38:32.703769+00:00
DV,Media,XLC,True,2026-09-29 01:38:33.926217+00:00
DVA,Health Care,XLV,True,2026-09-29 01:38:35.149191+00:00
DVN,Energy,XLE,True,2026-09-29 01:38:36.364614+00:00
DVY,,SPY,False,2026-09-29 01:38:37.581075+00:00
DX,Real Estate,XLRE,True,2026-09-29 01:38:38.803856+00:00
DXC,Technology,XLK,True,2026-09-29 01:38:40.018592+00:00
DXCM,Health Care,XLV,True,2026-09-29 01:38:41.236486+00:00
DXD,,SPY,False,2026-09-29 01:38:42.452056+00:00
DXJ,,SPY,False,2026-09-29 01:38:43.670043+00:00
DXPE,Trading Companies & Distributors,SPY,False,2026-09-29 01:38:44.882326+00:00
DXYZ,,SPY,False,2026-09-29 01:38:46.113508+00:00
DY,Construction,XLI,True,2026-09-29 01:38:47.327644+00:00
DYN,Biotechnology,XLV,True,2026-09-29 01:38:48.542546+00:00
DYNF,,SPY,False,2026-09-29 01:38:49.766393+00:00
EAT,"Hotels, Restaurants & Leisure",XLY,True,2026-09-29 01:38:50.979964+00:00
EBAY,Retail,XLY,True,2026-09-29 01:38:52.200586+00:00
EBC,Banking,XLF,True,2026-09-29 01:38:53.420546+00:00
EC,Energy,XLE,True,2026-09-29 01:38:54.635116+00:00
ECG,Construction,XLI,True,2026-09-29 01:38:55.855074+00:00
ECHO,Media,XLC,True,2026-09-29 01:38:57.066221+00:00
ECL,Chemicals,XLB,True,2026-09-29 01:38:58.290085+00:00
ECO,Energy,XLE,True,2026-09-29 01:38:59.520118+00:00
ECPG,Financial Services,XLF,True,2026-09-29 01:39:00.751325+00:00
ED,Utilities,XLU,True,2026-09-29 01:39:01.966408+00:00
EDU,Diversified Consumer Services,SPY,False,2026-09-29 01:39:03.180294+00:00
EDV,,SPY,False,2026-09-29 01:39:04.403920+00:00
EEFT,Financial Services,XLF,True,2026-09-29 01:39:05.617928+00:00
EEM,,SPY,False,2026-09-29 01:39:06.839136+00:00
EFA,,SPY,False,2026-09-29 01:39:08.055134+00:00
EFAV,,SPY,False,2026-09-29 01:39:09.274597+00:00
EFG,,SPY,False,2026-09-29 01:39:10.506148+00:00
EFOR,Technology,XLK,True,2026-09-29 01:39:11.734832+00:00
EFV,,SPY,False,2026-09-29 01:39:12.955001+00:00
EFX,Professional Services,SPY,False,2026-09-29 01:39:14.170735+00:00
EG,Insurance,XLF,True,2026-09-29 01:39:15.385650+00:00
EGO,Metals & Mining,XLB,True,2026-09-29 01:39:16.608088+00:00
EGP,Real Estate,XLRE,True,2026-09-29 01:39:17.838429+00:00
EHC,Health Care,XLV,True,2026-09-29 01:39:19.056937+00:00
EIX,Utilities,XLU,True,2026-09-29 01:39:20.272218+00:00
EL,Consumer products,XLP,True,2026-09-29 01:39:21.488666+00:00
ELAN,Pharmaceuticals,XLV,True,2026-09-29 01:39:22.706092+00:00
ELF,Consumer products,XLP,True,2026-09-29 01:39:23.921652+00:00
ELS,Real Estate,XLRE,True,2026-09-29 01:39:25.133887+00:00
ELV,Health Care,XLV,True,2026-09-29 01:39:26.356949+00:00
ELVN,Pharmaceuticals,XLV,True,2026-09-29 01:39:27.577697+00:00
EMB,,SPY,False,2026-09-29 01:39:28.802849+00:00
EMBJ,Aerospace & Defense,XLI,True,2026-09-29 01:39:30.021230+00:00
EME,Construction,XLI,True,2026-09-29 01:39:31.236638+00:00
EMLC,,SPY,False,2026-09-29 01:39:32.453808+00:00
EMN,Chemicals,XLB,True,2026-09-29 01:39:33.674987+00:00
EMR,Electrical Equipment,SPY,False,2026-09-29 01:39:34.898117+00:00
EMXC,,SPY,False,2026-09-29 01:39:36.118083+00:00
ENB,Energy,XLE,True,2026-09-29 01:39:37.335167+00:00
ENOV,Health Care,XLV,True,2026-09-29 01:39:38.557646+00:00
ENPH,Semiconductors,XLK,True,2026-09-29 01:39:39.768924+00:00
ENR,Consumer products,XLP,True,2026-09-29 01:39:40.989514+00:00
ENS,Electrical Equipment,SPY,False,2026-09-29 01:39:42.214491+00:00
ENSG,Health Care,XLV,True,2026-09-29 01:39:43.429416+00:00
ENTG,Semiconductors,XLK,True,2026-09-29 01:39:44.654935+00:00
ENVA,Financial Services,XLF,True,2026-09-29 01:39:45.867201+00:00
EOG,Energy,XLE,True,2026-09-29 01:39:47.104222+00:00
EPAM,Technology,XLK,True,2026-09-29 01:39:48.323007+00:00
EPD,Energy,XLE,True,2026-09-29 01:39:49.540456+00:00
EPR,Real Estate,XLRE,True,2026-09-29 01:39:50.760385+00:00
EPRT,Real Estate,XLRE,True,2026-09-29 01:39:51.989276+00:00
EQH,Financial Services,XLF,True,2026-09-29 01:39:53.387038+00:00
EQIX,Real Estate,XLRE,True,2026-09-29 01:39:54.605197+00:00
EQNR,Energy,XLE,True,2026-09-29 01:39:55.829507+00:00
EQPT,Trading Companies & Distributors,SPY,False,2026-09-29 01:39:57.053106+00:00
EQT,Energy,XLE,True,2026-09-29 01:39:58.272443+00:00
EQX,Metals & Mining,XLB,True,2026-09-29 01:39:59.487433+00:00
ERAS,Biotechnology,XLV,True,2026-09-29 01:40:00.710318+00:00
ERIE,Insurance,XLF,True,2026-09-29 01:40:01.922176+00:00
ERO,Metals & Mining,XLB,True,2026-09-29 01:40:03.154267+00:00
EROC,Electrical Equipment,SPY,False,2026-09-29 01:40:04.372290+00:00
ERX,,SPY,False,2026-09-29 01:40:05.600205+00:00
ES,Utilities,XLU,True,2026-09-29 01:40:06.818930+00:00
ESAB,Machinery,XLI,True,2026-09-29 01:40:08.036721+00:00
ESE,Machinery,XLI,True,2026-09-29 01:40:09.251513+00:00
ESGD,,SPY,False,2026-09-29 01:40:10.486212+00:00
ESGE,,SPY,False,2026-09-29 01:40:11.703015+00:00
ESGU,,SPY,False,2026-09-29 01:40:12.966797+00:00
ESGV,,SPY,False,2026-09-29 01:40:14.191237+00:00
ESI,Chemicals,XLB,True,2026-09-29 01:40:15.410390+00:00
ESLT,Aerospace & Defense,XLI,True,2026-09-29 01:40:16.630035+00:00
ESNT,Financial Services,XLF,True,2026-09-29 01:40:17.848239+00:00
ESS,Real Estate,XLRE,True,2026-09-29 01:40:19.070789+00:00
ESTA,Health Care,XLV,True,2026-09-29 01:40:20.289881+00:00
ESTC,Technology,XLK,True,2026-09-29 01:40:21.505002+00:00
ET,Energy,XLE,True,2026-09-29 01:40:22.740869+00:00
ETH,,SPY,False,2026-09-29 01:40:23.962982+00:00
ETHA,,SPY,False,2026-09-29 01:40:25.180753+00:00
ETHB,,SPY,False,2026-09-29 01:40:26.404249+00:00
ETHD,,SPY,False,2026-09-29 01:40:27.624504+00:00
ETHE,,SPY,False,2026-09-29 01:40:28.850153+00:00
ETHT,,SPY,False,2026-09-29 01:40:30.068751+00:00
ETHU,,SPY,False,2026-09-29 01:40:31.315096+00:00
ETN,Electrical Equipment,SPY,False,2026-09-29 01:40:32.535633+00:00
ETON,Pharmaceuticals,XLV,True,2026-09-29 01:40:33.755127+00:00
ETOR,Financial Services,XLF,True,2026-09-29 01:40:34.972394+00:00
ETR,Utilities,XLU,True,2026-09-29 01:40:36.202385+00:00
ETSY,Retail,XLY,True,2026-09-29 01:40:37.413987+00:00
EUFN,,SPY,False,2026-09-29 01:40:38.637440+00:00
EVR,Financial Services,XLF,True,2026-09-29 01:40:39.856091+00:00
EVRG,Utilities,XLU,True,2026-09-29 01:40:41.073624+00:00
EW,Health Care,XLV,True,2026-09-29 01:40:42.296289+00:00
EWA,,SPY,False,2026-09-29 01:40:43.514863+00:00
EWBC,Banking,XLF,True,2026-09-29 01:40:44.729054+00:00
EWC,,SPY,False,2026-09-29 01:40:45.942269+00:00
EWG,,SPY,False,2026-09-29 01:40:47.159523+00:00
EWH,,SPY,False,2026-09-29 01:40:48.402346+00:00
EWJ,,SPY,False,2026-09-29 01:40:49.623906+00:00
EWL,,SPY,False,2026-09-29 01:40:50.839360+00:00
EWP,,SPY,False,2026-09-29 01:40:52.065299+00:00
EWS,,SPY,False,2026-09-29 01:40:53.286497+00:00
EWT,,SPY,False,2026-09-29 01:40:54.504944+00:00
EWTX,Pharmaceuticals,XLV,True,2026-09-29 01:40:55.725335+00:00
EWU,,SPY,False,2026-09-29 01:40:56.948086+00:00
EWW,,SPY,False,2026-09-29 01:40:58.165108+00:00
EWY,,SPY,False,2026-09-29 01:40:59.382397+00:00
EWZ,,SPY,False,2026-09-29 01:41:00.598501+00:00
EXC,Utilities,XLU,True,2026-09-29 01:41:01.825039+00:00
EXE,Energy,XLE,True,2026-09-29 01:41:03.043890+00:00
EXEL,Biotechnology,XLV,True,2026-09-29 01:41:04.268226+00:00
EXLS,Professional Services,SPY,False,2026-09-29 01:41:05.492932+00:00
EXP,Construction,XLI,True,2026-09-29 01:41:06.705179+00:00
EXPD,Logistics & Transportation,SPY,False,2026-09-29 01:41:07.923208+00:00
EXPE,"Hotels, Restaurants & Leisure",XLY,True,2026-09-29 01:41:09.148821+00:00
EXPO,Professional Services,SPY,False,2026-09-29 01:41:10.367548+00:00
EXR,Real Estate,XLRE,True,2026-09-29 01:41:11.591924+00:00
EXTR,Communications,SPY,False,2026-09-29 01:41:12.813732+00:00
EYE,Retail,XLY,True,2026-09-29 01:41:14.027524+00:00
EZPW,Financial Services,XLF,True,2026-09-29 01:41:15.255959+00:00
EZU,,SPY,False,2026-09-29 01:41:16.477194+00:00
F,Automobiles,XLY,True,2026-09-29 01:41:17.695762+00:00
FA,Professional Services,SPY,False,2026-09-29 01:41:18.916283+00:00
FAF,Insurance,XLF,True,2026-09-29 01:41:20.130853+00:00
FANG,Energy,XLE,True,2026-09-29 01:41:21.351479+00:00
FAS,,SPY,False,2026-09-29 01:41:22.568750+00:00
FAST,Trading Companies & Distributors,SPY,False,2026-09-29 01:41:23.780218+00:00
FAZ,,SPY,False,2026-09-29 01:41:25.001415+00:00
FBCG,,SPY,False,2026-09-29 01:41:26.225296+00:00
FBIN,Building,SPY,False,2026-09-29 01:41:27.447443+00:00
FBK,Banking,XLF,True,2026-09-29 01:41:28.668318+00:00
FBL,,SPY,False,2026-09-29 01:41:29.893493+00:00
FBND,,SPY,False,2026-09-29 01:41:31.111199+00:00
FBP,Banking,XLF,True,2026-09-29 01:41:32.322832+00:00
FBTC,,SPY,False,2026-09-29 01:41:33.543868+00:00
FCEL,Electrical Equipment,SPY,False,2026-09-29 01:41:34.761172+00:00
FCF,Banking,XLF,True,2026-09-29 01:41:35.984935+00:00
FCFS,Financial Services,XLF,True,2026-09-29 01:41:37.204323+00:00
FCG,,SPY,False,2026-09-29 01:41:38.427547+00:00
FCN,Professional Services,SPY,False,2026-09-29 01:41:39.657145+00:00
FCNCA,Banking,XLF,True,2026-09-29 01:41:40.881891+00:00
FCOM,,SPY,False,2026-09-29 01:41:42.104471+00:00
FCPT,Real Estate,XLRE,True,2026-09-29 01:41:43.338780+00:00
FCX,Metals & Mining,XLB,True,2026-09-29 01:41:44.561300+00:00
FDL,,SPY,False,2026-09-29 01:41:45.797331+00:00
FDN,,SPY,False,2026-09-29 01:41:47.017511+00:00
FDS,Financial Services,XLF,True,2026-09-29 01:41:48.241345+00:00
FDVV,,SPY,False,2026-09-29 01:41:49.459380+00:00
FDX,Logistics & Transportation,SPY,False,2026-09-29 01:41:50.678488+00:00
FDXF,Road & Rail,SPY,False,2026-09-29 01:41:51.892361+00:00
FE,Utilities,XLU,True,2026-09-29 01:41:53.112541+00:00
FEIM,Electrical Equipment,SPY,False,2026-09-29 01:41:54.339238+00:00
FELC,,SPY,False,2026-09-29 01:41:55.558282+00:00
FELE,Machinery,XLI,True,2026-09-29 01:41:56.772888+00:00
FENI,,SPY,False,2026-09-29 01:41:57.987284+00:00
FENY,,SPY,False,2026-09-29 01:41:59.205398+00:00
FER,Construction,XLI,True,2026-09-29 01:42:00.427660+00:00
FERG,Trading Companies & Distributors,SPY,False,2026-09-29 01:42:01.661043+00:00
FESM,,SPY,False,2026-09-29 01:42:02.883180+00:00
FETH,,SPY,False,2026-09-29 01:42:04.098080+00:00
FEZ,,SPY,False,2026-09-29 01:42:05.321513+00:00
FFBC,Banking,XLF,True,2026-09-29 01:42:06.544015+00:00
FFIN,Banking,XLF,True,2026-09-29 01:42:07.761727+00:00
FFIV,Communications,SPY,False,2026-09-29 01:42:08.990927+00:00
FHB,Banking,XLF,True,2026-09-29 01:42:10.211298+00:00
FHI,Financial Services,XLF,True,2026-09-29 01:42:11.458227+00:00
FHLC,,SPY,False,2026-09-29 01:42:12.689803+00:00
FHN,Banking,XLF,True,2026-09-29 01:42:13.902871+00:00
FIBK,Banking,XLF,True,2026-09-29 01:42:15.132434+00:00
FICO,Technology,XLK,True,2026-09-29 01:42:16.349810+00:00
FIDU,,SPY,False,2026-09-29 01:42:17.568890+00:00
FIG,Technology,XLK,True,2026-09-29 01:42:18.790053+00:00
FIGR,Financial Services,XLF,True,2026-09-29 01:42:20.001508+00:00
FIGS,"Textiles, Apparel & Luxury Goods",SPY,False,2026-09-29 01:42:21.227361+00:00
FIS,Financial Services,XLF,True,2026-09-29 01:42:22.449979+00:00
FISV,Financial Services,XLF,True,2026-09-29 01:42:23.671738+00:00
FITB,Banking,XLF,True,2026-09-29 01:42:24.891506+00:00
FIVE,Retail,XLY,True,2026-09-29 01:42:26.122339+00:00
FIVN,Technology,XLK,True,2026-09-29 01:42:27.341844+00:00
FIX,Construction,XLI,True,2026-09-29 01:42:28.560142+00:00
FIXD,,SPY,False,2026-09-29 01:42:29.783456+00:00
FLEX,Electrical Equipment,SPY,False,2026-09-29 01:42:31.000330+00:00
FLG,Banking,XLF,True,2026-09-29 01:42:32.222188+00:00
FLJP,,SPY,False,2026-09-29 01:42:33.437004+00:00
FLKR,,SPY,False,2026-09-29 01:42:34.654119+00:00
FLOT,,SPY,False,2026-09-29 01:42:35.873979+00:00
FLR,Construction,XLI,True,2026-09-29 01:42:37.093132+00:00
FLRN,,SPY,False,2026-09-29 01:42:38.310945+00:00
FLS,Machinery,XLI,True,2026-09-29 01:42:39.529435+00:00
FLTR,,SPY,False,2026-09-29 01:42:40.752982+00:00
FLUT,"Hotels, Restaurants & Leisure",XLY,True,2026-09-29 01:42:41.988687+00:00
FLY,Aerospace & Defense,XLI,True,2026-09-29 01:42:43.203687+00:00
FLYW,Financial Services,XLF,True,2026-09-29 01:42:44.422171+00:00
FMDE,,SPY,False,2026-09-29 01:42:45.637664+00:00
FMX,Beverages,XLP,True,2026-09-29 01:42:46.858090+00:00
FN,Electrical Equipment,SPY,False,2026-09-29 01:42:48.079412+00:00
FNB,Banking,XLF,True,2026-09-29 01:42:49.298907+00:00
FND,Retail,XLY,True,2026-09-29 01:42:50.517698+00:00
FNDA,,SPY,False,2026-09-29 01:42:51.737543+00:00
FNDB,,SPY,False,2026-09-29 01:42:52.956588+00:00
FNDE,,SPY,False,2026-09-29 01:42:54.177356+00:00
FNDF,,SPY,False,2026-09-29 01:42:55.398737+00:00
FNDX,,SPY,False,2026-09-29 01:42:56.619431+00:00
FNF,Insurance,XLF,True,2026-09-29 01:42:57.832093+00:00
FNV,Metals & Mining,XLB,True,2026-09-29 01:42:59.048869+00:00
FORM,Semiconductors,XLK,True,2026-09-29 01:43:00.273034+00:00
FOUR,Financial Services,XLF,True,2026-09-29 01:43:01.491760+00:00
FOX,Media,XLC,True,2026-09-29 01:43:02.709928+00:00
FOXA,Media,XLC,True,2026-09-29 01:43:03.927908+00:00
FPE,,SPY,False,2026-09-29 01:43:05.153429+00:00
FPS,Electrical Equipment,SPY,False,2026-09-29 01:43:06.373846+00:00
FR,Real Estate,XLRE,True,2026-09-29 01:43:07.594457+00:00
FRDM,,SPY,False,2026-09-29 01:43:08.823211+00:00
FRME,Banking,XLF,True,2026-09-29 01:43:10.040152+00:00
FRO,Energy,XLE,True,2026-09-29 01:43:11.260938+00:00
FROG,Technology,XLK,True,2026-09-29 01:43:12.473050+00:00
FRPT,Food Products,XLP,True,2026-09-29 01:43:13.694717+00:00
FRSH,Technology,XLK,True,2026-09-29 01:43:14.918822+00:00
FRT,Real Estate,XLRE,True,2026-09-29 01:43:16.138038+00:00
FRVO,Utilities,XLU,True,2026-09-29 01:43:17.355223+00:00
FSLR,Semiconductors,XLK,True,2026-09-29 01:43:18.568664+00:00
FSLY,Technology,XLK,True,2026-09-29 01:43:19.795450+00:00
FSM,Metals & Mining,XLB,True,2026-09-29 01:43:21.012734+00:00
FSS,Machinery,XLI,True,2026-09-29 01:43:22.241068+00:00
FSV,Real Estate,XLRE,True,2026-09-29 01:43:23.457033+00:00
FTAI,Aerospace & Defense,XLI,True,2026-09-29 01:43:24.677176+00:00
FTCS,,SPY,False,2026-09-29 01:43:25.896346+00:00
FTDR,Diversified Consumer Services,SPY,False,2026-09-29 01:43:27.112120+00:00
FTEC,,SPY,False,2026-09-29 01:43:28.330032+00:00
FTI,Energy,XLE,True,2026-09-29 01:43:29.552858+00:00
FTNT,Technology,XLK,True,2026-09-29 01:43:30.783218+00:00
FTRE,Life Sciences Tools & Services,XLV,True,2026-09-29 01:43:31.994528+00:00
FTS,Utilities,XLU,True,2026-09-29 01:43:33.213658+00:00
FTSM,,SPY,False,2026-09-29 01:43:34.432072+00:00
FTV,Machinery,XLI,True,2026-09-29 01:43:35.654011+00:00
FTXL,,SPY,False,2026-09-29 01:43:36.874733+00:00
FTXN,,SPY,False,2026-09-29 01:43:38.095215+00:00
FUL,Chemicals,XLB,True,2026-09-29 01:43:39.308997+00:00
FULT,Banking,XLF,True,2026-09-29 01:43:40.520540+00:00
FUN,"Hotels, Restaurants & Leisure",XLY,True,2026-09-29 01:43:41.744010+00:00
FUTU,Financial Services,XLF,True,2026-09-29 01:43:42.960019+00:00
FUTY,,SPY,False,2026-09-29 01:43:44.179236+00:00
FVD,,SPY,False,2026-09-29 01:43:45.406040+00:00
FWONK,Media,XLC,True,2026-09-29 01:43:46.620233+00:00
FXI,,SPY,False,2026-09-29 01:43:47.847093+00:00
G,Professional Services,SPY,False,2026-09-29 01:43:49.062755+00:00
GAP,Retail,XLY,True,2026-09-29 01:43:50.284428+00:00
GATX,Trading Companies & Distributors,SPY,False,2026-09-29 01:43:51.503581+00:00
GBCI,Banking,XLF,True,2026-09-29 01:43:52.721144+00:00
GBIL,,SPY,False,2026-09-29 01:43:53.942005+00:00
GBTC,,SPY,False,2026-09-29 01:43:55.156439+00:00
GCT,Distributors,SPY,False,2026-09-29 01:43:56.373249+00:00
GD,Aerospace & Defense,XLI,True,2026-09-29 01:43:57.592095+00:00
GDDY,Technology,XLK,True,2026-09-29 01:43:58.806079+00:00
GDS,Technology,XLK,True,2026-09-29 01:44:00.019863+00:00
GDX,,SPY,False,2026-09-29 01:44:01.239378+00:00
GDXJ,,SPY,False,2026-09-29 01:44:02.461908+00:00
GE,Aerospace & Defense,XLI,True,2026-09-29 01:44:03.688106+00:00
GEF,Packaging,SPY,False,2026-09-29 01:44:04.908192+00:00
GEHC,Health Care,XLV,True,2026-09-29 01:44:06.121230+00:00
GEN,Technology,XLK,True,2026-09-29 01:44:07.340864+00:00
GEO,Commercial Services & Supplies,SPY,False,2026-09-29 01:44:08.562606+00:00
GEV,Electrical Equipment,SPY,False,2026-09-29 01:44:09.783787+00:00
GFF,Building,SPY,False,2026-09-29 01:44:11.002113+00:00
GFI,Metals & Mining,XLB,True,2026-09-29 01:44:12.226045+00:00
GFL,Commercial Services & Supplies,SPY,False,2026-09-29 01:44:13.441329+00:00
GFS,Semiconductors,XLK,True,2026-09-29 01:44:14.659424+00:00
GGAL,Banking,XLF,True,2026-09-29 01:44:15.879044+00:00
GGG,Machinery,XLI,True,2026-09-29 01:44:17.106600+00:00
GGLL,,SPY,False,2026-09-29 01:44:18.329002+00:00
GH,Health Care,XLV,True,2026-09-29 01:44:19.549446+00:00
GIB,Technology,XLK,True,2026-09-29 01:44:20.772970+00:00
GIII,"Textiles, Apparel & Luxury Goods",SPY,False,2026-09-29 01:44:21.990492+00:00
GIL,"Textiles, Apparel & Luxury Goods",SPY,False,2026-09-29 01:44:23.214898+00:00
GILD,Biotechnology,XLV,True,2026-09-29 01:44:24.432674+00:00
GIS,Food Products,XLP,True,2026-09-29 01:44:25.652452+00:00
GKOS,Health Care,XLV,True,2026-09-29 01:44:26.866649+00:00
GL,Insurance,XLF,True,2026-09-29 01:44:28.102055+00:00
GLBE,Retail,XLY,True,2026-09-29 01:44:29.313254+00:00
GLD,,SPY,False,2026-09-29 01:44:30.544365+00:00
GLL,,SPY,False,2026-09-29 01:44:31.764372+00:00
GLNG,Energy,XLE,True,2026-09-29 01:44:32.984181+00:00
GLOB,Technology,XLK,True,2026-09-29 01:44:34.202275+00:00
GLPI,Real Estate,XLRE,True,2026-09-29 01:44:35.422626+00:00
GLW,Electrical Equipment,SPY,False,2026-09-29 01:44:36.640043+00:00
GLXY,Financial Services,XLF,True,2026-09-29 01:44:37.862395+00:00
GM,Automobiles,XLY,True,2026-09-29 01:44:39.075594+00:00
GMAB,Biotechnology,XLV,True,2026-09-29 01:44:40.308127+00:00
GME,Retail,XLY,True,2026-09-29 01:44:41.528600+00:00
GMED,Health Care,XLV,True,2026-09-29 01:44:42.745093+00:00
GNR,,SPY,False,2026-09-29 01:44:43.966595+00:00
GNRC,Electrical Equipment,SPY,False,2026-09-29 01:44:45.189941+00:00
GNTX,Auto Components,SPY,False,2026-09-29 01:44:46.411640+00:00
GO,Retail,XLY,True,2026-09-29 01:44:47.651448+00:00
GOLD,Distributors,SPY,False,2026-09-29 01:44:48.864868+00:00
GOLF,Leisure Products,SPY,False,2026-09-29 01:44:50.085533+00:00
GOOG,Media,XLC,True,2026-09-29 01:44:51.300901+00:00
GOOGL,Media,XLC,True,2026-09-29 01:44:52.647266+00:00
GOVT,,SPY,False,2026-09-29 01:44:53.877532+00:00
GPC,Distributors,SPY,False,2026-09-29 01:44:55.103332+00:00
GPCR,Pharmaceuticals,XLV,True,2026-09-29 01:44:56.332210+00:00
GPGI,Technology,XLK,True,2026-09-29 01:44:57.548586+00:00
GPI,Retail,XLY,True,2026-09-29 01:44:58.769013+00:00
GPIQ,,SPY,False,2026-09-29 01:44:59.984056+00:00
GPIX,,SPY,False,2026-09-29 01:45:01.205796+00:00
GPN,Financial Services,XLF,True,2026-09-29 01:45:02.424008+00:00
GPOR,Energy,XLE,True,2026-09-29 01:45:03.655976+00:00
GPRE,Energy,XLE,True,2026-09-29 01:45:04.882706+00:00
GRAL,Biotechnology,XLV,True,2026-09-29 01:45:06.106133+00:00
GRBK,Consumer products,XLP,True,2026-09-29 01:45:07.323426+00:00
GRDN,Health Care,XLV,True,2026-09-29 01:45:08.539912+00:00
GRID,,SPY,False,2026-09-29 01:45:09.815310+00:00
GRMN,Consumer products,XLP,True,2026-09-29 01:45:11.034549+00:00
GRND,Media,XLC,True,2026-09-29 01:45:12.257738+00:00
GRNY,,SPY,False,2026-09-29 01:45:13.480505+00:00
GRPN,Retail,XLY,True,2026-09-29 01:45:14.696521+00:00
GS,Financial Services,XLF,True,2026-09-29 01:45:15.912847+00:00
GSAT,Telecommunication,XLC,True,2026-09-29 01:45:17.130416+00:00
GSG,,SPY,False,2026-09-29 01:45:18.347615+00:00
GSHD,Insurance,XLF,True,2026-09-29 01:45:19.570334+00:00
GSK,Pharmaceuticals,XLV,True,2026-09-29 01:45:20.791370+00:00
GSLC,,SPY,False,2026-09-29 01:45:22.017772+00:00
GSY,,SPY,False,2026-09-29 01:45:23.240488+00:00
GTES,Machinery,XLI,True,2026-09-29 01:45:24.455289+00:00
GTLB,Technology,XLK,True,2026-09-29 01:45:25.678990+00:00
GTX,Auto Components,SPY,False,2026-09-29 01:45:26.898549+00:00
GTY,Real Estate,XLRE,True,2026-09-29 01:45:28.123739+00:00
GUSH,,SPY,False,2026-09-29 01:45:29.346149+00:00
GVA,Construction,XLI,True,2026-09-29 01:45:30.569541+00:00
GWRE,Technology,XLK,True,2026-09-29 01:45:31.797290+00:00
GWW,Trading Companies & Distributors,SPY,False,2026-09-29 01:45:33.011844+00:00
GXO,Logistics & Transportation,SPY,False,2026-09-29 01:45:34.235108+00:00
H,"Hotels, Restaurants & Leisure",XLY,True,2026-09-29 01:45:35.450645+00:00
HACK,,SPY,False,2026-09-29 01:45:36.667099+00:00
HAE,Health Care,XLV,True,2026-09-29 01:45:37.891477+00:00
HAL,Energy,XLE,True,2026-09-29 01:45:39.117271+00:00
HALO,Biotechnology,XLV,True,2026-09-29 01:45:40.338708+00:00
HAPN,Financial Services,XLF,True,2026-09-29 01:45:41.570827+00:00
HAS,Leisure Products,SPY,False,2026-09-29 01:45:42.786537+00:00
HASI,Financial Services,XLF,True,2026-09-29 01:45:44.000371+00:00
HAWK,Aerospace & Defense,XLI,True,2026-09-29 01:45:45.221026+00:00
HAYW,Building,SPY,False,2026-09-29 01:45:46.440017+00:00
HBAN,Banking,XLF,True,2026-09-29 01:45:47.664914+00:00
HBM,Metals & Mining,XLB,True,2026-09-29 01:45:48.878649+00:00
HCA,Health Care,XLV,True,2026-09-29 01:45:50.092016+00:00
HCC,Metals & Mining,XLB,True,2026-09-29 01:45:51.353741+00:00
HCI,Insurance,XLF,True,2026-09-29 01:45:52.572783+00:00
HD,Retail,XLY,True,2026-09-29 01:45:53.797235+00:00
HDB,Banking,XLF,True,2026-09-29 01:45:55.027726+00:00
HDV,,SPY,False,2026-09-29 01:45:56.242263+00:00
HEFA,,SPY,False,2026-09-29 01:45:57.485251+00:00
HEI,Aerospace & Defense,XLI,True,2026-09-29 01:45:58.706820+00:00
HEI.A,Aerospace & Defense,XLI,True,2026-09-29 01:45:59.925289+00:00
HELP,Pharmaceuticals,XLV,True,2026-09-29 01:46:01.142997+00:00
HESM,Energy,XLE,True,2026-09-29 01:46:02.362689+00:00
HGER,,SPY,False,2026-09-29 01:46:03.581651+00:00
HGV,"Hotels, Restaurants & Leisure",XLY,True,2026-09-29 01:46:04.806306+00:00
HHH,Real Estate,XLRE,True,2026-09-29 01:46:06.016709+00:00
HIG,Insurance,XLF,True,2026-09-29 01:46:07.242127+00:00
HII,Aerospace & Defense,XLI,True,2026-09-29 01:46:08.457723+00:00
HIMS,Health Care,XLV,True,2026-09-29 01:46:09.676673+00:00
HIW,Real Estate,XLRE,True,2026-09-29 01:46:10.905074+00:00
HL,Metals & Mining,XLB,True,2026-09-29 01:46:12.116449+00:00
HLF,Consumer products,XLP,True,2026-09-29 01:46:13.334841+00:00
HLI,Financial Services,XLF,True,2026-09-29 01:46:14.560391+00:00
HLIO,Machinery,XLI,True,2026-09-29 01:46:15.781792+00:00
HLNE,Financial Services,XLF,True,2026-09-29 01:46:17.004875+00:00
HLT,"Hotels, Restaurants & Leisure",XLY,True,2026-09-29 01:46:18.230510+00:00
HMC,Automobiles,XLY,True,2026-09-29 01:46:19.446349+00:00
HMY,Metals & Mining,XLB,True,2026-09-29 01:46:20.666151+00:00
HNGE,Health Care,XLV,True,2026-09-29 01:46:21.878883+00:00
HNI,Commercial Services & Supplies,SPY,False,2026-09-29 01:46:23.096299+00:00
HOG,Automobiles,XLY,True,2026-09-29 01:46:24.311611+00:00
HOMB,Banking,XLF,True,2026-09-29 01:46:25.526339+00:00
HON,Industrial Conglomerates,XLI,True,2026-09-29 01:46:26.748096+00:00
HONA,Aerospace & Defense,XLI,True,2026-09-29 01:46:27.971923+00:00
HOOD,Financial Services,XLF,True,2026-09-29 01:46:29.207541+00:00
HP,Energy,XLE,True,2026-09-29 01:46:30.434182+00:00
HPE,Technology,XLK,True,2026-09-29 01:46:31.648668+00:00
HPQ,Technology,XLK,True,2026-09-29 01:46:32.864166+00:00
HQY,Health Care,XLV,True,2026-09-29 01:46:34.077650+00:00
HR,Real Estate,XLRE,True,2026-09-29 01:46:35.300731+00:00
HRB,Diversified Consumer Services,SPY,False,2026-09-29 01:46:36.526654+00:00
HRI,Trading Companies & Distributors,SPY,False,2026-09-29 01:46:37.741665+00:00
HRL,Food Products,XLP,True,2026-09-29 01:46:38.957789+00:00
HRMY,Pharmaceuticals,XLV,True,2026-09-29 01:46:40.169244+00:00
HSAI,Auto Components,SPY,False,2026-09-29 01:46:41.387692+00:00
HSBC,Banking,XLF,True,2026-09-29 01:46:42.604036+00:00
HSIC,Health Care,XLV,True,2026-09-29 01:46:43.822399+00:00
HST,Real Estate,XLRE,True,2026-09-29 01:46:45.042273+00:00
HSY,Food Products,XLP,True,2026-09-29 01:46:46.268693+00:00
HTFL,Health Care,XLV,True,2026-09-29 01:46:47.481200+00:00
HTGC,Financial Services,XLF,True,2026-09-29 01:46:48.704777+00:00
HTHT,"Hotels, Restaurants & Leisure",XLY,True,2026-09-29 01:46:49.924129+00:00
HTO,Utilities,XLU,True,2026-09-29 01:46:51.154824+00:00
HUBB,Electrical Equipment,SPY,False,2026-09-29 01:46:52.374955+00:00
HUBG,Logistics & Transportation,SPY,False,2026-09-29 01:46:53.593084+00:00
HUBS,Technology,XLK,True,2026-09-29 01:46:54.806629+00:00
HUM,Health Care,XLV,True,2026-09-29 01:46:56.019953+00:00
HURN,Professional Services,SPY,False,2026-09-29 01:46:57.238276+00:00
HUT,Technology,XLK,True,2026-09-29 01:46:58.462977+00:00
HWC,Banking,XLF,True,2026-09-29 01:46:59.681938+00:00
HWKN,Chemicals,XLB,True,2026-09-29 01:47:00.895737+00:00
HWM,Aerospace & Defense,XLI,True,2026-09-29 01:47:02.111081+00:00
HXL,Aerospace & Defense,XLI,True,2026-09-29 01:47:03.364673+00:00
HYD,,SPY,False,2026-09-29 01:47:04.607443+00:00
HYG,,SPY,False,2026-09-29 01:47:05.823181+00:00
HYLB,,SPY,False,2026-09-29 01:47:07.041678+00:00
HYMB,,SPY,False,2026-09-29 01:47:08.264243+00:00
HYMC,Metals & Mining,XLB,True,2026-09-29 01:47:09.479361+00:00
HZO,Retail,XLY,True,2026-09-29 01:47:10.701307+00:00
IAG,Metals & Mining,XLB,True,2026-09-29 01:47:11.912593+00:00
IAGG,,SPY,False,2026-09-29 01:47:13.139022+00:00
IAU,,SPY,False,2026-09-29 01:47:14.351585+00:00
IBB,,SPY,False,2026-09-29 01:47:15.576486+00:00
IBIT,,SPY,False,2026-09-29 01:47:16.792298+00:00
IBKR,Financial Services,XLF,True,2026-09-29 01:47:18.013508+00:00
IBM,Technology,XLK,True,2026-09-29 01:47:19.228616+00:00
IBN,Banking,XLF,True,2026-09-29 01:47:20.444807+00:00
IBOC,Banking,XLF,True,2026-09-29 01:47:21.662810+00:00
IBP,Consumer products,XLP,True,2026-09-29 01:47:22.880119+00:00
ICE,Financial Services,XLF,True,2026-09-29 01:47:24.118387+00:00
ICHR,Semiconductors,XLK,True,2026-09-29 01:47:25.331856+00:00
ICLN,,SPY,False,2026-09-29 01:47:26.582440+00:00
ICLR,Life Sciences Tools & Services,XLV,True,2026-09-29 01:47:27.808980+00:00
ICSH,,SPY,False,2026-09-29 01:47:29.026228+00:00
ICUI,Health Care,XLV,True,2026-09-29 01:47:30.242115+00:00
ICVT,,SPY,False,2026-09-29 01:47:31.455858+00:00
IDA,Utilities,XLU,True,2026-09-29 01:47:32.677466+00:00
IDCC,Technology,XLK,True,2026-09-29 01:47:33.906428+00:00
IDEF,,SPY,False,2026-09-29 01:47:35.132355+00:00
IDEV,,SPY,False,2026-09-29 01:47:36.363467+00:00
IDU,,SPY,False,2026-09-29 01:47:37.582912+00:00
IDV,,SPY,False,2026-09-29 01:47:38.803356+00:00
IDXX,Health Care,XLV,True,2026-09-29 01:47:40.020930+00:00
IDYA,Biotechnology,XLV,True,2026-09-29 01:47:41.237715+00:00
IE,Metals & Mining,XLB,True,2026-09-29 01:47:42.464112+00:00
IEF,,SPY,False,2026-09-29 01:47:43.678470+00:00
IEFA,,SPY,False,2026-09-29 01:47:44.901207+00:00
IEI,,SPY,False,2026-09-29 01:47:46.135072+00:00
IEMG,,SPY,False,2026-09-29 01:47:47.352462+00:00
IEO,,SPY,False,2026-09-29 01:47:48.573353+00:00
IESC,Construction,XLI,True,2026-09-29 01:47:49.786995+00:00
IEUR,,SPY,False,2026-09-29 01:47:51.004475+00:00
IEX,Machinery,XLI,True,2026-09-29 01:47:52.224788+00:00
IFF,Chemicals,XLB,True,2026-09-29 01:47:53.451654+00:00
IGF,,SPY,False,2026-09-29 01:47:54.666243+00:00
IGIB,,SPY,False,2026-09-29 01:47:55.882257+00:00
IGLB,,SPY,False,2026-09-29 01:47:57.101488+00:00
IGM,,SPY,False,2026-09-29 01:47:58.319272+00:00
IGSB,,SPY,False,2026-09-29 01:47:59.548611+00:00
IGV,,SPY,False,2026-09-29 01:48:00.776951+00:00
IHF,,SPY,False,2026-09-29 01:48:02.006102+00:00
IHI,,SPY,False,2026-09-29 01:48:03.257431+00:00
IJH,,SPY,False,2026-09-29 01:48:04.513889+00:00
IJJ,,SPY,False,2026-09-29 01:48:05.743677+00:00
IJK,,SPY,False,2026-09-29 01:48:06.976187+00:00
IJR,,SPY,False,2026-09-29 01:48:08.200926+00:00
IJS,,SPY,False,2026-09-29 01:48:09.419037+00:00
IJT,,SPY,False,2026-09-29 01:48:10.642790+00:00
ILF,,SPY,False,2026-09-29 01:48:11.863776+00:00
ILMN,Life Sciences Tools & Services,XLV,True,2026-09-29 01:48:13.097861+00:00
IMAX,Media,XLC,True,2026-09-29 01:48:14.316865+00:00
IMNM,Biotechnology,XLV,True,2026-09-29 01:48:15.529095+00:00
IMO,Energy,XLE,True,2026-09-29 01:48:16.745437+00:00
IMVT,Biotechnology,XLV,True,2026-09-29 01:48:17.962326+00:00
INBX,Biotechnology,XLV,True,2026-09-29 01:48:19.186077+00:00
INCY,Biotechnology,XLV,True,2026-09-29 01:48:20.409954+00:00
INDA,,SPY,False,2026-09-29 01:48:21.628927+00:00
INDB,Banking,XLF,True,2026-09-29 01:48:22.841795+00:00
INDV,Pharmaceuticals,XLV,True,2026-09-29 01:48:24.064266+00:00
INFQ,Technology,XLK,True,2026-09-29 01:48:25.296907+00:00
INFY,Technology,XLK,True,2026-09-29 01:48:26.521751+00:00
ING,Banking,XLF,True,2026-09-29 01:48:27.732358+00:00
INGM,Electrical Equipment,SPY,False,2026-09-29 01:48:28.947822+00:00
INGR,Food Products,XLP,True,2026-09-29 01:48:30.167940+00:00
INIO,Electrical Equipment,SPY,False,2026-09-29 01:48:31.383405+00:00
INOD,Professional Services,SPY,False,2026-09-29 01:48:32.610365+00:00
INRO,,SPY,False,2026-09-29 01:48:33.823758+00:00
INSM,Biotechnology,XLV,True,2026-09-29 01:48:35.045041+00:00
INSP,Health Care,XLV,True,2026-09-29 01:48:36.263070+00:00
INSW,Energy,XLE,True,2026-09-29 01:48:37.479664+00:00
INTA,Technology,XLK,True,2026-09-29 01:48:38.704933+00:00
INTC,Semiconductors,XLK,True,2026-09-29 01:48:39.922847+00:00
INTU,Technology,XLK,True,2026-09-29 01:48:41.142933+00:00
INTW,,SPY,False,2026-09-29 01:48:42.364876+00:00
INVA,Pharmaceuticals,XLV,True,2026-09-29 01:48:43.592007+00:00
INVH,Real Estate,XLRE,True,2026-09-29 01:48:44.807314+00:00
INVX,Energy,XLE,True,2026-09-29 01:48:46.019596+00:00
IOND,,SPY,False,2026-09-29 01:48:47.254255+00:00
IONQ,Technology,XLK,True,2026-09-29 01:48:48.484681+00:00
IONS,Biotechnology,XLV,True,2026-09-29 01:48:49.714954+00:00
IONX,,SPY,False,2026-09-29 01:48:50.930808+00:00
IOO,,SPY,False,2026-09-29 01:48:52.167171+00:00
IOT,Technology,XLK,True,2026-09-29 01:48:53.383276+00:00
IOVA,Biotechnology,XLV,True,2026-09-29 01:48:54.603944+00:00
IP,Packaging,SPY,False,2026-09-29 01:48:55.819961+00:00
IPAR,Consumer products,XLP,True,2026-09-29 01:48:57.039119+00:00
IPGP,Electrical Equipment,SPY,False,2026-09-29 01:48:58.255381+00:00
IQLT,,SPY,False,2026-09-29 01:48:59.473641+00:00
IQV,Life Sciences Tools & Services,XLV,True,2026-09-29 01:49:00.703054+00:00
IR,Machinery,XLI,True,2026-09-29 01:49:01.920693+00:00
IRDM,Telecommunication,XLC,True,2026-09-29 01:49:03.140481+00:00
IREN,Technology,XLK,True,2026-09-29 01:49:04.355917+00:00
IREX,,SPY,False,2026-09-29 01:49:05.586942+00:00
IRM,Real Estate,XLRE,True,2026-09-29 01:49:06.923020+00:00
IRON,Biotechnology,XLV,True,2026-09-29 01:49:08.140783+00:00
IRT,Real Estate,XLRE,True,2026-09-29 01:49:09.363682+00:00
IRTC,Health Care,XLV,True,2026-09-29 01:49:10.584967+00:00
ISRG,Health Care,XLV,True,2026-09-29 01:49:11.823253+00:00
ISTB,,SPY,False,2026-09-29 01:49:13.053220+00:00
IT,Technology,XLK,True,2026-09-29 01:49:14.276448+00:00
ITA,,SPY,False,2026-09-29 01:49:15.494754+00:00
ITB,,SPY,False,2026-09-29 01:49:16.714618+00:00
ITGR,Health Care,XLV,True,2026-09-29 01:49:17.934784+00:00
ITM,,SPY,False,2026-09-29 01:49:19.154098+00:00
ITOT,,SPY,False,2026-09-29 01:49:20.374834+00:00
ITRI,Electrical Equipment,SPY,False,2026-09-29 01:49:21.599778+00:00
ITT,Machinery,XLI,True,2026-09-29 01:49:22.817091+00:00
ITW,Machinery,XLI,True,2026-09-29 01:49:24.037899+00:00
IUSB,,SPY,False,2026-09-29 01:49:25.252620+00:00
IUSG,,SPY,False,2026-09-29 01:49:26.511653+00:00
IUSV,,SPY,False,2026-09-29 01:49:27.763417+00:00
IVE,,SPY,False,2026-09-29 01:49:28.979077+00:00
IVLU,,SPY,False,2026-09-29 01:49:30.199436+00:00
IVV,,SPY,False,2026-09-29 01:49:31.433350+00:00
IVW,,SPY,False,2026-09-29 01:49:32.673941+00:00
IVZ,Financial Services,XLF,True,2026-09-29 01:49:33.891733+00:00
IWB,,SPY,False,2026-09-29 01:49:35.115842+00:00
IWC,,SPY,False,2026-09-29 01:49:36.334715+00:00
IWD,,SPY,False,2026-09-29 01:49:37.561527+00:00
IWF,,SPY,False,2026-09-29 01:49:38.801899+00:00
IWM,,SPY,False,2026-09-29 01:49:40.024451+00:00
IWMI,,SPY,False,2026-09-29 01:49:41.255533+00:00
IWN,,SPY,False,2026-09-29 01:49:42.477539+00:00
IWO,,SPY,False,2026-09-29 01:49:43.701666+00:00
IWP,,SPY,False,2026-09-29 01:49:44.919054+00:00
IWR,,SPY,False,2026-09-29 01:49:46.141862+00:00
IWS,,SPY,False,2026-09-29 01:49:47.369712+00:00
IWV,,SPY,False,2026-09-29 01:49:48.587295+00:00
IWX,,SPY,False,2026-09-29 01:49:49.819762+00:00
IWY,,SPY,False,2026-09-29 01:49:51.046309+00:00
IXC,,SPY,False,2026-09-29 01:49:52.279398+00:00
IXN,,SPY,False,2026-09-29 01:49:53.510712+00:00
IXUS,,SPY,False,2026-09-29 01:49:54.742031+00:00
IYE,,SPY,False,2026-09-29 01:49:55.961338+00:00
IYF,,SPY,False,2026-09-29 01:49:57.181772+00:00
IYH,,SPY,False,2026-09-29 01:49:58.415527+00:00
IYJ,,SPY,False,2026-09-29 01:49:59.633500+00:00
IYK,,SPY,False,2026-09-29 01:50:00.862738+00:00
IYM,,SPY,False,2026-09-29 01:50:02.147358+00:00
IYR,,SPY,False,2026-09-29 01:50:03.367870+00:00
IYT,,SPY,False,2026-09-29 01:50:04.617486+00:00
IYW,,SPY,False,2026-09-29 01:50:05.844755+00:00
IYZ,,SPY,False,2026-09-29 01:50:07.063772+00:00
J,Professional Services,SPY,False,2026-09-29 01:50:08.285360+00:00
JAAA,,SPY,False,2026-09-29 01:50:09.503015+00:00
JAN,Real Estate,XLRE,True,2026-09-29 01:50:10.727368+00:00
JAVA,,SPY,False,2026-09-29 01:50:11.972990+00:00
JAZZ,Pharmaceuticals,XLV,True,2026-09-29 01:50:13.204422+00:00
JBBB,,SPY,False,2026-09-29 01:50:14.423262+00:00
JBHT,Road & Rail,SPY,False,2026-09-29 01:50:15.644489+00:00
JBL,Electrical Equipment,SPY,False,2026-09-29 01:50:16.871292+00:00
JBS,Food Products,XLP,True,2026-09-29 01:50:18.089070+00:00
JBTM,Machinery,XLI,True,2026-09-29 01:50:19.308723+00:00
JCI,Building,SPY,False,2026-09-29 01:50:20.524938+00:00
JCPB,,SPY,False,2026-09-29 01:50:21.744044+00:00
JD,Retail,XLY,True,2026-09-29 01:50:22.965450+00:00
JEF,Financial Services,XLF,True,2026-09-29 01:50:24.401414+00:00
JEPI,,SPY,False,2026-09-29 01:50:25.617826+00:00
JEPQ,,SPY,False,2026-09-29 01:50:26.864442+00:00
JETS,,SPY,False,2026-09-29 01:50:28.091151+00:00
JHX,Construction,XLI,True,2026-09-29 01:50:29.310275+00:00
JIRE,,SPY,False,2026-09-29 01:50:30.543191+00:00
JKHY,Financial Services,XLF,True,2026-09-29 01:50:31.778158+00:00
JLL,Real Estate,XLRE,True,2026-09-29 01:50:33.005013+00:00
JMBS,,SPY,False,2026-09-29 01:50:34.221328+00:00
JMKE,"Hotels, Restaurants & Leisure",XLY,True,2026-09-29 01:50:35.439216+00:00
JMST,,SPY,False,2026-09-29 01:50:36.666644+00:00
JNJ,Pharmaceuticals,XLV,True,2026-09-29 01:50:37.913341+00:00
JNK,,SPY,False,2026-09-29 01:50:39.130734+00:00
JNUG,,SPY,False,2026-09-29 01:50:40.361342+00:00
JOYY,Media,XLC,True,2026-09-29 01:50:41.584727+00:00
JPM,Banking,XLF,True,2026-09-29 01:50:42.813948+00:00
JPST,,SPY,False,2026-09-29 01:50:44.037121+00:00
JQUA,,SPY,False,2026-09-29 01:50:45.261079+00:00
JXN,Financial Services,XLF,True,2026-09-29 01:50:46.476147+00:00
KAI,Machinery,XLI,True,2026-09-29 01:50:47.695619+00:00
KALU,Metals & Mining,XLB,True,2026-09-29 01:50:48.909353+00:00
KBE,,SPY,False,2026-09-29 01:50:50.164668+00:00
KBH,Consumer products,XLP,True,2026-09-29 01:50:51.386794+00:00
KBR,Professional Services,SPY,False,2026-09-29 01:50:52.600824+00:00
KBWB,,SPY,False,2026-09-29 01:50:53.822402+00:00
KD,Technology,XLK,True,2026-09-29 01:50:55.043649+00:00
KDP,Beverages,XLP,True,2026-09-29 01:50:56.263696+00:00
KEX,Marine,SPY,False,2026-09-29 01:50:57.478514+00:00
KEY,Banking,XLF,True,2026-09-29 01:50:58.694179+00:00
KEYS,Electrical Equipment,SPY,False,2026-09-29 01:50:59.914379+00:00
KFY,Professional Services,SPY,False,2026-09-29 01:51:01.130516+00:00
KGC,Metals & Mining,XLB,True,2026-09-29 01:51:02.354090+00:00
KGS,Energy,XLE,True,2026-09-29 01:51:03.574844+00:00
KHC,Food Products,XLP,True,2026-09-29 01:51:04.797500+00:00
KIE,,SPY,False,2026-09-29 01:51:06.028212+00:00
KIM,Real Estate,XLRE,True,2026-09-29 01:51:07.249766+00:00
KKR,Financial Services,XLF,True,2026-09-29 01:51:08.465969+00:00
KLAC,Semiconductors,XLK,True,2026-09-29 01:51:09.687909+00:00
KLAR,Financial Services,XLF,True,2026-09-29 01:51:10.904033+00:00
KLIC,Semiconductors,XLK,True,2026-09-29 01:51:12.136118+00:00
KMB,Consumer products,XLP,True,2026-09-29 01:51:13.350141+00:00
KMI,Energy,XLE,True,2026-09-29 01:51:14.581871+00:00
KMPR,Insurance,XLF,True,2026-09-29 01:51:15.798754+00:00
KMT,Machinery,XLI,True,2026-09-29 01:51:17.016752+00:00
KMX,Retail,XLY,True,2026-09-29 01:51:18.235431+00:00
KN,Electrical Equipment,SPY,False,2026-09-29 01:51:19.451886+00:00
KNF,Construction,XLI,True,2026-09-29 01:51:20.676133+00:00
KNSA,Biotechnology,XLV,True,2026-09-29 01:51:21.895097+00:00
KNSL,Insurance,XLF,True,2026-09-29 01:51:23.120824+00:00
KNTK,Energy,XLE,True,2026-09-29 01:51:24.369344+00:00
KNX,Road & Rail,SPY,False,2026-09-29 01:51:25.582940+00:00
KO,Beverages,XLP,True,2026-09-29 01:51:26.806473+00:00
KOD,Biotechnology,XLV,True,2026-09-29 01:51:28.058236+00:00
KOLD,,SPY,False,2026-09-29 01:51:29.276292+00:00
KORU,,SPY,False,2026-09-29 01:51:30.493251+00:00
KR,Retail,XLY,True,2026-09-29 01:51:31.714142+00:00
KRC,Real Estate,XLRE,True,2026-09-29 01:51:32.941196+00:00
KRE,,SPY,False,2026-09-29 01:51:34.156410+00:00
KRG,Real Estate,XLRE,True,2026-09-29 01:51:35.372866+00:00
KRMN,Aerospace & Defense,XLI,True,2026-09-29 01:51:36.590152+00:00
KRYS,Biotechnology,XLV,True,2026-09-29 01:51:37.804983+00:00
KSPI,Financial Services,XLF,True,2026-09-29 01:51:39.027799+00:00
KSS,Retail,XLY,True,2026-09-29 01:51:40.246126+00:00
KT,Telecommunication,XLC,True,2026-09-29 01:51:41.467236+00:00
KTB,"Textiles, Apparel & Luxury Goods",SPY,False,2026-09-29 01:51:42.683445+00:00
KTOS,Aerospace & Defense,XLI,True,2026-09-29 01:51:43.904318+00:00
KURA,Biotechnology,XLV,True,2026-09-29 01:51:45.121862+00:00
KVUE,Consumer products,XLP,True,2026-09-29 01:51:46.336357+00:00
KVYO,Technology,XLK,True,2026-09-29 01:51:47.555115+00:00
KWEB,,SPY,False,2026-09-29 01:51:48.779077+00:00
KWR,Chemicals,XLB,True,2026-09-29 01:51:49.996433+00:00
KYMR,Biotechnology,XLV,True,2026-09-29 01:51:51.216810+00:00
L,Insurance,XLF,True,2026-09-29 01:51:52.442160+00:00
LABU,,SPY,False,2026-09-29 01:51:53.668107+00:00
LAD,Retail,XLY,True,2026-09-29 01:51:54.891735+00:00
LAMR,Real Estate,XLRE,True,2026-09-29 01:51:56.109739+00:00
LASR,Electrical Equipment,SPY,False,2026-09-29 01:51:57.327209+00:00
LAUR,Diversified Consumer Services,SPY,False,2026-09-29 01:51:58.538020+00:00
LAZ,Financial Services,XLF,True,2026-09-29 01:51:59.756668+00:00
LBRT,Energy,XLE,True,2026-09-29 01:52:00.973808+00:00
LCII,Auto Components,SPY,False,2026-09-29 01:52:02.203165+00:00
LDOS,Professional Services,SPY,False,2026-09-29 01:52:03.431993+00:00
LEA,Auto Components,SPY,False,2026-09-29 01:52:04.655053+00:00
LECO,Machinery,XLI,True,2026-09-29 01:52:05.876155+00:00
LEGN,Biotechnology,XLV,True,2026-09-29 01:52:07.097225+00:00
LEN,Consumer products,XLP,True,2026-09-29 01:52:08.314452+00:00
LEU,Energy,XLE,True,2026-09-29 01:52:09.549281+00:00
LEVI,"Textiles, Apparel & Luxury Goods",SPY,False,2026-09-29 01:52:10.768402+00:00
LFST,Health Care,XLV,True,2026-09-29 01:52:11.995817+00:00
LFUS,Electrical Equipment,SPY,False,2026-09-29 01:52:13.218647+00:00
LGN,Construction,XLI,True,2026-09-29 01:52:14.437829+00:00
LGND,Pharmaceuticals,XLV,True,2026-09-29 01:52:15.652962+00:00
LH,Health Care,XLV,True,2026-09-29 01:52:16.870005+00:00
LHX,Aerospace & Defense,XLI,True,2026-09-29 01:52:18.083989+00:00
LI,Automobiles,XLY,True,2026-09-29 01:52:19.299145+00:00
LIF,Technology,XLK,True,2026-09-29 01:52:20.578708+00:00
LIFE,Insurance,XLF,True,2026-09-29 01:52:21.798257+00:00
LII,Building,SPY,False,2026-09-29 01:52:23.020105+00:00
LIN,Chemicals,XLB,True,2026-09-29 01:52:24.246040+00:00
LIND,"Hotels, Restaurants & Leisure",XLY,True,2026-09-29 01:52:25.456634+00:00
LINE,Real Estate,XLRE,True,2026-09-29 01:52:26.674674+00:00
LION,Media,XLC,True,2026-09-29 01:52:27.896961+00:00
LITE,Communications,SPY,False,2026-09-29 01:52:29.123588+00:00
LITX,,SPY,False,2026-09-29 01:52:30.341406+00:00
LITZ,,SPY,False,2026-09-29 01:52:31.553341+00:00
LIVN,Health Care,XLV,True,2026-09-29 01:52:32.769004+00:00
LKQ,Distributors,SPY,False,2026-09-29 01:52:33.992359+00:00
LLY,Pharmaceuticals,XLV,True,2026-09-29 01:52:35.208481+00:00
LLYVK,Media,XLC,True,2026-09-29 01:52:36.429540+00:00
LMAT,Health Care,XLV,True,2026-09-29 01:52:37.651710+00:00
LMB,Construction,XLI,True,2026-09-29 01:52:38.860080+00:00
LMBS,,SPY,False,2026-09-29 01:52:40.088277+00:00
LMND,Insurance,XLF,True,2026-09-29 01:52:41.313948+00:00
LMT,Aerospace & Defense,XLI,True,2026-09-29 01:52:42.527876+00:00
LNC,Insurance,XLF,True,2026-09-29 01:52:43.745693+00:00
LNG,Energy,XLE,True,2026-09-29 01:52:44.964890+00:00
LNN,Machinery,XLI,True,2026-09-29 01:52:46.203185+00:00
LNT,Utilities,XLU,True,2026-09-29 01:52:47.413648+00:00
LNTH,Health Care,XLV,True,2026-09-29 01:52:48.627039+00:00
LOAR,Aerospace & Defense,XLI,True,2026-09-29 01:52:49.862014+00:00
LOFF,,SPY,False,2026-09-29 01:52:51.080972+00:00
LOGI,Technology,XLK,True,2026-09-29 01:52:52.299762+00:00
LOPE,Diversified Consumer Services,SPY,False,2026-09-29 01:52:53.528443+00:00
LOW,Retail,XLY,True,2026-09-29 01:52:54.740769+00:00
LPG,Energy,XLE,True,2026-09-29 01:52:55.957863+00:00
LPLA,Financial Services,XLF,True,2026-09-29 01:52:57.183067+00:00
LPX,Paper & Forest,SPY,False,2026-09-29 01:52:58.417009+00:00
LQD,,SPY,False,2026-09-29 01:52:59.646191+00:00
LQDA,Pharmaceuticals,XLV,True,2026-09-29 01:53:00.856506+00:00
LRCX,Semiconductors,XLK,True,2026-09-29 01:53:02.075449+00:00
LRN,Diversified Consumer Services,SPY,False,2026-09-29 01:53:03.302360+00:00
LSCC,Semiconductors,XLK,True,2026-09-29 01:53:04.520974+00:00
LSTR,Road & Rail,SPY,False,2026-09-29 01:53:05.742756+00:00
LTC,Real Estate,XLRE,True,2026-09-29 01:53:06.963695+00:00
LTH,"Hotels, Restaurants & Leisure",XLY,True,2026-09-29 01:53:08.182523+00:00
LTM,Airlines,XLI,True,2026-09-29 01:53:09.392785+00:00
LTPZ,,SPY,False,2026-09-29 01:53:10.621427+00:00
LULU,"Textiles, Apparel & Luxury Goods",SPY,False,2026-09-29 01:53:11.842098+00:00
LUNR,Aerospace & Defense,XLI,True,2026-09-29 01:53:13.060468+00:00
LUV,Airlines,XLI,True,2026-09-29 01:53:14.277180+00:00
LVHI,,SPY,False,2026-09-29 01:53:15.498934+00:00
LVS,"Hotels, Restaurants & Leisure",XLY,True,2026-09-29 01:53:16.713696+00:00
LW,Food Products,XLP,True,2026-09-29 01:53:17.934673+00:00
LXP,Real Estate,XLRE,True,2026-09-29 01:53:19.227788+00:00
LYB,Chemicals,XLB,True,2026-09-29 01:53:20.447066+00:00
LYFT,Road & Rail,SPY,False,2026-09-29 01:53:21.669835+00:00
LYTE,,SPY,False,2026-09-29 01:53:22.892978+00:00
LYV,Media,XLC,True,2026-09-29 01:53:24.115769+00:00
LZB,Consumer products,XLP,True,2026-09-29 01:53:25.347196+00:00
M,Retail,XLY,True,2026-09-29 01:53:26.573294+00:00
MA,Financial Services,XLF,True,2026-09-29 01:53:27.794909+00:00
MAA,Real Estate,XLRE,True,2026-09-29 01:53:29.011060+00:00
MAC,Real Estate,XLRE,True,2026-09-29 01:53:30.233030+00:00
MAGS,,SPY,False,2026-09-29 01:53:31.451350+00:00
MAIN,Financial Services,XLF,True,2026-09-29 01:53:32.665135+00:00
MAIR,Building,SPY,False,2026-09-29 01:53:33.886762+00:00
MAN,Professional Services,SPY,False,2026-09-29 01:53:35.105466+00:00
MANE,Pharmaceuticals,XLV,True,2026-09-29 01:53:36.329829+00:00
MANH,Technology,XLK,True,2026-09-29 01:53:37.572724+00:00
MAR,"Hotels, Restaurants & Leisure",XLY,True,2026-09-29 01:53:38.795027+00:00
MARA,Technology,XLK,True,2026-09-29 01:53:40.008060+00:00
MAS,Building,SPY,False,2026-09-29 01:53:41.227181+00:00
MAT,Leisure Products,SPY,False,2026-09-29 01:53:42.446854+00:00
MATW,Diversified Consumer Services,SPY,False,2026-09-29 01:53:43.667488+00:00
MATX,Marine,SPY,False,2026-09-29 01:53:44.888129+00:00
MAZE,Pharmaceuticals,XLV,True,2026-09-29 01:53:46.108748+00:00
MBB,,SPY,False,2026-09-29 01:53:47.337966+00:00
MBGL,Professional Services,SPY,False,2026-09-29 01:53:48.556334+00:00
MBX,Pharmaceuticals,XLV,True,2026-09-29 01:53:49.772687+00:00
MC,Financial Services,XLF,True,2026-09-29 01:53:50.990098+00:00
MCD,"Hotels, Restaurants & Leisure",XLY,True,2026-09-29 01:53:52.207512+00:00
MCHI,,SPY,False,2026-09-29 01:53:53.437890+00:00
MCHP,Semiconductors,XLK,True,2026-09-29 01:53:54.652316+00:00
MCK,Health Care,XLV,True,2026-09-29 01:53:55.866721+00:00
MCO,Financial Services,XLF,True,2026-09-29 01:53:57.085109+00:00
MCRI,"Hotels, Restaurants & Leisure",XLY,True,2026-09-29 01:53:58.304206+00:00
MCY,Insurance,XLF,True,2026-09-29 01:53:59.527699+00:00
MDA,Aerospace & Defense,XLI,True,2026-09-29 01:54:00.746165+00:00
MDB,Technology,XLK,True,2026-09-29 01:54:01.968913+00:00
MDGL,Biotechnology,XLV,True,2026-09-29 01:54:03.184907+00:00
MDLN,Health Care,XLV,True,2026-09-29 01:54:04.402219+00:00
MDLZ,Food Products,XLP,True,2026-09-29 01:54:05.624692+00:00
MDT,Health Care,XLV,True,2026-09-29 01:54:06.842935+00:00
MDU,Utilities,XLU,True,2026-09-29 01:54:08.058439+00:00
MDY,,SPY,False,2026-09-29 01:54:09.283504+00:00
MEDP,Life Sciences Tools & Services,XLV,True,2026-09-29 01:54:10.505980+00:00
MELI,Retail,XLY,True,2026-09-29 01:54:11.731881+00:00
MEOH,Chemicals,XLB,True,2026-09-29 01:54:12.959553+00:00
MET,Insurance,XLF,True,2026-09-29 01:54:14.178500+00:00
META,Media,XLC,True,2026-09-29 01:54:15.399185+00:00
METU,,SPY,False,2026-09-29 01:54:16.617875+00:00
MFC,Insurance,XLF,True,2026-09-29 01:54:17.835469+00:00
MFG,Banking,XLF,True,2026-09-29 01:54:19.051971+00:00
MFP,Machinery,XLI,True,2026-09-29 01:54:20.275618+00:00
MGA,Auto Components,SPY,False,2026-09-29 01:54:21.501506+00:00
MGC,,SPY,False,2026-09-29 01:54:22.739755+00:00
MGK,,SPY,False,2026-09-29 01:54:23.959950+00:00
MGM,"Hotels, Restaurants & Leisure",XLY,True,2026-09-29 01:54:25.175293+00:00
MGNI,Media,XLC,True,2026-09-29 01:54:26.391619+00:00
MGV,,SPY,False,2026-09-29 01:54:27.611672+00:00
MGY,Energy,XLE,True,2026-09-29 01:54:28.826582+00:00
MHK,Consumer products,XLP,True,2026-09-29 01:54:30.046753+00:00
MHO,Consumer products,XLP,True,2026-09-29 01:54:31.272515+00:00
MIAX,Financial Services,XLF,True,2026-09-29 01:54:32.489724+00:00
MIDD,Machinery,XLI,True,2026-09-29 01:54:33.714867+00:00
MINT,,SPY,False,2026-09-29 01:54:34.930963+00:00
MIR,Electrical Equipment,SPY,False,2026-09-29 01:54:36.143754+00:00
MIRM,Biotechnology,XLV,True,2026-09-29 01:54:37.361478+00:00
MKC,Food Products,XLP,True,2026-09-29 01:54:38.578677+00:00
MKL,Insurance,XLF,True,2026-09-29 01:54:39.800522+00:00
MKSI,Semiconductors,XLK,True,2026-09-29 01:54:41.022271+00:00
MKTX,Financial Services,XLF,True,2026-09-29 01:54:42.232057+00:00
MLI,Machinery,XLI,True,2026-09-29 01:54:43.451537+00:00
MLM,Construction,XLI,True,2026-09-29 01:54:44.670513+00:00
MLPX,,SPY,False,2026-09-29 01:54:45.887448+00:00
MLTX,Biotechnology,XLV,True,2026-09-29 01:54:47.100223+00:00
MLYS,Biotechnology,XLV,True,2026-09-29 01:54:48.318026+00:00
MMED,Health Care,XLV,True,2026-09-29 01:54:49.535114+00:00
MMM,Industrial Conglomerates,XLI,True,2026-09-29 01:54:50.757736+00:00
MMS,Professional Services,SPY,False,2026-09-29 01:54:51.979492+00:00
MMSI,Health Care,XLV,True,2026-09-29 01:54:53.199389+00:00
MMYT,"Hotels, Restaurants & Leisure",XLY,True,2026-09-29 01:54:54.432180+00:00
MNDY,Technology,XLK,True,2026-09-29 01:54:55.667022+00:00
MNST,Beverages,XLP,True,2026-09-29 01:54:56.878917+00:00
MO,Tobacco,SPY,False,2026-09-29 01:54:58.100915+00:00
MOAT,,SPY,False,2026-09-29 01:54:59.320736+00:00
MOD,Building,SPY,False,2026-09-29 01:55:00.555772+00:00
MOG.A,Aerospace & Defense,XLI,True,2026-09-29 01:55:01.774220+00:00
MOH,Health Care,XLV,True,2026-09-29 01:55:03.002428+00:00
MOO,,SPY,False,2026-09-29 01:55:04.223276+00:00
MORN,Financial Services,XLF,True,2026-09-29 01:55:05.434332+00:00
MOS,Chemicals,XLB,True,2026-09-29 01:55:06.653387+00:00
MP,Metals & Mining,XLB,True,2026-09-29 01:55:07.874846+00:00
MPC,Energy,XLE,True,2026-09-29 01:55:09.094375+00:00
MPLX,Energy,XLE,True,2026-09-29 01:55:10.314340+00:00
MPWR,Semiconductors,XLK,True,2026-09-29 01:55:11.543961+00:00
MRCY,Aerospace & Defense,XLI,True,2026-09-29 01:55:12.765005+00:00
MRK,Pharmaceuticals,XLV,True,2026-09-29 01:55:13.977549+00:00
MRNA,Biotechnology,XLV,True,2026-09-29 01:55:15.196135+00:00
MRNX,,SPY,False,2026-09-29 01:55:16.416837+00:00
MRP,Real Estate,XLRE,True,2026-09-29 01:55:17.634598+00:00
MRSH,Insurance,XLF,True,2026-09-29 01:55:18.851158+00:00
MRVL,Semiconductors,XLK,True,2026-09-29 01:55:20.059736+00:00
MRX,Financial Services,XLF,True,2026-09-29 01:55:21.277255+00:00
MS,Financial Services,XLF,True,2026-09-29 01:55:22.498921+00:00
MSA,Commercial Services & Supplies,SPY,False,2026-09-29 01:55:23.714024+00:00
MSCI,Financial Services,XLF,True,2026-09-29 01:55:24.933645+00:00
MSFT,Technology,XLK,True,2026-09-29 01:55:26.147262+00:00
MSFU,,SPY,False,2026-09-29 01:55:27.369050+00:00
MSGE,Media,XLC,True,2026-09-29 01:55:28.593626+00:00
MSGS,Media,XLC,True,2026-09-29 01:55:29.806626+00:00
MSI,Communications,SPY,False,2026-09-29 01:55:31.022799+00:00
MSM,Trading Companies & Distributors,SPY,False,2026-09-29 01:55:32.240754+00:00
MSTR,Technology,XLK,True,2026-09-29 01:55:33.459423+00:00
MSTU,,SPY,False,2026-09-29 01:55:34.674475+00:00
MSTX,,SPY,False,2026-09-29 01:55:35.893598+00:00
MSTY,,SPY,False,2026-09-29 01:55:37.111975+00:00
MT,Metals & Mining,XLB,True,2026-09-29 01:55:38.335667+00:00
MTB,Banking,XLF,True,2026-09-29 01:55:39.557467+00:00
MTBA,,SPY,False,2026-09-29 01:55:40.773046+00:00
MTCH,Media,XLC,True,2026-09-29 01:55:41.991375+00:00
MTD,Life Sciences Tools & Services,XLV,True,2026-09-29 01:55:43.211111+00:00
MTDR,Energy,XLE,True,2026-09-29 01:55:44.428029+00:00
MTG,Financial Services,XLF,True,2026-09-29 01:55:45.638844+00:00
MTH,Consumer products,XLP,True,2026-09-29 01:55:46.853913+00:00
MTN,"Hotels, Restaurants & Leisure",XLY,True,2026-09-29 01:55:48.072502+00:00
MTRN,Metals & Mining,XLB,True,2026-09-29 01:55:49.288921+00:00
MTSI,Semiconductors,XLK,True,2026-09-29 01:55:50.505836+00:00
MTUM,,SPY,False,2026-09-29 01:55:51.760312+00:00
MTZ,Construction,XLI,True,2026-09-29 01:55:52.986235+00:00
MU,Semiconductors,XLK,True,2026-09-29 01:55:54.203426+00:00
MUB,,SPY,False,2026-09-29 01:55:55.419363+00:00
MUFG,Banking,XLF,True,2026-09-29 01:55:56.639442+00:00
MULL,,SPY,False,2026-09-29 01:55:57.858607+00:00
MUNI,,SPY,False,2026-09-29 01:55:59.089917+00:00
MUR,Energy,XLE,True,2026-09-29 01:56:00.304155+00:00
MUSA,Retail,XLY,True,2026-09-29 01:56:01.525539+00:00
MUU,,SPY,False,2026-09-29 01:56:02.738335+00:00
MUX,Metals & Mining,XLB,True,2026-09-29 01:56:03.955671+00:00
MVLL,,SPY,False,2026-09-29 01:56:05.175373+00:00
MWA,Machinery,XLI,True,2026-09-29 01:56:06.393552+00:00
MWH,Construction,XLI,True,2026-09-29 01:56:07.614413+00:00
MXL,Semiconductors,XLK,True,2026-09-29 01:56:08.826602+00:00
MYRG,Construction,XLI,True,2026-09-29 01:56:10.051190+00:00
MZTI,Food Products,XLP,True,2026-09-29 01:56:11.274054+00:00
NAIL,,SPY,False,2026-09-29 01:56:12.492680+00:00
NAMS,Biotechnology,XLV,True,2026-09-29 01:56:13.710138+00:00
NASA,,SPY,False,2026-09-29 01:56:14.926045+00:00
NATL,Financial Services,XLF,True,2026-09-29 01:56:16.148426+00:00
NAVN,"Hotels, Restaurants & Leisure",XLY,True,2026-09-29 01:56:17.367724+00:00
NBIG,,SPY,False,2026-09-29 01:56:18.589482+00:00
NBIL,,SPY,False,2026-09-29 01:56:19.806780+00:00
NBIS,Technology,XLK,True,2026-09-29 01:56:21.020781+00:00
NBIX,Biotechnology,XLV,True,2026-09-29 01:56:22.245006+00:00
NBIZ,,SPY,False,2026-09-29 01:56:23.463538+00:00
NCLH,"Hotels, Restaurants & Leisure",XLY,True,2026-09-29 01:56:24.684354+00:00
NCNO,Technology,XLK,True,2026-09-29 01:56:25.900177+00:00
NDAQ,Financial Services,XLF,True,2026-09-29 01:56:27.117493+00:00
NDSN,Machinery,XLI,True,2026-09-29 01:56:28.331373+00:00
NE,Energy,XLE,True,2026-09-29 01:56:29.554053+00:00
NEAR,,SPY,False,2026-09-29 01:56:30.795047+00:00
NEBX,,SPY,False,2026-09-29 01:56:32.007023+00:00
NEE,Utilities,XLU,True,2026-09-29 01:56:33.224009+00:00
NEM,Metals & Mining,XLB,True,2026-09-29 01:56:34.444377+00:00
NEO,Health Care,XLV,True,2026-09-29 01:56:35.662306+00:00
NEOG,Health Care,XLV,True,2026-09-29 01:56:36.879391+00:00
NESR,Energy,XLE,True,2026-09-29 01:56:38.091117+00:00
NET,Technology,XLK,True,2026-09-29 01:56:39.312473+00:00
NEU,Chemicals,XLB,True,2026-09-29 01:56:40.529879+00:00
NFG,Utilities,XLU,True,2026-09-29 01:56:41.746189+00:00
NFLX,Media,XLC,True,2026-09-29 01:56:42.974787+00:00
NGG,Utilities,XLU,True,2026-09-29 01:56:44.188368+00:00
NHC,Health Care,XLV,True,2026-09-29 01:56:45.407234+00:00
NHI,Real Estate,XLRE,True,2026-09-29 01:56:46.622010+00:00
NI,Utilities,XLU,True,2026-09-29 01:56:47.839994+00:00
NIC,Banking,XLF,True,2026-09-29 01:56:49.055823+00:00
NICE,Technology,XLK,True,2026-09-29 01:56:50.277419+00:00
NIQ,Media,XLC,True,2026-09-29 01:56:51.494143+00:00
NJR,Utilities,XLU,True,2026-09-29 01:56:52.719365+00:00
NKE,"Textiles, Apparel & Luxury Goods",SPY,False,2026-09-29 01:56:53.937944+00:00
NKTR,Pharmaceuticals,XLV,True,2026-09-29 01:56:55.152963+00:00
NLR,,SPY,False,2026-09-29 01:56:56.370385+00:00
NLY,Real Estate,XLRE,True,2026-09-29 01:56:57.600197+00:00
NMIH,Financial Services,XLF,True,2026-09-29 01:56:58.821093+00:00
NMRK,Real Estate,XLRE,True,2026-09-29 01:57:00.036198+00:00
NN,Technology,XLK,True,2026-09-29 01:57:01.256136+00:00
NNE,Electrical Equipment,SPY,False,2026-09-29 01:57:02.475913+00:00
NNN,Real Estate,XLRE,True,2026-09-29 01:57:03.704591+00:00
NOBL,,SPY,False,2026-09-29 01:57:04.923399+00:00
NOC,Aerospace & Defense,XLI,True,2026-09-29 01:57:06.140783+00:00
NOG,Energy,XLE,True,2026-09-29 01:57:07.359680+00:00
NOK,Communications,SPY,False,2026-09-29 01:57:08.586703+00:00
NOV,Energy,XLE,True,2026-09-29 01:57:09.804126+00:00
NOVT,Electrical Equipment,SPY,False,2026-09-29 01:57:11.021230+00:00
NOW,Technology,XLK,True,2026-09-29 01:57:12.242908+00:00
NPO,Machinery,XLI,True,2026-09-29 01:57:13.462736+00:00
NRG,Utilities,XLU,True,2026-09-29 01:57:14.677135+00:00
NRIX,Biotechnology,XLV,True,2026-09-29 01:57:15.899164+00:00
NSC,Road & Rail,SPY,False,2026-09-29 01:57:17.118592+00:00
NSIT,Electrical Equipment,SPY,False,2026-09-29 01:57:18.338894+00:00
NSP,Professional Services,SPY,False,2026-09-29 01:57:19.556928+00:00
NTAP,Technology,XLK,True,2026-09-29 01:57:20.775740+00:00
NTCT,Communications,SPY,False,2026-09-29 01:57:21.996023+00:00
NTES,Media,XLC,True,2026-09-29 01:57:23.213055+00:00
NTLA,Biotechnology,XLV,True,2026-09-29 01:57:24.433974+00:00
NTNX,Technology,XLK,True,2026-09-29 01:57:25.653064+00:00
NTR,Chemicals,XLB,True,2026-09-29 01:57:26.866007+00:00
NTRA,Biotechnology,XLV,True,2026-09-29 01:57:28.082024+00:00
NTRS,Financial Services,XLF,True,2026-09-29 01:57:29.296661+00:00
NTSK,Technology,XLK,True,2026-09-29 01:57:30.516716+00:00
NTST,Real Estate,XLRE,True,2026-09-29 01:57:31.737286+00:00
NU,Banking,XLF,True,2026-09-29 01:57:32.958001+00:00
NUE,Metals & Mining,XLB,True,2026-09-29 01:57:34.170033+00:00
NUGT,,SPY,False,2026-09-29 01:57:35.389550+00:00
NVAX,Biotechnology,XLV,True,2026-09-29 01:57:36.603975+00:00
NVDA,Semiconductors,XLK,True,2026-09-29 01:57:37.824882+00:00
NVDL,,SPY,False,2026-09-29 01:57:39.051832+00:00
NVDU,,SPY,False,2026-09-29 01:57:40.282457+00:00
NVDX,,SPY,False,2026-09-29 01:57:41.495893+00:00
NVDY,,SPY,False,2026-09-29 01:57:42.723101+00:00
NVMI,Semiconductors,XLK,True,2026-09-29 01:57:43.947036+00:00
NVO,Pharmaceuticals,XLV,True,2026-09-29 01:57:45.163291+00:00
NVS,Pharmaceuticals,XLV,True,2026-09-29 01:57:46.473583+00:00
NVST,Health Care,XLV,True,2026-09-29 01:57:47.692197+00:00
NVT,Electrical Equipment,SPY,False,2026-09-29 01:57:48.911819+00:00
NVTS,Semiconductors,XLK,True,2026-09-29 01:57:50.124787+00:00
NWE,Utilities,XLU,True,2026-09-29 01:57:51.341661+00:00
NWG,Banking,XLF,True,2026-09-29 01:57:52.562853+00:00
NWS,Media,XLC,True,2026-09-29 01:57:53.779728+00:00
NWSA,Media,XLC,True,2026-09-29 01:57:55.007800+00:00
NXPI,Semiconductors,XLK,True,2026-09-29 01:57:56.228169+00:00
NXST,Media,XLC,True,2026-09-29 01:57:57.454001+00:00
NXT,Electrical Equipment,SPY,False,2026-09-29 01:57:58.669275+00:00
NYT,Media,XLC,True,2026-09-29 01:57:59.885703+00:00
O,Real Estate,XLRE,True,2026-09-29 01:58:01.108241+00:00
OBDC,Financial Services,XLF,True,2026-09-29 01:58:02.331295+00:00
OC,Building,SPY,False,2026-09-29 01:58:03.544468+00:00
OCTV,Technology,XLK,True,2026-09-29 01:58:04.768624+00:00
ODD,Consumer products,XLP,True,2026-09-29 01:58:05.983812+00:00
ODFL,Road & Rail,SPY,False,2026-09-29 01:58:07.205957+00:00
OEF,,SPY,False,2026-09-29 01:58:08.443068+00:00
OGE,Utilities,XLU,True,2026-09-29 01:58:09.676169+00:00
OGN,Pharmaceuticals,XLV,True,2026-09-29 01:58:10.900304+00:00
OGS,Utilities,XLU,True,2026-09-29 01:58:12.112192+00:00
OHI,Real Estate,XLRE,True,2026-09-29 01:58:13.335180+00:00
OIH,,SPY,False,2026-09-29 01:58:14.557872+00:00
OII,Energy,XLE,True,2026-09-29 01:58:15.781478+00:00
OKE,Energy,XLE,True,2026-09-29 01:58:16.999537+00:00
OKLO,Utilities,XLU,True,2026-09-29 01:58:18.217644+00:00
OKTA,Technology,XLK,True,2026-09-29 01:58:19.439766+00:00
OLED,Semiconductors,XLK,True,2026-09-29 01:58:20.667264+00:00
OLLI,Retail,XLY,True,2026-09-29 01:58:21.890888+00:00
OLN,Chemicals,XLB,True,2026-09-29 01:58:23.122412+00:00
OMC,Media,XLC,True,2026-09-29 01:58:24.339735+00:00
OMDA,Health Care,XLV,True,2026-09-29 01:58:25.566068+00:00
OMER,Pharmaceuticals,XLV,True,2026-09-29 01:58:26.784790+00:00
OMF,Financial Services,XLF,True,2026-09-29 01:58:28.008726+00:00
ON,Semiconductors,XLK,True,2026-09-29 01:58:29.242594+00:00
ONB,Banking,XLF,True,2026-09-29 01:58:30.464115+00:00
ONC,Biotechnology,XLV,True,2026-09-29 01:58:31.687996+00:00
ONEQ,,SPY,False,2026-09-29 01:58:32.908706+00:00
ONON,"Textiles, Apparel & Luxury Goods",SPY,False,2026-09-29 01:58:34.134970+00:00
ONTO,Semiconductors,XLK,True,2026-09-29 01:58:35.353624+00:00
OPCH,Health Care,XLV,True,2026-09-29 01:58:36.572037+00:00
OPLN,Commercial Services & Supplies,SPY,False,2026-09-29 01:58:37.807232+00:00
OR,Metals & Mining,XLB,True,2026-09-29 01:58:39.034953+00:00
ORA,Utilities,XLU,True,2026-09-29 01:58:40.254142+00:00
ORCL,Technology,XLK,True,2026-09-29 01:58:41.474942+00:00
ORCX,,SPY,False,2026-09-29 01:58:42.701534+00:00
ORI,Insurance,XLF,True,2026-09-29 01:58:43.936132+00:00
ORKA,Biotechnology,XLV,True,2026-09-29 01:58:45.150660+00:00
ORLY,Retail,XLY,True,2026-09-29 01:58:46.366310+00:00
OSCR,Insurance,XLF,True,2026-09-29 01:58:47.584723+00:00
OSIS,Electrical Equipment,SPY,False,2026-09-29 01:58:48.809679+00:00
OSK,Machinery,XLI,True,2026-09-29 01:58:50.022852+00:00
OSW,Diversified Consumer Services,SPY,False,2026-09-29 01:58:51.236469+00:00
OTEX,Technology,XLK,True,2026-09-29 01:58:52.469196+00:00
OTIS,Machinery,XLI,True,2026-09-29 01:58:53.690976+00:00
OTTR,Utilities,XLU,True,2026-09-29 01:58:54.918238+00:00
OUNZ,,SPY,False,2026-09-29 01:58:56.140285+00:00
OUST,Electrical Equipment,SPY,False,2026-09-29 01:58:57.356286+00:00
OUT,Real Estate,XLRE,True,2026-09-29 01:58:58.573919+00:00
OVV,Energy,XLE,True,2026-09-29 01:58:59.790673+00:00
OXY,Energy,XLE,True,2026-09-29 01:59:01.013910+00:00
OZK,Banking,XLF,True,2026-09-29 01:59:02.234420+00:00
P,Technology,XLK,True,2026-09-29 01:59:03.455097+00:00
PAA,Energy,XLE,True,2026-09-29 01:59:04.670961+00:00
PAAS,Metals & Mining,XLB,True,2026-09-29 01:59:05.891058+00:00
PACS,Health Care,XLV,True,2026-09-29 01:59:07.111409+00:00
PAG,Retail,XLY,True,2026-09-29 01:59:08.339911+00:00
PAGP,Energy,XLE,True,2026-09-29 01:59:09.556994+00:00
PALL,,SPY,False,2026-09-29 01:59:10.778864+00:00
PANW,Technology,XLK,True,2026-09-29 01:59:11.998192+00:00
PARR,Energy,XLE,True,2026-09-29 01:59:13.226403+00:00
PATH,Technology,XLK,True,2026-09-29 01:59:14.443004+00:00
PATK,Auto Components,SPY,False,2026-09-29 01:59:15.660967+00:00
PAVE,,SPY,False,2026-09-29 01:59:16.881758+00:00
PAY,Financial Services,XLF,True,2026-09-29 01:59:18.108427+00:00
PAYC,Professional Services,SPY,False,2026-09-29 01:59:19.323630+00:00
PAYX,Professional Services,SPY,False,2026-09-29 01:59:20.537056+00:00
PB,Banking,XLF,True,2026-09-29 01:59:21.759542+00:00
PBA,Energy,XLE,True,2026-09-29 01:59:22.978938+00:00
PBF,Energy,XLE,True,2026-09-29 01:59:24.196867+00:00
PBH,Pharmaceuticals,XLV,True,2026-09-29 01:59:25.422374+00:00
PBI,Commercial Services & Supplies,SPY,False,2026-09-29 01:59:26.642407+00:00
PBLS,Biotechnology,XLV,True,2026-09-29 01:59:27.870072+00:00
PBR,Energy,XLE,True,2026-09-29 01:59:29.087174+00:00
PBR.A,Energy,XLE,True,2026-09-29 01:59:30.307435+00:00
PCAR,Machinery,XLI,True,2026-09-29 01:59:31.525281+00:00
PCG,Utilities,XLU,True,2026-09-29 01:59:32.748121+00:00
PCOR,Technology,XLK,True,2026-09-29 01:59:33.968298+00:00
PCTY,Professional Services,SPY,False,2026-09-29 01:59:35.188645+00:00
PCVX,Biotechnology,XLV,True,2026-09-29 01:59:36.408824+00:00
PD,Technology,XLK,True,2026-09-29 01:59:37.627774+00:00
PDBC,,SPY,False,2026-09-29 01:59:38.849445+00:00
PDD,Retail,XLY,True,2026-09-29 01:59:40.078205+00:00
PDFS,Semiconductors,XLK,True,2026-09-29 01:59:41.308046+00:00
PEB,Real Estate,XLRE,True,2026-09-29 01:59:42.527319+00:00
PECO,Real Estate,XLRE,True,2026-09-29 01:59:43.741699+00:00
PEG,Utilities,XLU,True,2026-09-29 01:59:44.968616+00:00
PEGA,Technology,XLK,True,2026-09-29 01:59:46.185496+00:00
PEN,Health Care,XLV,True,2026-09-29 01:59:47.415034+00:00
PENG,Semiconductors,XLK,True,2026-09-29 01:59:48.634674+00:00
PENN,"Hotels, Restaurants & Leisure",XLY,True,2026-09-29 01:59:49.850210+00:00
PEP,Beverages,XLP,True,2026-09-29 01:59:51.067124+00:00
PFE,Pharmaceuticals,XLV,True,2026-09-29 01:59:52.283596+00:00
PFF,,SPY,False,2026-09-29 01:59:53.515587+00:00
PFG,Insurance,XLF,True,2026-09-29 01:59:54.742226+00:00
PFGC,Retail,XLY,True,2026-09-29 01:59:55.976513+00:00
PFSI,Financial Services,XLF,True,2026-09-29 01:59:57.199509+00:00
PG,Consumer products,XLP,True,2026-09-29 01:59:58.415023+00:00
PGNY,Health Care,XLV,True,2026-09-29 01:59:59.634705+00:00
PGR,Insurance,XLF,True,2026-09-29 02:00:00.879552+00:00
PGX,,SPY,False,2026-09-29 02:00:02.116591+00:00
PGY,Technology,XLK,True,2026-09-29 02:00:03.350531+00:00
PH,Machinery,XLI,True,2026-09-29 02:00:04.621866+00:00
PHIN,Auto Components,SPY,False,2026-09-29 02:00:05.859696+00:00
PHM,Consumer products,XLP,True,2026-09-29 02:00:07.111652+00:00
PHVS,Pharmaceuticals,XLV,True,2026-09-29 02:00:08.333151+00:00
PHYS,,SPY,False,2026-09-29 02:00:09.558240+00:00
PI,Semiconductors,XLK,True,2026-09-29 02:00:10.781893+00:00
PICK,,SPY,False,2026-09-29 02:00:12.006703+00:00
PII,Leisure Products,SPY,False,2026-09-29 02:00:13.237872+00:00
PINS,Media,XLC,True,2026-09-29 02:00:14.463385+00:00
PIPR,Financial Services,XLF,True,2026-09-29 02:00:15.679843+00:00
PJT,Financial Services,XLF,True,2026-09-29 02:00:16.898698+00:00
PK,Real Estate,XLRE,True,2026-09-29 02:00:18.128921+00:00
PKG,Packaging,SPY,False,2026-09-29 02:00:19.361978+00:00
PL,Professional Services,SPY,False,2026-09-29 02:00:20.581480+00:00
PLAB,Semiconductors,XLK,True,2026-09-29 02:00:21.814585+00:00
PLD,Real Estate,XLRE,True,2026-09-29 02:00:23.041105+00:00
PLMR,Insurance,XLF,True,2026-09-29 02:00:24.261382+00:00
PLNT,"Hotels, Restaurants & Leisure",XLY,True,2026-09-29 02:00:25.494623+00:00
PLSE,Health Care,XLV,True,2026-09-29 02:00:26.714227+00:00
PLTR,Technology,XLK,True,2026-09-29 02:00:27.936744+00:00
PLTU,,SPY,False,2026-09-29 02:00:29.169496+00:00
PLUS,Electrical Equipment,SPY,False,2026-09-29 02:00:30.390208+00:00
PLXS,Electrical Equipment,SPY,False,2026-09-29 02:00:31.624541+00:00
PM,Tobacco,SPY,False,2026-09-29 02:00:32.847998+00:00
PNC,Banking,XLF,True,2026-09-29 02:00:34.070708+00:00
PNFP,Banking,XLF,True,2026-09-29 02:00:35.293414+00:00
PNR,Machinery,XLI,True,2026-09-29 02:00:36.516064+00:00
PNW,Utilities,XLU,True,2026-09-29 02:00:37.735738+00:00
PODD,Health Care,XLV,True,2026-09-29 02:00:38.983400+00:00
POOL,Distributors,SPY,False,2026-09-29 02:00:40.212809+00:00
POR,Utilities,XLU,True,2026-09-29 02:00:41.436223+00:00
POST,Food Products,XLP,True,2026-09-29 02:00:42.649694+00:00
POWI,Semiconductors,XLK,True,2026-09-29 02:00:43.869448+00:00
POWL,Electrical Equipment,SPY,False,2026-09-29 02:00:45.091164+00:00
PPA,,SPY,False,2026-09-29 02:00:46.314993+00:00
PPC,Food Products,XLP,True,2026-09-29 02:00:47.540491+00:00
PPG,Chemicals,XLB,True,2026-09-29 02:00:48.759729+00:00
PPH,,SPY,False,2026-09-29 02:00:49.990513+00:00
PPL,Utilities,XLU,True,2026-09-29 02:00:51.210222+00:00
PPLI,Media,XLC,True,2026-09-29 02:00:52.437555+00:00
PPLT,,SPY,False,2026-09-29 02:00:53.679099+00:00
PPTA,Metals & Mining,XLB,True,2026-09-29 02:00:54.903747+00:00
PR,Energy,XLE,True,2026-09-29 02:00:56.130922+00:00
PRAX,Biotechnology,XLV,True,2026-09-29 02:00:57.356617+00:00
PRCH,Technology,XLK,True,2026-09-29 02:00:58.590303+00:00
PRCT,Health Care,XLV,True,2026-09-29 02:00:59.806005+00:00
PRDO,Diversified Consumer Services,SPY,False,2026-09-29 02:01:01.035070+00:00
PRG,Financial Services,XLF,True,2026-09-29 02:01:02.254664+00:00
PRGO,Pharmaceuticals,XLV,True,2026-09-29 02:01:03.485983+00:00
PRGS,Technology,XLK,True,2026-09-29 02:01:04.710402+00:00
PRI,Insurance,XLF,True,2026-09-29 02:01:05.927502+00:00
PRIM,Construction,XLI,True,2026-09-29 02:01:07.152442+00:00
PRK,Banking,XLF,True,2026-09-29 02:01:08.378601+00:00
PRKS,"Hotels, Restaurants & Leisure",XLY,True,2026-09-29 02:01:09.601150+00:00
PRM,Chemicals,XLB,True,2026-09-29 02:01:10.821733+00:00
PRMB,Beverages,XLP,True,2026-09-29 02:01:12.045040+00:00
PRU,Insurance,XLF,True,2026-09-29 02:01:13.264530+00:00
PRVA,Health Care,XLV,True,2026-09-29 02:01:14.479335+00:00
PS,Financial Services,XLF,True,2026-09-29 02:01:15.713693+00:00
PSA,Real Estate,XLRE,True,2026-09-29 02:01:16.932803+00:00
PSEP,,SPY,False,2026-09-29 02:01:18.158305+00:00
PSI,,SPY,False,2026-09-29 02:01:19.377282+00:00
PSKY,Media,XLC,True,2026-09-29 02:01:20.608632+00:00
PSMT,Retail,XLY,True,2026-09-29 02:01:21.837077+00:00
PSN,Professional Services,SPY,False,2026-09-29 02:01:23.067096+00:00
PSNL,Life Sciences Tools & Services,XLV,True,2026-09-29 02:01:24.290616+00:00
PSQ,,SPY,False,2026-09-29 02:01:25.510833+00:00
PSX,Energy,XLE,True,2026-09-29 02:01:26.727175+00:00
PTC,Technology,XLK,True,2026-09-29 02:01:27.958746+00:00
PTCT,Biotechnology,XLV,True,2026-09-29 02:01:29.178951+00:00
PTEN,Energy,XLE,True,2026-09-29 02:01:30.396857+00:00
PTGX,Biotechnology,XLV,True,2026-09-29 02:01:31.621265+00:00
PTIR,,SPY,False,2026-09-29 02:01:32.859729+00:00
PTRN,Retail,XLY,True,2026-09-29 02:01:34.077061+00:00
PUK,Insurance,XLF,True,2026-09-29 02:01:35.295304+00:00
PULS,,SPY,False,2026-09-29 02:01:36.581849+00:00
PURR,Biotechnology,XLV,True,2026-09-29 02:01:37.798901+00:00
PVH,"Textiles, Apparel & Luxury Goods",SPY,False,2026-09-29 02:01:39.018183+00:00
PVLA,Biotechnology,XLV,True,2026-09-29 02:01:40.234158+00:00
PWP,Financial Services,XLF,True,2026-09-29 02:01:41.453001+00:00
PWR,Construction,XLI,True,2026-09-29 02:01:42.673661+00:00
PWZ,,SPY,False,2026-09-29 02:01:43.950881+00:00
PYPL,Financial Services,XLF,True,2026-09-29 02:01:45.169481+00:00
PZA,,SPY,False,2026-09-29 02:01:46.425892+00:00
PZZA,"Hotels, Restaurants & Leisure",XLY,True,2026-09-29 02:01:47.650681+00:00
Q,Semiconductors,XLK,True,2026-09-29 02:01:48.873720+00:00
QBTS,Technology,XLK,True,2026-09-29 02:01:50.097006+00:00
QCOM,Semiconductors,XLK,True,2026-09-29 02:01:51.328198+00:00
QGEN,Life Sciences Tools & Services,XLV,True,2026-09-29 02:01:52.557190+00:00
QID,,SPY,False,2026-09-29 02:01:53.778432+00:00
QLD,,SPY,False,2026-09-29 02:01:55.008909+00:00
QLYS,Technology,XLK,True,2026-09-29 02:01:56.235146+00:00
QMCO,Technology,XLK,True,2026-09-29 02:01:57.457886+00:00
QNT,Technology,XLK,True,2026-09-29 02:01:58.681292+00:00
QQQ,,SPY,False,2026-09-29 02:01:59.903248+00:00
QQQI,,SPY,False,2026-09-29 02:02:01.132524+00:00
QQQM,,SPY,False,2026-09-29 02:02:02.350223+00:00
QRVO,Semiconductors,XLK,True,2026-09-29 02:02:03.587482+00:00
QSR,"Hotels, Restaurants & Leisure",XLY,True,2026-09-29 02:02:04.807788+00:00
QTEC,,SPY,False,2026-09-29 02:02:06.055103+00:00
QTUM,,SPY,False,2026-09-29 02:02:07.277083+00:00
QTWO,Technology,XLK,True,2026-09-29 02:02:08.495649+00:00
QUAL,,SPY,False,2026-09-29 02:02:09.729301+00:00
QURE,Biotechnology,XLV,True,2026-09-29 02:02:10.951122+00:00
QXO,Trading Companies & Distributors,SPY,False,2026-09-29 02:02:12.176164+00:00
QYLD,,SPY,False,2026-09-29 02:02:13.399198+00:00
R,Road & Rail,SPY,False,2026-09-29 02:02:14.646914+00:00
RACE,Automobiles,XLY,True,2026-09-29 02:02:15.871546+00:00
RAL,Electrical Equipment,SPY,False,2026-09-29 02:02:17.090309+00:00
RAM,,SPY,False,2026-09-29 02:02:18.317095+00:00
RAMP,Technology,XLK,True,2026-09-29 02:02:19.536281+00:00
RARE,Biotechnology,XLV,True,2026-09-29 02:02:20.761447+00:00
RBA,Commercial Services & Supplies,SPY,False,2026-09-29 02:02:21.982514+00:00
RBC,Machinery,XLI,True,2026-09-29 02:02:23.198807+00:00
RBLX,Media,XLC,True,2026-09-29 02:02:24.425477+00:00
RBRK,Technology,XLK,True,2026-09-29 02:02:25.656272+00:00
RCI,Telecommunication,XLC,True,2026-09-29 02:02:26.881092+00:00
RCL,"Hotels, Restaurants & Leisure",XLY,True,2026-09-29 02:02:28.114214+00:00
RCUS,Biotechnology,XLV,True,2026-09-29 02:02:29.368777+00:00
RDDT,Media,XLC,True,2026-09-29 02:02:30.591420+00:00
RDN,Financial Services,XLF,True,2026-09-29 02:02:31.811846+00:00
RDNT,Health Care,XLV,True,2026-09-29 02:02:33.031355+00:00
RDVI,,SPY,False,2026-09-29 02:02:34.246672+00:00
RDVY,,SPY,False,2026-09-29 02:02:35.477876+00:00
RDW,Aerospace & Defense,XLI,True,2026-09-29 02:02:36.696219+00:00
RDY,Pharmaceuticals,XLV,True,2026-09-29 02:02:37.922137+00:00
REET,,SPY,False,2026-09-29 02:02:39.151043+00:00
REG,Real Estate,XLRE,True,2026-09-29 02:02:40.382193+00:00
REGN,Biotechnology,XLV,True,2026-09-29 02:02:41.619241+00:00
RELX,Professional Services,SPY,False,2026-09-29 02:02:42.836124+00:00
RELY,Financial Services,XLF,True,2026-09-29 02:02:44.060530+00:00
REMX,,SPY,False,2026-09-29 02:02:45.289104+00:00
REPL,Biotechnology,XLV,True,2026-09-29 02:02:46.511789+00:00
REXR,Real Estate,XLRE,True,2026-09-29 02:02:47.739644+00:00
REYN,Consumer products,XLP,True,2026-09-29 02:02:48.964271+00:00
REZI,Building,SPY,False,2026-09-29 02:02:50.192145+00:00
RF,Banking,XLF,True,2026-09-29 02:02:51.410936+00:00
RGA,Insurance,XLF,True,2026-09-29 02:02:52.627472+00:00
RGEN,Life Sciences Tools & Services,XLV,True,2026-09-29 02:02:53.849834+00:00
RGLD,Metals & Mining,XLB,True,2026-09-29 02:02:55.071974+00:00
RGTI,Semiconductors,XLK,True,2026-09-29 02:02:56.285405+00:00
RH,Retail,XLY,True,2026-09-29 02:02:57.500918+00:00
RHI,Professional Services,SPY,False,2026-09-29 02:02:58.717783+00:00
RHP,Real Estate,XLRE,True,2026-09-29 02:02:59.931720+00:00
RING,,SPY,False,2026-09-29 02:03:01.183708+00:00
RIO,Metals & Mining,XLB,True,2026-09-29 02:03:02.406547+00:00
RIOT,Technology,XLK,True,2026-09-29 02:03:03.622658+00:00
RIVN,Automobiles,XLY,True,2026-09-29 02:03:04.840032+00:00
RJF,Financial Services,XLF,True,2026-09-29 02:03:06.068215+00:00
RKLB,Aerospace & Defense,XLI,True,2026-09-29 02:03:07.285053+00:00
RKLX,,SPY,False,2026-09-29 02:03:08.538811+00:00
RKT,Financial Services,XLF,True,2026-09-29 02:03:09.774975+00:00
RL,"Textiles, Apparel & Luxury Goods",SPY,False,2026-09-29 02:03:10.988180+00:00
RLAY,Biotechnology,XLV,True,2026-09-29 02:03:12.204223+00:00
RLI,Insurance,XLF,True,2026-09-29 02:03:13.425050+00:00
RMBS,Semiconductors,XLK,True,2026-09-29 02:03:14.649643+00:00
RMD,Health Care,XLV,True,2026-09-29 02:03:15.870224+00:00
RNG,Technology,XLK,True,2026-09-29 02:03:17.086348+00:00
RNR,Insurance,XLF,True,2026-09-29 02:03:18.302410+00:00
RNST,Banking,XLF,True,2026-09-29 02:03:19.526662+00:00
ROAD,Construction,XLI,True,2026-09-29 02:03:20.754221+00:00
ROBN,,SPY,False,2026-09-29 02:03:21.973300+00:00
ROG,Electrical Equipment,SPY,False,2026-09-29 02:03:23.193980+00:00
ROIV,Biotechnology,XLV,True,2026-09-29 02:03:24.414027+00:00
ROK,Electrical Equipment,SPY,False,2026-09-29 02:03:25.637623+00:00
ROKU,Media,XLC,True,2026-09-29 02:03:26.860047+00:00
ROL,Commercial Services & Supplies,SPY,False,2026-09-29 02:03:28.081024+00:00
ROP,Technology,XLK,True,2026-09-29 02:03:29.303122+00:00
ROST,Retail,XLY,True,2026-09-29 02:03:30.532030+00:00
RPD,Technology,XLK,True,2026-09-29 02:03:31.753224+00:00
RPM,Chemicals,XLB,True,2026-09-29 02:03:32.971446+00:00
RPRX,Pharmaceuticals,XLV,True,2026-09-29 02:03:34.183164+00:00
RRC,Energy,XLE,True,2026-09-29 02:03:35.421437+00:00
RRR,"Hotels, Restaurants & Leisure",XLY,True,2026-09-29 02:03:36.642943+00:00
RRX,Electrical Equipment,SPY,False,2026-09-29 02:03:37.868112+00:00
RS,Metals & Mining,XLB,True,2026-09-29 02:03:39.089232+00:00
RSG,Commercial Services & Supplies,SPY,False,2026-09-29 02:03:40.314890+00:00
RSI,"Hotels, Restaurants & Leisure",XLY,True,2026-09-29 02:03:41.549409+00:00
RSP,,SPY,False,2026-09-29 02:03:42.762874+00:00
RSPN,,SPY,False,2026-09-29 02:03:43.981903+00:00
RSPT,,SPY,False,2026-09-29 02:03:45.203008+00:00
RTO,Commercial Services & Supplies,SPY,False,2026-09-29 02:03:46.418982+00:00
RTX,Aerospace & Defense,XLI,True,2026-09-29 02:03:47.645775+00:00
RUSHA,Trading Companies & Distributors,SPY,False,2026-09-29 02:03:48.855869+00:00
RVMD,Biotechnology,XLV,True,2026-09-29 02:03:50.077378+00:00
RVTY,Life Sciences Tools & Services,XLV,True,2026-09-29 02:03:51.307788+00:00
RWL,,SPY,False,2026-09-29 02:03:52.522873+00:00
RWM,,SPY,False,2026-09-29 02:03:53.749202+00:00
RXO,Road & Rail,SPY,False,2026-09-29 02:03:54.972423+00:00
RY,Banking,XLF,True,2026-09-29 02:03:56.186902+00:00
RYAAY,Airlines,XLI,True,2026-09-29 02:03:57.411171+00:00
RYAN,Insurance,XLF,True,2026-09-29 02:03:58.626540+00:00
RYN,Real Estate,XLRE,True,2026-09-29 02:03:59.844912+00:00
RYTM,Biotechnology,XLV,True,2026-09-29 02:04:01.077871+00:00
S,Technology,XLK,True,2026-09-29 02:04:02.322162+00:00
SAH,Retail,XLY,True,2026-09-29 02:04:03.557783+00:00
SAIA,Road & Rail,SPY,False,2026-09-29 02:04:04.777031+00:00
SAIC,Professional Services,SPY,False,2026-09-29 02:04:05.991822+00:00
SAIL,Technology,XLK,True,2026-09-29 02:04:07.214628+00:00
SAM,Beverages,XLP,True,2026-09-29 02:04:08.435803+00:00
SAN,Banking,XLF,True,2026-09-29 02:04:09.655110+00:00
SANM,Electrical Equipment,SPY,False,2026-09-29 02:04:10.873955+00:00
SAP,Technology,XLK,True,2026-09-29 02:04:12.094363+00:00
SARO,Aerospace & Defense,XLI,True,2026-09-29 02:04:13.313803+00:00
SATA,Health Care,XLV,True,2026-09-29 02:04:14.527980+00:00
SBAC,Real Estate,XLRE,True,2026-09-29 02:04:15.748243+00:00
SBCF,Banking,XLF,True,2026-09-29 02:04:16.970121+00:00
SBH,Retail,XLY,True,2026-09-29 02:04:18.192315+00:00
SBIT,,SPY,False,2026-09-29 02:04:19.444101+00:00
SBLK,Marine,SPY,False,2026-09-29 02:04:20.663206+00:00
SBRA,Real Estate,XLRE,True,2026-09-29 02:04:21.892046+00:00
SBSW,Metals & Mining,XLB,True,2026-09-29 02:04:23.113818+00:00
SBUX,"Hotels, Restaurants & Leisure",XLY,True,2026-09-29 02:04:24.336467+00:00
SCCO,Metals & Mining,XLB,True,2026-09-29 02:04:25.564659+00:00
SCHA,,SPY,False,2026-09-29 02:04:26.778423+00:00
SCHB,,SPY,False,2026-09-29 02:04:27.998743+00:00
SCHD,,SPY,False,2026-09-29 02:04:29.228330+00:00
SCHE,,SPY,False,2026-09-29 02:04:30.479364+00:00
SCHF,,SPY,False,2026-09-29 02:04:31.708513+00:00
SCHG,,SPY,False,2026-09-29 02:04:32.934244+00:00
SCHH,,SPY,False,2026-09-29 02:04:34.159108+00:00
SCHI,,SPY,False,2026-09-29 02:04:35.388476+00:00
SCHK,,SPY,False,2026-09-29 02:04:36.638473+00:00
SCHM,,SPY,False,2026-09-29 02:04:37.864233+00:00
SCHO,,SPY,False,2026-09-29 02:04:39.080093+00:00
SCHP,,SPY,False,2026-09-29 02:04:40.301510+00:00
SCHR,,SPY,False,2026-09-29 02:04:41.521905+00:00
SCHV,,SPY,False,2026-09-29 02:04:42.749811+00:00
SCHW,Financial Services,XLF,True,2026-09-29 02:04:43.968925+00:00
SCHX,,SPY,False,2026-09-29 02:04:45.183076+00:00
SCHZ,,SPY,False,2026-09-29 02:04:46.408056+00:00
SCI,Diversified Consumer Services,SPY,False,2026-09-29 02:04:47.633901+00:00
SCO,,SPY,False,2026-09-29 02:04:48.855452+00:00
SCYB,,SPY,False,2026-09-29 02:04:50.101027+00:00
SCZ,,SPY,False,2026-09-29 02:04:51.347966+00:00
SDGR,Health Care,XLV,True,2026-09-29 02:04:52.565766+00:00
SDOW,,SPY,False,2026-09-29 02:04:53.780521+00:00
SDRL,Energy,XLE,True,2026-09-29 02:04:55.197180+00:00
SDS,,SPY,False,2026-09-29 02:04:56.463369+00:00
SDVY,,SPY,False,2026-09-29 02:04:57.691423+00:00
SDY,,SPY,False,2026-09-29 02:04:58.931680+00:00
SE,Retail,XLY,True,2026-09-29 02:05:00.157467+00:00
SECZ,Financial Services,XLF,True,2026-09-29 02:05:01.381894+00:00
SEDG,Semiconductors,XLK,True,2026-09-29 02:05:02.603812+00:00
SEI,Energy,XLE,True,2026-09-29 02:05:03.818104+00:00
SEIC,Financial Services,XLF,True,2026-09-29 02:05:05.038134+00:00
SEZL,Financial Services,XLF,True,2026-09-29 02:05:06.258205+00:00
SF,Financial Services,XLF,True,2026-09-29 02:05:07.492794+00:00
SFBS,Banking,XLF,True,2026-09-29 02:05:08.713099+00:00
SFD,Food Products,XLP,True,2026-09-29 02:05:09.925236+00:00
SFL,Energy,XLE,True,2026-09-29 02:05:11.141439+00:00
SFM,Retail,XLY,True,2026-09-29 02:05:12.362492+00:00
SFNC,Banking,XLF,True,2026-09-29 02:05:13.590129+00:00
SGHC,"Hotels, Restaurants & Leisure",XLY,True,2026-09-29 02:05:14.804325+00:00
SGI,Consumer products,XLP,True,2026-09-29 02:05:16.035077+00:00
SGOL,,SPY,False,2026-09-29 02:05:17.295198+00:00
SGOV,,SPY,False,2026-09-29 02:05:18.512064+00:00
SGRY,Health Care,XLV,True,2026-09-29 02:05:19.742482+00:00
SH,,SPY,False,2026-09-29 02:05:21.233484+00:00
SHAK,"Hotels, Restaurants & Leisure",XLY,True,2026-09-29 02:05:22.452508+00:00
SHAZ,Technology,XLK,True,2026-09-29 02:05:23.761588+00:00
SHC,Life Sciences Tools & Services,XLV,True,2026-09-29 02:05:24.998707+00:00
SHEL,Energy,XLE,True,2026-09-29 02:05:26.268714+00:00
SHLD,,SPY,False,2026-09-29 02:05:27.490248+00:00
SHO,Real Estate,XLRE,True,2026-09-29 02:05:28.705182+00:00
SHOO,"Textiles, Apparel & Luxury Goods",SPY,False,2026-09-29 02:05:29.919223+00:00
SHOP,Technology,XLK,True,2026-09-29 02:05:31.138166+00:00
SHV,,SPY,False,2026-09-29 02:05:32.402554+00:00
SHW,Chemicals,XLB,True,2026-09-29 02:05:33.623703+00:00
SHY,,SPY,False,2026-09-29 02:05:34.847367+00:00
SHYG,,SPY,False,2026-09-29 02:05:36.069810+00:00
SIG,Retail,XLY,True,2026-09-29 02:05:37.283975+00:00
SIGI,Insurance,XLF,True,2026-09-29 02:05:38.505201+00:00
SIL,,SPY,False,2026-09-29 02:05:39.726361+00:00
SILJ,,SPY,False,2026-09-29 02:05:40.943388+00:00
SIMO,Semiconductors,XLK,True,2026-09-29 02:05:42.163774+00:00
SIRI,Media,XLC,True,2026-09-29 02:05:43.387333+00:00
SITE,Trading Companies & Distributors,SPY,False,2026-09-29 02:05:44.606722+00:00
SITM,Semiconductors,XLK,True,2026-09-29 02:05:45.828579+00:00
SIVR,,SPY,False,2026-09-29 02:05:47.050188+00:00
SJM,Food Products,XLP,True,2026-09-29 02:05:48.271266+00:00
SJNK,,SPY,False,2026-09-29 02:05:49.490821+00:00
SKHX,,SPY,False,2026-09-29 02:05:50.723711+00:00
SKHY,Semiconductors,XLK,True,2026-09-29 02:05:51.946177+00:00
SKM,Telecommunication,XLC,True,2026-09-29 02:05:53.167084+00:00
SKT,Real Estate,XLRE,True,2026-09-29 02:05:54.389048+00:00
SKUU,,SPY,False,2026-09-29 02:05:55.616002+00:00
SKWD,Insurance,XLF,True,2026-09-29 02:05:56.833845+00:00
SKY,Consumer products,XLP,True,2026-09-29 02:05:58.054806+00:00
SKYW,Airlines,XLI,True,2026-09-29 02:05:59.280821+00:00
SKYY,,SPY,False,2026-09-29 02:06:00.509168+00:00
SLAB,Semiconductors,XLK,True,2026-09-29 02:06:01.738798+00:00
SLB,Energy,XLE,True,2026-09-29 02:06:02.959093+00:00
SLDE,Insurance,XLF,True,2026-09-29 02:06:04.194257+00:00
SLF,Insurance,XLF,True,2026-09-29 02:06:05.443423+00:00
SLG,Real Estate,XLRE,True,2026-09-29 02:06:06.669751+00:00
SLGN,Packaging,SPY,False,2026-09-29 02:06:07.930453+00:00
SLM,Financial Services,XLF,True,2026-09-29 02:06:09.175650+00:00
SLS,Biotechnology,XLV,True,2026-09-29 02:06:10.393519+00:00
SLV,,SPY,False,2026-09-29 02:06:11.620785+00:00
SLYV,,SPY,False,2026-09-29 02:06:12.843381+00:00
SM,Energy,XLE,True,2026-09-29 02:06:14.081687+00:00
SMA,Real Estate,XLRE,True,2026-09-29 02:06:15.299342+00:00
SMCI,Technology,XLK,True,2026-09-29 02:06:16.516281+00:00
SMCX,,SPY,False,2026-09-29 02:06:17.729450+00:00
SMFG,Banking,XLF,True,2026-09-29 02:06:18.952729+00:00
SMG,Chemicals,XLB,True,2026-09-29 02:06:20.169428+00:00
SMH,,SPY,False,2026-09-29 02:06:21.408980+00:00
SMMD,,SPY,False,2026-09-29 02:06:22.643044+00:00
SMMT,Biotechnology,XLV,True,2026-09-29 02:06:23.864712+00:00
SMST,,SPY,False,2026-09-29 02:06:25.083237+00:00
SMTC,Semiconductors,XLK,True,2026-09-29 02:06:26.329951+00:00
SN,Consumer products,XLP,True,2026-09-29 02:06:27.548806+00:00
SNA,Machinery,XLI,True,2026-09-29 02:06:28.769776+00:00
SNDG,,SPY,False,2026-09-29 02:06:29.987658+00:00
SNDK,Technology,XLK,True,2026-09-29 02:06:31.230130+00:00
SNDQ,,SPY,False,2026-09-29 02:06:32.469878+00:00
SNDR,Road & Rail,SPY,False,2026-09-29 02:06:33.689426+00:00
SNDU,,SPY,False,2026-09-29 02:06:34.921286+00:00
SNDX,Biotechnology,XLV,True,2026-09-29 02:06:36.140460+00:00
SNEX,Financial Services,XLF,True,2026-09-29 02:06:37.368788+00:00
SNK,,SPY,False,2026-09-29 02:06:38.590242+00:00
SNN,Health Care,XLV,True,2026-09-29 02:06:39.805413+00:00
SNOW,Technology,XLK,True,2026-09-29 02:06:41.038282+00:00
SNPE,,SPY,False,2026-09-29 02:06:42.257764+00:00
SNPS,Technology,XLK,True,2026-09-29 02:06:43.477450+00:00
SNX,Electrical Equipment,SPY,False,2026-09-29 02:06:44.699285+00:00
SNXX,,SPY,False,2026-09-29 02:06:45.946065+00:00
SNY,Pharmaceuticals,XLV,True,2026-09-29 02:06:47.163895+00:00
SO,Utilities,XLU,True,2026-09-29 02:06:48.428985+00:00
SOBO,Energy,XLE,True,2026-09-29 02:06:49.647296+00:00
SOFI,Financial Services,XLF,True,2026-09-29 02:06:50.864882+00:00
SOLS,Chemicals,XLB,True,2026-09-29 02:06:52.082176+00:00
SOLT,,SPY,False,2026-09-29 02:06:53.317375+00:00
SOLV,Health Care,XLV,True,2026-09-29 02:06:54.540631+00:00
SON,Packaging,SPY,False,2026-09-29 02:06:55.760203+00:00
SONO,Consumer products,XLP,True,2026-09-29 02:06:56.982332+00:00
SONY,Consumer products,XLP,True,2026-09-29 02:06:58.213607+00:00
SOXL,,SPY,False,2026-09-29 02:06:59.438682+00:00
SOXQ,,SPY,False,2026-09-29 02:07:00.690096+00:00
SOXS,,SPY,False,2026-09-29 02:07:01.914759+00:00
SOXX,,SPY,False,2026-09-29 02:07:03.137718+00:00
SPAB,,SPY,False,2026-09-29 02:07:04.369873+00:00
SPB,Consumer products,XLP,True,2026-09-29 02:07:05.587405+00:00
SPCF,,SPY,False,2026-09-29 02:07:06.824675+00:00
SPCX,Telecommunication,XLC,True,2026-09-29 02:07:08.047033+00:00
SPDW,,SPY,False,2026-09-29 02:07:09.265918+00:00
SPEM,,SPY,False,2026-09-29 02:07:10.490484+00:00
SPG,Real Estate,XLRE,True,2026-09-29 02:07:11.720141+00:00
SPGI,Financial Services,XLF,True,2026-09-29 02:07:12.938076+00:00
SPHB,,SPY,False,2026-09-29 02:07:14.161404+00:00
SPHD,,SPY,False,2026-09-29 02:07:15.394645+00:00
SPHQ,,SPY,False,2026-09-29 02:07:16.634695+00:00
SPHR,Media,XLC,True,2026-09-29 02:07:17.856986+00:00
SPHY,,SPY,False,2026-09-29 02:07:19.073973+00:00
SPIB,,SPY,False,2026-09-29 02:07:20.295983+00:00
SPLB,,SPY,False,2026-09-29 02:07:21.518860+00:00
SPLV,,SPY,False,2026-09-29 02:07:22.740062+00:00
SPMB,,SPY,False,2026-09-29 02:07:23.989535+00:00
SPMD,,SPY,False,2026-09-29 02:07:25.215476+00:00
SPMO,,SPY,False,2026-09-29 02:07:26.435735+00:00
SPNT,Insurance,XLF,True,2026-09-29 02:07:27.653520+00:00
SPOT,Media,XLC,True,2026-09-29 02:07:28.868722+00:00
SPSB,,SPY,False,2026-09-29 02:07:30.091195+00:00
SPSC,Technology,XLK,True,2026-09-29 02:07:31.311133+00:00
SPSM,,SPY,False,2026-09-29 02:07:32.573720+00:00
SPTI,,SPY,False,2026-09-29 02:07:33.792703+00:00
SPTL,,SPY,False,2026-09-29 02:07:35.016241+00:00
SPTM,,SPY,False,2026-09-29 02:07:36.237310+00:00
SPTS,,SPY,False,2026-09-29 02:07:37.460975+00:00
SPXC,Machinery,XLI,True,2026-09-29 02:07:38.678885+00:00
SPXL,,SPY,False,2026-09-29 02:07:39.905550+00:00
SPXS,,SPY,False,2026-09-29 02:07:41.130437+00:00
SPXU,,SPY,False,2026-09-29 02:07:42.353110+00:00
SPY,,SPY,False,2026-09-29 02:07:43.581672+00:00
SPYD,,SPY,False,2026-09-29 02:07:44.802812+00:00
SPYG,,SPY,False,2026-09-29 02:07:46.027336+00:00
SPYI,,SPY,False,2026-09-29 02:07:47.253129+00:00
SPYM,,SPY,False,2026-09-29 02:07:48.474030+00:00
SPYV,,SPY,False,2026-09-29 02:07:49.719770+00:00
SQM,Chemicals,XLB,True,2026-09-29 02:07:50.940735+00:00
SQQQ,,SPY,False,2026-09-29 02:07:52.159356+00:00
SR,Utilities,XLU,True,2026-09-29 02:07:53.377265+00:00
SRAD,"Hotels, Restaurants & Leisure",XLY,True,2026-09-29 02:07:54.608798+00:00
SRE,Utilities,XLU,True,2026-09-29 02:07:55.829261+00:00
SRLN,,SPY,False,2026-09-29 02:07:57.046893+00:00
SRPT,Biotechnology,XLV,True,2026-09-29 02:07:58.268381+00:00
SRRK,Biotechnology,XLV,True,2026-09-29 02:07:59.484878+00:00
SRTY,,SPY,False,2026-09-29 02:08:00.704776+00:00
SRZN,Biotechnology,XLV,True,2026-09-29 02:08:01.927498+00:00
SSB,Banking,XLF,True,2026-09-29 02:08:03.150792+00:00
SSD,Building,SPY,False,2026-09-29 02:08:04.376341+00:00
SSL,Chemicals,XLB,True,2026-09-29 02:08:05.593822+00:00
SSNC,Professional Services,SPY,False,2026-09-29 02:08:06.813881+00:00
SSO,,SPY,False,2026-09-29 02:08:08.046781+00:00
SSRM,Metals & Mining,XLB,True,2026-09-29 02:08:09.262363+00:00
ST,Electrical Equipment,SPY,False,2026-09-29 02:08:10.533065+00:00
STAA,Health Care,XLV,True,2026-09-29 02:08:11.758913+00:00
STAG,Real Estate,XLRE,True,2026-09-29 02:08:12.986628+00:00
STE,Health Care,XLV,True,2026-09-29 02:08:14.206881+00:00
STEP,Financial Services,XLF,True,2026-09-29 02:08:15.432449+00:00
STIP,,SPY,False,2026-09-29 02:08:16.652843+00:00
STLD,Metals & Mining,XLB,True,2026-09-29 02:08:17.874600+00:00
STM,Semiconductors,XLK,True,2026-09-29 02:08:19.120581+00:00
STN,Construction,XLI,True,2026-09-29 02:08:20.341732+00:00
STNG,Energy,XLE,True,2026-09-29 02:08:21.560899+00:00
STOK,Biotechnology,XLV,True,2026-09-29 02:08:22.783259+00:00
STRA,Diversified Consumer Services,SPY,False,2026-09-29 02:08:24.004833+00:00
STRC,Technology,XLK,True,2026-09-29 02:08:25.225642+00:00
STRL,Construction,XLI,True,2026-09-29 02:08:26.440303+00:00
STT,Financial Services,XLF,True,2026-09-29 02:08:27.673406+00:00
STWD,Real Estate,XLRE,True,2026-09-29 02:08:28.894079+00:00
STX,Technology,XLK,True,2026-09-29 02:08:30.124345+00:00
STZ,Beverages,XLP,True,2026-09-29 02:08:31.342074+00:00
SU,Energy,XLE,True,2026-09-29 02:08:32.567299+00:00
SUI,Real Estate,XLRE,True,2026-09-29 02:08:33.792104+00:00
SUN,Energy,XLE,True,2026-09-29 02:08:35.004807+00:00
SUNB,Trading Companies & Distributors,SPY,False,2026-09-29 02:08:36.222966+00:00
SUNC,Energy,XLE,True,2026-09-29 02:08:37.445072+00:00
SUPN,Pharmaceuticals,XLV,True,2026-09-29 02:08:38.663137+00:00
SVIX,,SPY,False,2026-09-29 02:08:39.889608+00:00
SVM,Metals & Mining,XLB,True,2026-09-29 02:08:41.107924+00:00
SVXY,,SPY,False,2026-09-29 02:08:42.333836+00:00
SW,Packaging,SPY,False,2026-09-29 02:08:43.556421+00:00
SWK,Machinery,XLI,True,2026-09-29 02:08:44.788766+00:00
SWKS,Semiconductors,XLK,True,2026-09-29 02:08:46.014891+00:00
SWX,Utilities,XLU,True,2026-09-29 02:08:47.233498+00:00
SXI,Machinery,XLI,True,2026-09-29 02:08:48.447514+00:00
SXT,Chemicals,XLB,True,2026-09-29 02:08:49.665102+00:00
SYF,Financial Services,XLF,True,2026-09-29 02:08:50.883952+00:00
SYK,Health Care,XLV,True,2026-09-29 02:08:52.104429+00:00
SYM,Machinery,XLI,True,2026-09-29 02:08:53.320331+00:00
SYNA,Semiconductors,XLK,True,2026-09-29 02:08:54.541007+00:00
SYRE,Biotechnology,XLV,True,2026-09-29 02:08:55.758173+00:00
SYY,Retail,XLY,True,2026-09-29 02:08:56.972376+00:00
T,Telecommunication,XLC,True,2026-09-29 02:08:58.198843+00:00
TAC,Utilities,XLU,True,2026-09-29 02:08:59.413667+00:00
TAK,Pharmaceuticals,XLV,True,2026-09-29 02:09:00.631777+00:00
TAL,Diversified Consumer Services,SPY,False,2026-09-29 02:09:01.848629+00:00
TALO,Energy,XLE,True,2026-09-29 02:09:03.075874+00:00
TAN,,SPY,False,2026-09-29 02:09:04.306238+00:00
TAP,Beverages,XLP,True,2026-09-29 02:09:05.537769+00:00
TARS,Pharmaceuticals,XLV,True,2026-09-29 02:09:06.754376+00:00
TBBB,Retail,XLY,True,2026-09-29 02:09:07.971529+00:00
TBBK,Banking,XLF,True,2026-09-29 02:09:09.191835+00:00
TBIL,,SPY,False,2026-09-29 02:09:10.415399+00:00
TCAF,,SPY,False,2026-09-29 02:09:11.652263+00:00
TCBI,Banking,XLF,True,2026-09-29 02:09:12.877323+00:00
TCOM,"Hotels, Restaurants & Leisure",XLY,True,2026-09-29 02:09:14.093270+00:00
TD,Banking,XLF,True,2026-09-29 02:09:15.313041+00:00
TDC,Technology,XLK,True,2026-09-29 02:09:16.560269+00:00
TDG,Aerospace & Defense,XLI,True,2026-09-29 02:09:17.775394+00:00
TDIV,,SPY,False,2026-09-29 02:09:18.994384+00:00
TDS,Telecommunication,XLC,True,2026-09-29 02:09:20.215155+00:00
TDW,Energy,XLE,True,2026-09-29 02:09:21.440708+00:00
TDY,Electrical Equipment,SPY,False,2026-09-29 02:09:22.660998+00:00
TEAM,Technology,XLK,True,2026-09-29 02:09:23.876331+00:00
TECH,Life Sciences Tools & Services,XLV,True,2026-09-29 02:09:25.095412+00:00
TECK,Metals & Mining,XLB,True,2026-09-29 02:09:26.318104+00:00
TECL,,SPY,False,2026-09-29 02:09:27.537164+00:00
TECS,,SPY,False,2026-09-29 02:09:28.789785+00:00
TEL,Electrical Equipment,SPY,False,2026-09-29 02:09:30.004481+00:00
TEM,Life Sciences Tools & Services,XLV,True,2026-09-29 02:09:31.226650+00:00
TEN,Energy,XLE,True,2026-09-29 02:09:32.445345+00:00
TENB,Technology,XLK,True,2026-09-29 02:09:33.663860+00:00
TER,Semiconductors,XLK,True,2026-09-29 02:09:34.888638+00:00
TETH,,SPY,False,2026-09-29 02:09:36.108997+00:00
TEVA,Pharmaceuticals,XLV,True,2026-09-29 02:09:37.328687+00:00
TEX,Machinery,XLI,True,2026-09-29 02:09:38.542382+00:00
TFC,Banking,XLF,True,2026-09-29 02:09:39.766097+00:00
TFI,,SPY,False,2026-09-29 02:09:40.990844+00:00
TFII,Road & Rail,SPY,False,2026-09-29 02:09:42.212262+00:00
TFLO,,SPY,False,2026-09-29 02:09:43.433428+00:00
TFX,Health Care,XLV,True,2026-09-29 02:09:44.661877+00:00
TGT,Retail,XLY,True,2026-09-29 02:09:45.889085+00:00
TGTX,Biotechnology,XLV,True,2026-09-29 02:09:47.108454+00:00
TH,"Hotels, Restaurants & Leisure",XLY,True,2026-09-29 02:09:48.329253+00:00
THC,Health Care,XLV,True,2026-09-29 02:09:49.553148+00:00
THG,Insurance,XLF,True,2026-09-29 02:09:50.776443+00:00
THO,Automobiles,XLY,True,2026-09-29 02:09:51.989125+00:00
THRO,,SPY,False,2026-09-29 02:09:53.207965+00:00
TIGO,Telecommunication,XLC,True,2026-09-29 02:09:54.440401+00:00
TIP,,SPY,False,2026-09-29 02:09:55.661983+00:00
TJX,Retail,XLY,True,2026-09-29 02:09:56.899886+00:00
TKO,Media,XLC,True,2026-09-29 02:09:58.115255+00:00
TKR,Machinery,XLI,True,2026-09-29 02:09:59.332311+00:00
TLH,,SPY,False,2026-09-29 02:10:00.557399+00:00
TLN,Utilities,XLU,True,2026-09-29 02:10:01.776918+00:00
TLT,,SPY,False,2026-09-29 02:10:02.998468+00:00
TLTW,,SPY,False,2026-09-29 02:10:04.222641+00:00
TM,Automobiles,XLY,True,2026-09-29 02:10:05.449829+00:00
TMDX,Health Care,XLV,True,2026-09-29 02:10:06.669755+00:00
TMF,,SPY,False,2026-09-29 02:10:07.901197+00:00
TMO,Life Sciences Tools & Services,XLV,True,2026-09-29 02:10:09.114286+00:00
TMUS,Telecommunication,XLC,True,2026-09-29 02:10:10.331740+00:00
TMV,,SPY,False,2026-09-29 02:10:11.556113+00:00
TNA,,SPY,False,2026-09-29 02:10:12.778868+00:00
TNDM,Health Care,XLV,True,2026-09-29 02:10:13.999590+00:00
TNET,Professional Services,SPY,False,2026-09-29 02:10:15.214636+00:00
TNGX,Biotechnology,XLV,True,2026-09-29 02:10:16.432079+00:00
TNK,Energy,XLE,True,2026-09-29 02:10:17.659864+00:00
TNL,"Hotels, Restaurants & Leisure",XLY,True,2026-09-29 02:10:18.881660+00:00
TOL,Consumer products,XLP,True,2026-09-29 02:10:20.100057+00:00
TOST,Financial Services,XLF,True,2026-09-29 02:10:21.315911+00:00
TOTL,,SPY,False,2026-09-29 02:10:22.528831+00:00
TPB,Tobacco,SPY,False,2026-09-29 02:10:23.752556+00:00
TPC,Construction,XLI,True,2026-09-29 02:10:24.966447+00:00
TPG,Financial Services,XLF,True,2026-09-29 02:10:26.185747+00:00
TPL,Energy,XLE,True,2026-09-29 02:10:27.407697+00:00
TPR,"Textiles, Apparel & Luxury Goods",SPY,False,2026-09-29 02:10:28.629335+00:00
TQQQ,,SPY,False,2026-09-29 02:10:29.842011+00:00
TRAX,Biotechnology,XLV,True,2026-09-29 02:10:31.066597+00:00
TREX,Building,SPY,False,2026-09-29 02:10:32.295704+00:00
TRGP,Energy,XLE,True,2026-09-29 02:10:33.520295+00:00
TRI,Professional Services,SPY,False,2026-09-29 02:10:34.738652+00:00
TRLV,Pharmaceuticals,XLV,True,2026-09-29 02:10:35.957714+00:00
TRMB,Technology,XLK,True,2026-09-29 02:10:37.205749+00:00
TRMD,Energy,XLE,True,2026-09-29 02:10:38.441864+00:00
TRNO,Real Estate,XLRE,True,2026-09-29 02:10:39.658458+00:00
TROW,Financial Services,XLF,True,2026-09-29 02:10:40.878601+00:00
TRP,Energy,XLE,True,2026-09-29 02:10:42.101214+00:00
TRU,Professional Services,SPY,False,2026-09-29 02:10:43.325060+00:00
TRV,Insurance,XLF,True,2026-09-29 02:10:44.539634+00:00
TRVI,Pharmaceuticals,XLV,True,2026-09-29 02:10:45.760774+00:00
TS,Energy,XLE,True,2026-09-29 02:10:46.974374+00:00
TSCO,Retail,XLY,True,2026-09-29 02:10:48.195540+00:00
TSEM,Semiconductors,XLK,True,2026-09-29 02:10:49.420764+00:00
TSLA,Automobiles,XLY,True,2026-09-29 02:10:50.643348+00:00
TSLQ,,SPY,False,2026-09-29 02:10:51.874814+00:00
TSLR,,SPY,False,2026-09-29 02:10:53.102927+00:00
TSLT,,SPY,False,2026-09-29 02:10:54.330889+00:00
TSLZ,,SPY,False,2026-09-29 02:10:55.548989+00:00
TSM,Semiconductors,XLK,True,2026-09-29 02:10:56.776676+00:00
TSN,Food Products,XLP,True,2026-09-29 02:10:58.007835+00:00
TT,Building,SPY,False,2026-09-29 02:10:59.221697+00:00
TTAN,Technology,XLK,True,2026-09-29 02:11:00.436742+00:00
TTC,Machinery,XLI,True,2026-09-29 02:11:01.649621+00:00
TTD,Media,XLC,True,2026-09-29 02:11:02.877507+00:00
TTE,Energy,XLE,True,2026-09-29 02:11:04.101633+00:00
TTEK,Commercial Services & Supplies,SPY,False,2026-09-29 02:11:05.318944+00:00
TTMI,Electrical Equipment,SPY,False,2026-09-29 02:11:06.542097+00:00
TTWO,Media,XLC,True,2026-09-29 02:11:07.764891+00:00
TVTX,Biotechnology,XLV,True,2026-09-29 02:11:08.985990+00:00
TW,Financial Services,XLF,True,2026-09-29 02:11:10.200654+00:00
TWLO,Technology,XLK,True,2026-09-29 02:11:11.415679+00:00
TWM,,SPY,False,2026-09-29 02:11:12.798753+00:00
TWST,Biotechnology,XLV,True,2026-09-29 02:11:14.028296+00:00
TX,Metals & Mining,XLB,True,2026-09-29 02:11:15.249163+00:00
TXG,Life Sciences Tools & Services,XLV,True,2026-09-29 02:11:16.470292+00:00
TXN,Semiconductors,XLK,True,2026-09-29 02:11:17.687273+00:00
TXNM,Utilities,XLU,True,2026-09-29 02:11:18.900001+00:00
TXRH,"Hotels, Restaurants & Leisure",XLY,True,2026-09-29 02:11:20.119582+00:00
TXT,Aerospace & Defense,XLI,True,2026-09-29 02:11:21.335846+00:00
TYL,Technology,XLK,True,2026-09-29 02:11:22.558029+00:00
TYRA,Biotechnology,XLV,True,2026-09-29 02:11:23.777209+00:00
TZA,,SPY,False,2026-09-29 02:11:24.999022+00:00
U,Technology,XLK,True,2026-09-29 02:11:26.222650+00:00
UAL,Airlines,XLI,True,2026-09-29 02:11:27.441913+00:00
UBER,Road & Rail,SPY,False,2026-09-29 02:11:28.660988+00:00
UBS,Financial Services,XLF,True,2026-09-29 02:11:29.885383+00:00
UBSI,Banking,XLF,True,2026-09-29 02:11:31.112224+00:00
UCB,Banking,XLF,True,2026-09-29 02:11:32.337251+00:00
UCO,,SPY,False,2026-09-29 02:11:33.549925+00:00
UCTT,Semiconductors,XLK,True,2026-09-29 02:11:34.772467+00:00
UDOW,,SPY,False,2026-09-29 02:11:35.991297+00:00
UDR,Real Estate,XLRE,True,2026-09-29 02:11:37.214984+00:00
UFPI,Building,SPY,False,2026-09-29 02:11:38.439186+00:00
UFPT,Health Care,XLV,True,2026-09-29 02:11:39.655864+00:00
UGI,Utilities,XLU,True,2026-09-29 02:11:40.870747+00:00
UGL,,SPY,False,2026-09-29 02:11:42.089770+00:00
UHS,Health Care,XLV,True,2026-09-29 02:11:43.313647+00:00
UL,Consumer products,XLP,True,2026-09-29 02:11:44.536010+00:00
ULS,Professional Services,SPY,False,2026-09-29 02:11:45.757466+00:00
ULTA,Retail,XLY,True,2026-09-29 02:11:46.976211+00:00
UMAC,Electrical Equipment,SPY,False,2026-09-29 02:11:48.191117+00:00
UMBF,Banking,XLF,True,2026-09-29 02:11:49.405916+00:00
UMC,Semiconductors,XLK,True,2026-09-29 02:11:50.618208+00:00
UNF,Commercial Services & Supplies,SPY,False,2026-09-29 02:11:51.838909+00:00
UNFI,Retail,XLY,True,2026-09-29 02:11:53.058442+00:00
UNG,,SPY,False,2026-09-29 02:11:54.278432+00:00
UNH,Health Care,XLV,True,2026-09-29 02:11:55.502892+00:00
UNM,Insurance,XLF,True,2026-09-29 02:11:56.718299+00:00
UNP,Road & Rail,SPY,False,2026-09-29 02:11:57.932798+00:00
UPRO,,SPY,False,2026-09-29 02:11:59.155673+00:00
UPS,Logistics & Transportation,SPY,False,2026-09-29 02:12:00.374019+00:00
UPST,Financial Services,XLF,True,2026-09-29 02:12:01.597853+00:00
URA,,SPY,False,2026-09-29 02:12:02.818123+00:00
URBN,Retail,XLY,True,2026-09-29 02:12:04.030094+00:00
URGN,Biotechnology,XLV,True,2026-09-29 02:12:05.253320+00:00
URI,Trading Companies & Distributors,SPY,False,2026-09-29 02:12:06.473215+00:00
URNM,,SPY,False,2026-09-29 02:12:07.702798+00:00
URTH,,SPY,False,2026-09-29 02:12:08.919877+00:00
URTY,,SPY,False,2026-09-29 02:12:10.141342+00:00
USAR,Metals & Mining,XLB,True,2026-09-29 02:12:11.367137+00:00
USB,Banking,XLF,True,2026-09-29 02:12:12.591866+00:00
USD,,SPY,False,2026-09-29 02:12:13.811843+00:00
USFD,Retail,XLY,True,2026-09-29 02:12:15.033194+00:00
USFR,,SPY,False,2026-09-29 02:12:16.259833+00:00
USHY,,SPY,False,2026-09-29 02:12:17.471969+00:00
USIG,,SPY,False,2026-09-29 02:12:18.693695+00:00
USMV,,SPY,False,2026-09-29 02:12:19.927414+00:00
USO,,SPY,False,2026-09-29 02:12:21.145927+00:00
USRT,,SPY,False,2026-09-29 02:12:22.371356+00:00
UTHR,Biotechnology,XLV,True,2026-09-29 02:12:23.590514+00:00
UTI,Diversified Consumer Services,SPY,False,2026-09-29 02:12:24.809191+00:00
UTZ,Food Products,XLP,True,2026-09-29 02:12:26.025665+00:00
UUP,,SPY,False,2026-09-29 02:12:27.245213+00:00
UUUU,Energy,XLE,True,2026-09-29 02:12:28.487305+00:00
UVIX,,SPY,False,2026-09-29 02:12:29.709878+00:00
UVXY,,SPY,False,2026-09-29 02:12:30.931217+00:00
V,Financial Services,XLF,True,2026-09-29 02:12:32.151917+00:00
VAC,"Hotels, Restaurants & Leisure",XLY,True,2026-09-29 02:12:33.375343+00:00
VAL,Energy,XLE,True,2026-09-29 02:12:34.595747+00:00
VALE,Metals & Mining,XLB,True,2026-09-29 02:12:35.825390+00:00
VB,,SPY,False,2026-09-29 02:12:37.045196+00:00
VBK,,SPY,False,2026-09-29 02:12:38.272763+00:00
VBR,,SPY,False,2026-09-29 02:12:39.504425+00:00
VC,Auto Components,SPY,False,2026-09-29 02:12:40.724980+00:00
VCEL,Biotechnology,XLV,True,2026-09-29 02:12:41.946955+00:00
VCIT,,SPY,False,2026-09-29 02:12:43.173080+00:00
VCLT,,SPY,False,2026-09-29 02:12:44.404482+00:00
VCRB,,SPY,False,2026-09-29 02:12:45.631393+00:00
VCSH,,SPY,False,2026-09-29 02:12:46.880299+00:00
VCTR,Financial Services,XLF,True,2026-09-29 02:12:48.108698+00:00
VCYT,Biotechnology,XLV,True,2026-09-29 02:12:49.326134+00:00
VDC,,SPY,False,2026-09-29 02:12:50.542070+00:00
VDE,,SPY,False,2026-09-29 02:12:51.769117+00:00
VEA,,SPY,False,2026-09-29 02:12:52.988658+00:00
VECO,Semiconductors,XLK,True,2026-09-29 02:12:54.207452+00:00
VEEV,Health Care,XLV,True,2026-09-29 02:12:55.434660+00:00
VERA,Biotechnology,XLV,True,2026-09-29 02:12:56.661030+00:00
VEU,,SPY,False,2026-09-29 02:12:57.878704+00:00
VFC,"Textiles, Apparel & Luxury Goods",SPY,False,2026-09-29 02:12:59.095006+00:00
VFH,,SPY,False,2026-09-29 02:13:00.315893+00:00
VFLO,,SPY,False,2026-09-29 02:13:01.550125+00:00
VG,Energy,XLE,True,2026-09-29 02:13:02.768099+00:00
VGIT,,SPY,False,2026-09-29 02:13:03.984613+00:00
VGK,,SPY,False,2026-09-29 02:13:05.228470+00:00
VGLT,,SPY,False,2026-09-29 02:13:06.466366+00:00
VGNT,Auto Components,SPY,False,2026-09-29 02:13:07.687390+00:00
VGSH,,SPY,False,2026-09-29 02:13:08.905834+00:00
VGT,,SPY,False,2026-09-29 02:13:10.136907+00:00
VHT,,SPY,False,2026-09-29 02:13:11.353044+00:00
VIA,Technology,XLK,True,2026-09-29 02:13:12.580309+00:00
VIAV,Communications,SPY,False,2026-09-29 02:13:13.798803+00:00
VICI,Real Estate,XLRE,True,2026-09-29 02:13:15.012883+00:00
VICR,Electrical Equipment,SPY,False,2026-09-29 02:13:16.228681+00:00
VIG,,SPY,False,2026-09-29 02:13:17.443343+00:00
VIGI,,SPY,False,2026-09-29 02:13:18.663051+00:00
VIK,"Hotels, Restaurants & Leisure",XLY,True,2026-09-29 02:13:19.883676+00:00
VIPS,Retail,XLY,True,2026-09-29 02:13:21.109138+00:00
VIR,Biotechnology,XLV,True,2026-09-29 02:13:22.329624+00:00
VIRT,Financial Services,XLF,True,2026-09-29 02:13:23.546714+00:00
VIS,,SPY,False,2026-09-29 02:13:24.764556+00:00
VIST,Energy,XLE,True,2026-09-29 02:13:25.979296+00:00
VIXY,,SPY,False,2026-09-29 02:13:27.192209+00:00
VKTX,Biotechnology,XLV,True,2026-09-29 02:13:28.413604+00:00
VLO,Energy,XLE,True,2026-09-29 02:13:29.634860+00:00
VLTO,Commercial Services & Supplies,SPY,False,2026-09-29 02:13:30.860024+00:00
VLUE,,SPY,False,2026-09-29 02:13:32.081954+00:00
VLY,Banking,XLF,True,2026-09-29 02:13:33.293927+00:00
VMBS,,SPY,False,2026-09-29 02:13:34.508962+00:00
VMC,Construction,XLI,True,2026-09-29 02:13:35.728601+00:00
VMI,Construction,XLI,True,2026-09-29 02:13:36.952506+00:00
VMRK,Real Estate,XLRE,True,2026-09-29 02:13:38.168424+00:00
VNLA,,SPY,False,2026-09-29 02:13:39.390292+00:00
VNO,Real Estate,XLRE,True,2026-09-29 02:13:40.602255+00:00
VNOM,Energy,XLE,True,2026-09-29 02:13:41.819402+00:00
VNQ,,SPY,False,2026-09-29 02:13:43.038648+00:00
VNT,Electrical Equipment,SPY,False,2026-09-29 02:13:44.255526+00:00
VO,,SPY,False,2026-09-29 02:13:45.476777+00:00
VOD,Telecommunication,XLC,True,2026-09-29 02:13:46.688472+00:00
VOE,,SPY,False,2026-09-29 02:13:47.905993+00:00
VONE,,SPY,False,2026-09-29 02:13:49.121280+00:00
VONG,,SPY,False,2026-09-29 02:13:50.345987+00:00
VONV,,SPY,False,2026-09-29 02:13:51.576103+00:00
VOO,,SPY,False,2026-09-29 02:13:52.788849+00:00
VOOG,,SPY,False,2026-09-29 02:13:54.013941+00:00
VOR,Biotechnology,XLV,True,2026-09-29 02:13:55.238392+00:00
VOT,,SPY,False,2026-09-29 02:13:56.464228+00:00
VOX,,SPY,False,2026-09-29 02:13:57.683515+00:00
VOYA,Financial Services,XLF,True,2026-09-29 02:13:58.901234+00:00
VOYG,Aerospace & Defense,XLI,True,2026-09-29 02:14:00.127517+00:00
VPG,Electrical Equipment,SPY,False,2026-09-29 02:14:01.350341+00:00
VPL,,SPY,False,2026-09-29 02:14:02.576623+00:00
VPLS,,SPY,False,2026-09-29 02:14:03.800941+00:00
VPU,,SPY,False,2026-09-29 02:14:05.018285+00:00
VRDN,Biotechnology,XLV,True,2026-09-29 02:14:06.236074+00:00
VRNS,Technology,XLK,True,2026-09-29 02:14:07.453454+00:00
VRSK,Professional Services,SPY,False,2026-09-29 02:14:08.676799+00:00
VRSN,Technology,XLK,True,2026-09-29 02:14:09.897265+00:00
VRT,Electrical Equipment,SPY,False,2026-09-29 02:14:11.115531+00:00
VRTX,Biotechnology,XLV,True,2026-09-29 02:14:12.330452+00:00
VSAT,Communications,SPY,False,2026-09-29 02:14:13.550750+00:00
VSEC,Aerospace & Defense,XLI,True,2026-09-29 02:14:14.770246+00:00
VSH,Electrical Equipment,SPY,False,2026-09-29 02:14:15.996442+00:00
VSNT,Media,XLC,True,2026-09-29 02:14:17.212943+00:00
VSS,,SPY,False,2026-09-29 02:14:18.430481+00:00
VST,Utilities,XLU,True,2026-09-29 02:14:19.657249+00:00
VSTS,Commercial Services & Supplies,SPY,False,2026-09-29 02:14:20.878317+00:00
VSXY,Retail,XLY,True,2026-09-29 02:14:22.095659+00:00
VT,,SPY,False,2026-09-29 02:14:23.314538+00:00
VTEB,,SPY,False,2026-09-29 02:14:24.531055+00:00
VTEC,,SPY,False,2026-09-29 02:14:25.744975+00:00
VTEI,,SPY,False,2026-09-29 02:14:26.965626+00:00
VTES,,SPY,False,2026-09-29 02:14:28.185514+00:00
VTI,,SPY,False,2026-09-29 02:14:29.405733+00:00
VTIP,,SPY,False,2026-09-29 02:14:30.625013+00:00
VTR,Real Estate,XLRE,True,2026-09-29 02:14:31.847456+00:00
VTRS,Pharmaceuticals,XLV,True,2026-09-29 02:14:33.063951+00:00
VTV,,SPY,False,2026-09-29 02:14:34.285825+00:00
VTWO,,SPY,False,2026-09-29 02:14:35.520957+00:00
VUG,,SPY,False,2026-09-29 02:14:36.753256+00:00
VUSB,,SPY,False,2026-09-29 02:14:37.974641+00:00
VV,,SPY,False,2026-09-29 02:14:39.193709+00:00
VVV,Retail,XLY,True,2026-09-29 02:14:40.413509+00:00
VVX,Aerospace & Defense,XLI,True,2026-09-29 02:14:41.635229+00:00
VWO,,SPY,False,2026-09-29 02:14:42.857359+00:00
VWOB,,SPY,False,2026-09-29 02:14:44.079332+00:00
VXF,,SPY,False,2026-09-29 02:14:45.293303+00:00
VXUS,,SPY,False,2026-09-29 02:14:46.511766+00:00
VXX,Banking,XLF,True,2026-09-29 02:14:47.729042+00:00
VYM,,SPY,False,2026-09-29 02:14:48.955186+00:00
VYMI,,SPY,False,2026-09-29 02:14:50.180644+00:00
VZ,Telecommunication,XLC,True,2026-09-29 02:14:51.397512+00:00
W,Retail,XLY,True,2026-09-29 02:14:52.614172+00:00
WAB,Machinery,XLI,True,2026-09-29 02:14:53.849412+00:00
WAFD,Banking,XLF,True,2026-09-29 02:14:55.082722+00:00
WAL,Banking,XLF,True,2026-09-29 02:14:56.306617+00:00
WAT,Life Sciences Tools & Services,XLV,True,2026-09-29 02:14:57.523936+00:00
WAY,Health Care,XLV,True,2026-09-29 02:14:58.742104+00:00
WBD,Media,XLC,True,2026-09-29 02:14:59.960389+00:00
WBI,Energy,XLE,True,2026-09-29 02:15:01.202326+00:00
WCC,Trading Companies & Distributors,SPY,False,2026-09-29 02:15:02.439610+00:00
WCLD,,SPY,False,2026-09-29 02:15:03.658748+00:00
WCN,Commercial Services & Supplies,SPY,False,2026-09-29 02:15:04.889089+00:00
WDAY,Technology,XLK,True,2026-09-29 02:15:06.114548+00:00
WDC,Technology,XLK,True,2026-09-29 02:15:07.334870+00:00
WDCX,,SPY,False,2026-09-29 02:15:08.558456+00:00
WDFC,Consumer products,XLP,True,2026-09-29 02:15:09.779830+00:00
WEC,Utilities,XLU,True,2026-09-29 02:15:10.993117+00:00
WELL,Real Estate,XLRE,True,2026-09-29 02:15:12.218231+00:00
WERN,Road & Rail,SPY,False,2026-09-29 02:15:13.436148+00:00
WES,Energy,XLE,True,2026-09-29 02:15:14.654997+00:00
WEX,Financial Services,XLF,True,2026-09-29 02:15:15.871833+00:00
WFC,Banking,XLF,True,2026-09-29 02:15:17.089220+00:00
WFRD,Energy,XLE,True,2026-09-29 02:15:18.309516+00:00
WGMI,,SPY,False,2026-09-29 02:15:19.539852+00:00
WGS,Health Care,XLV,True,2026-09-29 02:15:20.763101+00:00
WH,"Hotels, Restaurants & Leisure",XLY,True,2026-09-29 02:15:21.982249+00:00
WHD,Energy,XLE,True,2026-09-29 02:15:23.201133+00:00
WHR,Consumer products,XLP,True,2026-09-29 02:15:24.419319+00:00
WING,"Hotels, Restaurants & Leisure",XLY,True,2026-09-29 02:15:25.640465+00:00
WIX,Technology,XLK,True,2026-09-29 02:15:26.861104+00:00
WK,Technology,XLK,True,2026-09-29 02:15:28.090183+00:00
WKC,Energy,XLE,True,2026-09-29 02:15:29.308101+00:00
WLK,Chemicals,XLB,True,2026-09-29 02:15:30.522176+00:00
WLTH,Financial Services,XLF,True,2026-09-29 02:15:32.757043+00:00
WLY,Media,XLC,True,2026-09-29 02:15:33.978704+00:00
WM,Commercial Services & Supplies,SPY,False,2026-09-29 02:15:35.198921+00:00
WMB,Energy,XLE,True,2026-09-29 02:15:36.416178+00:00
WMG,Media,XLC,True,2026-09-29 02:15:37.644763+00:00
WMS,Building,SPY,False,2026-09-29 02:15:38.856871+00:00
WMT,Retail,XLY,True,2026-09-29 02:15:40.070837+00:00
WOLF,Semiconductors,XLK,True,2026-09-29 02:15:41.294612+00:00
WOR,Machinery,XLI,True,2026-09-29 02:15:42.518774+00:00
WPC,Real Estate,XLRE,True,2026-09-29 02:15:43.752508+00:00
WPM,Metals & Mining,XLB,True,2026-09-29 02:15:44.968261+00:00
WRB,Insurance,XLF,True,2026-09-29 02:15:46.188191+00:00
WRBY,Retail,XLY,True,2026-09-29 02:15:47.410447+00:00
WSBC,Banking,XLF,True,2026-09-29 02:15:48.626736+00:00
WSC,Construction,XLI,True,2026-09-29 02:15:49.846214+00:00
WSE,Financial Services,XLF,True,2026-09-29 02:15:51.096105+00:00
WSFS,Banking,XLF,True,2026-09-29 02:15:52.317171+00:00
WSM,Retail,XLY,True,2026-09-29 02:15:53.545146+00:00
WSO,Trading Companies & Distributors,SPY,False,2026-09-29 02:15:54.768613+00:00
WST,Life Sciences Tools & Services,XLV,True,2026-09-29 02:15:55.983748+00:00
WT,Financial Services,XLF,True,2026-09-29 02:15:57.201068+00:00
WTFC,Banking,XLF,True,2026-09-29 02:15:58.424762+00:00
WTRG,Utilities,XLU,True,2026-09-29 02:15:59.658238+00:00
WTS,Machinery,XLI,True,2026-09-29 02:16:00.872824+00:00
WTTR,Energy,XLE,True,2026-09-29 02:16:02.091696+00:00
WTV,,SPY,False,2026-09-29 02:16:03.321646+00:00
WTW,Insurance,XLF,True,2026-09-29 02:16:04.543156+00:00
WULF,Technology,XLK,True,2026-09-29 02:16:05.775125+00:00
WWD,Aerospace & Defense,XLI,True,2026-09-29 02:16:06.999871+00:00
WY,Real Estate,XLRE,True,2026-09-29 02:16:08.229038+00:00
WYFI,Technology,XLK,True,2026-09-29 02:16:09.444299+00:00
WYNN,"Hotels, Restaurants & Leisure",XLY,True,2026-09-29 02:16:10.662830+00:00
XAR,,SPY,False,2026-09-29 02:16:11.880987+00:00
XBI,,SPY,False,2026-09-29 02:16:13.123917+00:00
XE,Electrical Equipment,SPY,False,2026-09-29 02:16:14.356368+00:00
XEL,Utilities,XLU,True,2026-09-29 02:16:15.571832+00:00
XENE,Biotechnology,XLV,True,2026-09-29 02:16:16.783897+00:00
XHB,,SPY,False,2026-09-29 02:16:18.002966+00:00
XLB,,SPY,False,2026-09-29 02:16:19.228728+00:00
XLC,,SPY,False,2026-09-29 02:16:20.456178+00:00
XLE,,SPY,False,2026-09-29 02:16:21.676027+00:00
XLF,,SPY,False,2026-09-29 02:16:22.896358+00:00
XLG,,SPY,False,2026-09-29 02:16:24.116369+00:00
XLI,,SPY,False,2026-09-29 02:16:25.341361+00:00
XLK,,SPY,False,2026-09-29 02:16:26.563420+00:00
XLP,,SPY,False,2026-09-29 02:16:27.784082+00:00
XLRE,,SPY,False,2026-09-29 02:16:29.002606+00:00
XLU,,SPY,False,2026-09-29 02:16:30.221518+00:00
XLV,,SPY,False,2026-09-29 02:16:31.447323+00:00
XLY,,SPY,False,2026-09-29 02:16:32.670427+00:00
XME,,SPY,False,2026-09-29 02:16:33.889429+00:00
XMMO,,SPY,False,2026-09-29 02:16:35.109881+00:00
XMTR,Trading Companies & Distributors,SPY,False,2026-09-29 02:16:36.335142+00:00
XNCR,Biotechnology,XLV,True,2026-09-29 02:16:37.555022+00:00
XOM,Energy,XLE,True,2026-09-29 02:16:38.782673+00:00
XOP,,SPY,False,2026-09-29 02:16:39.999966+00:00
XOVR,,SPY,False,2026-09-29 02:16:41.233158+00:00
XP,Financial Services,XLF,True,2026-09-29 02:16:42.450854+00:00
XPO,Road & Rail,SPY,False,2026-09-29 02:16:43.666512+00:00
XRP,,SPY,False,2026-09-29 02:16:44.897259+00:00
XRT,,SPY,False,2026-09-29 02:16:46.141977+00:00
XSD,,SPY,False,2026-09-29 02:16:47.365008+00:00
XSMO,,SPY,False,2026-09-29 02:16:48.598451+00:00
XXRP,,SPY,False,2026-09-29 02:16:49.814445+00:00
XYL,Machinery,XLI,True,2026-09-29 02:16:51.032831+00:00
XYZ,Financial Services,XLF,True,2026-09-29 02:16:52.251675+00:00
YANG,,SPY,False,2026-09-29 02:16:53.470739+00:00
YELP,Media,XLC,True,2026-09-29 02:16:54.689191+00:00
YETI,Leisure Products,SPY,False,2026-09-29 02:16:55.908401+00:00
YINN,,SPY,False,2026-09-29 02:16:57.130177+00:00
YOU,Technology,XLK,True,2026-09-29 02:16:58.350169+00:00
YPF,Energy,XLE,True,2026-09-29 02:16:59.567810+00:00
YUM,"Hotels, Restaurants & Leisure",XLY,True,2026-09-29 02:17:00.790365+00:00
YUMC,"Hotels, Restaurants & Leisure",XLY,True,2026-09-29 02:17:02.005212+00:00
Z,Real Estate,XLRE,True,2026-09-29 02:17:03.221773+00:00
ZBH,Health Care,XLV,True,2026-09-29 02:17:04.441549+00:00
ZBIO,Biotechnology,XLV,True,2026-09-29 02:17:05.658039+00:00
ZBRA,Electrical Equipment,SPY,False,2026-09-29 02:17:06.884842+00:00
ZCSH,,SPY,False,2026-09-29 02:17:08.106043+00:00
ZD,Media,XLC,True,2026-09-29 02:17:09.329049+00:00
ZETA,Technology,XLK,True,2026-09-29 02:17:10.551199+00:00
ZG,Real Estate,XLRE,True,2026-09-29 02:17:11.770185+00:00
ZIM,Marine,SPY,False,2026-09-29 02:17:12.986282+00:00
ZION,Banking,XLF,True,2026-09-29 02:17:14.204539+00:00
ZLAB,Biotechnology,XLV,True,2026-09-29 02:17:15.435480+00:00
ZM,Technology,XLK,True,2026-09-29 02:17:16.658263+00:00
ZROZ,,SPY,False,2026-09-29 02:17:17.880783+00:00
ZS,Technology,XLK,True,2026-09-29 02:17:19.101804+00:00
ZSL,,SPY,False,2026-09-29 02:17:20.320872+00:00
ZTO,Logistics & Transportation,SPY,False,2026-09-29 02:17:21.543492+00:00
ZTS,Pharmaceuticals,XLV,True,2026-09-29 02:17:22.758529+00:00
ZWS,Building,SPY,False,2026-09-29 02:17:23.975862+00:00
ZYME,Biotechnology,XLV,True,2026-09-29 02:17:25.192898+00:00
ABSI,Biotechnology,XLV,True,2026-10-04 16:18:30.612525+00:00
AMN,Health Care,XLV,True,2026-10-04 16:18:31.859668+00:00
AVEX,Aerospace & Defense,XLI,True,2026-10-04 16:18:33.071611+00:00
AWR,Utilities,XLU,True,2026-10-04 16:18:34.288241+00:00
CEVA,Semiconductors,XLK,True,2026-10-04 16:18:35.548379+00:00
CHPT,Electrical Equipment,SPY,False,2026-10-04 16:18:36.767786+00:00
DAC,Marine,SPY,False,2026-10-04 16:18:37.985047+00:00
DFAR,,SPY,False,2026-10-04 16:18:39.214072+00:00
DFSV,,SPY,False,2026-10-04 16:18:40.432648+00:00
DNA,Life Sciences Tools & Services,XLV,True,2026-10-04 16:18:41.644364+00:00
DUHP,,SPY,False,2026-10-04 16:18:42.862661+00:00
EVER,Media,XLC,True,2026-10-04 16:18:44.083455+00:00
FSK,Financial Services,XLF,True,2026-10-04 16:18:45.298741+00:00
HAFN,Energy,XLE,True,2026-10-04 16:18:46.515917+00:00
IBRX,Biotechnology,XLV,True,2026-10-04 16:18:47.732358+00:00
IDT,Telecommunication,XLC,True,2026-10-04 16:18:48.951963+00:00
IFRA,,SPY,False,2026-10-04 16:18:50.171050+00:00
IIPR,Real Estate,XLRE,True,2026-10-04 16:18:51.385753+00:00
IMMX,Biotechnology,XLV,True,2026-10-04 16:18:52.601914+00:00
IOSP,Chemicals,XLB,True,2026-10-04 16:18:53.817993+00:00
IVT,Real Estate,XLRE,True,2026-10-04 16:18:55.038259+00:00
LPTH,Electrical Equipment,SPY,False,2026-10-04 16:18:56.254208+00:00
MLPI,,SPY,False,2026-10-04 16:18:57.484179+00:00
OGC,Metals & Mining,XLB,True,2026-10-04 16:18:58.699624+00:00
OMAH,,SPY,False,2026-10-04 16:18:59.917155+00:00
PFFA,,SPY,False,2026-10-04 16:19:01.133389+00:00
PFS,Banking,XLF,True,2026-10-04 16:19:02.354472+00:00
PHG,Health Care,XLV,True,2026-10-04 16:19:03.571033+00:00
PRLB,Machinery,XLI,True,2026-10-04 16:19:04.790370+00:00
SPCG,,SPY,False,2026-10-04 16:19:06.005464+00:00
THRM,Auto Components,SPY,False,2026-10-04 16:19:07.220196+00:00
TRMK,Banking,XLF,True,2026-10-04 16:19:08.442497+00:00
TRN,Machinery,XLI,True,2026-10-04 16:19:09.662161+00:00
USDE,Technology,XLK,True,2026-10-04 16:19:10.876166+00:00
XRPN,N/A,SPY,False,2026-10-04 16:19:12.093141+00:00
